#0 building with "default" instance using docker driver

#1 [internal] load build definition from Dockerfile
#1 transferring dockerfile: 4.81kB done
#1 DONE 0.1s

#2 [internal] load metadata for docker.io/library/astraprepare:latest
#2 DONE 0.0s

#3 [internal] load .dockerignore
#3 transferring context: 128B done
#3 DONE 0.1s

#4 [1/7] FROM docker.io/library/astraprepare:latest
#4 DONE 0.0s

#5 [internal] load build context
#5 transferring context: 17.49kB done
#5 DONE 0.1s

#4 [1/7] FROM docker.io/library/astraprepare:latest
#4 CACHED

#6 [2/7] COPY assets/build/ /etc/docker-gitlab/build/
#6 DONE 3.2s

#7 [3/7] RUN bash /etc/docker-gitlab/build/install.sh
#7 0.716 + GITLAB_CLONE_URL=https://gitlab.com/gitlab-org/gitlab-foss.git
#7 0.716 + GITLAB_SHELL_URL=https://gitlab.com/gitlab-org/gitlab-shell/-/archive/v13.21.1/gitlab-shell-v13.21.1.tar.bz2
#7 0.716 + GITLAB_PAGES_URL=https://gitlab.com/gitlab-org/gitlab-pages.git
#7 0.716 + GITLAB_GITALY_URL=https://gitlab.com/gitlab-org/gitaly.git
#7 0.716 + GITLAB_WORKHORSE_BUILD_DIR=/home/git/gitlab/workhorse
#7 0.716 + GITLAB_PAGES_BUILD_DIR=/tmp/gitlab-pages
#7 0.716 + GITLAB_GITALY_BUILD_DIR=/tmp/gitaly
#7 0.716 + RUBY_SRC_URL=https://cache.ruby-lang.org/pub/ruby/2.7/ruby-2.7.4.tar.gz
#7 0.716 + GEM_CACHE_DIR=/etc/docker-gitlab/build/cache
#7 0.716 + GOROOT=/tmp/go
#7 0.716 + PATH=/tmp/go/bin:/usr/local/sbin:/usr/local/bin:/usr/sbin:/usr/bin:/sbin:/bin
#7 0.716 + export GOROOT PATH
#7 0.716 + export NVM_DIR=/root/.nvm
#7 0.716 + NVM_DIR=/root/.nvm
#7 0.716 + source /root/.nvm/nvm.sh
#7 0.724 ++ NVM_SCRIPT_SOURCE=NVM_DIR=/root/.nvm
#7 0.725 ++ '[' -z '' ']'
#7 0.725 ++ export NVM_CD_FLAGS=
#7 0.725 ++ NVM_CD_FLAGS=
#7 0.725 ++ nvm_is_zsh
#7 0.725 ++ '[' -n '' ']'
#7 0.725 ++ '[' -z /root/.nvm ']'
#7 0.725 ++ case $NVM_DIR in
#7 0.725 ++ unset NVM_SCRIPT_SOURCE
#7 0.727 ++ nvm_process_parameters
#7 0.727 ++ local NVM_AUTO_MODE
#7 0.727 ++ NVM_AUTO_MODE=use
#7 0.727 ++ '[' 0 -ne 0 ']'
#7 0.727 ++ nvm_auto use
#7 0.727 ++ local NVM_MODE
#7 0.727 ++ NVM_MODE=use
#7 0.727 ++ local VERSION
#7 0.727 ++ local NVM_CURRENT
#7 0.727 ++ '[' _use = _install ']'
#7 0.727 ++ '[' _use = _use ']'
#7 0.728 +++ nvm_ls_current
#7 0.728 +++ local NVM_LS_CURRENT_NODE_PATH
#7 0.728 ++++ command which node
#7 0.730 +++ NVM_LS_CURRENT_NODE_PATH=
#7 0.730 +++ nvm_echo none
#7 0.731 +++ command printf '%s\n' none
#7 0.731 ++ NVM_CURRENT=none
#7 0.731 ++ '[' _none = _none ']'
#7 0.731 +++ nvm_resolve_local_alias default
#7 0.812 ++ VERSION=v20.19.0
#7 0.812 ++ '[' -n v20.19.0 ']'
#7 0.812 ++ nvm use --silent v20.19.0
#7 0.812 ++ '[' 3 -lt 1 ']'
#7 0.812 ++ local DEFAULT_IFS
#7 0.813 +++ nvm_echo t
#7 0.813 +++ command printf '%s\n' t
#7 0.813 +++ command tr t '\t'
#7 0.813 +++ tr t '\t'
#7 0.815 ++ DEFAULT_IFS=' 	
#7 0.815 '
#7 0.815 ++ '[' hxB '!=' ehxB ']'
#7 0.815 ++ set +e
#7 0.815 ++ local EXIT_CODE
#7 0.815 ++ IFS=' 	
#7 0.815 '
#7 0.815 ++ nvm use --silent v20.19.0
#7 0.816 ++ '[' 3 -lt 1 ']'
#7 0.816 ++ local DEFAULT_IFS
#7 0.816 +++ nvm_echo t
#7 0.816 +++ command printf '%s\n' t
#7 0.816 +++ command tr t '\t'
#7 0.816 +++ tr t '\t'
#7 0.818 ++ DEFAULT_IFS=' 	
#7 0.818 '
#7 0.818 ++ '[' hxB '!=' hxB ']'
#7 0.818 ++ '[' hxB '!=' hxB ']'
#7 0.818 ++ '[' -n /usr/bin/bash ']'
#7 0.818 ++ '[' hxB '!=' hxB ']'
#7 0.818 ++ '[' ' 	
#7 0.818 ' '!=' ' 	
#7 0.818 ' ']'
#7 0.818 ++ local i
#7 0.818 ++ for i in "$@"
#7 0.818 ++ case $i in
#7 0.819 ++ for i in "$@"
#7 0.819 ++ case $i in
#7 0.819 ++ for i in "$@"
#7 0.819 ++ case $i in
#7 0.819 ++ local COMMAND
#7 0.819 ++ COMMAND=use
#7 0.819 ++ shift
#7 0.819 ++ local VERSION
#7 0.819 ++ local ADDITIONAL_PARAMETERS
#7 0.819 ++ case $COMMAND in
#7 0.819 ++ local PROVIDED_VERSION
#7 0.819 ++ local NVM_SILENT
#7 0.819 ++ local NVM_SILENT_ARG
#7 0.819 ++ local NVM_DELETE_PREFIX
#7 0.819 ++ NVM_DELETE_PREFIX=0
#7 0.819 ++ local NVM_LTS
#7 0.819 ++ local IS_VERSION_FROM_NVMRC
#7 0.819 ++ IS_VERSION_FROM_NVMRC=0
#7 0.819 ++ '[' 2 -ne 0 ']'
#7 0.819 ++ case "$1" in
#7 0.819 ++ NVM_SILENT=1
#7 0.819 ++ NVM_SILENT_ARG=--silent
#7 0.819 ++ shift
#7 0.819 ++ '[' 1 -ne 0 ']'
#7 0.819 ++ case "$1" in
#7 0.819 ++ '[' -n v20.19.0 ']'
#7 0.819 ++ PROVIDED_VERSION=v20.19.0
#7 0.819 ++ shift
#7 0.819 ++ '[' 0 -ne 0 ']'
#7 0.819 ++ '[' -n '' ']'
#7 0.819 ++ '[' -z v20.19.0 ']'
#7 0.819 +++ nvm_match_version v20.19.0
#7 0.819 +++ local NVM_IOJS_PREFIX
#7 0.819 ++++ nvm_iojs_prefix
#7 0.819 ++++ nvm_echo iojs
#7 0.820 ++++ command printf '%s\n' iojs
#7 0.820 +++ NVM_IOJS_PREFIX=iojs
#7 0.820 +++ local PROVIDED_VERSION
#7 0.820 +++ PROVIDED_VERSION=v20.19.0
#7 0.820 +++ case "_${PROVIDED_VERSION}" in
#7 0.820 +++ nvm_version v20.19.0
#7 0.820 +++ local PATTERN
#7 0.820 +++ PATTERN=v20.19.0
#7 0.820 +++ local VERSION
#7 0.820 +++ '[' -z v20.19.0 ']'
#7 0.820 +++ '[' v20.19.0 = current ']'
#7 0.820 +++ local NVM_NODE_PREFIX
#7 0.820 ++++ nvm_node_prefix
#7 0.820 ++++ nvm_echo node
#7 0.820 ++++ command printf '%s\n' node
#7 0.821 +++ NVM_NODE_PREFIX=node
#7 0.821 +++ case "_${PATTERN}" in
#7 0.822 ++++ nvm_ls v20.19.0
#7 0.822 ++++ local PATTERN
#7 0.822 ++++ PATTERN=v20.19.0
#7 0.822 ++++ local VERSIONS
#7 0.822 ++++ VERSIONS=
#7 0.822 ++++ '[' v20.19.0 = current ']'
#7 0.822 ++++ local NVM_IOJS_PREFIX
#7 0.822 ++++ command tail -1
#7 0.822 ++++ tail -1
#7 0.822 +++++ nvm_iojs_prefix
#7 0.822 +++++ nvm_echo iojs
#7 0.822 +++++ command printf '%s\n' iojs
#7 0.823 ++++ NVM_IOJS_PREFIX=iojs
#7 0.823 ++++ local NVM_NODE_PREFIX
#7 0.823 +++++ nvm_node_prefix
#7 0.823 +++++ nvm_echo node
#7 0.823 +++++ command printf '%s\n' node
#7 0.824 ++++ NVM_NODE_PREFIX=node
#7 0.824 ++++ local NVM_VERSION_DIR_IOJS
#7 0.824 +++++ nvm_version_dir iojs
#7 0.824 +++++ local NVM_WHICH_DIR
#7 0.824 +++++ NVM_WHICH_DIR=iojs
#7 0.824 +++++ '[' -z iojs ']'
#7 0.824 +++++ '[' iojs = new ']'
#7 0.824 +++++ '[' _iojs = _iojs ']'
#7 0.824 +++++ nvm_echo /root/.nvm/versions/io.js
#7 0.824 +++++ command printf '%s\n' /root/.nvm/versions/io.js
#7 0.825 ++++ NVM_VERSION_DIR_IOJS=/root/.nvm/versions/io.js
#7 0.825 ++++ local NVM_VERSION_DIR_NEW
#7 0.825 +++++ nvm_version_dir new
#7 0.825 +++++ local NVM_WHICH_DIR
#7 0.825 +++++ NVM_WHICH_DIR=new
#7 0.825 +++++ '[' -z new ']'
#7 0.825 +++++ '[' new = new ']'
#7 0.825 +++++ nvm_echo /root/.nvm/versions/node
#7 0.825 +++++ command printf '%s\n' /root/.nvm/versions/node
#7 0.825 ++++ NVM_VERSION_DIR_NEW=/root/.nvm/versions/node
#7 0.825 ++++ local NVM_VERSION_DIR_OLD
#7 0.826 +++++ nvm_version_dir old
#7 0.826 +++++ local NVM_WHICH_DIR
#7 0.826 +++++ NVM_WHICH_DIR=old
#7 0.826 +++++ '[' -z old ']'
#7 0.826 +++++ '[' old = new ']'
#7 0.826 +++++ '[' _old = _iojs ']'
#7 0.826 +++++ '[' _old = _old ']'
#7 0.826 +++++ nvm_echo /root/.nvm
#7 0.826 +++++ command printf '%s\n' /root/.nvm
#7 0.826 ++++ NVM_VERSION_DIR_OLD=/root/.nvm
#7 0.826 ++++ case "${PATTERN}" in
#7 0.826 ++++ nvm_resolve_local_alias v20.19.0
#7 0.826 ++++ '[' -z v20.19.0 ']'
#7 0.826 ++++ local VERSION
#7 0.826 ++++ local EXIT_CODE
#7 0.827 +++++ nvm_resolve_alias v20.19.0
#7 0.827 +++++ '[' -z v20.19.0 ']'
#7 0.827 +++++ local PATTERN
#7 0.827 +++++ PATTERN=v20.19.0
#7 0.827 +++++ local ALIAS
#7 0.827 +++++ ALIAS=v20.19.0
#7 0.827 +++++ local ALIAS_TEMP
#7 0.827 +++++ local SEEN_ALIASES
#7 0.827 +++++ SEEN_ALIASES=v20.19.0
#7 0.827 +++++ true
#7 0.827 ++++++ nvm_alias v20.19.0
#7 0.832 ++++++ nvm_echo
#7 0.832 ++++++ command printf '%s\n' ''
#7 0.832 +++++ ALIAS_TEMP=
#7 0.832 +++++ '[' -z '' ']'
#7 0.832 +++++ break
#7 0.832 +++++ '[' -n v20.19.0 ']'
#7 0.832 +++++ '[' _v20.19.0 '!=' _v20.19.0 ']'
#7 0.832 +++++ nvm_validate_implicit_alias v20.19.0
#7 0.834 +++++ return 2
#7 0.834 ++++ VERSION=
#7 0.834 ++++ EXIT_CODE=2
#7 0.834 ++++ '[' -z '' ']'
#7 0.834 ++++ return 2
#7 0.835 +++++ nvm_ensure_version_prefix v20.19.0
#7 0.835 +++++ local NVM_VERSION
#7 0.836 ++++++ nvm_strip_iojs_prefix v20.19.0
#7 0.836 ++++++ local NVM_IOJS_PREFIX
#7 0.836 ++++++ command sed -e 's/^\([0-9]\)/v\1/g'
#7 0.836 ++++++ sed -e 's/^\([0-9]\)/v\1/g'
#7 0.836 +++++++ nvm_iojs_prefix
#7 0.836 +++++++ nvm_echo iojs
#7 0.836 +++++++ command printf '%s\n' iojs
#7 0.837 ++++++ NVM_IOJS_PREFIX=iojs
#7 0.837 ++++++ '[' v20.19.0 = iojs ']'
#7 0.837 ++++++ nvm_echo v20.19.0
#7 0.837 ++++++ command printf '%s\n' v20.19.0
#7 0.839 +++++ NVM_VERSION=v20.19.0
#7 0.839 +++++ nvm_is_iojs_version v20.19.0
#7 0.839 +++++ case "${1-}" in
#7 0.839 +++++ return 1
#7 0.839 +++++ nvm_echo v20.19.0
#7 0.839 +++++ command printf '%s\n' v20.19.0
#7 0.839 ++++ PATTERN=v20.19.0
#7 0.839 ++++ '[' v20.19.0 = N/A ']'
#7 0.839 ++++ local NVM_PATTERN_STARTS_WITH_V
#7 0.839 ++++ case $PATTERN in
#7 0.839 ++++ NVM_PATTERN_STARTS_WITH_V=true
#7 0.839 ++++ '[' true = true ']'
#7 0.840 +++++ nvm_num_version_groups v20.19.0
#7 0.840 +++++ local VERSION
#7 0.840 +++++ VERSION=v20.19.0
#7 0.840 +++++ VERSION=20.19.0
#7 0.840 +++++ VERSION=20.19.0
#7 0.840 +++++ '[' -z 20.19.0 ']'
#7 0.840 +++++ local NVM_NUM_DOTS
#7 0.840 ++++++ nvm_echo 20.19.0
#7 0.840 ++++++ command printf '%s\n' 20.19.0
#7 0.841 ++++++ command sed -e 's/[^\.]//g'
#7 0.841 ++++++ sed -e 's/[^\.]//g'
#7 0.843 +++++ NVM_NUM_DOTS=..
#7 0.843 +++++ local NVM_NUM_GROUPS
#7 0.843 +++++ NVM_NUM_GROUPS=...
#7 0.843 +++++ nvm_echo 3
#7 0.843 +++++ command printf '%s\n' 3
#7 0.844 ++++ '[' _3 = _3 ']'
#7 0.844 ++++ nvm_is_version_installed v20.19.0
#7 0.844 ++++ '[' -z v20.19.0 ']'
#7 0.844 ++++ local NVM_NODE_BINARY
#7 0.844 ++++ NVM_NODE_BINARY=node
#7 0.844 +++++ nvm_get_os
#7 0.844 +++++ local NVM_UNAME
#7 0.845 ++++++ command uname -a
#7 0.845 ++++++ uname -a
#7 0.846 +++++ NVM_UNAME='Linux buildkitsandbox 6.8.12-5-pve #1 SMP PREEMPT_DYNAMIC PMX 6.8.12-5 (2024-12-03T10:26Z) x86_64 GNU/Linux'
#7 0.846 +++++ local NVM_OS
#7 0.846 +++++ case "${NVM_UNAME}" in
#7 0.846 +++++ NVM_OS=linux
#7 0.846 +++++ nvm_echo linux
#7 0.846 +++++ command printf '%s\n' linux
#7 0.847 ++++ '[' _linux = _win ']'
#7 0.847 +++++ nvm_version_path v20.19.0
#7 0.851 ++++ '[' -x /root/.nvm/versions/node/v20.19.0/bin/node ']'
#7 0.851 ++++ return 0
#7 0.851 ++++ VERSIONS=v20.19.0
#7 0.851 ++++ '[' '' = true ']'
#7 0.851 ++++ '[' -z v20.19.0 ']'
#7 0.851 ++++ nvm_echo v20.19.0
#7 0.851 ++++ command printf '%s\n' v20.19.0
#7 0.852 +++ VERSION=v20.19.0
#7 0.852 +++ '[' -z v20.19.0 ']'
#7 0.852 +++ '[' _v20.19.0 = _N/A ']'
#7 0.852 +++ nvm_echo v20.19.0
#7 0.852 +++ command printf '%s\n' v20.19.0
#7 0.853 ++ VERSION=v20.19.0
#7 0.853 ++ '[' -z v20.19.0 ']'
#7 0.853 ++ '[' _v20.19.0 = _system ']'
#7 0.853 ++ '[' _v20.19.0 = $'_\342\210\236' ']'
#7 0.853 ++ '[' v20.19.0 = N/A ']'
#7 0.853 ++ nvm_ensure_version_installed v20.19.0 0
#7 0.853 ++ local PROVIDED_VERSION
#7 0.853 ++ PROVIDED_VERSION=v20.19.0
#7 0.853 ++ local IS_VERSION_FROM_NVMRC
#7 0.853 ++ IS_VERSION_FROM_NVMRC=0
#7 0.853 ++ '[' v20.19.0 = system ']'
#7 0.853 ++ local LOCAL_VERSION
#7 0.853 ++ local EXIT_CODE
#7 0.853 +++ nvm_version v20.19.0
#7 0.853 +++ local PATTERN
#7 0.853 +++ PATTERN=v20.19.0
#7 0.853 +++ local VERSION
#7 0.853 +++ '[' -z v20.19.0 ']'
#7 0.853 +++ '[' v20.19.0 = current ']'
#7 0.853 +++ local NVM_NODE_PREFIX
#7 0.854 ++++ nvm_node_prefix
#7 0.854 ++++ nvm_echo node
#7 0.854 ++++ command printf '%s\n' node
#7 0.854 +++ NVM_NODE_PREFIX=node
#7 0.854 +++ case "_${PATTERN}" in
#7 0.855 ++++ nvm_ls v20.19.0
#7 0.855 ++++ local PATTERN
#7 0.855 ++++ PATTERN=v20.19.0
#7 0.855 ++++ local VERSIONS
#7 0.855 ++++ VERSIONS=
#7 0.855 ++++ '[' v20.19.0 = current ']'
#7 0.855 ++++ local NVM_IOJS_PREFIX
#7 0.855 ++++ command tail -1
#7 0.855 ++++ tail -1
#7 0.856 +++++ nvm_iojs_prefix
#7 0.856 +++++ nvm_echo iojs
#7 0.856 +++++ command printf '%s\n' iojs
#7 0.856 ++++ NVM_IOJS_PREFIX=iojs
#7 0.856 ++++ local NVM_NODE_PREFIX
#7 0.856 +++++ nvm_node_prefix
#7 0.856 +++++ nvm_echo node
#7 0.857 +++++ command printf '%s\n' node
#7 0.857 ++++ NVM_NODE_PREFIX=node
#7 0.857 ++++ local NVM_VERSION_DIR_IOJS
#7 0.857 +++++ nvm_version_dir iojs
#7 0.857 +++++ local NVM_WHICH_DIR
#7 0.857 +++++ NVM_WHICH_DIR=iojs
#7 0.857 +++++ '[' -z iojs ']'
#7 0.857 +++++ '[' iojs = new ']'
#7 0.857 +++++ '[' _iojs = _iojs ']'
#7 0.857 +++++ nvm_echo /root/.nvm/versions/io.js
#7 0.857 +++++ command printf '%s\n' /root/.nvm/versions/io.js
#7 0.858 ++++ NVM_VERSION_DIR_IOJS=/root/.nvm/versions/io.js
#7 0.858 ++++ local NVM_VERSION_DIR_NEW
#7 0.858 +++++ nvm_version_dir new
#7 0.858 +++++ local NVM_WHICH_DIR
#7 0.858 +++++ NVM_WHICH_DIR=new
#7 0.858 +++++ '[' -z new ']'
#7 0.858 +++++ '[' new = new ']'
#7 0.858 +++++ nvm_echo /root/.nvm/versions/node
#7 0.858 +++++ command printf '%s\n' /root/.nvm/versions/node
#7 0.859 ++++ NVM_VERSION_DIR_NEW=/root/.nvm/versions/node
#7 0.859 ++++ local NVM_VERSION_DIR_OLD
#7 0.859 +++++ nvm_version_dir old
#7 0.859 +++++ local NVM_WHICH_DIR
#7 0.859 +++++ NVM_WHICH_DIR=old
#7 0.859 +++++ '[' -z old ']'
#7 0.859 +++++ '[' old = new ']'
#7 0.859 +++++ '[' _old = _iojs ']'
#7 0.859 +++++ '[' _old = _old ']'
#7 0.859 +++++ nvm_echo /root/.nvm
#7 0.859 +++++ command printf '%s\n' /root/.nvm
#7 0.860 ++++ NVM_VERSION_DIR_OLD=/root/.nvm
#7 0.860 ++++ case "${PATTERN}" in
#7 0.860 ++++ nvm_resolve_local_alias v20.19.0
#7 0.860 ++++ '[' -z v20.19.0 ']'
#7 0.860 ++++ local VERSION
#7 0.860 ++++ local EXIT_CODE
#7 0.860 +++++ nvm_resolve_alias v20.19.0
#7 0.860 +++++ '[' -z v20.19.0 ']'
#7 0.860 +++++ local PATTERN
#7 0.860 +++++ PATTERN=v20.19.0
#7 0.860 +++++ local ALIAS
#7 0.860 +++++ ALIAS=v20.19.0
#7 0.860 +++++ local ALIAS_TEMP
#7 0.860 +++++ local SEEN_ALIASES
#7 0.860 +++++ SEEN_ALIASES=v20.19.0
#7 0.860 +++++ true
#7 0.861 ++++++ nvm_alias v20.19.0
#7 0.865 ++++++ nvm_echo
#7 0.865 ++++++ command printf '%s\n' ''
#7 0.865 +++++ ALIAS_TEMP=
#7 0.865 +++++ '[' -z '' ']'
#7 0.865 +++++ break
#7 0.866 +++++ '[' -n v20.19.0 ']'
#7 0.866 +++++ '[' _v20.19.0 '!=' _v20.19.0 ']'
#7 0.866 +++++ nvm_validate_implicit_alias v20.19.0
#7 0.867 +++++ return 2
#7 0.868 ++++ VERSION=
#7 0.868 ++++ EXIT_CODE=2
#7 0.868 ++++ '[' -z '' ']'
#7 0.868 ++++ return 2
#7 0.868 +++++ nvm_ensure_version_prefix v20.19.0
#7 0.868 +++++ local NVM_VERSION
#7 0.869 ++++++ nvm_strip_iojs_prefix v20.19.0
#7 0.869 ++++++ local NVM_IOJS_PREFIX
#7 0.869 ++++++ command sed -e 's/^\([0-9]\)/v\1/g'
#7 0.869 ++++++ sed -e 's/^\([0-9]\)/v\1/g'
#7 0.870 +++++++ nvm_iojs_prefix
#7 0.870 +++++++ nvm_echo iojs
#7 0.870 +++++++ command printf '%s\n' iojs
#7 0.870 ++++++ NVM_IOJS_PREFIX=iojs
#7 0.870 ++++++ '[' v20.19.0 = iojs ']'
#7 0.870 ++++++ nvm_echo v20.19.0
#7 0.870 ++++++ command printf '%s\n' v20.19.0
#7 0.872 +++++ NVM_VERSION=v20.19.0
#7 0.872 +++++ nvm_is_iojs_version v20.19.0
#7 0.872 +++++ case "${1-}" in
#7 0.872 +++++ return 1
#7 0.872 +++++ nvm_echo v20.19.0
#7 0.872 +++++ command printf '%s\n' v20.19.0
#7 0.873 ++++ PATTERN=v20.19.0
#7 0.873 ++++ '[' v20.19.0 = N/A ']'
#7 0.873 ++++ local NVM_PATTERN_STARTS_WITH_V
#7 0.873 ++++ case $PATTERN in
#7 0.873 ++++ NVM_PATTERN_STARTS_WITH_V=true
#7 0.873 ++++ '[' true = true ']'
#7 0.873 +++++ nvm_num_version_groups v20.19.0
#7 0.873 +++++ local VERSION
#7 0.873 +++++ VERSION=v20.19.0
#7 0.873 +++++ VERSION=20.19.0
#7 0.873 +++++ VERSION=20.19.0
#7 0.873 +++++ '[' -z 20.19.0 ']'
#7 0.873 +++++ local NVM_NUM_DOTS
#7 0.874 ++++++ nvm_echo 20.19.0
#7 0.874 ++++++ command printf '%s\n' 20.19.0
#7 0.874 ++++++ command sed -e 's/[^\.]//g'
#7 0.874 ++++++ sed -e 's/[^\.]//g'
#7 0.877 +++++ NVM_NUM_DOTS=..
#7 0.877 +++++ local NVM_NUM_GROUPS
#7 0.877 +++++ NVM_NUM_GROUPS=...
#7 0.877 +++++ nvm_echo 3
#7 0.877 +++++ command printf '%s\n' 3
#7 0.877 ++++ '[' _3 = _3 ']'
#7 0.877 ++++ nvm_is_version_installed v20.19.0
#7 0.877 ++++ '[' -z v20.19.0 ']'
#7 0.877 ++++ local NVM_NODE_BINARY
#7 0.877 ++++ NVM_NODE_BINARY=node
#7 0.877 +++++ nvm_get_os
#7 0.878 +++++ local NVM_UNAME
#7 0.878 ++++++ command uname -a
#7 0.878 ++++++ uname -a
#7 0.880 +++++ NVM_UNAME='Linux buildkitsandbox 6.8.12-5-pve #1 SMP PREEMPT_DYNAMIC PMX 6.8.12-5 (2024-12-03T10:26Z) x86_64 GNU/Linux'
#7 0.880 +++++ local NVM_OS
#7 0.880 +++++ case "${NVM_UNAME}" in
#7 0.880 +++++ NVM_OS=linux
#7 0.880 +++++ nvm_echo linux
#7 0.880 +++++ command printf '%s\n' linux
#7 0.880 ++++ '[' _linux = _win ']'
#7 0.880 +++++ nvm_version_path v20.19.0
#7 0.884 ++++ '[' -x /root/.nvm/versions/node/v20.19.0/bin/node ']'
#7 0.884 ++++ return 0
#7 0.884 ++++ VERSIONS=v20.19.0
#7 0.884 ++++ '[' '' = true ']'
#7 0.884 ++++ '[' -z v20.19.0 ']'
#7 0.884 ++++ nvm_echo v20.19.0
#7 0.884 ++++ command printf '%s\n' v20.19.0
#7 0.886 +++ VERSION=v20.19.0
#7 0.886 +++ '[' -z v20.19.0 ']'
#7 0.886 +++ '[' _v20.19.0 = _N/A ']'
#7 0.886 +++ nvm_echo v20.19.0
#7 0.886 +++ command printf '%s\n' v20.19.0
#7 0.886 ++ LOCAL_VERSION=v20.19.0
#7 0.886 ++ EXIT_CODE=0
#7 0.886 ++ local NVM_VERSION_DIR
#7 0.886 ++ '[' 0 '!=' 0 ']'
#7 0.886 ++ nvm_is_version_installed v20.19.0
#7 0.886 ++ '[' -z v20.19.0 ']'
#7 0.886 ++ local NVM_NODE_BINARY
#7 0.886 ++ NVM_NODE_BINARY=node
#7 0.886 +++ nvm_get_os
#7 0.886 +++ local NVM_UNAME
#7 0.887 ++++ command uname -a
#7 0.887 ++++ uname -a
#7 0.888 +++ NVM_UNAME='Linux buildkitsandbox 6.8.12-5-pve #1 SMP PREEMPT_DYNAMIC PMX 6.8.12-5 (2024-12-03T10:26Z) x86_64 GNU/Linux'
#7 0.888 +++ local NVM_OS
#7 0.888 +++ case "${NVM_UNAME}" in
#7 0.888 +++ NVM_OS=linux
#7 0.888 +++ nvm_echo linux
#7 0.888 +++ command printf '%s\n' linux
#7 0.889 ++ '[' _linux = _win ']'
#7 0.889 +++ nvm_version_path v20.19.0
#7 0.893 ++ '[' -x /root/.nvm/versions/node/v20.19.0/bin/node ']'
#7 0.893 ++ return 0
#7 0.893 ++ local NVM_VERSION_DIR
#7 0.893 +++ nvm_version_path v20.19.0
#7 0.893 +++ local VERSION
#7 0.893 +++ VERSION=v20.19.0
#7 0.893 +++ '[' -z v20.19.0 ']'
#7 0.893 +++ nvm_is_iojs_version v20.19.0
#7 0.893 +++ case "${1-}" in
#7 0.893 +++ return 1
#7 0.893 +++ nvm_version_greater 0.12.0 v20.19.0
#7 0.893 +++ command awk 'BEGIN {
#7 0.893     if (ARGV[1] == "" || ARGV[2] == "") exit(1)
#7 0.893     split(ARGV[1], a, /\./);
#7 0.893     split(ARGV[2], b, /\./);
#7 0.893     for (i=1; i<=3; i++) {
#7 0.893       if (a[i] && a[i] !~ /^[0-9]+$/) exit(2);
#7 0.893       if (b[i] && b[i] !~ /^[0-9]+$/) { exit(0); }
#7 0.893       if (a[i] < b[i]) exit(3);
#7 0.893       else if (a[i] > b[i]) exit(0);
#7 0.893     }
#7 0.893     exit(4)
#7 0.893   }' 0.12.0 20.19.0
#7 0.893 +++ awk 'BEGIN {
#7 0.893     if (ARGV[1] == "" || ARGV[2] == "") exit(1)
#7 0.893     split(ARGV[1], a, /\./);
#7 0.893     split(ARGV[2], b, /\./);
#7 0.893     for (i=1; i<=3; i++) {
#7 0.893       if (a[i] && a[i] !~ /^[0-9]+$/) exit(2);
#7 0.893       if (b[i] && b[i] !~ /^[0-9]+$/) { exit(0); }
#7 0.893       if (a[i] < b[i]) exit(3);
#7 0.893       else if (a[i] > b[i]) exit(0);
#7 0.893     }
#7 0.893     exit(4)
#7 0.893   }' 0.12.0 20.19.0
#7 0.896 ++++ nvm_version_dir new
#7 0.896 ++++ local NVM_WHICH_DIR
#7 0.896 ++++ NVM_WHICH_DIR=new
#7 0.896 ++++ '[' -z new ']'
#7 0.896 ++++ '[' new = new ']'
#7 0.896 ++++ nvm_echo /root/.nvm/versions/node
#7 0.896 ++++ command printf '%s\n' /root/.nvm/versions/node
#7 0.896 +++ nvm_echo /root/.nvm/versions/node/v20.19.0
#7 0.896 +++ command printf '%s\n' /root/.nvm/versions/node/v20.19.0
#7 0.897 ++ NVM_VERSION_DIR=/root/.nvm/versions/node/v20.19.0
#7 0.897 +++ nvm_change_path /tmp/go/bin:/usr/local/sbin:/usr/local/bin:/usr/sbin:/usr/bin:/sbin:/bin /bin /root/.nvm/versions/node/v20.19.0
#7 0.897 +++ '[' -z /tmp/go/bin:/usr/local/sbin:/usr/local/bin:/usr/sbin:/usr/bin:/sbin:/bin ']'
#7 0.898 +++ nvm_echo /tmp/go/bin:/usr/local/sbin:/usr/local/bin:/usr/sbin:/usr/bin:/sbin:/bin
#7 0.898 +++ command printf '%s\n' /tmp/go/bin:/usr/local/sbin:/usr/local/bin:/usr/sbin:/usr/bin:/sbin:/bin
#7 0.898 +++ nvm_grep -q '/root/.nvm/[^/]*/bin'
#7 0.898 +++ GREP_OPTIONS=
#7 0.898 +++ command grep -q '/root/.nvm/[^/]*/bin'
#7 0.898 +++ grep -q '/root/.nvm/[^/]*/bin'
#7 0.900 +++ nvm_echo /tmp/go/bin:/usr/local/sbin:/usr/local/bin:/usr/sbin:/usr/bin:/sbin:/bin
#7 0.900 +++ command printf '%s\n' /tmp/go/bin:/usr/local/sbin:/usr/local/bin:/usr/sbin:/usr/bin:/sbin:/bin
#7 0.900 +++ nvm_grep -q '/root/.nvm/versions/[^/]*/[^/]*/bin'
#7 0.900 +++ GREP_OPTIONS=
#7 0.900 +++ command grep -q '/root/.nvm/versions/[^/]*/[^/]*/bin'
#7 0.900 +++ grep -q '/root/.nvm/versions/[^/]*/[^/]*/bin'
#7 0.902 +++ nvm_echo /root/.nvm/versions/node/v20.19.0/bin:/tmp/go/bin:/usr/local/sbin:/usr/local/bin:/usr/sbin:/usr/bin:/sbin:/bin
#7 0.902 +++ command printf '%s\n' /root/.nvm/versions/node/v20.19.0/bin:/tmp/go/bin:/usr/local/sbin:/usr/local/bin:/usr/sbin:/usr/bin:/sbin:/bin
#7 0.902 ++ PATH=/root/.nvm/versions/node/v20.19.0/bin:/tmp/go/bin:/usr/local/sbin:/usr/local/bin:/usr/sbin:/usr/bin:/sbin:/bin
#7 0.902 ++ nvm_has manpath
#7 0.902 ++ type manpath
#7 0.903 ++ export PATH
#7 0.903 ++ hash -r
#7 0.903 ++ export NVM_BIN=/root/.nvm/versions/node/v20.19.0/bin
#7 0.903 ++ NVM_BIN=/root/.nvm/versions/node/v20.19.0/bin
#7 0.903 ++ export NVM_INC=/root/.nvm/versions/node/v20.19.0/include/node
#7 0.903 ++ NVM_INC=/root/.nvm/versions/node/v20.19.0/include/node
#7 0.903 ++ '[' '' = true ']'
#7 0.903 ++ local NVM_USE_OUTPUT
#7 0.903 ++ NVM_USE_OUTPUT=
#7 0.903 ++ '[' 1 -ne 1 ']'
#7 0.903 ++ '[' _v20.19.0 '!=' _system ']'
#7 0.903 ++ local NVM_USE_CMD
#7 0.903 ++ NVM_USE_CMD='nvm use --delete-prefix'
#7 0.903 ++ '[' -n v20.19.0 ']'
#7 0.903 ++ NVM_USE_CMD='nvm use --delete-prefix v20.19.0'
#7 0.903 ++ '[' 1 -eq 1 ']'
#7 0.903 ++ NVM_USE_CMD='nvm use --delete-prefix v20.19.0 --silent'
#7 0.903 ++ nvm_die_on_prefix 0 'nvm use --delete-prefix v20.19.0 --silent' /root/.nvm/versions/node/v20.19.0
#7 0.903 ++ local NVM_DELETE_PREFIX
#7 0.903 ++ NVM_DELETE_PREFIX=0
#7 0.903 ++ case "${NVM_DELETE_PREFIX}" in
#7 0.903 ++ local NVM_COMMAND
#7 0.903 ++ NVM_COMMAND='nvm use --delete-prefix v20.19.0 --silent'
#7 0.903 ++ local NVM_VERSION_DIR
#7 0.903 ++ NVM_VERSION_DIR=/root/.nvm/versions/node/v20.19.0
#7 0.903 ++ '[' -z 'nvm use --delete-prefix v20.19.0 --silent' ']'
#7 0.903 ++ '[' -z /root/.nvm/versions/node/v20.19.0 ']'
#7 0.903 ++ '[' -n '' ']'
#7 0.903 ++ local NVM_OS
#7 0.903 +++ nvm_get_os
#7 0.903 +++ local NVM_UNAME
#7 0.904 ++++ command uname -a
#7 0.904 ++++ uname -a
#7 0.905 +++ NVM_UNAME='Linux buildkitsandbox 6.8.12-5-pve #1 SMP PREEMPT_DYNAMIC PMX 6.8.12-5 (2024-12-03T10:26Z) x86_64 GNU/Linux'
#7 0.905 +++ local NVM_OS
#7 0.905 +++ case "${NVM_UNAME}" in
#7 0.905 +++ NVM_OS=linux
#7 0.905 +++ nvm_echo linux
#7 0.905 +++ command printf '%s\n' linux
#7 0.906 ++ NVM_OS=linux
#7 0.906 ++ local NVM_NPM_CONFIG_x_PREFIX_ENV
#7 0.906 +++ command awk 'BEGIN { for (name in ENVIRON) if (toupper(name) == "NPM_CONFIG_PREFIX") { print name; break } }'
#7 0.906 +++ awk 'BEGIN { for (name in ENVIRON) if (toupper(name) == "NPM_CONFIG_PREFIX") { print name; break } }'
#7 0.908 ++ NVM_NPM_CONFIG_x_PREFIX_ENV=
#7 0.908 ++ '[' -n '' ']'
#7 0.908 ++ local NVM_NPM_BUILTIN_NPMRC
#7 0.908 ++ NVM_NPM_BUILTIN_NPMRC=/root/.nvm/versions/node/v20.19.0/lib/node_modules/npm/npmrc
#7 0.908 ++ nvm_npmrc_bad_news_bears /root/.nvm/versions/node/v20.19.0/lib/node_modules/npm/npmrc
#7 0.908 ++ local NVM_NPMRC
#7 0.908 ++ NVM_NPMRC=/root/.nvm/versions/node/v20.19.0/lib/node_modules/npm/npmrc
#7 0.908 ++ '[' -n /root/.nvm/versions/node/v20.19.0/lib/node_modules/npm/npmrc ']'
#7 0.908 ++ '[' -f /root/.nvm/versions/node/v20.19.0/lib/node_modules/npm/npmrc ']'
#7 0.909 ++ return 1
#7 0.909 ++ local NVM_NPM_GLOBAL_NPMRC
#7 0.909 ++ NVM_NPM_GLOBAL_NPMRC=/root/.nvm/versions/node/v20.19.0/etc/npmrc
#7 0.909 ++ nvm_npmrc_bad_news_bears /root/.nvm/versions/node/v20.19.0/etc/npmrc
#7 0.909 ++ local NVM_NPMRC
#7 0.909 ++ NVM_NPMRC=/root/.nvm/versions/node/v20.19.0/etc/npmrc
#7 0.909 ++ '[' -n /root/.nvm/versions/node/v20.19.0/etc/npmrc ']'
#7 0.909 ++ '[' -f /root/.nvm/versions/node/v20.19.0/etc/npmrc ']'
#7 0.909 ++ return 1
#7 0.909 ++ local NVM_NPM_USER_NPMRC
#7 0.909 ++ NVM_NPM_USER_NPMRC=/root/.npmrc
#7 0.909 ++ nvm_npmrc_bad_news_bears /root/.npmrc
#7 0.909 ++ local NVM_NPMRC
#7 0.909 ++ NVM_NPMRC=/root/.npmrc
#7 0.909 ++ '[' -n /root/.npmrc ']'
#7 0.909 ++ '[' -f /root/.npmrc ']'
#7 0.909 ++ return 1
#7 0.909 ++ local NVM_NPM_PROJECT_NPMRC
#7 0.909 +++ nvm_find_project_dir
#7 0.909 +++ local path_
#7 0.909 +++ path_=/
#7 0.909 +++ '[' / '!=' '' ']'
#7 0.909 +++ '[' '!' -f //package.json ']'
#7 0.909 +++ '[' '!' -d //node_modules ']'
#7 0.909 +++ path_=
#7 0.909 +++ '[' '' '!=' '' ']'
#7 0.909 +++ nvm_echo ''
#7 0.909 +++ command printf '%s\n' ''
#7 0.910 ++ NVM_NPM_PROJECT_NPMRC=/.npmrc
#7 0.910 ++ nvm_npmrc_bad_news_bears /.npmrc
#7 0.910 ++ local NVM_NPMRC
#7 0.910 ++ NVM_NPMRC=/.npmrc
#7 0.910 ++ '[' -n /.npmrc ']'
#7 0.910 ++ '[' -f /.npmrc ']'
#7 0.910 ++ return 1
#7 0.910 ++ '[' -n '' ']'
#7 0.910 ++ EXIT_CODE=0
#7 0.910 ++ set -e
#7 0.910 ++ return 0
#7 0.911 + wget https://archive.debian.org/debian/pool/main/p/postgresql-11/libpq5_11.16-0+deb10u1_amd64.deb
#7 0.914 --2025-03-29 15:03:33--  https://archive.debian.org/debian/pool/main/p/postgresql-11/libpq5_11.16-0+deb10u1_amd64.deb
#7 0.920 Resolving archive.debian.org (archive.debian.org)... 151.101.194.132, 151.101.130.132, 151.101.66.132, ...
#7 0.923 Connecting to archive.debian.org (archive.debian.org)|151.101.194.132|:443... connected.
#7 1.024 HTTP request sent, awaiting response... 200 OK
#7 1.120 Length: 171952 (168K) [application/vnd.debian.binary-package]
#7 1.120 Saving to: 'libpq5_11.16-0+deb10u1_amd64.deb'
#7 1.126 
#7 1.126      0K .......... .......... .......... .......... .......... 29%  877K 0s
#7 1.178     50K .......... .......... .......... .......... .......... 59% 3.20M 0s
#7 1.193    100K .......... .......... .......... .......... .......... 89% 1.55M 0s
#7 1.224    150K .......... .......                                    100% 8.98M=0.1s
#7 1.226 
#7 1.226 2025-03-29 15:03:33 (1.55 MB/s) - 'libpq5_11.16-0+deb10u1_amd64.deb' saved [171952/171952]
#7 1.226 
#7 1.227 + wget https://archive.debian.org/debian/pool/main/p/postgresql-11/libpq-dev_11.16-0+deb10u1_amd64.deb
#7 1.230 --2025-03-29 15:03:34--  https://archive.debian.org/debian/pool/main/p/postgresql-11/libpq-dev_11.16-0+deb10u1_amd64.deb
#7 1.236 Resolving archive.debian.org (archive.debian.org)... 151.101.194.132, 151.101.130.132, 151.101.66.132, ...
#7 1.238 Connecting to archive.debian.org (archive.debian.org)|151.101.194.132|:443... connected.
#7 1.315 HTTP request sent, awaiting response... 200 OK
#7 1.385 Length: 166636 (163K) [application/vnd.debian.binary-package]
#7 1.385 Saving to: 'libpq-dev_11.16-0+deb10u1_amd64.deb'
#7 1.388 
#7 1.388      0K .......... .......... .......... .......... .......... 30% 1.10M 0s
#7 1.429     50K .......... .......... .......... .......... .......... 61% 4.43M 0s
#7 1.440    100K .......... .......... .......... .......... .......... 92% 1.97M 0s
#7 1.465    150K .......... ..                                         100%  328M=0.08s
#7 1.465 
#7 1.465 2025-03-29 15:03:34 (1.98 MB/s) - 'libpq-dev_11.16-0+deb10u1_amd64.deb' saved [166636/166636]
#7 1.465 
#7 1.466 + dpkg -i libpq5_11.16-0+deb10u1_amd64.deb libpq-dev_11.16-0+deb10u1_amd64.deb
#7 3.087 dpkg: warning: downgrading libpq5:amd64 from 1:11.21-astra.se13+ci1 to 11.16-0+deb10u1
#7 3.103 (Reading database ... 24713 files and directories currently installed.)
#7 3.103 Preparing to unpack libpq5_11.16-0+deb10u1_amd64.deb ...
#7 3.198 Unpacking libpq5:amd64 (11.16-0+deb10u1) over (1:11.21-astra.se13+ci1) ...
#7 4.143 Selecting previously unselected package libpq-dev.
#7 4.146 Preparing to unpack libpq-dev_11.16-0+deb10u1_amd64.deb ...
#7 4.165 Unpacking libpq-dev (11.16-0+deb10u1) ...
#7 4.335 Setting up libpq5:amd64 (11.16-0+deb10u1) ...
#7 4.401 Setting up libpq-dev (11.16-0+deb10u1) ...
#7 4.468 Processing triggers for libc-bin (2.28-10+deb10u3+ci202406111043+astra10) ...
#7 5.106 + rm libpq-dev_11.16-0+deb10u1_amd64.deb libpq5_11.16-0+deb10u1_amd64.deb
#7 5.107 Building ruby v2.7.4 from source...
#7 5.107 + echo 'Building ruby v2.7.4 from source...'
#7 5.107 + PWD_ORG=/
#7 5.107 + mkdir /tmp/ruby
#7 5.109 + cd /tmp/ruby
#7 5.109 + curl --remote-name -Ss https://cache.ruby-lang.org/pub/ruby/2.7/ruby-2.7.4.tar.gz
#7 6.767 + printf '%s ruby-%s.tar.gz' 3043099089608859fc8cce7f9fdccaa1f53a462457e3838ec3b25a7d609fbc5b 2.7.4
#7 6.767 + sha256sum -c -
#7 6.824 ruby-2.7.4.tar.gz: OK
#7 6.825 + tar xzf ruby-2.7.4.tar.gz
#7 8.200 + cd ruby-2.7.4
#7 8.200 + ./configure --disable-install-rdoc --enable-shared
#7 8.321 checking for ruby... false
#7 8.331 checking build system type... x86_64-pc-linux-gnu
#7 8.385 checking host system type... x86_64-pc-linux-gnu
#7 8.385 checking target system type... x86_64-pc-linux-gnu
#7 8.391 checking for gcc... gcc
#7 8.421 checking whether the C compiler works... yes
#7 8.456 checking for C compiler default output file name... a.out
#7 8.458 checking for suffix of executables... 
#7 8.493 checking whether we are cross compiling... no
#7 8.531 checking for suffix of object files... o
#7 8.554 checking whether we are using the GNU C compiler... yes
#7 8.575 checking whether gcc accepts -g... yes
#7 8.596 checking for gcc option to accept ISO C89... none needed
#7 8.628 checking how to run the C preprocessor... gcc -E
#7 8.681 checking for grep that handles long lines and -e... /usr/bin/grep
#7 8.684 checking for egrep... /usr/bin/grep -E
#7 8.686 checking for ANSI C header files... yes
#7 8.796 checking for sys/types.h... yes
#7 8.832 checking for sys/stat.h... yes
#7 8.869 checking for stdlib.h... yes
#7 8.906 checking for string.h... yes
#7 8.944 checking for memory.h... yes
#7 8.982 checking for strings.h... yes
#7 9.020 checking for inttypes.h... yes
#7 9.059 checking for stdint.h... yes
#7 9.098 checking for unistd.h... yes
#7 9.135 checking minix/config.h usability... no
#7 9.168 checking minix/config.h presence... no
#7 9.184 checking for minix/config.h... no
#7 9.185 checking whether it is safe to define __EXTENSIONS__... yes
#7 9.221 checking for gcc option to accept ISO C99... none needed
#7 9.262 checking for g++... g++
#7 9.290 checking whether we are using the GNU C++ compiler... yes
#7 9.312 checking whether g++ accepts -g... yes
#7 9.334 checking whether gcc needs -traditional... no
#7 9.358 checking for ld... ld
#7 9.378 checking whether the linker is GNU ld... yes
#7 9.383 checking whether gcc -E accepts -o... yes
#7 9.396 checking for gcc... /usr/bin/gcc
#7 9.408 checking for ranlib... ranlib
#7 9.409 checking for ar... ar
#7 9.409 checking for ar flags... rcD
#7 9.412 checking for as... as
#7 9.413 checking for objdump... objdump
#7 9.414 checking for objcopy... objcopy
#7 9.414 checking for nm... nm
#7 9.415 checking whether ln -s works... yes
#7 9.415 checking whether make sets $(MAKE)... yes
#7 9.425 checking for a BSD-compatible install... /usr/bin/install -c
#7 9.436 checking for a thread-safe mkdir -p... /usr/bin/mkdir -p
#7 9.439 checking for dtrace... no
#7 9.440 checking for dot... no
#7 9.440 checking for doxygen... no
#7 9.441 checking for pkg-config... pkg-config
#7 9.449 checking for cd using physical directory... cd -P
#7 9.459 checking whether CFLAGS is valid... yes
#7 9.481 checking whether LDFLAGS is valid... yes
#7 9.522 checking whether -Wl,-R. is accepted as LDFLAGS... yes
#7 9.561 checking whether -Wl,-rpath,. is accepted as LDFLAGS... yes
#7 9.601 checking whether -Wdeprecated-declarations is accepted as CFLAGS... yes
#7 9.626 checking whether -Wdivision-by-zero is accepted as CFLAGS... no
#7 9.645 checking whether -Wduplicated-cond is accepted as CFLAGS... yes
#7 9.670 checking whether -Wimplicit-function-declaration is accepted as CFLAGS... yes
#7 9.695 checking whether -Wimplicit-int is accepted as CFLAGS... yes
#7 9.720 checking whether -Wmisleading-indentation is accepted as CFLAGS... yes
#7 9.761 checking whether -Wpointer-arith is accepted as CFLAGS... yes
#7 9.788 checking whether -Wshorten-64-to-32 is accepted as CFLAGS... no
#7 9.808 checking whether -Wwrite-strings is accepted as CFLAGS... yes
#7 9.834 checking whether -Wimplicit-fallthrough=0 is accepted as CFLAGS... yes
#7 9.861 checking whether -Wmissing-noreturn is accepted as CFLAGS... yes
#7 9.887 checking whether -Wno-cast-function-type is accepted as CFLAGS... yes
#7 9.913 checking whether -Wno-constant-logical-operand is accepted as CFLAGS... yes
#7 9.939 checking whether -Wno-long-long is accepted as CFLAGS... yes
#7 9.964 checking whether -Wno-missing-field-initializers is accepted as CFLAGS... yes
#7 9.989 checking whether -Wno-overlength-strings is accepted as CFLAGS... yes
#7 10.01 checking whether -Wno-packed-bitfield-compat is accepted as CFLAGS... yes
#7 10.04 checking whether -Wno-parentheses-equality is accepted as CFLAGS... yes
#7 10.07 checking whether -Wno-self-assign is accepted as CFLAGS... yes
#7 10.09 checking whether -Wno-tautological-compare is accepted as CFLAGS... yes
#7 10.12 checking whether -Wno-unused-parameter is accepted as CFLAGS... yes
#7 10.14 checking whether -Wno-unused-value is accepted as CFLAGS... yes
#7 10.17 checking whether -Wsuggest-attribute=format is accepted as CFLAGS... yes
#7 10.20 checking whether -Wsuggest-attribute=noreturn is accepted as CFLAGS... yes
#7 10.22 checking whether -Wunused-variable is accepted as CFLAGS... yes
#7 10.25 checking whether -diag-disable=175,188,1684,2259,2312 is accepted as CFLAGS... no
#7 10.29 checking whether -Wextra-tokens is accepted as CFLAGS... no
#7 10.31 checking whether -Wall -Wextra is accepted as CFLAGS... yes
#7 10.33 checking whether -Qunused-arguments is accepted as CFLAGS... no
#7 10.35 checking whether -D_FORTIFY_SOURCE=2 is accepted as CFLAGS... yes
#7 10.37 checking whether -fstack-protector-strong is accepted as CFLAGS... yes
#7 10.40 checking whether -fstack-protector-strong is accepted as LDFLAGS... yes
#7 10.44 checking whether -Wl,--compress-debug-sections=zlib is accepted as LDFLAGS... yes
#7 10.48 checking whether -std=gnu99 is accepted as CFLAGS... yes
#7 10.50 checking whether -fno-strict-overflow is accepted as CFLAGS... yes
#7 10.53 checking whether -ggdb3 is accepted as CFLAGS... yes
#7 10.55 checking whether -fvisibility=hidden is accepted as CFLAGS... yes
#7 10.57 checking whether -fno-fast-math is accepted as CFLAGS... yes
#7 10.60 checking whether -fexcess-precision=standard is accepted as CFLAGS... yes
#7 10.62 checking whether -fp-model precise is accepted as CFLAGS... no
#7 10.63 checking whether compiler has statement and declarations in expressions... yes
#7 10.66 checking for crypt in -lcrypt... yes
#7 10.70 checking for dlopen in -ldl... yes
#7 10.74 checking for shl_load in -ldld... no
#7 10.78 checking for shutdown in -lsocket... no
#7 10.82 checking for dirent.h that defines DIR... yes
#7 10.85 checking for library containing opendir... none required
#7 10.90 checking for stdbool.h that conforms to C99... yes
#7 10.92 checking for _Bool... yes
#7 11.00 checking for sys/wait.h that is POSIX.1 compatible... yes
#7 11.03 checking a.out.h usability... yes
#7 11.06 checking a.out.h presence... yes
#7 11.07 checking for a.out.h... yes
#7 11.07 checking atomic.h usability... no
#7 11.11 checking atomic.h presence... no
#7 11.12 checking for atomic.h... no
#7 11.12 checking copyfile.h usability... no
#7 11.16 checking copyfile.h presence... no
#7 11.17 checking for copyfile.h... no
#7 11.17 checking direct.h usability... no
#7 11.21 checking direct.h presence... no
#7 11.22 checking for direct.h... no
#7 11.22 checking grp.h usability... yes
#7 11.26 checking grp.h presence... yes
#7 11.27 checking for grp.h... yes
#7 11.27 checking fcntl.h usability... yes
#7 11.30 checking fcntl.h presence... yes
#7 11.32 checking for fcntl.h... yes
#7 11.32 checking float.h usability... yes
#7 11.35 checking float.h presence... yes
#7 11.36 checking for float.h... yes
#7 11.36 checking ieeefp.h usability... no
#7 11.40 checking ieeefp.h presence... no
#7 11.41 checking for ieeefp.h... no
#7 11.41 checking intrinsics.h usability... no
#7 11.45 checking intrinsics.h presence... no
#7 11.46 checking for intrinsics.h... no
#7 11.46 checking langinfo.h usability... yes
#7 11.50 checking langinfo.h presence... yes
#7 11.51 checking for langinfo.h... yes
#7 11.51 checking limits.h usability... yes
#7 11.55 checking limits.h presence... yes
#7 11.56 checking for limits.h... yes
#7 11.56 checking locale.h usability... yes
#7 11.59 checking locale.h presence... yes
#7 11.60 checking for locale.h... yes
#7 11.61 checking malloc.h usability... yes
#7 11.64 checking malloc.h presence... yes
#7 11.65 checking for malloc.h... yes
#7 11.65 checking malloc/malloc.h usability... no
#7 11.69 checking malloc/malloc.h presence... no
#7 11.70 checking for malloc/malloc.h... no
#7 11.70 checking malloc_np.h usability... no
#7 11.74 checking malloc_np.h presence... no
#7 11.75 checking for malloc_np.h... no
#7 11.75 checking net/socket.h usability... no
#7 11.79 checking net/socket.h presence... no
#7 11.80 checking for net/socket.h... no
#7 11.80 checking process.h usability... no
#7 11.84 checking process.h presence... no
#7 11.85 checking for process.h... no
#7 11.86 checking pwd.h usability... yes
#7 11.89 checking pwd.h presence... yes
#7 11.90 checking for pwd.h... yes
#7 11.90 checking sanitizer/asan_interface.h usability... yes
#7 11.94 checking sanitizer/asan_interface.h presence... yes
#7 11.95 checking for sanitizer/asan_interface.h... yes
#7 11.95 checking sanitizer/msan_interface.h usability... no
#7 11.98 checking sanitizer/msan_interface.h presence... no
#7 12.00 checking for sanitizer/msan_interface.h... no
#7 12.00 checking setjmpex.h usability... no
#7 12.03 checking setjmpex.h presence... no
#7 12.05 checking for setjmpex.h... no
#7 12.05 checking stdalign.h usability... yes
#7 12.08 checking stdalign.h presence... yes
#7 12.09 checking for stdalign.h... yes
#7 12.10 checking sys/attr.h usability... no
#7 12.13 checking sys/attr.h presence... no
#7 12.15 checking for sys/attr.h... no
#7 12.15 checking sys/eventfd.h usability... yes
#7 12.18 checking sys/eventfd.h presence... yes
#7 12.19 checking for sys/eventfd.h... yes
#7 12.19 checking sys/fcntl.h usability... yes
#7 12.23 checking sys/fcntl.h presence... yes
#7 12.24 checking for sys/fcntl.h... yes
#7 12.24 checking sys/file.h usability... yes
#7 12.28 checking sys/file.h presence... yes
#7 12.29 checking for sys/file.h... yes
#7 12.29 checking sys/id.h usability... no
#7 12.32 checking sys/id.h presence... no
#7 12.34 checking for sys/id.h... no
#7 12.34 checking sys/ioctl.h usability... yes
#7 12.37 checking sys/ioctl.h presence... yes
#7 12.39 checking for sys/ioctl.h... yes
#7 12.39 checking sys/mkdev.h usability... no
#7 12.42 checking sys/mkdev.h presence... no
#7 12.44 checking for sys/mkdev.h... no
#7 12.44 checking sys/param.h usability... yes
#7 12.47 checking sys/param.h presence... yes
#7 12.49 checking for sys/param.h... yes
#7 12.50 checking sys/prctl.h usability... yes
#7 12.53 checking sys/prctl.h presence... yes
#7 12.54 checking for sys/prctl.h... yes
#7 12.54 checking sys/resource.h usability... yes
#7 12.58 checking sys/resource.h presence... yes
#7 12.59 checking for sys/resource.h... yes
#7 12.59 checking sys/select.h usability... yes
#7 12.62 checking sys/select.h presence... yes
#7 12.64 checking for sys/select.h... yes
#7 12.64 checking sys/sendfile.h usability... yes
#7 12.67 checking sys/sendfile.h presence... yes
#7 12.68 checking for sys/sendfile.h... yes
#7 12.69 checking sys/socket.h usability... yes
#7 12.72 checking sys/socket.h presence... yes
#7 12.74 checking for sys/socket.h... yes
#7 12.74 checking sys/syscall.h usability... yes
#7 12.77 checking sys/syscall.h presence... yes
#7 12.78 checking for sys/syscall.h... yes
#7 12.79 checking sys/sysmacros.h usability... yes
#7 12.82 checking sys/sysmacros.h presence... yes
#7 12.83 checking for sys/sysmacros.h... yes
#7 12.83 checking sys/time.h usability... yes
#7 12.87 checking sys/time.h presence... yes
#7 12.88 checking for sys/time.h... yes
#7 12.88 checking sys/times.h usability... yes
#7 12.91 checking sys/times.h presence... yes
#7 12.92 checking for sys/times.h... yes
#7 12.93 checking sys/uio.h usability... yes
#7 12.96 checking sys/uio.h presence... yes
#7 12.97 checking for sys/uio.h... yes
#7 12.98 checking sys/utime.h usability... no
#7 13.01 checking sys/utime.h presence... no
#7 13.03 checking for sys/utime.h... no
#7 13.03 checking syscall.h usability... yes
#7 13.06 checking syscall.h presence... yes
#7 13.07 checking for syscall.h... yes
#7 13.07 checking time.h usability... yes
#7 13.11 checking time.h presence... yes
#7 13.12 checking for time.h... yes
#7 13.12 checking ucontext.h usability... yes
#7 13.16 checking ucontext.h presence... yes
#7 13.17 checking for ucontext.h... yes
#7 13.17 checking utime.h usability... yes
#7 13.20 checking utime.h presence... yes
#7 13.21 checking for utime.h... yes
#7 13.22 checking gmp.h usability... no
#7 13.25 checking gmp.h presence... no
#7 13.26 checking for gmp.h... no
#7 13.27 checking for special C compiler options needed for large files... no
#7 13.27 checking for _FILE_OFFSET_BITS value needed for large files... no
#7 13.30 checking whether byte ordering is bigendian... no
#7 13.38 checking for an ANSI C-conforming const... yes
#7 13.40 checking whether char is unsigned... no
#7 13.44 checking for inline... inline
#7 13.46 checking for working volatile... yes
#7 13.48 checking for typeof syntax and keyword spelling... typeof
#7 13.50 checking for C/C++ restrict keyword... __restrict
#7 13.53 checking for long long... yes
#7 13.60 checking for off_t... yes
#7 13.67 checking char bit... 8
#7 13.73 checking size of int... 4
#7 13.79 checking size of short... 2
#7 13.85 checking size of long... 8
#7 13.91 checking size of long long... 8
#7 13.98 checking size of __int64... 0
#7 14.01 checking size of __int128... 16
#7 14.07 checking size of off_t... 8
#7 14.13 checking size of void*... 8
#7 14.20 checking size of float... 4
#7 14.26 checking size of double... 8
#7 14.32 checking size of time_t... 8
#7 14.38 checking size of clock_t... 8
#7 14.44 checking packed struct attribute... x __attribute__((packed))
#7 14.48 checking whether -Wno-address-of-packed-member is accepted as CFLAGS... yes
#7 14.51 checking for printf prefix for long long... ll
#7 14.53 checking for pid_t... yes
#7 14.60 checking for convertible type of pid_t... INT
#7 14.75 checking for uid_t... yes
#7 14.83 checking for convertible type of uid_t... UINT
#7 14.98 checking for gid_t... yes
#7 15.05 checking for convertible type of gid_t... UINT
#7 15.20 checking for time_t... yes
#7 15.24 checking for convertible type of time_t... LONG
#7 15.32 checking for dev_t... yes
#7 15.40 checking for convertible type of dev_t... ULONG
#7 15.52 checking for mode_t... yes
#7 15.56 checking for convertible type of mode_t... UINT
#7 15.67 checking for rlim_t... yes
#7 15.72 checking for convertible type of rlim_t... ULONG
#7 15.81 checking for off_t... (cached) yes
#7 15.81 checking for convertible type of off_t... LONG
#7 15.92 checking for clockid_t... yes
#7 15.97 checking for convertible type of clockid_t... INT
#7 16.08 checking for prototypes... yes
#7 16.10 checking token paste string... ansi
#7 16.12 checking stringization... #expr
#7 16.14 checking string literal concatenation... yes
#7 16.17 checking for variable length prototypes and stdarg.h... yes
#7 16.19 checking for variable length macro... yes
#7 16.21 checking for alignas() syntax... __attribute__((__aligned__(x)))
#7 16.31 checking for alignof() syntax... alignof
#7 16.33 checking for CONSTFUNC function attribute... __attribute__ ((__const__)) x
#7 16.36 checking for PUREFUNC function attribute... __attribute__ ((__pure__)) x
#7 16.38 checking for NORETURN function attribute... __attribute__ ((__noreturn__)) x
#7 16.40 checking for DEPRECATED function attribute... __attribute__ ((__deprecated__)) x
#7 16.42 checking for DEPRECATED_BY function attribute... __attribute__ ((__deprecated__("by "#n))) x
#7 16.45 checking for DEPRECATED_TYPE type attribute... __attribute__ ((__deprecated__ mesg)) x
#7 16.47 checking for NOINLINE function attribute... __attribute__ ((__noinline__)) x
#7 16.49 checking for ALWAYS_INLINE function attribute... __attribute__ ((__always_inline__)) x
#7 16.51 checking for NO_SANITIZE function attribute... __attribute__ ((__no_sanitize__(san))) x
#7 16.53 checking for NO_SANITIZE_ADDRESS function attribute... __attribute__ ((__no_sanitize_address__)) x
#7 16.56 checking for NO_ADDRESS_SAFETY_ANALYSIS function attribute... __attribute__ ((__no_address_safety_analysis__)) x
#7 16.58 checking for WARN_UNUSED_RESULT function attribute... __attribute__ ((__warn_unused_result__)) x
#7 16.60 checking for MAYBE_UNUSED function attribute... __attribute__ ((__unused__)) x
#7 16.62 checking for ERRORFUNC function attribute... __attribute__ ((__error__ mesg)) x
#7 16.65 checking for WARNINGFUNC function attribute... __attribute__ ((__warning__ mesg)) x
#7 16.67 checking for WEAK function attribute... __attribute__ ((__weak__)) x
#7 16.69 checking for __attribute__((__depreacted__(msg))) in C++... yes
#7 16.71 checking for FUNC_STDCALL function attribute... x
#7 16.81 checking for FUNC_CDECL function attribute... x
#7 16.91 checking for FUNC_FASTCALL function attribute... x
#7 17.00 checking for FUNC_UNOPTIMIZED function attribute... __attribute__ ((__optimize__("O0"))) x
#7 17.03 checking for FUNC_MINIMIZED function attribute... __attribute__ ((__optimize__("-Os","-fomit-frame-pointer"))) x
#7 17.05 checking for function alias... alias
#7 17.09 checking for __atomic builtins... yes
#7 17.13 checking for __sync builtins... yes
#7 17.18 checking for __builtin_unreachable... yes
#7 17.22 checking for exported function attribute... __attribute__ ((__visibility__("default")))
#7 17.24 checking for RUBY_FUNC_NONNULL function attribute... __attribute__ ((__nonnull__(n))) x
#7 17.26 checking for function name string predefined identifier... __func__
#7 17.31 checking if enum over int is allowed... yes
#7 17.34 checking whether sys_nerr is declared... yes
#7 17.39 checking whether getenv is declared... yes
#7 17.43 checking for size_t... yes
#7 17.52 checking size of size_t... 8
#7 17.58 checking size of ptrdiff_t... 8
#7 17.64 checking for printf prefix for size_t... z
#7 17.67 checking for printf prefix for ptrdiff_t... t
#7 17.70 checking for struct stat.st_blksize... yes
#7 17.73 checking for struct stat.st_blocks... yes
#7 17.77 checking for struct stat.st_rdev... yes
#7 17.81 checking size of struct stat.st_size... SIZEOF_OFF_T
#7 17.84 checking size of struct stat.st_blocks... SIZEOF_OFF_T
#7 17.87 checking size of struct stat.st_ino... SIZEOF_LONG
#7 17.90 checking for struct stat.st_atim... yes
#7 17.97 checking for struct stat.st_atimespec... no
#7 18.04 checking for struct stat.st_atimensec... no
#7 18.11 checking for struct stat.st_mtim... yes
#7 18.18 checking for struct stat.st_mtimespec... no
#7 18.25 checking for struct stat.st_mtimensec... no
#7 18.32 checking for struct stat.st_ctim... yes
#7 18.39 checking for struct stat.st_ctimespec... no
#7 18.46 checking for struct stat.st_ctimensec... no
#7 18.53 checking for struct stat.st_birthtimespec... no
#7 18.60 checking for struct statx.stx_btime... yes
#7 18.67 checking for struct timeval... yes
#7 18.72 checking size of struct timeval.tv_sec... SIZEOF_TIME_T
#7 18.75 checking for struct timespec... yes
#7 18.80 checking for struct timezone... yes
#7 18.85 checking for fd_mask... yes
#7 18.92 checking for int8_t... yes
#7 18.96 checking size of int8_t... 1
#7 19.02 checking for uint8_t... yes
#7 19.06 checking size of uint8_t... 1
#7 19.12 checking for int16_t... yes
#7 19.16 checking size of int16_t... 2
#7 19.22 checking for uint16_t... yes
#7 19.26 checking size of uint16_t... 2
#7 19.32 checking for int32_t... yes
#7 19.36 checking size of int32_t... 4
#7 19.42 checking for uint32_t... yes
#7 19.46 checking size of uint32_t... 4
#7 19.52 checking for int64_t... yes
#7 19.56 checking size of int64_t... 8
#7 19.62 checking for uint64_t... yes
#7 19.66 checking size of uint64_t... 8
#7 19.73 checking for int128_t... __int128
#7 19.77 checking for uint128_t... unsigned __int128
#7 19.81 checking for intptr_t... yes
#7 19.85 checking size of intptr_t... 8
#7 19.91 checking for uintptr_t... yes
#7 19.95 checking size of uintptr_t... 8
#7 20.01 checking for printf prefix for intptr_t... NONE
#7 20.11 checking for ssize_t... yes
#7 20.14 checking size of ssize_t... 8
#7 20.19 checking for printf prefix for int64_t... NONE
#7 20.27 checking for stack end address... __libc_stack_end
#7 20.31 checking for uid_t in sys/types.h... (cached) yes
#7 20.31 checking type of array argument to getgroups... gid_t
#7 20.37 checking for working alloca.h... yes
#7 20.42 checking for alloca... yes
#7 20.46 checking for dynamic size alloca... ok
#7 20.50 checking for working memcmp... yes
#7 20.57 checking for acosh... yes
#7 20.61 checking for cbrt... yes
#7 20.67 checking for crypt... yes
#7 20.71 checking for dup2... yes
#7 20.75 checking for erf... yes
#7 20.80 checking for explicit_bzero... yes
#7 20.85 checking for ffs... yes
#7 20.90 checking for flock... yes
#7 20.94 checking for hypot... yes
#7 20.99 checking for lgamma_r... yes
#7 21.04 checking for memmove... yes
#7 21.09 checking for nan... yes
#7 21.14 checking for nextafter... yes
#7 21.19 checking for setproctitle... no
#7 21.24 checking for strchr... yes
#7 21.29 checking for strerror... yes
#7 21.33 checking for strlcat... no
#7 21.38 checking for strlcpy... no
#7 21.43 checking for strstr... yes
#7 21.48 checking for tgamma... yes
#7 21.54 checking whether finite is declared... yes
#7 21.58 checking whether isinf is declared... yes
#7 21.62 checking whether isnan is declared... yes
#7 21.66 checking sys/pstat.h usability... no
#7 21.69 checking sys/pstat.h presence... no
#7 21.71 checking for sys/pstat.h... no
#7 21.71 checking for signbit... yes
#7 21.76 checking for pid_t... (cached) yes
#7 21.76 checking vfork.h usability... no
#7 21.79 checking vfork.h presence... no
#7 21.81 checking for vfork.h... no
#7 21.82 checking for fork... yes
#7 21.87 checking for vfork... yes
#7 21.92 checking for working fork... yes
#7 21.98 checking for working vfork... (cached) yes
#7 21.98 checking for __syscall... no
#7 22.03 checking for _longjmp... yes
#7 22.08 checking for arc4random_buf... no
#7 22.13 checking for atan2l... yes
#7 22.19 checking for atan2f... yes
#7 22.24 checking for chroot... yes
#7 22.29 checking for chsize... no
#7 22.34 checking for clock_gettime... yes
#7 22.38 checking for copy_file_range... yes
#7 22.43 checking for cosh... yes
#7 22.48 checking for crypt_r... yes
#7 22.53 checking for daemon... (cached) no
#7 22.53 checking for dirfd... yes
#7 22.57 checking for dl_iterate_phdr... yes
#7 22.62 checking for dlopen... yes
#7 22.66 checking for dladdr... yes
#7 22.71 checking for dup... yes
#7 22.76 checking for dup3... yes
#7 22.80 checking for eaccess... yes
#7 22.85 checking for endgrent... yes
#7 22.89 checking for eventfd... yes
#7 22.94 checking for explicit_memset... no
#7 22.99 checking for fcopyfile... no
#7 23.04 checking for fchmod... yes
#7 23.09 checking for fchown... yes
#7 23.13 checking for fcntl... yes
#7 23.18 checking for fdatasync... yes
#7 23.22 checking for fdopendir... yes
#7 23.27 checking for fgetattrlist... no
#7 23.32 checking for fmod... yes
#7 23.37 checking for fstatat... yes
#7 23.42 checking for fsync... yes
#7 23.46 checking for ftruncate... yes
#7 23.51 checking for ftruncate64... yes
#7 23.55 checking for getattrlist... no
#7 23.60 checking for getcwd... yes
#7 23.65 checking for getgidx... no
#7 23.70 checking for getgrnam... yes
#7 23.75 checking for getgrnam_r... yes
#7 23.79 checking for getgroups... yes
#7 23.84 checking for getlogin... yes
#7 23.88 checking for getlogin_r... yes
#7 23.93 checking for getpgid... yes
#7 23.97 checking for getpgrp... yes
#7 24.02 checking for getpriority... yes
#7 24.06 checking for getpwnam... yes
#7 24.11 checking for getpwnam_r... yes
#7 24.15 checking for getpwuid... yes
#7 24.20 checking for getpwuid_r... yes
#7 24.24 checking for getrandom... yes
#7 24.29 checking for getresgid... yes
#7 24.33 checking for getresuid... yes
#7 24.38 checking for getrlimit... yes
#7 24.43 checking for getsid... yes
#7 24.47 checking for gettimeofday... yes
#7 24.52 checking for getuidx... no
#7 24.57 checking for gmtime_r... yes
#7 24.61 checking for grantpt... yes
#7 24.66 checking for initgroups... yes
#7 24.70 checking for ioctl... yes
#7 24.75 checking for isfinite... no
#7 24.80 checking for issetugid... no
#7 24.85 checking for killpg... yes
#7 24.90 checking for lchmod... no
#7 24.92 checking for lchown... yes
#7 24.96 checking for link... yes
#7 25.01 checking for llabs... yes
#7 25.06 checking for lockf... yes
#7 25.11 checking for log2... yes
#7 25.16 checking for lstat... yes
#7 25.21 checking for lutimes... yes
#7 25.25 checking for malloc_usable_size... yes
#7 25.30 checking for malloc_size... no
#7 25.35 checking for mblen... yes
#7 25.39 checking for memalign... yes
#7 25.44 checking for memset_s... no
#7 25.49 checking for writev... yes
#7 25.54 checking for memrchr... yes
#7 25.58 checking for memmem... yes
#7 25.63 checking for mkfifo... yes
#7 25.67 checking for mknod... yes
#7 25.72 checking for mktime... yes
#7 25.77 checking for openat... yes
#7 25.81 checking for pipe2... yes
#7 25.86 checking for poll... yes
#7 25.90 checking for posix_fadvise... yes
#7 25.95 checking for posix_memalign... yes
#7 26.00 checking for ppoll... yes
#7 26.05 checking for pread... yes
#7 26.09 checking for pwrite... yes
#7 26.14 checking for qsort_r... yes
#7 26.18 checking for qsort_s... no
#7 26.23 checking for readlink... yes
#7 26.28 checking for realpath... yes
#7 26.33 checking for round... yes
#7 26.38 checking for sched_getaffinity... yes
#7 26.42 checking for seekdir... yes
#7 26.47 checking for select_large_fdset... no
#7 26.52 checking for sendfile... yes
#7 26.57 checking for setegid... yes
#7 26.62 checking for setenv... yes
#7 26.66 checking for seteuid... yes
#7 26.71 checking for setgid... yes
#7 26.75 checking for setgroups... yes
#7 26.80 checking for setpgid... yes
#7 26.84 checking for setpgrp... yes
#7 26.89 checking for setregid... yes
#7 26.94 checking for setresgid... yes
#7 26.98 checking for setresuid... yes
#7 27.03 checking for setreuid... yes
#7 27.07 checking for setrgid... no
#7 27.12 checking for setrlimit... yes
#7 27.17 checking for setruid... no
#7 27.22 checking for setsid... yes
#7 27.27 checking for setuid... yes
#7 27.31 checking for shutdown... yes
#7 27.36 checking for sigaction... yes
#7 27.40 checking for sigaltstack... yes
#7 27.45 checking for sigprocmask... yes
#7 27.49 checking for sinh... yes
#7 27.54 checking for spawnv... no
#7 27.59 checking for symlink... yes
#7 27.64 checking for syscall... yes
#7 27.69 checking for sysconf... yes
#7 27.73 checking for tanh... yes
#7 27.78 checking for telldir... yes
#7 27.83 checking for timegm... yes
#7 27.87 checking for times... yes
#7 27.92 checking for truncate... yes
#7 27.96 checking for truncate64... yes
#7 28.01 checking for unsetenv... yes
#7 28.05 checking for utimensat... yes
#7 28.10 checking for utimes... yes
#7 28.15 checking for wait4... yes
#7 28.19 checking for waitpid... yes
#7 28.24 checking for statx... yes
#7 28.28 checking if getcwd allocates buffer if NULL is given... yes
#7 28.33 checking crypt.h usability... yes
#7 28.37 checking crypt.h presence... yes
#7 28.38 checking for crypt.h... yes
#7 28.38 checking for struct crypt_data.initialized... yes
#7 28.40 checking for __builtin_alloca_with_align... yes
#7 28.45 checking for __builtin_assume_aligned... yes
#7 28.49 checking for __builtin_bswap16... yes
#7 28.53 checking for __builtin_bswap32... yes
#7 28.57 checking for __builtin_bswap64... yes
#7 28.61 checking for __builtin_popcount... yes
#7 28.66 checking for __builtin_popcountll... yes
#7 28.70 checking for __builtin_clz... yes
#7 28.74 checking for __builtin_clzl... yes
#7 28.78 checking for __builtin_clzll... yes
#7 28.82 checking for __builtin_ctz... yes
#7 28.86 checking for __builtin_ctzll... yes
#7 28.91 checking for __builtin_add_overflow... yes
#7 28.95 checking for __builtin_sub_overflow... yes
#7 28.99 checking for __builtin_mul_overflow... yes
#7 29.04 checking for __builtin_mul_overflow_p... yes
#7 29.08 checking for __builtin_constant_p... yes
#7 29.12 checking for __builtin_choose_expr... yes
#7 29.16 checking for __builtin_choose_expr_constant_p... yes
#7 29.20 checking for __builtin_types_compatible_p... yes
#7 29.25 checking for __builtin_trap... yes
#7 29.29 checking whether qsort_r is GNU version... yes
#7 29.32 checking whether qsort_r is BSD version... no
#7 29.35 checking whether atan2 handles Inf as C99... yes
#7 29.41 checking for clock_getres... yes
#7 29.46 checking for timer_create in -lrt... yes
#7 29.50 checking for timer_settime in -lrt... yes
#7 29.55 checking for unsetenv returns a value... yes
#7 29.58 checking whether struct tm is in sys/time.h or time.h... time.h
#7 29.61 checking for struct tm.tm_zone... yes
#7 29.64 checking for struct tm.tm_gmtoff... yes
#7 29.66 checking for external int daylight... yes
#7 29.71 checking for negative time_t for gmtime(3)... yes
#7 29.77 checking for localtime(3) overflow correctly... yes
#7 29.82 checking for sig_t... yes
#7 29.88 checking whether right shift preserve sign bit... yes
#7 29.90 checking whether _SC_CLK_TCK is supported... yes
#7 29.93 checking stack growing direction on x86_64... -1
#7 29.94 checking native coroutine implementation for x86_64-linux... amd64
#7 29.94 checking for pthread_create in -lthr... no
#7 29.98 checking for pthread_create in -lpthread... yes
#7 30.03 checking for pthread_np.h... no
#7 30.06 checking whether pthread_t is scalar type... yes
#7 30.09 checking for sched_yield... yes
#7 30.15 checking for pthread_attr_setinheritsched... yes
#7 30.21 checking for pthread_attr_get_np... no
#7 30.27 checking for pthread_attr_getstack... yes
#7 30.33 checking for pthread_attr_getguardsize... yes
#7 30.39 checking for pthread_get_stackaddr_np... no
#7 30.44 checking for pthread_get_stacksize_np... no
#7 30.50 checking for thr_stksegment... no
#7 30.56 checking for pthread_stackseg_np... no
#7 30.61 checking for pthread_getthrds_np... no
#7 30.67 checking for pthread_condattr_setclock... yes
#7 30.72 checking for pthread_sigmask... yes
#7 30.78 checking for pthread_setname_np... yes
#7 30.84 checking for pthread_set_name_np... no
#7 30.89 checking for pthread_getattr_np... yes
#7 30.94 checking arguments of pthread_setname_np... (pthread_self(), name)
#7 30.97 checking if mcontext_t is a pointer... no
#7 31.01 checking for getcontext... yes
#7 31.06 checking for setcontext... yes
#7 31.12 checking if fork works with pthread... yes
#7 32.19 checking whether ELF binaries are produced... yes
#7 32.24 checking elf.h usability... yes
#7 32.27 checking elf.h presence... yes
#7 32.28 checking for elf.h... yes
#7 32.29 checking elf_abi.h usability... no
#7 32.33 checking elf_abi.h presence... no
#7 32.34 checking for elf_abi.h... no
#7 32.34 checking for uncompress in -lz... yes
#7 32.39 checking mach-o/loader.h usability... no
#7 32.42 checking mach-o/loader.h presence... no
#7 32.44 checking for mach-o/loader.h... no
#7 32.44 checking whether OS depend dynamic link works... yes
#7 32.44 checking for backtrace... yes
#7 32.49 checking for broken backtrace... no
#7 32.56 checking valgrind/memcheck.h usability... no
#7 32.59 checking valgrind/memcheck.h presence... no
#7 32.61 checking for valgrind/memcheck.h... no
#7 32.62 checking for strip... strip
#7 32.64 checking whether -Wl,--no-undefined is accepted as LDFLAGS... yes
#7 32.68 checking whether wrapper for LD_LIBRARY_PATH is needed... no
#7 32.69 checking whether dtrace USDT is available... no
#7 32.69 checking for __builtin_setjmp... yes with cast ()
#7 32.74 checking for _setjmpex as a macro or function... no
#7 32.77 checking for _setjmp as a macro or function... yes
#7 32.80 checking for sigsetjmp as a macro or function... no
#7 32.84 checking for setjmp type... __builtin_setjmp
#7 32.84 checking for prefix of external symbols... NONE
#7 32.87 checking pthread.h usability... yes
#7 32.91 checking pthread.h presence... yes
#7 32.92 checking for pthread.h... yes
#7 32.92 checking if make is GNU make... yes
#7 32.98 .ext/include/x86_64-linux/ruby/config.h updated
#7 33.00 configure: ruby library version = 2.7.0
#7 33.05 configure: creating ./config.status
#7 33.15 config.status: creating GNUmakefile
#7 33.16 config.status: creating Makefile
#7 33.19 config.status: creating ruby-2.7.pc
#7 33.24 ---
#7 33.24 Configuration summary for ruby version 2.7.4
#7 33.24 
#7 33.24    * Installation prefix: /usr/local
#7 33.26    * exec prefix:         ${prefix}
#7 33.27    * arch:                x86_64-linux
#7 33.29    * site arch:           ${arch}
#7 33.30    * RUBY_BASE_NAME:      ruby
#7 33.32    * enable shared:       yes
#7 33.33    * ruby lib prefix:     ${libdir}/${RUBY_BASE_NAME}
#7 33.35    * site libraries path: ${rubylibprefix}/${sitearch}
#7 33.36    * vendor path:         ${rubylibprefix}/vendor_ruby
#7 33.37    * target OS:           linux
#7 33.39    * compiler:            gcc
#7 33.40    * with pthread:        yes
#7 33.42    * with coroutine:      amd64
#7 33.43    * enable shared libs:  yes
#7 33.45    * dynamic library ext: so
#7 33.46    * CFLAGS:              ${optflags} ${debugflags} ${warnflags}
#7 33.48    * LDFLAGS:             -L. -fstack-protector-strong -rdynamic \
#7 33.49                           -Wl,-export-dynamic
#7 33.49    * DLDFLAGS:            -Wl,--compress-debug-sections=zlib
#7 33.51    * optflags:            -O3
#7 33.52    * debugflags:          -ggdb3
#7 33.54    * warnflags:           -Wall -Wextra -Wdeprecated-declarations \
#7 33.54                           -Wduplicated-cond -Wimplicit-function-declaration \
#7 33.54                           -Wimplicit-int -Wmisleading-indentation \
#7 33.54                           -Wpointer-arith -Wwrite-strings \
#7 33.54                           -Wimplicit-fallthrough=0 -Wmissing-noreturn \
#7 33.54                           -Wno-cast-function-type \
#7 33.54                           -Wno-constant-logical-operand -Wno-long-long \
#7 33.54                           -Wno-missing-field-initializers \
#7 33.54                           -Wno-overlength-strings \
#7 33.54                           -Wno-packed-bitfield-compat \
#7 33.54                           -Wno-parentheses-equality -Wno-self-assign \
#7 33.54                           -Wno-tautological-compare -Wno-unused-parameter \
#7 33.54                           -Wno-unused-value -Wsuggest-attribute=format \
#7 33.54                           -Wsuggest-attribute=noreturn -Wunused-variable
#7 33.54    * strip command:       strip -S -x
#7 33.54    * install doc:         nodoc
#7 33.55    * JIT support:         yes
#7 33.55    * man page type:       man
#7 33.56 
#7 33.56 ---
#7 33.62 ++ nproc
#7 33.62 + make -j20
#7 33.63 	BASERUBY = echo executable host ruby is required.  use --with-baseruby option.; false
#7 33.63 	CC = gcc
#7 33.63 	LD = ld
#7 33.63 	LDSHARED = gcc -shared
#7 33.63 	CFLAGS = -g -O2 -fPIC 
#7 33.63 	XCFLAGS = -D_FORTIFY_SOURCE=2 -fstack-protector-strong -fno-strict-overflow -fvisibility=hidden -fexcess-precision=standard -DRUBY_EXPORT -DCANONICALIZATION_FOR_MATHN -I. -I.ext/include/x86_64-linux -I./include -I. -I./enc/unicode/12.1.0
#7 33.63 	CPPFLAGS =   
#7 33.63 	DLDFLAGS = -Wl,--compress-debug-sections=zlib -Wl,-soname,libruby.so.2.7  -fstack-protector-strong  
#7 33.63 	SOLIBS = -lz -lpthread -lrt -lrt -ldl -lcrypt -lm 
#7 33.63 	LANG = 
#7 33.63 	LC_ALL = 
#7 33.63 	LC_CTYPE = 
#7 33.63 	MFLAGS = -j20 --jobserver-auth=4,5
#7 33.63 gcc (AstraLinux 8.3.0-6+b1) 8.3.0
#7 33.63 Copyright (C) 2018 Free Software Foundation, Inc.
#7 33.63 This is free software; see the source for copying conditions.  There is NO
#7 33.63 warranty; not even for MERCHANTABILITY or FITNESS FOR A PARTICULAR PURPOSE.
#7 33.63 
#7 33.63 compiling ./main.c
#7 33.63 compiling dmydln.c
#7 33.63 compiling miniinit.c
#7 33.63 compiling dmyext.c
#7 33.64 making dummy probes.h
#7 33.64 compiling ast.c
#7 33.64 compiling bignum.c
#7 33.64 compiling class.c
#7 33.64 compiling compar.c
#7 33.65 compiling compile.c
#7 33.65 compiling complex.c
#7 33.65 compiling cont.c
#7 33.65 compiling debug.c
#7 33.65 compiling debug_counter.c
#7 33.65 compiling dir.c
#7 33.65 compiling dln_find.c
#7 33.65 compiling encoding.c
#7 33.66 compiling enum.c
#7 33.66 compiling enumerator.c
#7 33.66 compiling error.c
#7 33.66 compiling eval.c
#7 33.67 compiling file.c
#7 33.72 compiling gc.c
#7 33.73 compiling hash.c
#7 33.75 compiling inits.c
#7 33.76 compiling io.c
#7 33.76 compiling iseq.c
#7 33.83 compiling load.c
#7 33.83 compiling marshal.c
#7 33.86 compiling math.c
#7 33.96 making mjit_config.h
#7 33.97 compiling mjit_compile.c
#7 34.11 compiling node.c
#7 34.12 compiling numeric.c
#7 34.16 compiling object.c
#7 34.31 compiling pack.c
#7 34.39 compiling parse.c
#7 34.46 compiling proc.c
#7 34.52 compiling process.c
#7 34.59 compiling random.c
#7 34.77 compiling range.c
#7 34.78 compiling rational.c
#7 34.96 compiling re.c
#7 34.97 compiling regcomp.c
#7 34.98 compiling regenc.c
#7 35.00 compiling regerror.c
#7 35.10 compiling regexec.c
#7 35.11 compiling regparse.c
#7 35.16 compiling regsyntax.c
#7 35.18 compiling ruby.c
#7 35.21 compiling safe.c
#7 35.24 compiling signal.c
#7 35.27 compiling sprintf.c
#7 35.32 compiling st.c
#7 35.35 compiling strftime.c
#7 35.40 compiling string.c
#7 35.44 compiling struct.c
#7 35.52 compiling symbol.c
#7 35.71 compiling thread.c
#7 35.78 compiling time.c
#7 35.78 compiling transcode.c
#7 35.91 compiling transient_heap.c
#7 35.94 compiling util.c
#7 35.97 compiling variable.c
#7 36.00 compiling vm.c
#7 36.01 compiling vm_backtrace.c
#7 36.05 compiling vm_dump.c
#7 36.07 compiling vm_trace.c
#7 36.13 compiling ./missing/setproctitle.c
#7 36.24 compiling ./missing/strlcat.c
#7 36.33 compiling ./missing/strlcpy.c
#7 36.35 compiling addr2line.c
#7 36.39 compiling dmyenc.c
#7 36.44 compiling dln.c
#7 36.46 compiling localeinit.c
#7 36.49 compiling array.c
#7 36.50 compiling mjit.c
#7 36.53 assembling coroutine/amd64/Context.S
#7 36.54 ./revision.h unchanged
#7 36.54 compiling enc/ascii.c
#7 36.55 compiling enc/us_ascii.c
#7 36.57 compiling enc/unicode.c
#7 36.57 compiling enc/utf_8.c
#7 36.59 compiling enc/trans/newline.c
#7 36.62 compiling version.c
#7 40.27 building rb_mjit_header.h
#7 40.27 linking miniruby
#7 40.34 rb_mjit_header.h updated
#7 40.52 generating encdb.h
#7 40.52 building .ext/include/x86_64-linux/rb_mjit_min_header-2.7.4.h
#7 40.52 ./miniruby -I./lib -I. -I.ext/common  ./tool/transform_mjit_header.rb "gcc  -g -O2 -fPIC " rb_mjit_header.h .ext/include/x86_64-linux/rb_mjit_min_header-2.7.4.h
#7 40.54 compiling builtin.c
#7 40.56 encdb.h updated
#7 40.73 ./tool/ifchange "--timestamp=.rbconfig.time" rbconfig.rb rbconfig.tmp
#7 40.73 rbconfig.rb updated
#7 40.74 generating enc.mk
#7 40.74 creating verconf.h
#7 40.75 verconf.h updated
#7 40.76 compiling loadpath.c
#7 40.78 making srcs under enc
#7 40.79 make[1]: Entering directory '/tmp/ruby/ruby-2.7.4'
#7 40.79 make[1]: Nothing to be done for 'srcs'.
#7 40.79 make[1]: Leaving directory '/tmp/ruby/ruby-2.7.4'
#7 40.80 generating transdb.h
#7 40.81 linking static-library libruby-static.a
#7 40.92 transdb.h updated
#7 41.06 linking shared-library libruby.so.2.7.4
#7 41.16 
#7 41.16 Transforming external functions to static:
#7 41.16 transform_mjit_header: making external definition of 'rb_vm_lvar_exposed' static inline
#7 41.16 transform_mjit_header: making external definition of 'Init_vm_stack_canary' static inline
#7 41.16 transform_mjit_header: making external definition of 'rb_vm_opt_struct_aset' static inline
#7 41.16 transform_mjit_header: making external definition of 'rb_vm_opt_struct_aref' static inline
#7 41.16 transform_mjit_header: making external definition of 'rb_find_defined_class_by_owner' static inline
#7 41.16 transform_mjit_header: making external definition of 'rb_eql_opt' static inline
#7 41.16 transform_mjit_header: changing definition of 'rb_equal_opt' to declaration
#7 41.16 transform_mjit_header: changing definition of 'rb_vm_search_method_slowpath' to declaration
#7 41.16 transform_mjit_header: making external definition of 'rb_vm_rewrite_cref' static inline
#7 41.16 transform_mjit_header: making external definition of 'rb_vm_block_ep_update' static inline
#7 41.16 transform_mjit_header: making external definition of 'rb_vm_cref_new_toplevel' static inline
#7 41.16 transform_mjit_header: making external definition of 'rb_vm_frame_block_handler' static inline
#7 41.16 transform_mjit_header: making external definition of 'rb_vm_cframe_empty_keyword_p' static inline
#7 41.16 transform_mjit_header: making external definition of 'rb_vm_cframe_keyword_p' static inline
#7 41.16 transform_mjit_header: making external definition of 'rb_vm_ep_local_ep' static inline
#7 41.16 transform_mjit_header: making declaration of 'rb_vm_lvar_exposed' static inline
#7 41.16 transform_mjit_header: making declaration of 'rb_vm_rewrite_cref' static inline
#7 41.16 transform_mjit_header: making declaration of 'rb_vm_frame_block_handler' static inline
#7 41.16 transform_mjit_header: making declaration of 'rb_vm_block_ep_update' static inline
#7 41.16 transform_mjit_header: making declaration of 'rb_vm_ep_local_ep' static inline
#7 41.16 transform_mjit_header: making declaration of 'Init_vm_stack_canary' static inline
#7 41.16 transform_mjit_header: making declaration of 'rb_eql_opt' static inline
#7 41.16 transform_mjit_header: making external definition of 'rb_scan_args_set' static inline
#7 41.16 transform_mjit_header: making declaration of 'rb_scan_args_set' static inline
#7 41.16 transform_mjit_header: SKIPPED to transform getlogin_r
#7 41.16 transform_mjit_header: SKIPPED to transform pread64
#7 41.16 transform_mjit_header: SKIPPED to transform pread
#7 41.16 transform_mjit_header: SKIPPED to transform read
#7 41.16 transform_mjit_header: SKIPPED to transform bsearch
#7 41.16 transform_mjit_header: SKIPPED to transform fread_unlocked
#7 41.16 transform_mjit_header: SKIPPED to transform fgets_unlocked
#7 41.16 transform_mjit_header: SKIPPED to transform fread
#7 41.16 transform_mjit_header: SKIPPED to transform fgets
#7 41.16 transform_mjit_header: SKIPPED to transform vdprintf
#7 41.16 transform_mjit_header: SKIPPED to transform dprintf
#7 41.16 transform_mjit_header: SKIPPED to transform vfprintf
#7 41.16 transform_mjit_header: SKIPPED to transform vprintf
#7 41.16 transform_mjit_header: SKIPPED to transform printf
#7 41.16 transform_mjit_header: SKIPPED to transform fprintf
#7 41.16 transform_mjit_header: SKIPPED to transform getline
#7 41.16 transform_mjit_header: SKIPPED to transform putchar_unlocked
#7 41.16 transform_mjit_header: SKIPPED to transform putc_unlocked
#7 41.16 transform_mjit_header: SKIPPED to transform fputc_unlocked
#7 41.16 transform_mjit_header: SKIPPED to transform putchar
#7 41.16 transform_mjit_header: SKIPPED to transform getchar_unlocked
#7 41.16 transform_mjit_header: SKIPPED to transform getc_unlocked
#7 41.16 transform_mjit_header: SKIPPED to transform fgetc_unlocked
#7 41.16 transform_mjit_header: SKIPPED to transform getchar
#7 41.23 ln -sf ../../../.ext/include/x86_64-linux/rb_mjit_min_header-2.7.4.h include/ruby-2.7.0/x86_64-linux/rb_mjit_min_header-2.7.4.h
#7 41.79 generating makefiles ext/configure-ext.mk
#7 41.79 making enc
#7 41.79 making trans
#7 41.79 make[1]: Entering directory '/tmp/ruby/ruby-2.7.4'
#7 41.79 make[1]: Entering directory '/tmp/ruby/ruby-2.7.4'
#7 41.79 compiling ./enc/encdb.c
#7 41.79 compiling ./enc/trans/transdb.c
#7 41.79 compiling ./enc/big5.c
#7 41.79 compiling ./enc/cesu_8.c
#7 41.79 compiling ./enc/cp949.c
#7 41.79 compiling ./enc/trans/big5.c
#7 41.79 compiling ./enc/trans/cesu_8.c
#7 41.79 compiling ./enc/emacs_mule.c
#7 41.79 compiling ./enc/trans/chinese.c
#7 41.80 compiling ./enc/euc_jp.c
#7 41.80 compiling ./enc/euc_kr.c
#7 41.80 compiling ./enc/trans/ebcdic.c
#7 41.80 compiling ./enc/euc_tw.c
#7 41.80 compiling ./enc/gb2312.c
#7 41.80 compiling ./enc/gb18030.c
#7 41.80 compiling ./enc/trans/emoji.c
#7 41.80 compiling ./enc/trans/emoji_iso2022_kddi.c
#7 41.81 compiling ./enc/trans/emoji_sjis_docomo.c
#7 41.81 ext/configure-ext.mk updated
#7 41.81 compiling ./enc/gbk.c
#7 41.81 compiling ./enc/trans/emoji_sjis_kddi.c
#7 41.83 compiling ./enc/iso_8859_1.c
#7 41.86 compiling ./enc/trans/emoji_sjis_softbank.c
#7 41.88 compiling ./enc/trans/escape.c
#7 41.88 make[1]: Entering directory '/tmp/ruby/ruby-2.7.4'
#7 41.88 compiling ./enc/iso_8859_2.c
#7 41.89 compiling ./enc/trans/gb18030.c
#7 41.89 compiling ./enc/iso_8859_3.c
#7 41.89 compiling ./enc/trans/gbk.c
#7 41.90 compiling ./enc/iso_8859_4.c
#7 41.90 compiling ./enc/iso_8859_5.c
#7 41.90 compiling ./enc/trans/iso2022.c
#7 41.91 compiling ./enc/iso_8859_6.c
#7 41.92 compiling ./enc/iso_8859_7.c
#7 41.93 configuring digest
#7 41.93 compiling ./enc/iso_8859_8.c
#7 41.93 configuring digest/bubblebabble
#7 41.94 configuring digest/md5
#7 41.96 compiling ./enc/iso_8859_9.c
#7 41.97 compiling ./enc/trans/japanese.c
#7 41.98 compiling ./enc/trans/japanese_euc.c
#7 41.98 compiling ./enc/iso_8859_10.c
#7 41.99 configuring strscan
#7 41.99 compiling ./enc/trans/japanese_sjis.c
#7 42.00 compiling ./enc/iso_8859_11.c
#7 42.02 compiling ./enc/trans/korean.c
#7 42.04 configuring objspace
#7 42.05 compiling ./enc/iso_8859_13.c
#7 42.06 configuring fcntl
#7 42.07 compiling ./enc/iso_8859_14.c
#7 42.09 compiling ./enc/trans/single_byte.c
#7 42.09 configuring fiddle
#7 42.10 configuring rubyvm
#7 42.12 configuring date
#7 42.13 configuring bigdecimal
#7 42.15 configuring fiber
#7 42.15 compiling ./enc/iso_8859_15.c
#7 42.15 compiling ./enc/trans/utf8_mac.c
#7 42.16 compiling ./enc/trans/utf_16_32.c
#7 42.18 compiling ./enc/iso_8859_16.c
#7 42.20 configuring openssl
#7 42.20 compiling ./enc/koi8_r.c
#7 42.23 linking transcoder transdb.so
#7 42.25 linking transcoder cesu_8.so
#7 42.28 compiling ./enc/koi8_u.c
#7 42.29 linking transcoder ebcdic.so
#7 42.30 configuring sdbm
#7 42.32 configuring ripper
#7 42.32 linking transcoder emoji.so
#7 42.33 compiling ./enc/shift_jis.c
#7 42.34 compiling ./enc/utf_16be.c
#7 42.35 configuring json
#7 42.35 configuring json/generator
#7 42.36 linking transcoder emoji_iso2022_kddi.so
#7 42.36 configuring json/parser
#7 42.36 compiling ./enc/utf_16le.c
#7 42.36 compiling ./enc/utf_32be.c
#7 42.37 configuring readline
#7 42.38 configuring continuation
#7 42.40 linking transcoder emoji_sjis_docomo.so
#7 42.40 linking transcoder emoji_sjis_kddi.so
#7 42.43 linking transcoder emoji_sjis_softbank.so
#7 42.43 linking transcoder escape.so
#7 42.44 linking transcoder gb18030.so
#7 42.44 configuring monitor
#7 42.46 compiling ./enc/utf_32le.c
#7 42.46 compiling ./enc/windows_31j.c
#7 42.47 compiling ./enc/windows_1250.c
#7 42.47 linking transcoder iso2022.so
#7 42.48 linking transcoder japanese.so
#7 42.50 configuring nkf
#7 42.50 configuring gdbm
#7 42.50 configuring socket
#7 42.51 compiling ./enc/windows_1251.c
#7 42.52 linking transcoder japanese_sjis.so
#7 42.54 linking transcoder single_byte.so
#7 42.55 configuring dbm
#7 42.56 compiling ./enc/windows_1252.c
#7 42.56 linking transcoder utf_16_32.so
#7 42.57 libffi_version: 3.2.1
#7 42.59 linking transcoder chinese.so
#7 42.61 configuring coverage
#7 42.62 linking transcoder gbk.so
#7 42.63 compiling ./enc/windows_1253.c
#7 42.64 configuring etc
#7 42.64 configuring io/console
#7 42.66 configuring racc/cparse
#7 42.66 compiling ./enc/windows_1254.c
#7 42.67 compiling ./enc/windows_1257.c
#7 42.72 linking encoding encdb.so
#7 42.73 configuring psych
#7 42.76 linking encoding big5.so
#7 42.76 linking encoding cesu_8.so
#7 42.77 linking encoding cp949.so
#7 42.79 configuring cgi/escape
#7 42.80 linking encoding emacs_mule.so
#7 42.80 linking encoding euc_jp.so
#7 42.82 linking encoding euc_kr.so
#7 42.85 configuring pathname
#7 42.85 linking encoding euc_tw.so
#7 42.85 linking transcoder korean.so
#7 42.86 linking encoding gb2312.so
#7 42.87 linking encoding gb18030.so
#7 42.88 linking encoding gbk.so
#7 42.89 linking encoding iso_8859_1.so
#7 42.90 configuring stringio
#7 42.91 linking encoding iso_8859_2.so
#7 42.92 linking encoding iso_8859_3.so
#7 42.92 linking encoding iso_8859_4.so
#7 42.94 linking encoding iso_8859_5.so
#7 42.95 linking transcoder utf8_mac.so
#7 42.96 linking encoding iso_8859_6.so
#7 42.96 linking encoding iso_8859_7.so
#7 42.99 linking encoding iso_8859_8.so
#7 42.99 linking transcoder japanese_euc.so
#7 43.01 linking encoding iso_8859_9.so
#7 43.01 configuring -test-/arith_seq/extract
#7 43.02 configuring -test-/array/resize
#7 43.02 configuring -test-/bignum
#7 43.02 configuring -test-/bug-14834
#7 43.02 configuring -test-/bug-3571
#7 43.03 linking encoding iso_8859_10.so
#7 43.03 configuring -test-/bug-5832
#7 43.03 configuring -test-/bug_reporter
#7 43.03 configuring -test-/class
#7 43.03 configuring -test-/cxxanyargs
#7 43.04 configuring syslog
#7 43.04 configuring rbconfig/sizeof
#7 43.05 linking encoding iso_8859_11.so
#7 43.06 linking encoding iso_8859_13.so
#7 43.09 configuring pty
#7 43.11 linking encoding iso_8859_14.so
#7 43.11 linking encoding iso_8859_15.so
#7 43.12 configuring io/nonblock
#7 43.14 linking encoding iso_8859_16.so
#7 43.15 linking encoding koi8_r.so
#7 43.18 linking encoding koi8_u.so
#7 43.18 linking encoding shift_jis.so
#7 43.21 linking encoding utf_16be.so
#7 43.23 linking encoding utf_16le.so
#7 43.23 linking transcoder big5.so
#7 43.26 linking encoding utf_32be.so
#7 43.27 configuring io/wait
#7 43.27 make[1]: Leaving directory '/tmp/ruby/ruby-2.7.4'
#7 43.27 configuring zlib
#7 43.27 linking encoding utf_32le.so
#7 43.29 configuring digest/rmd160
#7 43.31 linking encoding windows_31j.so
#7 43.32 configuring -test-/debug
#7 43.33 configuring -test-/dln/empty
#7 43.33 configuring -test-/enumerator_kw
#7 43.33 configuring -test-/exception
#7 43.33 linking encoding windows_1250.so
#7 43.33 configuring -test-/fatal
#7 43.34 linking encoding windows_1251.so
#7 43.34 configuring -test-/file
#7 43.35 linking encoding windows_1252.so
#7 43.37 linking encoding windows_1253.so
#7 43.39 linking encoding windows_1254.so
#7 43.40 linking encoding windows_1257.so
#7 43.43 make[1]: Leaving directory '/tmp/ruby/ruby-2.7.4'
#7 43.43 making encs
#7 43.46 make[1]: Entering directory '/tmp/ruby/ruby-2.7.4'
#7 43.46 make[1]: Nothing to be done for 'encs'.
#7 43.46 make[1]: Leaving directory '/tmp/ruby/ruby-2.7.4'
#7 43.92 header: db.h
#7 43.92 library: db
#7 44.14 configuring -test-/float
#7 44.14 configuring -test-/funcall
#7 44.14 configuring -test-/gvl/call_without_gvl
#7 44.14 configuring -test-/hash
#7 44.14 configuring -test-/integer
#7 44.14 configuring -test-/iseq_load
#7 44.15 configuring -test-/iter
#7 44.15 configuring -test-/load/dot.dot
#7 44.15 configuring digest/sha1
#7 44.15 configuring -test-/load/protect
#7 44.15 configuring -test-/marshal/compat
#7 44.15 configuring -test-/marshal/internal_ivar
#7 44.16 configuring -test-/marshal/usr
#7 44.16 configuring -test-/memory_status
#7 44.16 configuring -test-/method
#7 44.16 configuring -test-/notimplement
#7 44.16 configuring -test-/num2int
#7 44.17 configuring -test-/path_to_class
#7 44.17 configuring -test-/popen_deadlock
#7 44.17 configuring -test-/postponed_job
#7 44.17 configuring -test-/printf
#7 44.17 configuring -test-/proc
#7 44.18 configuring -test-/rational
#7 44.18 configuring -test-/rb_call_super_kw
#7 44.18 configuring -test-/recursion
#7 44.18 configuring -test-/regexp
#7 44.18 configuring -test-/scan_args
#7 44.18 configuring -test-/st/foreach
#7 44.19 configuring -test-/st/numhash
#7 44.19 configuring -test-/st/update
#7 44.19 configuring -test-/string
#7 44.19 configuring -test-/struct
#7 44.19 configuring -test-/symbol
#7 44.34 configuring -test-/thread_fd_close
#7 44.34 configuring -test-/time
#7 44.35 configuring -test-/tracepoint
#7 44.35 configuring -test-/typeddata
#7 44.35 configuring -test-/vm
#7 44.35 configuring -test-/wait_for_single_fd
#7 44.89 configuring digest/sha2
#7 55.52 make[1]: Leaving directory '/tmp/ruby/ruby-2.7.4'
#7 55.52 generating makefile exts.mk
#7 55.56 exts.mk updated
#7 55.56 make[1]: Entering directory '/tmp/ruby/ruby-2.7.4'
#7 55.56 make[2]: Entering directory '/tmp/ruby/ruby-2.7.4/ext/digest'
#7 55.56 make[2]: Entering directory '/tmp/ruby/ruby-2.7.4/ext/strscan'
#7 55.56 compiling digest.c
#7 55.56 make[2]: Entering directory '/tmp/ruby/ruby-2.7.4/ext/fcntl'
#7 55.56 compiling strscan.c
#7 55.56 make[2]: Entering directory '/tmp/ruby/ruby-2.7.4/ext/fiddle'
#7 55.56 make[2]: Entering directory '/tmp/ruby/ruby-2.7.4/ext/rubyvm'
#7 55.56 compiling fcntl.c
#7 55.56 make[2]: Entering directory '/tmp/ruby/ruby-2.7.4/ext/fiber'
#7 55.56 make[2]: Entering directory '/tmp/ruby/ruby-2.7.4/ext/objspace'
#7 55.56 make[2]: Entering directory '/tmp/ruby/ruby-2.7.4/ext/date'
#7 55.56 make[2]: Entering directory '/tmp/ruby/ruby-2.7.4/ext/sdbm'
#7 55.56 compiling fiber.c
#7 55.56 compiling closure.c
#7 55.56 make[2]: Entering directory '/tmp/ruby/ruby-2.7.4/ext/bigdecimal'
#7 55.56 compiling object_tracing.c
#7 55.56 compiling objspace.c
#7 55.56 compiling date_core.c
#7 55.56 make[2]: Entering directory '/tmp/ruby/ruby-2.7.4/ext/readline'
#7 55.57 make[2]: Entering directory '/tmp/ruby/ruby-2.7.4/ext/monitor'
#7 55.57 make[2]: Entering directory '/tmp/ruby/ruby-2.7.4/ext/json'
#7 55.57 compiling bigdecimal.c
#7 55.57 compiling _sdbm.c
#7 55.57 compiling readline.c
#7 55.57 make[2]: Entering directory '/tmp/ruby/ruby-2.7.4/ext/continuation'
#7 55.57 make[2]: Entering directory '/tmp/ruby/ruby-2.7.4/ext/openssl'
#7 55.57 compiling openssl_missing.c
#7 55.57 compiling continuation.c
#7 55.57 make[2]: Entering directory '/tmp/ruby/ruby-2.7.4/ext/socket'
#7 55.57 make[2]: Entering directory '/tmp/ruby/ruby-2.7.4/ext/ripper'
#7 55.57 compiling monitor.c
#7 55.57 make[2]: Entering directory '/tmp/ruby/ruby-2.7.4/ext/nkf'
#7 55.57 compiling init.c
#7 55.57 compiling nkf.c
#7 55.57 compiling objspace_dump.c
#7 55.57 compiling ripper.c
#7 55.57 installing default libraries
#7 55.57 make[2]: Leaving directory '/tmp/ruby/ruby-2.7.4/ext/rubyvm'
#7 55.57 compiling date_parse.c
#7 55.59 linking shared-object fiber.so
#7 55.63 make[2]: Leaving directory '/tmp/ruby/ruby-2.7.4/ext/fiber'
#7 55.63 compiling date_strftime.c
#7 55.64 make[2]: Leaving directory '/tmp/ruby/ruby-2.7.4/ext/json'
#7 55.65 linking shared-object fcntl.so
#7 55.65 installing default nkf libraries
#7 55.65 compiling date_strptime.c
#7 55.66 linking shared-object continuation.so
#7 55.68 compiling ossl.c
#7 55.68 make[2]: Leaving directory '/tmp/ruby/ruby-2.7.4/ext/fcntl'
#7 55.69 compiling ossl_asn1.c
#7 55.70 make[2]: Leaving directory '/tmp/ruby/ruby-2.7.4/ext/continuation'
#7 55.71 compiling ossl_bio.c
#7 55.73 installing default monitor libraries
#7 55.74 linking shared-object monitor.so
#7 55.75 installing default digest libraries
#7 55.76 make[2]: Entering directory '/tmp/ruby/ruby-2.7.4/ext/gdbm'
#7 55.76 compiling gdbm.c
#7 55.77 make[2]: Leaving directory '/tmp/ruby/ruby-2.7.4/ext/monitor'
#7 55.77 compiling conversions.c
#7 55.77 linking shared-object digest.so
#7 55.78 installing default date_core libraries
#7 55.78 compiling constants.c
#7 55.80 compiling init.c
#7 55.82 installing digest libraries
#7 55.82 make[2]: Leaving directory '/tmp/ruby/ruby-2.7.4/ext/digest'
#7 55.82 compiling basicsocket.c
#7 55.85 compiling fiddle.c
#7 55.88 compiling function.c
#7 55.88 compiling ossl_bn.c
#7 55.89 compiling ossl_cipher.c
#7 55.95 linking shared-object strscan.so
#7 55.95 make[2]: Entering directory '/tmp/ruby/ruby-2.7.4/ext/dbm'
#7 55.95 compiling dbm.c
#7 55.97 compiling handle.c
#7 56.00 make[2]: Leaving directory '/tmp/ruby/ruby-2.7.4/ext/strscan'
#7 56.01 compiling socket.c
#7 56.01 linking shared-object readline.so
#7 56.02 compiling ipsocket.c
#7 56.02 linking shared-object objspace.so
#7 56.06 make[2]: Leaving directory '/tmp/ruby/ruby-2.7.4/ext/readline'
#7 56.06 compiling tcpsocket.c
#7 56.06 compiling pointer.c
#7 56.07 compiling tcpserver.c
#7 56.07 make[2]: Leaving directory '/tmp/ruby/ruby-2.7.4/ext/objspace'
#7 56.08 compiling sockssocket.c
#7 56.10 compiling udpsocket.c
#7 56.14 linking shared-object gdbm.so
#7 56.16 linking shared-object sdbm.so
#7 56.16 make[2]: Entering directory '/tmp/ruby/ruby-2.7.4/ext/coverage'
#7 56.16 compiling coverage.c
#7 56.17 make[2]: Leaving directory '/tmp/ruby/ruby-2.7.4/ext/gdbm'
#7 56.18 make[2]: Entering directory '/tmp/ruby/ruby-2.7.4/ext/etc'
#7 56.18 compiling etc.c
#7 56.21 make[2]: Leaving directory '/tmp/ruby/ruby-2.7.4/ext/sdbm'
#7 56.22 installing default coverage libraries
#7 56.22 compiling ossl_config.c
#7 56.22 checking ../.././parse.y and ../.././ext/ripper/eventids2.c
#7 56.23 installing default bigdecimal libraries
#7 56.23 compiling ossl_digest.c
#7 56.23 make[2]: Entering directory '/tmp/ruby/ruby-2.7.4/ext/io/console'
#7 56.23 compiling console.c
#7 56.25 linking shared-object dbm.so
#7 56.25 compiling unixsocket.c
#7 56.27 make[2]: Entering directory '/tmp/ruby/ruby-2.7.4/ext/io/nonblock'
#7 56.27 compiling nonblock.c
#7 56.29 make[2]: Entering directory '/tmp/ruby/ruby-2.7.4/ext/io/wait'
#7 56.29 compiling wait.c
#7 56.32 make[2]: Leaving directory '/tmp/ruby/ruby-2.7.4/ext/dbm'
#7 56.34 make[2]: Entering directory '/tmp/ruby/ruby-2.7.4/ext/racc/cparse'
#7 56.35 compiling cparse.c
#7 56.35 compiling unixserver.c
#7 56.38 linking shared-object coverage.so
#7 56.38 compiling ossl_engine.c
#7 56.39 linking shared-object io/nonblock.so
#7 56.42 compiling ossl_hmac.c
#7 56.44 installing default ripper libraries
#7 56.44 make[2]: Leaving directory '/tmp/ruby/ruby-2.7.4/ext/coverage'
#7 56.45 make[2]: Entering directory '/tmp/ruby/ruby-2.7.4/ext/psych'
#7 56.45 linking shared-object fiddle.so
#7 56.45 compiling ossl_kdf.c
#7 56.45 compiling psych.c
#7 56.45 linking shared-object io/wait.so
#7 56.45 make[2]: Leaving directory '/tmp/ruby/ruby-2.7.4/ext/io/nonblock'
#7 56.46 make[2]: Entering directory '/tmp/ruby/ruby-2.7.4/ext/cgi/escape'
#7 56.46 compiling escape.c
#7 56.49 linking shared-object etc.so
#7 56.49 make[2]: Entering directory '/tmp/ruby/ruby-2.7.4/ext/pathname'
#7 56.49 compiling pathname.c
#7 56.49 make[2]: Leaving directory '/tmp/ruby/ruby-2.7.4/ext/io/wait'
#7 56.49 compiling psych_emitter.c
#7 56.51 installing default pathname libraries
#7 56.51 compiling ossl_ns_spki.c
#7 56.52 compiling ossl_ocsp.c
#7 56.52 make[2]: Leaving directory '/tmp/ruby/ruby-2.7.4/ext/fiddle'
#7 56.52 compiling psych_parser.c
#7 56.53 make[2]: Leaving directory '/tmp/ruby/ruby-2.7.4/ext/etc'
#7 56.53 installing default console libraries
#7 56.54 make[2]: Entering directory '/tmp/ruby/ruby-2.7.4/ext/stringio'
#7 56.54 compiling option.c
#7 56.54 compiling stringio.c
#7 56.55 compiling ossl_pkcs12.c
#7 56.57 compiling ossl_pkcs7.c
#7 56.58 compiling ossl_pkey.c
#7 56.63 linking shared-object io/console.so
#7 56.64 linking shared-object racc/cparse.so
#7 56.65 make[2]: Entering directory '/tmp/ruby/ruby-2.7.4/ext/-test-/arith_seq/extract'
#7 56.65 compiling extract.c
#7 56.66 linking shared-object cgi/escape.so
#7 56.68 make[2]: Leaving directory '/tmp/ruby/ruby-2.7.4/ext/io/console'
#7 56.68 compiling ossl_pkey_dh.c
#7 56.68 make[2]: Leaving directory '/tmp/ruby/ruby-2.7.4/ext/racc/cparse'
#7 56.69 compiling ancdata.c
#7 56.70 make[2]: Leaving directory '/tmp/ruby/ruby-2.7.4/ext/cgi/escape'
#7 56.70 compiling psych_to_ruby.c
#7 56.74 compiling ossl_pkey_dsa.c
#7 56.75 linking shared-object -test-/arith_seq/extract.so
#7 56.75 compiling psych_yaml_tree.c
#7 56.77 compiling raddrinfo.c
#7 56.78 compiling ifaddr.c
#7 56.79 make[2]: Entering directory '/tmp/ruby/ruby-2.7.4/ext/-test-/array/resize'
#7 56.79 compiling resize.c
#7 56.79 make[2]: Leaving directory '/tmp/ruby/ruby-2.7.4/ext/-test-/arith_seq/extract'
#7 56.80 compiling ossl_pkey_ec.c
#7 56.80 make[2]: Entering directory '/tmp/ruby/ruby-2.7.4/ext/-test-/bignum'
#7 56.81 compiling intpack.c
#7 56.81 compiling ossl_pkey_rsa.c
#7 56.87 linking shared-object -test-/array/resize.so
#7 56.87 make[2]: Entering directory '/tmp/ruby/ruby-2.7.4/ext/-test-/bug-14834'
#7 56.87 compiling bug-14384.c
#7 56.90 installing default socket libraries
#7 56.90 compiling ossl_rand.c
#7 56.90 make[2]: Leaving directory '/tmp/ruby/ruby-2.7.4/ext/-test-/array/resize'
#7 56.91 make[2]: Entering directory '/tmp/ruby/ruby-2.7.4/ext/-test-/bug-3571'
#7 56.91 compiling bug.c
#7 56.94 compiling bigzero.c
#7 56.97 compiling ossl_ssl.c
#7 56.98 linking shared-object psych.so
#7 56.98 linking shared-object -test-/bug_14834.so
#7 57.01 linking shared-object -test-/bug_3571.so
#7 57.02 make[2]: Leaving directory '/tmp/ruby/ruby-2.7.4/ext/-test-/bug-14834'
#7 57.03 make[2]: Entering directory '/tmp/ruby/ruby-2.7.4/ext/-test-/bug-5832'
#7 57.03 compiling bug.c
#7 57.04 make[2]: Leaving directory '/tmp/ruby/ruby-2.7.4/ext/psych'
#7 57.05 compiling big2str.c
#7 57.05 compiling ossl_ssl_session.c
#7 57.05 make[2]: Leaving directory '/tmp/ruby/ruby-2.7.4/ext/-test-/bug-3571'
#7 57.05 make[2]: Entering directory '/tmp/ruby/ruby-2.7.4/ext/-test-/bug_reporter'
#7 57.06 compiling bug_reporter.c
#7 57.07 make[2]: Entering directory '/tmp/ruby/ruby-2.7.4/ext/-test-/class'
#7 57.07 compiling class2name.c
#7 57.11 compiling str2big.c
#7 57.12 linking shared-object -test-/bug_5832.so
#7 57.13 make[2]: Entering directory '/tmp/ruby/ruby-2.7.4/ext/-test-/cxxanyargs'
#7 57.14 compiling cxxanyargs.cpp
#7 57.14 compiling ossl_x509.c
#7 57.15 linking shared-object stringio.so
#7 57.15 compiling init.c
#7 57.16 linking shared-object -test-/bug_reporter.so
#7 57.17 make[2]: Leaving directory '/tmp/ruby/ruby-2.7.4/ext/-test-/bug-5832'
#7 57.17 compiling mul.c
#7 57.19 make[2]: Leaving directory '/tmp/ruby/ruby-2.7.4/ext/-test-/bug_reporter'
#7 57.19 make[2]: Leaving directory '/tmp/ruby/ruby-2.7.4/ext/stringio'
#7 57.19 compiling div.c
#7 57.19 linking shared-object nkf.so
#7 57.19 make[2]: Entering directory '/tmp/ruby/ruby-2.7.4/ext/-test-/debug'
#7 57.20 compiling init.c
#7 57.21 compiling ossl_x509attr.c
#7 57.23 linking shared-object -test-/class.so
#7 57.25 make[2]: Leaving directory '/tmp/ruby/ruby-2.7.4/ext/nkf'
#7 57.26 compiling init.c
#7 57.27 linking shared-object pathname.so
#7 57.28 make[2]: Leaving directory '/tmp/ruby/ruby-2.7.4/ext/-test-/class'
#7 57.28 compiling profile_frames.c
#7 57.28 compiling ossl_x509cert.c
#7 57.29 make[2]: Entering directory '/tmp/ruby/ruby-2.7.4/ext/-test-/dln/empty'
#7 57.29 compiling ossl_x509crl.c
#7 57.29 make[2]: Entering directory '/tmp/ruby/ruby-2.7.4/ext/-test-/enumerator_kw'
#7 57.30 compiling empty.c
#7 57.30 compiling enumerator_kw.c
#7 57.30 make[2]: Entering directory '/tmp/ruby/ruby-2.7.4/ext/-test-/exception'
#7 57.30 compiling ensured.c
#7 57.31 make[2]: Leaving directory '/tmp/ruby/ruby-2.7.4/ext/pathname'
#7 57.31 compiling init.c
#7 57.32 make[2]: Entering directory '/tmp/ruby/ruby-2.7.4/ext/-test-/fatal'
#7 57.32 make[2]: Entering directory '/tmp/ruby/ruby-2.7.4/ext/-test-/file'
#7 57.32 compiling rb_fatal.c
#7 57.32 compiling stat.c
#7 57.33 linking shared-object -test-/dln/empty.so
#7 57.33 linking shared-object bigdecimal.so
#7 57.36 compiling enc_raise.c
#7 57.36 linking shared-object -test-/bignum.so
#7 57.38 make[2]: Leaving directory '/tmp/ruby/ruby-2.7.4/ext/-test-/dln/empty'
#7 57.39 make[2]: Entering directory '/tmp/ruby/ruby-2.7.4/ext/-test-/float'
#7 57.39 compiling dataerror.c
#7 57.39 compiling init.c
#7 57.39 compiling inspector.c
#7 57.40 make[2]: Leaving directory '/tmp/ruby/ruby-2.7.4/ext/bigdecimal'
#7 57.40 compiling fs.c
#7 57.41 compiling ossl_x509ext.c
#7 57.41 compiling init.c
#7 57.41 linking shared-object -test-/fatal/rb_fatal.so
#7 57.41 make[2]: Leaving directory '/tmp/ruby/ruby-2.7.4/ext/-test-/bignum'
#7 57.41 make[2]: Entering directory '/tmp/ruby/ruby-2.7.4/ext/-test-/funcall'
#7 57.42 compiling funcall.c
#7 57.42 make[2]: Entering directory '/tmp/ruby/ruby-2.7.4/ext/-test-/gvl/call_without_gvl'
#7 57.42 linking shared-object -test-/enumerator_kw.so
#7 57.42 linking shared-object -test-/cxxanyargs.so
#7 57.42 compiling call_without_gvl.c
#7 57.44 linking shared-object socket.so
#7 57.45 make[2]: Leaving directory '/tmp/ruby/ruby-2.7.4/ext/-test-/fatal'
#7 57.46 compiling ossl_x509name.c
#7 57.47 compiling nextafter.c
#7 57.47 make[2]: Leaving directory '/tmp/ruby/ruby-2.7.4/ext/-test-/enumerator_kw'
#7 57.47 linking shared-object -test-/exception.so
#7 57.47 compiling ossl_x509req.c
#7 57.48 make[2]: Entering directory '/tmp/ruby/ruby-2.7.4/ext/-test-/hash'
#7 57.48 compiling delete.c
#7 57.49 compiling init.c
#7 57.49 make[2]: Entering directory '/tmp/ruby/ruby-2.7.4/ext/-test-/integer'
#7 57.49 compiling init.c
#7 57.50 linking shared-object -test-/debug.so
#7 57.50 linking shared-object -test-/funcall.so
#7 57.50 compiling ossl_x509revoked.c
#7 57.51 make[2]: Leaving directory '/tmp/ruby/ruby-2.7.4/ext/-test-/exception'
#7 57.52 linking shared-object -test-/file.so
#7 57.52 make[2]: Entering directory '/tmp/ruby/ruby-2.7.4/ext/-test-/iseq_load'
#7 57.52 compiling iseq_load.c
#7 57.52 make[2]: Leaving directory '/tmp/ruby/ruby-2.7.4/ext/-test-/cxxanyargs'
#7 57.52 make[2]: Entering directory '/tmp/ruby/ruby-2.7.4/ext/-test-/iter'
#7 57.52 compiling break.c
#7 57.53 make[2]: Leaving directory '/tmp/ruby/ruby-2.7.4/ext/-test-/debug'
#7 57.53 compiling my_integer.c
#7 57.53 make[2]: Leaving directory '/tmp/ruby/ruby-2.7.4/ext/socket'
#7 57.54 make[2]: Entering directory '/tmp/ruby/ruby-2.7.4/ext/-test-/load/dot.dot'
#7 57.54 compiling dot.dot.c
#7 57.54 make[2]: Leaving directory '/tmp/ruby/ruby-2.7.4/ext/-test-/funcall'
#7 57.54 linking shared-object -test-/gvl/call_without_gvl.so
#7 57.55 make[2]: Entering directory '/tmp/ruby/ruby-2.7.4/ext/-test-/load/protect'
#7 57.55 compiling protect.c
#7 57.56 make[2]: Leaving directory '/tmp/ruby/ruby-2.7.4/ext/-test-/file'
#7 57.56 compiling ossl_x509store.c
#7 57.57 linking shared-object -test-/load/dot.dot.so
#7 57.57 linking shared-object -test-/hash.so
#7 57.58 linking shared-object -test-/float.so
#7 57.58 compiling core_ext.c
#7 57.59 make[2]: Leaving directory '/tmp/ruby/ruby-2.7.4/ext/-test-/gvl/call_without_gvl'
#7 57.59 make[2]: Entering directory '/tmp/ruby/ruby-2.7.4/ext/-test-/marshal/compat'
#7 57.59 compiling yield.c
#7 57.59 compiling usrcompat.c
#7 57.61 make[2]: Leaving directory '/tmp/ruby/ruby-2.7.4/ext/-test-/load/dot.dot'
#7 57.61 make[2]: Leaving directory '/tmp/ruby/ruby-2.7.4/ext/-test-/hash'
#7 57.62 make[2]: Leaving directory '/tmp/ruby/ruby-2.7.4/ext/-test-/float'
#7 57.62 compiling init.c
#7 57.62 make[2]: Entering directory '/tmp/ruby/ruby-2.7.4/ext/-test-/marshal/internal_ivar'
#7 57.62 compiling internal_ivar.c
#7 57.62 make[2]: Entering directory '/tmp/ruby/ruby-2.7.4/ext/-test-/marshal/usr'
#7 57.62 make[2]: Entering directory '/tmp/ruby/ruby-2.7.4/ext/-test-/method'
#7 57.62 compiling init.c
#7 57.62 compiling usrmarshal.c
#7 57.63 compiling arity.c
#7 57.64 make[2]: Entering directory '/tmp/ruby/ruby-2.7.4/ext/-test-/notimplement'
#7 57.64 compiling bug.c
#7 57.65 linking shared-object -test-/iseq_load.so
#7 57.67 linking shared-object -test-/load/protect.so
#7 57.68 make[2]: Entering directory '/tmp/ruby/ruby-2.7.4/ext/-test-/num2int'
#7 57.68 make[2]: Leaving directory '/tmp/ruby/ruby-2.7.4/ext/-test-/iseq_load'
#7 57.68 make[2]: Entering directory '/tmp/ruby/ruby-2.7.4/ext/-test-/path_to_class'
#7 57.68 compiling path_to_class.c
#7 57.68 compiling num2int.c
#7 57.68 linking shared-object -test-/integer.so
#7 57.69 make[2]: Entering directory '/tmp/ruby/ruby-2.7.4/ext/-test-/popen_deadlock'
#7 57.69 linking shared-object -test-/marshal/compat.so
#7 57.69 compiling infinite_loop_dlsym.c
#7 57.70 make[2]: Entering directory '/tmp/ruby/ruby-2.7.4/ext/-test-/postponed_job'
#7 57.70 compiling postponed_job.c
#7 57.71 linking shared-object -test-/iter.so
#7 57.71 linking shared-object -test-/method.so
#7 57.71 make[2]: Leaving directory '/tmp/ruby/ruby-2.7.4/ext/-test-/load/protect'
#7 57.72 linking shared-object -test-/marshal/internal_ivar.so
#7 57.72 linking shared-object -test-/marshal/usr.so
#7 57.72 make[2]: Entering directory '/tmp/ruby/ruby-2.7.4/ext/-test-/printf'
#7 57.72 compiling printf.c
#7 57.73 make[2]: Leaving directory '/tmp/ruby/ruby-2.7.4/ext/-test-/marshal/compat'
#7 57.73 make[2]: Leaving directory '/tmp/ruby/ruby-2.7.4/ext/-test-/integer'
#7 57.74 make[2]: Entering directory '/tmp/ruby/ruby-2.7.4/ext/-test-/rational'
#7 57.74 make[2]: Entering directory '/tmp/ruby/ruby-2.7.4/ext/-test-/proc'
#7 57.74 compiling rat.c
#7 57.74 compiling receiver.c
#7 57.75 make[2]: Leaving directory '/tmp/ruby/ruby-2.7.4/ext/-test-/iter'
#7 57.75 make[2]: Leaving directory '/tmp/ruby/ruby-2.7.4/ext/-test-/method'
#7 57.75 make[2]: Entering directory '/tmp/ruby/ruby-2.7.4/ext/-test-/rb_call_super_kw'
#7 57.75 make[2]: Entering directory '/tmp/ruby/ruby-2.7.4/ext/-test-/recursion'
#7 57.75 compiling super.c
#7 57.75 compiling rb_call_super_kw.c
#7 57.75 compiling recursion.c
#7 57.75 make[2]: Leaving directory '/tmp/ruby/ruby-2.7.4/ext/-test-/marshal/internal_ivar'
#7 57.75 compiling init.c
#7 57.76 make[2]: Leaving directory '/tmp/ruby/ruby-2.7.4/ext/-test-/marshal/usr'
#7 57.76 make[2]: Entering directory '/tmp/ruby/ruby-2.7.4/ext/-test-/regexp'
#7 57.76 linking shared-object -test-/notimplement.so
#7 57.76 linking shared-object -test-/path_to_class.so
#7 57.76 make[2]: Entering directory '/tmp/ruby/ruby-2.7.4/ext/-test-/scan_args'
#7 57.76 compiling init.c
#7 57.77 compiling scan_args.c
#7 57.79 compiling parse_depth_limit.c
#7 57.79 linking shared-object -test-/popen_deadlock/infinite_loop_dlsym.so
#7 57.80 make[2]: Leaving directory '/tmp/ruby/ruby-2.7.4/ext/-test-/path_to_class'
#7 57.80 make[2]: Leaving directory '/tmp/ruby/ruby-2.7.4/ext/-test-/notimplement'
#7 57.81 linking shared-object -test-/postponed_job.so
#7 57.81 linking shared-object -test-/num2int.so
#7 57.81 make[2]: Entering directory '/tmp/ruby/ruby-2.7.4/ext/-test-/st/numhash'
#7 57.81 make[2]: Entering directory '/tmp/ruby/ruby-2.7.4/ext/-test-/st/foreach'
#7 57.81 compiling foreach.c
#7 57.81 compiling numhash.c
#7 57.84 make[2]: Entering directory '/tmp/ruby/ruby-2.7.4/ext/-test-/st/update'
#7 57.84 make[2]: Leaving directory '/tmp/ruby/ruby-2.7.4/ext/-test-/popen_deadlock'
#7 57.84 make[2]: Entering directory '/tmp/ruby/ruby-2.7.4/ext/-test-/string'
#7 57.84 compiling new.c
#7 57.84 make[2]: Entering directory '/tmp/ruby/ruby-2.7.4/ext/-test-/struct'
#7 57.84 linking shared-object -test-/rational.so
#7 57.84 make[2]: Entering directory '/tmp/ruby/ruby-2.7.4/ext/-test-/symbol'
#7 57.84 linking shared-object -test-/proc.so
#7 57.84 compiling update.c
#7 57.84 compiling init.c
#7 57.84 compiling member.c
#7 57.84 make[2]: Leaving directory '/tmp/ruby/ruby-2.7.4/ext/-test-/num2int'
#7 57.84 linking shared-object -test-/rb_call_super_kw.so
#7 57.85 make[2]: Entering directory '/tmp/ruby/ruby-2.7.4/ext/-test-/thread_fd_close'
#7 57.85 compiling thread_fd_close.c
#7 57.85 make[2]: Leaving directory '/tmp/ruby/ruby-2.7.4/ext/-test-/postponed_job'
#7 57.85 linking shared-object -test-/recursion.so
#7 57.85 make[2]: Entering directory '/tmp/ruby/ruby-2.7.4/ext/-test-/time'
#7 57.85 compiling type.c
#7 57.85 compiling new.c
#7 57.87 make[2]: Leaving directory '/tmp/ruby/ruby-2.7.4/ext/-test-/rational'
#7 57.87 make[2]: Entering directory '/tmp/ruby/ruby-2.7.4/ext/-test-/tracepoint'
#7 57.88 compiling gc_hook.c
#7 57.88 make[2]: Leaving directory '/tmp/ruby/ruby-2.7.4/ext/-test-/rb_call_super_kw'
#7 57.88 make[2]: Leaving directory '/tmp/ruby/ruby-2.7.4/ext/-test-/proc'
#7 57.89 make[2]: Entering directory '/tmp/ruby/ruby-2.7.4/ext/-test-/typeddata'
#7 57.89 compiling typeddata.c
#7 57.89 make[2]: Entering directory '/tmp/ruby/ruby-2.7.4/ext/-test-/vm'
#7 57.89 compiling at_exit.c
#7 57.90 compiling tracepoint.c
#7 57.90 linking shared-object -test-/regexp.so
#7 57.90 make[2]: Leaving directory '/tmp/ruby/ruby-2.7.4/ext/-test-/recursion'
#7 57.90 make[2]: Entering directory '/tmp/ruby/ruby-2.7.4/ext/-test-/wait_for_single_fd'
#7 57.90 compiling wait_for_single_fd.c
#7 57.91 linking shared-object -test-/printf.so
#7 57.92 compiling init.c
#7 57.93 linking shared-object openssl.so
#7 57.93 linking shared-object -test-/st/numhash.so
#7 57.93 linking shared-object -test-/thread_fd_close.so
#7 57.94 compiling fstring.c
#7 57.94 linking shared-object -test-/st/update.so
#7 57.94 make[2]: Entering directory '/tmp/ruby/ruby-2.7.4/ext/rbconfig/sizeof'
#7 57.94 compiling sizes.c
#7 57.94 make[2]: Leaving directory '/tmp/ruby/ruby-2.7.4/ext/-test-/regexp'
#7 57.95 linking shared-object -test-/st/foreach.so
#7 57.95 make[2]: Leaving directory '/tmp/ruby/ruby-2.7.4/ext/-test-/printf'
#7 57.95 make[2]: Entering directory '/tmp/ruby/ruby-2.7.4/ext/syslog'
#7 57.95 compiling syslog.c
#7 57.95 compiling enc_associate.c
#7 57.96 linking shared-object -test-/symbol.so
#7 57.97 linking shared-object -test-/vm/at_exit.so
#7 57.97 compiling init.c
#7 57.98 make[2]: Leaving directory '/tmp/ruby/ruby-2.7.4/ext/-test-/thread_fd_close'
#7 57.98 compiling nofree.c
#7 57.98 compiling set_len.c
#7 57.98 make[2]: Leaving directory '/tmp/ruby/ruby-2.7.4/ext/-test-/st/update'
#7 57.98 make[2]: Leaving directory '/tmp/ruby/ruby-2.7.4/ext/-test-/st/foreach'
#7 57.99 make[2]: Leaving directory '/tmp/ruby/ruby-2.7.4/ext/-test-/st/numhash'
#7 57.99 compiling leap_second.c
#7 57.99 compiling len.c
#7 57.99 linking shared-object -test-/typeddata.so
#7 57.99 compiling cstr.c
#7 58.00 make[2]: Leaving directory '/tmp/ruby/ruby-2.7.4/ext/-test-/symbol'
#7 58.00 linking shared-object -test-/tracepoint.so
#7 58.00 linking shared-object -test-/wait_for_single_fd.so
#7 58.00 make[2]: Entering directory '/tmp/ruby/ruby-2.7.4/ext/pty'
#7 58.00 compiling pty.c
#7 58.01 make[2]: Leaving directory '/tmp/ruby/ruby-2.7.4/ext/-test-/vm'
#7 58.01 make[2]: Entering directory '/tmp/ruby/ruby-2.7.4/ext/zlib'
#7 58.01 compiling zlib.c
#7 58.02 compiling modify.c
#7 58.03 make[2]: Leaving directory '/tmp/ruby/ruby-2.7.4/ext/-test-/typeddata'
#7 58.03 compiling limits.c
#7 58.03 make[2]: Leaving directory '/tmp/ruby/ruby-2.7.4/ext/-test-/wait_for_single_fd'
#7 58.03 compiling coderange.c
#7 58.03 compiling ellipsize.c
#7 58.04 make[2]: Leaving directory '/tmp/ruby/ruby-2.7.4/ext/-test-/tracepoint'
#7 58.04 compiling capacity.c
#7 58.05 compiling duplicate.c
#7 58.06 make[2]: Entering directory '/tmp/ruby/ruby-2.7.4/ext/digest/bubblebabble'
#7 58.06 compiling bubblebabble.c
#7 58.07 make[2]: Entering directory '/tmp/ruby/ruby-2.7.4/ext/digest/md5'
#7 58.07 compiling md5init.c
#7 58.07 make[2]: Entering directory '/tmp/ruby/ruby-2.7.4/ext/digest/rmd160'
#7 58.07 compiling rmd160init.c
#7 58.07 installing default syslog libraries
#7 58.08 linking shared-object -test-/time.so
#7 58.08 make[2]: Entering directory '/tmp/ruby/ruby-2.7.4/ext/digest/sha1'
#7 58.09 compiling sha1init.c
#7 58.10 installing default pty libraries
#7 58.11 compiling rb_str_dup.c
#7 58.11 make[2]: Entering directory '/tmp/ruby/ruby-2.7.4/ext/digest/sha2'
#7 58.11 compiling sha2init.c
#7 58.12 compiling enc_str_buf_cat.c
#7 58.12 make[2]: Leaving directory '/tmp/ruby/ruby-2.7.4/ext/-test-/time'
#7 58.13 compiling init.c
#7 58.14 make[2]: Leaving directory '/tmp/ruby/ruby-2.7.4/ext/openssl'
#7 58.14 compiling qsort.c
#7 58.14 linking shared-object digest/rmd160.so
#7 58.14 make[2]: Entering directory '/tmp/ruby/ruby-2.7.4/ext/json/generator'
#7 58.14 compiling generator.c
#7 58.14 linking shared-object -test-/struct.so
#7 58.15 compiling normalize.c
#7 58.15 linking shared-object syslog.so
#7 58.16 linking shared-object rbconfig/sizeof.so
#7 58.16 make[2]: Entering directory '/tmp/ruby/ruby-2.7.4/ext/json/parser'
#7 58.16 compiling parser.c
#7 58.17 linking shared-object digest/md5.so
#7 58.18 linking shared-object digest/sha1.so
#7 58.18 make[2]: Leaving directory '/tmp/ruby/ruby-2.7.4/ext/-test-/struct'
#7 58.18 make[2]: Leaving directory '/tmp/ruby/ruby-2.7.4/ext/syslog'
#7 58.18 installing default sha2 libraries
#7 58.18 linking shared-object digest/bubblebabble.so
#7 58.21 linking shared-object pty.so
#7 58.21 linking shared-object digest/sha2.so
#7 58.21 make[2]: Leaving directory '/tmp/ruby/ruby-2.7.4/ext/rbconfig/sizeof'
#7 58.22 make[2]: Leaving directory '/tmp/ruby/ruby-2.7.4/ext/digest/bubblebabble'
#7 58.24 make[2]: Leaving directory '/tmp/ruby/ruby-2.7.4/ext/digest/rmd160'
#7 58.25 make[2]: Leaving directory '/tmp/ruby/ruby-2.7.4/ext/pty'
#7 58.26 make[2]: Leaving directory '/tmp/ruby/ruby-2.7.4/ext/digest/md5'
#7 58.26 make[2]: Leaving directory '/tmp/ruby/ruby-2.7.4/ext/digest/sha1'
#7 58.27 linking shared-object -test-/string.so
#7 58.28 make[2]: Leaving directory '/tmp/ruby/ruby-2.7.4/ext/digest/sha2'
#7 58.30 make[2]: Leaving directory '/tmp/ruby/ruby-2.7.4/ext/-test-/string'
#7 58.50 linking shared-object json/ext/parser.so
#7 58.53 make[2]: Leaving directory '/tmp/ruby/ruby-2.7.4/ext/json/parser'
#7 58.57 linking shared-object -test-/scan_args.so
#7 58.60 make[2]: Leaving directory '/tmp/ruby/ruby-2.7.4/ext/-test-/scan_args'
#7 58.64 linking shared-object json/ext/generator.so
#7 58.67 make[2]: Leaving directory '/tmp/ruby/ruby-2.7.4/ext/json/generator'
#7 58.68 linking shared-object date_core.so
#7 58.74 make[2]: Leaving directory '/tmp/ruby/ruby-2.7.4/ext/date'
#7 58.92 linking shared-object zlib.so
#7 58.95 make[2]: Leaving directory '/tmp/ruby/ruby-2.7.4/ext/zlib'
#7 59.84 linking shared-object ripper.so
#7 59.89 make[2]: Leaving directory '/tmp/ruby/ruby-2.7.4/ext/ripper'
#7 59.89 make[2]: Entering directory '/tmp/ruby/ruby-2.7.4'
#7 59.92 ./revision.h unchanged
#7 59.93 linking ruby
#7 59.95 make[2]: Leaving directory '/tmp/ruby/ruby-2.7.4'
#7 59.95 make[1]: Leaving directory '/tmp/ruby/ruby-2.7.4'
#7 59.95 make[1]: Entering directory '/tmp/ruby/ruby-2.7.4'
#7 59.95 make[1]: Nothing to be done for 'note'.
#7 59.95 make[1]: Leaving directory '/tmp/ruby/ruby-2.7.4'
#7 59.96 + make install
#7 59.98 ./revision.h unchanged
#7 60.00 generating x86_64-linux-fake.rb
#7 60.05 x86_64-linux-fake.rb updated
#7 60.05 	BASERUBY = echo executable host ruby is required.  use --with-baseruby option.; false
#7 60.05 	CC = gcc
#7 60.05 	LD = ld
#7 60.05 	LDSHARED = gcc -shared
#7 60.05 	CFLAGS = -g -O2 -fPIC 
#7 60.05 	XCFLAGS = -D_FORTIFY_SOURCE=2 -fstack-protector-strong -fno-strict-overflow -fvisibility=hidden -fexcess-precision=standard -DRUBY_EXPORT -DCANONICALIZATION_FOR_MATHN -I. -I.ext/include/x86_64-linux -I./include -I. -I./enc/unicode/12.1.0
#7 60.05 	CPPFLAGS =   
#7 60.05 	DLDFLAGS = -Wl,--compress-debug-sections=zlib -Wl,-soname,libruby.so.2.7  -fstack-protector-strong  
#7 60.05 	SOLIBS = -lz -lpthread -lrt -lrt -ldl -lcrypt -lm 
#7 60.05 	LANG = 
#7 60.05 	LC_ALL = 
#7 60.05 	LC_CTYPE = 
#7 60.05 	MFLAGS = 
#7 60.05 gcc (AstraLinux 8.3.0-6+b1) 8.3.0
#7 60.05 Copyright (C) 2018 Free Software Foundation, Inc.
#7 60.05 This is free software; see the source for copying conditions.  There is NO
#7 60.05 warranty; not even for MERCHANTABILITY or FITNESS FOR A PARTICULAR PURPOSE.
#7 60.05 
#7 60.05 generating enc.mk
#7 60.09 making srcs under enc
#7 60.11 make[1]: Entering directory '/tmp/ruby/ruby-2.7.4'
#7 60.11 make[1]: Nothing to be done for 'srcs'.
#7 60.11 make[1]: Leaving directory '/tmp/ruby/ruby-2.7.4'
#7 60.11 generating transdb.h
#7 60.23 transdb.h unchanged
#7 60.24 generating makefiles ext/configure-ext.mk
#7 60.25 ext/configure-ext.mk updated
#7 60.26 make[1]: Entering directory '/tmp/ruby/ruby-2.7.4'
#7 61.58 make[1]: Leaving directory '/tmp/ruby/ruby-2.7.4'
#7 61.58 generating makefile exts.mk
#7 61.61 exts.mk unchanged
#7 61.61 make[1]: Entering directory '/tmp/ruby/ruby-2.7.4'
#7 61.61 make[2]: Entering directory '/tmp/ruby/ruby-2.7.4/ext/digest'
#7 61.62 make[2]: Leaving directory '/tmp/ruby/ruby-2.7.4/ext/digest'
#7 61.63 make[2]: Entering directory '/tmp/ruby/ruby-2.7.4/ext/digest/sha2'
#7 61.64 make[2]: Leaving directory '/tmp/ruby/ruby-2.7.4/ext/digest/sha2'
#7 61.65 make[2]: Entering directory '/tmp/ruby/ruby-2.7.4/ext/fiddle'
#7 61.66 make[2]: Leaving directory '/tmp/ruby/ruby-2.7.4/ext/fiddle'
#7 61.66 make[2]: Entering directory '/tmp/ruby/ruby-2.7.4/ext/rubyvm'
#7 61.66 make[2]: Leaving directory '/tmp/ruby/ruby-2.7.4/ext/rubyvm'
#7 61.67 make[2]: Entering directory '/tmp/ruby/ruby-2.7.4/ext/date'
#7 61.67 make[2]: Leaving directory '/tmp/ruby/ruby-2.7.4/ext/date'
#7 61.67 make[2]: Entering directory '/tmp/ruby/ruby-2.7.4/ext/bigdecimal'
#7 61.68 make[2]: Leaving directory '/tmp/ruby/ruby-2.7.4/ext/bigdecimal'
#7 61.69 make[2]: Entering directory '/tmp/ruby/ruby-2.7.4/ext/openssl'
#7 61.70 make[2]: Leaving directory '/tmp/ruby/ruby-2.7.4/ext/openssl'
#7 61.71 make[2]: Entering directory '/tmp/ruby/ruby-2.7.4/ext/ripper'
#7 61.71 make[2]: Leaving directory '/tmp/ruby/ruby-2.7.4/ext/ripper'
#7 61.71 make[2]: Entering directory '/tmp/ruby/ruby-2.7.4/ext/json'
#7 61.73 make[2]: Leaving directory '/tmp/ruby/ruby-2.7.4/ext/json'
#7 61.74 make[2]: Entering directory '/tmp/ruby/ruby-2.7.4/ext/monitor'
#7 61.74 make[2]: Leaving directory '/tmp/ruby/ruby-2.7.4/ext/monitor'
#7 61.75 make[2]: Entering directory '/tmp/ruby/ruby-2.7.4/ext/socket'
#7 61.75 make[2]: Leaving directory '/tmp/ruby/ruby-2.7.4/ext/socket'
#7 61.76 make[2]: Entering directory '/tmp/ruby/ruby-2.7.4/ext/nkf'
#7 61.76 make[2]: Leaving directory '/tmp/ruby/ruby-2.7.4/ext/nkf'
#7 61.77 make[2]: Entering directory '/tmp/ruby/ruby-2.7.4/ext/coverage'
#7 61.77 make[2]: Leaving directory '/tmp/ruby/ruby-2.7.4/ext/coverage'
#7 61.78 make[2]: Entering directory '/tmp/ruby/ruby-2.7.4/ext/io/console'
#7 61.78 make[2]: Leaving directory '/tmp/ruby/ruby-2.7.4/ext/io/console'
#7 61.79 make[2]: Entering directory '/tmp/ruby/ruby-2.7.4/ext/psych'
#7 61.82 make[2]: Leaving directory '/tmp/ruby/ruby-2.7.4/ext/psych'
#7 61.82 make[2]: Entering directory '/tmp/ruby/ruby-2.7.4/ext/pathname'
#7 61.83 make[2]: Leaving directory '/tmp/ruby/ruby-2.7.4/ext/pathname'
#7 61.97 make[2]: Entering directory '/tmp/ruby/ruby-2.7.4/ext/syslog'
#7 61.98 make[2]: Leaving directory '/tmp/ruby/ruby-2.7.4/ext/syslog'
#7 61.98 make[2]: Entering directory '/tmp/ruby/ruby-2.7.4/ext/pty'
#7 61.99 make[2]: Leaving directory '/tmp/ruby/ruby-2.7.4/ext/pty'
#7 61.99 make[2]: Entering directory '/tmp/ruby/ruby-2.7.4'
#7 62.02 ./revision.h unchanged
#7 62.03 make[2]: Leaving directory '/tmp/ruby/ruby-2.7.4'
#7 62.03 make[1]: Leaving directory '/tmp/ruby/ruby-2.7.4'
#7 62.03 make[1]: Entering directory '/tmp/ruby/ruby-2.7.4'
#7 62.03 make[1]: Nothing to be done for 'note'.
#7 62.03 make[1]: Leaving directory '/tmp/ruby/ruby-2.7.4'
#7 62.03 making enc
#7 62.04 make[1]: Entering directory '/tmp/ruby/ruby-2.7.4'
#7 62.04 make[1]: Nothing to be done for 'enc'.
#7 62.04 make[1]: Leaving directory '/tmp/ruby/ruby-2.7.4'
#7 62.04 making trans
#7 62.06 make[1]: Entering directory '/tmp/ruby/ruby-2.7.4'
#7 62.06 make[1]: Nothing to be done for './enc/trans'.
#7 62.06 make[1]: Leaving directory '/tmp/ruby/ruby-2.7.4'
#7 62.06 making encs
#7 62.08 make[1]: Entering directory '/tmp/ruby/ruby-2.7.4'
#7 62.08 make[1]: Nothing to be done for 'encs'.
#7 62.08 make[1]: Leaving directory '/tmp/ruby/ruby-2.7.4'
#7 62.08 ./miniruby -I./lib -I. -I.ext/common  ./tool/runruby.rb --extout=.ext  -- --disable-gems -r./x86_64-linux-fake ./tool/rbinstall.rb --make="make" --dest-dir="" --extout=".ext" --mflags="" --make-flags="" --data-mode=0644 --prog-mode=0755 --installed-list .installed.list --mantype="man" --exclude=doc
#7 62.17 installing binary commands:         /usr/local/bin
#7 62.17 installing base libraries:          /usr/local/lib
#7 62.17 installing arch files:              /usr/local/lib/ruby/2.7.0/x86_64-linux
#7 62.17 installing pkgconfig data:          /usr/local/lib/pkgconfig
#7 62.17 installing extension objects:       /usr/local/lib/ruby/2.7.0/x86_64-linux
#7 62.20 installing extension objects:       /usr/local/lib/ruby/site_ruby/2.7.0/x86_64-linux
#7 62.20 installing extension objects:       /usr/local/lib/ruby/vendor_ruby/2.7.0/x86_64-linux
#7 62.20 installing extension headers:       /usr/local/include/ruby-2.7.0/x86_64-linux
#7 62.20 installing extension scripts:       /usr/local/lib/ruby/2.7.0
#7 62.22 installing extension scripts:       /usr/local/lib/ruby/site_ruby/2.7.0
#7 62.22 installing extension scripts:       /usr/local/lib/ruby/vendor_ruby/2.7.0
#7 62.22 installing extension headers:       /usr/local/include/ruby-2.7.0/ruby
#7 62.22 installing command scripts:         /usr/local/bin
#7 62.23 installing library scripts:         /usr/local/lib/ruby/2.7.0
#7 62.46 installing common headers:          /usr/local/include/ruby-2.7.0
#7 62.46 installing manpages:                /usr/local/share/man (man1, man5)
#7 62.48 installing default gems from lib:   /usr/local/lib/ruby/gems/2.7.0 (build_info, cache, doc, extensions, gems, specifications)
#7 62.53                                     benchmark 0.1.0
#7 62.53                                     bundler 2.1.4
#7 62.53                                     cgi 0.1.0
#7 62.53                                     csv 3.1.2
#7 62.53                                     delegate 0.1.0
#7 62.53                                     did_you_mean 1.4.0
#7 62.53                                     fileutils 1.4.1
#7 62.53                                     forwardable 1.3.1
#7 62.53                                     getoptlong 0.1.0
#7 62.53                                     ipaddr 1.2.2
#7 62.53                                     irb 1.2.6
#7 62.53                                     logger 1.4.2
#7 62.53                                     matrix 0.2.0
#7 62.53                                     mutex_m 0.1.0
#7 62.53                                     net-pop 0.1.0
#7 62.54                                     net-smtp 0.1.0
#7 62.54                                     observer 0.1.0
#7 62.54                                     open3 0.1.0
#7 62.54                                     ostruct 0.2.0
#7 62.54                                     prime 0.1.1
#7 62.54                                     pstore 0.1.0
#7 62.54                                     racc 1.4.16
#7 62.54                                     rdoc 6.2.1.1
#7 62.54                                     readline 0.0.2
#7 62.54                                     reline 0.1.5
#7 62.54                                     rexml 3.2.3.1
#7 62.54                                     rss 0.2.8
#7 62.54                                     singleton 0.1.0
#7 62.54                                     timeout 0.1.0
#7 62.54                                     tracer 0.1.0
#7 62.54                                     uri 0.10.0
#7 62.54                                     webrick 1.6.1
#7 62.54                                     yaml 0.1.0
#7 62.54 installing default gems from ext:   /usr/local/lib/ruby/gems/2.7.0 (build_info, cache, doc, extensions, gems, specifications)
#7 62.56                                     bigdecimal 2.0.0
#7 62.56                                     date 3.0.0
#7 62.56                                     dbm 1.1.0
#7 62.56                                     etc 1.1.0
#7 62.56                                     fcntl 1.0.0
#7 62.56                                     fiddle 1.0.0
#7 62.56                                     gdbm 2.1.0
#7 62.56                                     io-console 0.5.6
#7 62.56                                     json 2.3.0
#7 62.56                                     openssl 2.1.2
#7 62.56                                     psych 3.1.0
#7 62.56                                     readline-ext 0.1.0
#7 62.56                                     sdbm 1.0.0
#7 62.56                                     stringio 0.1.0
#7 62.56                                     strscan 1.0.3
#7 62.56                                     zlib 1.1.0
#7 62.56 installing bundled gems:            /usr/local/lib/ruby/gems/2.7.0 (build_info, cache, doc, extensions, gems, specifications)
#7 62.56                                     power_assert 1.1.7
#7 62.59                                     rake 13.0.1
#7 62.64                                     minitest 5.13.0
#7 62.66                                     test-unit 3.3.4
#7 62.70                                     xmlrpc 0.3.0
#7 62.71                                     net-telnet 0.2.0
#7 62.72 + cd /
#7 62.72 + rm -rf /tmp/ruby
#7 63.39 ++ command -v ruby
#7 63.39 + paxctl -cvm /usr/local/bin/ruby
#7 63.39 PaX control v0.9
#7 63.39 Copyright 2004,2005,2006,2007,2009,2010,2011,2012,2014 PaX Team <pageexec@freemail.hu>
#7 63.39 
#7 63.39 file /usr/local/bin/ruby had a PT_GNU_STACK program header, converted
#7 63.39 - PaX flags: -------x-e-- [/usr/local/bin/ruby]
#7 63.39 	RANDEXEC is disabled
#7 63.39 	EMUTRAMP is disabled
#7 63.39 ++ command -v node
#7 63.39 + paxctl -cvm /root/.nvm/versions/node/v20.19.0/bin/node
#7 63.39 PaX control v0.9
#7 63.39 Copyright 2004,2005,2006,2007,2009,2010,2011,2012,2014 PaX Team <pageexec@freemail.hu>
#7 63.39 
#7 65.65 file /root/.nvm/versions/node/v20.19.0/bin/node had a PT_GNU_STACK program header, converted
#7 65.65 - PaX flags: -------x-e-- [/root/.nvm/versions/node/v20.19.0/bin/node]
#7 65.65 	RANDEXEC is disabled
#7 65.65 	EMUTRAMP is disabled
#7 65.65 + rm -rf /etc/ssh/ssh_host_ecdsa_key /etc/ssh/ssh_host_ed25519_key /etc/ssh/ssh_host_rsa_key /etc/ssh/ssh_host_ecdsa_key.pub /etc/ssh/ssh_host_ed25519_key.pub /etc/ssh/ssh_host_rsa_key.pub
#7 65.65 + adduser --disabled-login --gecos GitLab git
#7 65.68 Adding user `git' ...
#7 65.68 Adding new group `git' (1000) ...
#7 67.46 Adding new user `git' (1000) with group `git' ...
#7 69.69 Creating home directory `/home/git' ...
#7 69.70 sh: pdpl-file: command not found
#7 69.70 Copying files from `/etc/skel' ...
#7 69.77 User git	(1000)	had 0
#7 69.77 + passwd -d git
#7 69.84 passwd: password changed.
#7 69.84 + cat
#7 69.84 + exec_as_git git config --global core.autocrlf input
#7 69.84 ++ whoami
#7 69.84 + [[ root == \g\i\t ]]
#7 69.84 + sudo -HEu git git config --global core.autocrlf input
#7 69.85 + exec_as_git git config --global gc.auto 0
#7 69.85 ++ whoami
#7 69.85 + [[ root == \g\i\t ]]
#7 69.85 + sudo -HEu git git config --global gc.auto 0
#7 69.85 + exec_as_git git config --global repack.writeBitmaps true
#7 69.85 ++ whoami
#7 69.86 + [[ root == \g\i\t ]]
#7 69.86 + sudo -HEu git git config --global repack.writeBitmaps true
#7 69.86 + exec_as_git git config --global receive.advertisePushOptions true
#7 69.86 ++ whoami
#7 69.86 + [[ root == \g\i\t ]]
#7 69.86 + sudo -HEu git git config --global receive.advertisePushOptions true
#7 69.87 + exec_as_git git config --global advice.detachedHead false
#7 69.87 ++ whoami
#7 69.87 + [[ root == \g\i\t ]]
#7 69.87 + sudo -HEu git git config --global advice.detachedHead false
#7 69.88 Cloning gitlab-foss v.14.4.3...
#7 69.88 + echo 'Cloning gitlab-foss v.14.4.3...'
#7 69.88 + exec_as_git git clone -q -b v14.4.3 --depth 1 https://gitlab.com/gitlab-org/gitlab-foss.git /home/git/gitlab
#7 69.88 ++ whoami
#7 69.88 + [[ root == \g\i\t ]]
#7 69.88 + sudo -HEu git git clone -q -b v14.4.3 --depth 1 https://gitlab.com/gitlab-org/gitlab-foss.git /home/git/gitlab
#7 86.40 + [[ -d /etc/docker-gitlab/build/patches ]]
#7 86.40 + echo 'Applying patches for gitlab-foss...'
#7 86.40 + exec_as_git git -C /home/git/gitlab apply --ignore-whitespace
#7 86.40 Applying patches for gitlab-foss...
#7 86.40 ++ whoami
#7 86.40 + [[ root == \g\i\t ]]
#7 86.40 + sudo -HEu git git -C /home/git/gitlab apply --ignore-whitespace
#7 86.41 + GITLAB_SHELL_VERSION=13.21.1
#7 86.41 + GITLAB_PAGES_VERSION=1.46.0
#7 86.41 + echo 'Downloading Go 1.17.4...'
#7 86.41 + wget -cnv https://storage.googleapis.com/golang/go1.17.4.linux-amd64.tar.gz -P /etc/docker-gitlab/build/
#7 86.41 Downloading Go 1.17.4...
#7 99.24 2025-03-29 15:05:12 URL:https://storage.googleapis.com/golang/go1.17.4.linux-amd64.tar.gz [134807371/134807371] -> "/etc/docker-gitlab/build/go1.17.4.linux-amd64.tar.gz" [1]
#7 99.24 + tar -xf /etc/docker-gitlab/build/go1.17.4.linux-amd64.tar.gz -C /tmp/
#7 103.2 Downloading gitlab-shell v.13.21.1...
#7 103.2 + echo 'Downloading gitlab-shell v.13.21.1...'
#7 103.2 + mkdir -p /home/git/gitlab-shell
#7 103.3 + wget -cq https://gitlab.com/gitlab-org/gitlab-shell/-/archive/v13.21.1/gitlab-shell-v13.21.1.tar.bz2 -O /etc/docker-gitlab/build/gitlab-shell-13.21.1.tar.bz2
#7 103.8 + tar xf /etc/docker-gitlab/build/gitlab-shell-13.21.1.tar.bz2 --strip 1 -C /home/git/gitlab-shell
#7 103.8 + rm -rf /etc/docker-gitlab/build/gitlab-shell-13.21.1.tar.bz2
#7 103.8 + chown -R git: /home/git/gitlab-shell
#7 103.8 + cd /home/git/gitlab-shell
#7 103.8 + exec_as_git cp -a config.yml.example config.yml
#7 103.8 ++ whoami
#7 103.8 + [[ root == \g\i\t ]]
#7 103.8 + sudo -HEu git cp -a config.yml.example config.yml
#7 103.9 Compiling gitlab-shell golang executables...
#7 103.9 + echo 'Compiling gitlab-shell golang executables...'
#7 103.9 + exec_as_git bundle config set --local deployment true
#7 103.9 ++ whoami
#7 103.9 + [[ root == \g\i\t ]]
#7 103.9 + sudo -HEu git bundle config set --local deployment true
#7 104.0 + exec_as_git bundle config set --local with 'development test'
#7 104.0 ++ whoami
#7 104.0 + [[ root == \g\i\t ]]
#7 104.0 + sudo -HEu git bundle config set --local with 'development test'
#7 104.1 ++ nproc
#7 104.1 + exec_as_git bundle install -j20
#7 104.1 ++ whoami
#7 104.1 + [[ root == \g\i\t ]]
#7 104.1 + sudo -HEu git bundle install -j20
#7 106.8 Fetching gem metadata from https://rubygems.org/.
#7 107.0 Using bundler 2.1.4
#7 107.0 Fetching rspec-support 3.8.0
#7 107.0 Fetching diff-lcs 1.3
#7 107.1 Installing diff-lcs 1.3
#7 107.1 Installing rspec-support 3.8.0
#7 108.0 Fetching rspec-expectations 3.8.1
#7 108.0 Fetching rspec-mocks 3.8.0
#7 108.0 Fetching rspec-core 3.8.0
#7 108.1 Installing rspec-expectations 3.8.1
#7 108.1 Installing rspec-mocks 3.8.0
#7 108.1 Installing rspec-core 3.8.0
#7 108.5 Fetching rspec 3.8.0
#7 108.6 Installing rspec 3.8.0
#7 108.8 Bundle complete! 1 Gemfile dependency, 7 gems now installed.
#7 108.8 Bundled gems are installed into `./vendor/bundle`
#7 108.9 + exec_as_git /tmp/go/bin/go mod vendor
#7 108.9 ++ whoami
#7 108.9 + [[ root == \g\i\t ]]
#7 108.9 + sudo -HEu git /tmp/go/bin/go mod vendor
#7 110.3 go: downloading github.com/stretchr/testify v1.7.0
#7 110.3 go: downloading gitlab.com/gitlab-org/gitaly/v14 v14.0.0-rc1
#7 110.3 go: downloading gitlab.com/gitlab-org/labkit v1.7.0
#7 110.3 go: downloading github.com/mattn/go-shellwords v1.0.11
#7 110.3 go: downloading github.com/prometheus/client_golang v1.10.0
#7 110.3 go: downloading google.golang.org/grpc v1.37.0
#7 110.3 go: downloading gopkg.in/yaml.v2 v2.4.0
#7 110.3 go: downloading github.com/grpc-ecosystem/go-grpc-middleware v1.3.0
#7 110.3 go: downloading github.com/otiai10/copy v1.4.2
#7 110.3 go: downloading github.com/pires/go-proxyproto v0.6.0
#7 110.3 go: downloading github.com/grpc-ecosystem/go-grpc-prometheus v1.2.0
#7 110.3 go: downloading golang.org/x/crypto v0.0.0-20201221181555-eec23a3978ad
#7 110.3 go: downloading github.com/mikesmitty/edkey v0.0.0-20170222072505-3356ea4e686a
#7 110.3 go: downloading golang.org/x/sync v0.0.0-20210220032951-036812b2e83c
#7 110.4 go: downloading google.golang.org/api v0.45.0
#7 110.4 go: downloading cloud.google.com/go v0.81.0
#7 110.4 go: downloading github.com/client9/reopen v1.0.0
#7 110.4 go: downloading github.com/sebest/xff v0.0.0-20210106013422-671bd2870b3a
#7 110.4 go: downloading github.com/sirupsen/logrus v1.8.1
#7 110.4 go: downloading github.com/oklog/ulid/v2 v2.0.2
#7 110.5 go: downloading github.com/opentracing/opentracing-go v1.2.0
#7 110.7 go: downloading github.com/davecgh/go-spew v1.1.1
#7 110.7 go: downloading github.com/pmezard/go-difflib v1.0.0
#7 110.7 go: downloading gopkg.in/yaml.v3 v3.0.0-20200313102051-9f266ea9e77c
#7 110.7 go: downloading github.com/prometheus/client_model v0.2.0
#7 110.7 go: downloading github.com/prometheus/common v0.18.0
#7 110.7 go: downloading github.com/beorn7/perks v1.0.1
#7 110.9 go: downloading github.com/cespare/xxhash/v2 v2.1.1
#7 110.9 go: downloading github.com/golang/protobuf v1.5.2
#7 110.9 go: downloading github.com/prometheus/procfs v0.6.0
#7 111.1 go: downloading golang.org/x/sys v0.0.0-20210412220455-f1c623a9e750
#7 111.1 go: downloading contrib.go.opencensus.io/exporter/stackdriver v0.13.8
#7 111.1 go: downloading github.com/lightstep/lightstep-tracer-go v0.24.0
#7 111.1 go: downloading github.com/uber/jaeger-client-go v2.27.0+incompatible
#7 111.2 go: downloading go.opencensus.io v0.23.0
#7 111.2 go: downloading gopkg.in/DataDog/dd-trace-go.v1 v1.30.0
#7 111.4 go: downloading golang.org/x/net v0.0.0-20210316092652-d523dce5a7f4
#7 111.5 go: downloading gitlab.com/gitlab-org/gitaly v1.68.0
#7 111.6 go: downloading github.com/gogo/protobuf v1.3.2
#7 111.7 go: downloading github.com/lightstep/lightstep-tracer-common/golang/gogo v0.0.0-20210210170715-a8dfcb80d3a7
#7 111.7 go: downloading google.golang.org/genproto v0.0.0-20210413151531-c14fb6ef47c3
#7 111.8 go: downloading github.com/matttproud/golang_protobuf_extensions v1.0.1
#7 111.8 go: downloading github.com/census-instrumentation/opencensus-proto v0.3.0
#7 111.9 go: downloading golang.org/x/oauth2 v0.0.0-20210413134643-5e61552d6c78
#7 112.5 go: downloading google.golang.org/protobuf v1.26.0
#7 113.0 go: downloading github.com/google/pprof v0.0.0-20210226084205-cbba55b83ad5
#7 113.4 go: downloading github.com/googleapis/gax-go/v2 v2.0.5
#7 114.0 go: downloading github.com/shirou/gopsutil v2.20.1+incompatible
#7 114.2 go: downloading github.com/golang/groupcache v0.0.0-20210331224755-41bb18bfe9da
#7 114.6 go: downloading github.com/pkg/errors v0.9.1
#7 115.0 go: downloading github.com/uber/jaeger-lib v2.4.1+incompatible
#7 115.0 go: downloading github.com/DataDog/datadog-go v4.4.0+incompatible
#7 115.0 go: downloading github.com/tinylib/msgp v1.1.2
#7 115.0 go: downloading golang.org/x/time v0.0.0-20191024005414-555d28b269f0
#7 115.0 go: downloading golang.org/x/xerrors v0.0.0-20200804184101-5ec99f83aff1
#7 115.0 go: downloading google.golang.org/appengine v1.6.7
#7 115.1 go: downloading github.com/aws/aws-sdk-go v1.37.0
#7 115.1 go: downloading go.uber.org/atomic v1.5.0
#7 115.1 go: downloading golang.org/x/text v0.3.5
#7 115.9 go: downloading github.com/StackExchange/wmi v0.0.0-20190523213315-cbe66965904d
#7 115.9 go: downloading github.com/google/uuid v1.1.2
#7 115.9 go: downloading github.com/Microsoft/go-winio v0.4.19
#7 115.9 go: downloading github.com/philhofer/fwd v1.0.0
#7 115.9 go: downloading golang.org/x/lint v0.0.0-20201208152925-83fdc39ff7b5
#7 115.9 go: downloading github.com/hashicorp/yamux v0.0.0-20210316155119-a95892c5f864
#7 116.3 go: downloading github.com/go-ole/go-ole v1.2.4
#7 116.4 go: downloading golang.org/x/tools v0.1.0
#7 119.0 go: downloading github.com/google/go-cmp v0.5.5
#7 124.8 go: downloading github.com/jmespath/go-jmespath v0.4.0
#7 125.6 + exec_as_git PATH=/root/.nvm/versions/node/v20.19.0/bin:/tmp/go/bin:/usr/local/sbin:/usr/local/bin:/usr/sbin:/usr/bin:/sbin:/bin make fmt verify setup
#7 125.6 ++ whoami
#7 125.6 + [[ root == \g\i\t ]]
#7 125.6 + sudo -HEu git PATH=/root/.nvm/versions/node/v20.19.0/bin:/tmp/go/bin:/usr/local/sbin:/usr/local/bin:/usr/sbin:/usr/bin:/sbin:/bin make fmt verify setup
#7 125.6 gofmt -w -s ./cmd/gitlab-shell/main.go ./cmd/gitlab-shell-authorized-principals-check/main.go ./cmd/gitlab-shell-authorized-keys-check/main.go ./cmd/gitlab-sshd/acceptance_test.go ./cmd/gitlab-sshd/main.go ./cmd/check/main.go ./internal/sshenv/sshenv.go ./internal/sshenv/sshenv_test.go ./internal/handler/exec_test.go ./internal/handler/exec.go ./internal/pktline/pktline_test.go ./internal/pktline/pktline.go ./internal/keyline/key_line.go ./internal/keyline/key_line_test.go ./internal/sshd/connection.go ./internal/sshd/session.go ./internal/sshd/sshd_test.go ./internal/sshd/connection_test.go ./internal/sshd/sshd.go ./internal/console/console.go ./internal/console/console_test.go ./internal/executable/executable_test.go ./internal/executable/executable.go ./internal/testhelper/requesthandlers/requesthandlers.go ./internal/testhelper/testhelper.go ./internal/logger/logger_test.go ./internal/logger/logger.go ./internal/command/commandargs/command_args.go ./internal/command/commandargs/shell.go ./internal/command/commandargs/generic_args.go ./internal/command/commandargs/authorized_keys.go ./internal/command/commandargs/authorized_principals.go ./internal/command/commandargs/command_args_test.go ./internal/command/discover/discover_test.go ./internal/command/discover/discover.go ./internal/command/healthcheck/healthcheck_test.go ./internal/command/healthcheck/healthcheck.go ./internal/command/twofactorrecover/twofactorrecover_test.go ./internal/command/twofactorrecover/twofactorrecover.go ./internal/command/uploadarchive/gitalycall.go ./internal/command/uploadarchive/uploadarchive.go ./internal/command/uploadarchive/uploadarchive_test.go ./internal/command/uploadarchive/gitalycall_test.go ./internal/command/shared/disallowedcommand/disallowedcommand.go ./internal/command/shared/accessverifier/accessverifier_test.go ./internal/command/shared/accessverifier/accessverifier.go ./internal/command/shared/customaction/customaction.go ./internal/command/shared/customaction/customaction_test.go ./internal/command/lfsauthenticate/lfsauthenticate_test.go ./internal/command/lfsauthenticate/lfsauthenticate.go ./internal/command/command.go ./internal/command/authorizedprincipals/authorized_principals.go ./internal/command/authorizedprincipals/authorized_principals_test.go ./internal/command/receivepack/gitalycall_test.go ./internal/command/receivepack/gitalycall.go ./internal/command/receivepack/receivepack_test.go ./internal/command/receivepack/receivepack.go ./internal/command/personalaccesstoken/personalaccesstoken_test.go ./internal/command/personalaccesstoken/personalaccesstoken.go ./internal/command/uploadpack/uploadpack.go ./internal/command/uploadpack/gitalycall_test.go ./internal/command/uploadpack/uploadpack_test.go ./internal/command/uploadpack/gitalycall.go ./internal/command/authorizedkeys/authorized_keys.go ./internal/command/authorizedkeys/authorized_keys_test.go ./internal/command/readwriter/readwriter.go ./internal/command/twofactorverify/twofactorverify_test.go ./internal/command/twofactorverify/twofactorverify.go ./internal/command/command_test.go ./internal/config/config_test.go ./internal/config/config.go ./internal/gitlabnet/twofactorrecover/client.go ./internal/gitlabnet/twofactorrecover/client_test.go ./internal/gitlabnet/healthcheck/client_test.go ./internal/gitlabnet/healthcheck/client.go ./internal/gitlabnet/lfsauthenticate/client_test.go ./internal/gitlabnet/lfsauthenticate/client.go ./internal/gitlabnet/client.go ./internal/gitlabnet/authorizedkeys/client.go ./internal/gitlabnet/authorizedkeys/client_test.go ./internal/gitlabnet/accessverifier/client_test.go ./internal/gitlabnet/accessverifier/client.go ./internal/gitlabnet/personalaccesstoken/client_test.go ./internal/gitlabnet/personalaccesstoken/client.go ./internal/gitlabnet/twofactorverify/client.go ./internal/gitlabnet/twofactorverify/client_test.go ./internal/gitlabnet/discover/client_test.go ./internal/gitlabnet/discover/client.go ./internal/metrics/metrics.go ./client/httpsclient_test.go ./client/client_test.go ./client/testserver/gitalyserver.go ./client/testserver/testserver.go ./client/httpclient.go ./client/httpclient_test.go ./client/gitlabnet.go ./vendor/contrib.go.opencensus.io/exporter/stackdriver/stackdriver.go ./vendor/contrib.go.opencensus.io/exporter/stackdriver/label.go ./vendor/contrib.go.opencensus.io/exporter/stackdriver/stats.go ./vendor/contrib.go.opencensus.io/exporter/stackdriver/metrics.go ./vendor/contrib.go.opencensus.io/exporter/stackdriver/metrics_proto.go ./vendor/contrib.go.opencensus.io/exporter/stackdriver/resource.go ./vendor/contrib.go.opencensus.io/exporter/stackdriver/metrics_batcher.go ./vendor/contrib.go.opencensus.io/exporter/stackdriver/trace_proto.go ./vendor/contrib.go.opencensus.io/exporter/stackdriver/monitoredresource/aws/aws_identity_doc_utils.go ./vendor/contrib.go.opencensus.io/exporter/stackdriver/monitoredresource/aws/monitored_resources.go ./vendor/contrib.go.opencensus.io/exporter/stackdriver/monitoredresource/monitored_resources.go ./vendor/contrib.go.opencensus.io/exporter/stackdriver/monitoredresource/deprecated.go ./vendor/contrib.go.opencensus.io/exporter/stackdriver/monitoredresource/gcp/monitored_resources.go ./vendor/contrib.go.opencensus.io/exporter/stackdriver/monitoredresource/gcp/gcp_metadata_config.go ./vendor/contrib.go.opencensus.io/exporter/stackdriver/trace.go ./vendor/contrib.go.opencensus.io/exporter/stackdriver/sanitize.go ./vendor/go.opencensus.io/stats/units.go ./vendor/go.opencensus.io/stats/view/export.go ./vendor/go.opencensus.io/stats/view/aggregation.go ./vendor/go.opencensus.io/stats/view/aggregation_data.go ./vendor/go.opencensus.io/stats/view/worker.go ./vendor/go.opencensus.io/stats/view/view.go ./vendor/go.opencensus.io/stats/view/view_to_metric.go ./vendor/go.opencensus.io/stats/view/collector.go ./vendor/go.opencensus.io/stats/view/doc.go ./vendor/go.opencensus.io/stats/view/worker_commands.go ./vendor/go.opencensus.io/stats/doc.go ./vendor/go.opencensus.io/stats/measure_float64.go ./vendor/go.opencensus.io/stats/measure_int64.go ./vendor/go.opencensus.io/stats/measure.go ./vendor/go.opencensus.io/stats/internal/record.go ./vendor/go.opencensus.io/stats/record.go ./vendor/go.opencensus.io/internal/internal.go ./vendor/go.opencensus.io/internal/tagencoding/tagencoding.go ./vendor/go.opencensus.io/internal/traceinternals.go ./vendor/go.opencensus.io/internal/sanitize.go ./vendor/go.opencensus.io/tag/validate.go ./vendor/go.opencensus.io/tag/key.go ./vendor/go.opencensus.io/tag/profile_19.go ./vendor/go.opencensus.io/tag/doc.go ./vendor/go.opencensus.io/tag/profile_not19.go ./vendor/go.opencensus.io/tag/context.go ./vendor/go.opencensus.io/tag/map.go ./vendor/go.opencensus.io/tag/map_codec.go ./vendor/go.opencensus.io/tag/metadata.go ./vendor/go.opencensus.io/opencensus.go ./vendor/go.opencensus.io/plugin/ochttp/stats.go ./vendor/go.opencensus.io/plugin/ochttp/client.go ./vendor/go.opencensus.io/plugin/ochttp/span_annotating_client_trace.go ./vendor/go.opencensus.io/plugin/ochttp/propagation/b3/b3.go ./vendor/go.opencensus.io/plugin/ochttp/server.go ./vendor/go.opencensus.io/plugin/ochttp/wrapped_body.go ./vendor/go.opencensus.io/plugin/ochttp/doc.go ./vendor/go.opencensus.io/plugin/ochttp/trace.go ./vendor/go.opencensus.io/plugin/ochttp/route.go ./vendor/go.opencensus.io/plugin/ochttp/client_stats.go ./vendor/go.opencensus.io/plugin/ocgrpc/server_stats_handler.go ./vendor/go.opencensus.io/plugin/ocgrpc/client_metrics.go ./vendor/go.opencensus.io/plugin/ocgrpc/client_stats_handler.go ./vendor/go.opencensus.io/plugin/ocgrpc/server_metrics.go ./vendor/go.opencensus.io/plugin/ocgrpc/client.go ./vendor/go.opencensus.io/plugin/ocgrpc/server.go ./vendor/go.opencensus.io/plugin/ocgrpc/stats_common.go ./vendor/go.opencensus.io/plugin/ocgrpc/doc.go ./vendor/go.opencensus.io/plugin/ocgrpc/trace_common.go ./vendor/go.opencensus.io/metric/metricdata/exemplar.go ./vendor/go.opencensus.io/metric/metricdata/point.go ./vendor/go.opencensus.io/metric/metricdata/metric.go ./vendor/go.opencensus.io/metric/metricdata/type_string.go ./vendor/go.opencensus.io/metric/metricdata/unit.go ./vendor/go.opencensus.io/metric/metricdata/doc.go ./vendor/go.opencensus.io/metric/metricdata/label.go ./vendor/go.opencensus.io/metric/metricexport/export.go ./vendor/go.opencensus.io/metric/metricexport/doc.go ./vendor/go.opencensus.io/metric/metricexport/reader.go ./vendor/go.opencensus.io/metric/metricproducer/manager.go ./vendor/go.opencensus.io/metric/metricproducer/producer.go ./vendor/go.opencensus.io/trace/trace_go11.go ./vendor/go.opencensus.io/trace/lrumap.go ./vendor/go.opencensus.io/trace/status_codes.go ./vendor/go.opencensus.io/trace/propagation/propagation.go ./vendor/go.opencensus.io/trace/trace_api.go ./vendor/go.opencensus.io/trace/trace_nongo11.go ./vendor/go.opencensus.io/trace/spanstore.go ./vendor/go.opencensus.io/trace/basetypes.go ./vendor/go.opencensus.io/trace/trace.go ./vendor/go.opencensus.io/trace/doc.go ./vendor/go.opencensus.io/trace/internal/internal.go ./vendor/go.opencensus.io/trace/export.go ./vendor/go.opencensus.io/trace/spanbucket.go ./vendor/go.opencensus.io/trace/config.go ./vendor/go.opencensus.io/trace/tracestate/tracestate.go ./vendor/go.opencensus.io/trace/sampling.go ./vendor/go.opencensus.io/trace/evictedqueue.go ./vendor/go.opencensus.io/resource/resourcekeys/const.go ./vendor/go.opencensus.io/resource/resource.go ./vendor/go.uber.org/atomic/string.go ./vendor/go.uber.org/atomic/atomic.go ./vendor/go.uber.org/atomic/error.go ./vendor/go.uber.org/atomic/tools.go ./vendor/gitlab.com/gitlab-org/gitaly/v14/auth/rpccredentials.go ./vendor/gitlab.com/gitlab-org/gitaly/v14/auth/token.go ./vendor/gitlab.com/gitlab-org/gitaly/v14/client/pool_options.go ./vendor/gitlab.com/gitlab-org/gitaly/v14/client/upload_archive.go ./vendor/gitlab.com/gitlab-org/gitaly/v14/client/upload_pack.go ./vendor/gitlab.com/gitlab-org/gitaly/v14/client/pool.go ./vendor/gitlab.com/gitlab-org/gitaly/v14/client/dial.go ./vendor/gitlab.com/gitlab-org/gitaly/v14/client/receive_pack.go ./vendor/gitlab.com/gitlab-org/gitaly/v14/streamio/stream.go ./vendor/gitlab.com/gitlab-org/gitaly/v14/internal/stream/std_stream.go ./vendor/gitlab.com/gitlab-org/gitaly/v14/internal/gitaly/client/address_parser.go ./vendor/gitlab.com/gitlab-org/gitaly/v14/internal/gitaly/client/dial.go ./vendor/gitlab.com/gitlab-org/gitaly/v14/internal/x509/common.go ./vendor/gitlab.com/gitlab-org/gitaly/v14/internal/x509/pool_darwin.go ./vendor/gitlab.com/gitlab-org/gitaly/v14/internal/x509/pool.go ./vendor/gitlab.com/gitlab-org/gitaly/v14/internal/backchannel/backchannel.go ./vendor/gitlab.com/gitlab-org/gitaly/v14/internal/backchannel/client.go ./vendor/gitlab.com/gitlab-org/gitaly/v14/internal/backchannel/server.go ./vendor/gitlab.com/gitlab-org/gitaly/v14/internal/backchannel/registry.go ./vendor/gitlab.com/gitlab-org/gitaly/v14/internal/backchannel/insecure.go ./vendor/gitlab.com/gitlab-org/gitaly/v14/proto/go/gitalypb/diff.pb.go ./vendor/gitlab.com/gitlab-org/gitaly/v14/proto/go/gitalypb/remote.pb.go ./vendor/gitlab.com/gitlab-org/gitaly/v14/proto/go/gitalypb/protolist.go ./vendor/gitlab.com/gitlab-org/gitaly/v14/proto/go/gitalypb/hook.pb.go ./vendor/gitlab.com/gitlab-org/gitaly/v14/proto/go/gitalypb/ssh.pb.go ./vendor/gitlab.com/gitlab-org/gitaly/v14/proto/go/gitalypb/cleanup.pb.go ./vendor/gitlab.com/gitlab-org/gitaly/v14/proto/go/gitalypb/namespace.pb.go ./vendor/gitlab.com/gitlab-org/gitaly/v14/proto/go/gitalypb/objectpool.pb.go ./vendor/gitlab.com/gitlab-org/gitaly/v14/proto/go/gitalypb/lint.pb.go ./vendor/gitlab.com/gitlab-org/gitaly/v14/proto/go/gitalypb/shared.pb.go ./vendor/gitlab.com/gitlab-org/gitaly/v14/proto/go/gitalypb/conflicts.pb.go ./vendor/gitlab.com/gitlab-org/gitaly/v14/proto/go/gitalypb/commit.pb.go ./vendor/gitlab.com/gitlab-org/gitaly/v14/proto/go/gitalypb/ref.pb.go ./vendor/gitlab.com/gitlab-org/gitaly/v14/proto/go/gitalypb/operations.pb.go ./vendor/gitlab.com/gitlab-org/gitaly/v14/proto/go/gitalypb/blob.pb.go ./vendor/gitlab.com/gitlab-org/gitaly/v14/proto/go/gitalypb/transaction.pb.go ./vendor/gitlab.com/gitlab-org/gitaly/v14/proto/go/gitalypb/wiki.pb.go ./vendor/gitlab.com/gitlab-org/gitaly/v14/proto/go/gitalypb/smarthttp.pb.go ./vendor/gitlab.com/gitlab-org/gitaly/v14/proto/go/gitalypb/repository-service.pb.go ./vendor/gitlab.com/gitlab-org/gitaly/v14/proto/go/gitalypb/server.pb.go ./vendor/gitlab.com/gitlab-org/gitaly/v14/proto/go/gitalypb/internal.pb.go ./vendor/gitlab.com/gitlab-org/gitaly/v14/proto/go/gitalypb/praefect.pb.go ./vendor/gitlab.com/gitlab-org/labkit/mask/sensitive.go ./vendor/gitlab.com/gitlab-org/labkit/mask/doc.go ./vendor/gitlab.com/gitlab-org/labkit/mask/matchers.go ./vendor/gitlab.com/gitlab-org/labkit/mask/url.go ./vendor/gitlab.com/gitlab-org/labkit/mask/consts.go ./vendor/gitlab.com/gitlab-org/labkit/correlation/base62.go ./vendor/gitlab.com/gitlab-org/labkit/correlation/context.go ./vendor/gitlab.com/gitlab-org/labkit/correlation/inbound_http_options.go ./vendor/gitlab.com/gitlab-org/labkit/correlation/outbound_http.go ./vendor/gitlab.com/gitlab-org/labkit/correlation/grpc/key.go ./vendor/gitlab.com/gitlab-org/labkit/correlation/grpc/client_interceptors.go ./vendor/gitlab.com/gitlab-org/labkit/correlation/grpc/server_interceptors.go ./vendor/gitlab.com/gitlab-org/labkit/correlation/grpc/server_interceptors_options.go ./vendor/gitlab.com/gitlab-org/labkit/correlation/grpc/client_interceptors_options.go ./vendor/gitlab.com/gitlab-org/labkit/correlation/field.go ./vendor/gitlab.com/gitlab-org/labkit/correlation/outbound_http_options.go ./vendor/gitlab.com/gitlab-org/labkit/correlation/generator.go ./vendor/gitlab.com/gitlab-org/labkit/correlation/doc.go ./vendor/gitlab.com/gitlab-org/labkit/correlation/inbound_http.go ./vendor/gitlab.com/gitlab-org/labkit/tracing/inbound_http.go ./vendor/gitlab.com/gitlab-org/labkit/tracing/impl/datadog_tracer.go ./vendor/gitlab.com/gitlab-org/labkit/tracing/impl/lightstep_tracer.go ./vendor/gitlab.com/gitlab-org/labkit/tracing/impl/tracer_registry.go ./vendor/gitlab.com/gitlab-org/labkit/tracing/impl/errors.go ./vendor/gitlab.com/gitlab-org/labkit/tracing/impl/stackdriver_tracer.go ./vendor/gitlab.com/gitlab-org/labkit/tracing/impl/null_tracer.go ./vendor/gitlab.com/gitlab-org/labkit/tracing/impl/static_tracer.go ./vendor/gitlab.com/gitlab-org/labkit/tracing/impl/jaeger_tracer.go ./vendor/gitlab.com/gitlab-org/labkit/tracing/impl/constants.go ./vendor/gitlab.com/gitlab-org/labkit/tracing/grpc/server_interceptors.go ./vendor/gitlab.com/gitlab-org/labkit/tracing/grpc/client_interceptors.go ./vendor/gitlab.com/gitlab-org/labkit/tracing/grpc/healthcheck_filter.go ./vendor/gitlab.com/gitlab-org/labkit/tracing/connstr/connection_string_parser.go ./vendor/gitlab.com/gitlab-org/labkit/tracing/env_extractor_option.go ./vendor/gitlab.com/gitlab-org/labkit/tracing/outbound_http.go ./vendor/gitlab.com/gitlab-org/labkit/tracing/env_injector_option.go ./vendor/gitlab.com/gitlab-org/labkit/tracing/outbound_http_options.go ./vendor/gitlab.com/gitlab-org/labkit/tracing/env_injector.go ./vendor/gitlab.com/gitlab-org/labkit/tracing/inbound_http_options.go ./vendor/gitlab.com/gitlab-org/labkit/tracing/initialization.go ./vendor/gitlab.com/gitlab-org/labkit/tracing/env_extractor.go ./vendor/gitlab.com/gitlab-org/labkit/tracing/errors.go ./vendor/gitlab.com/gitlab-org/labkit/tracing/initialization_options.go ./vendor/gitlab.com/gitlab-org/labkit/tracing/doc.go ./vendor/gitlab.com/gitlab-org/labkit/log/logrus.go ./vendor/gitlab.com/gitlab-org/labkit/log/access_logger_options.go ./vendor/gitlab.com/gitlab-org/labkit/log/access_logger_fields.go ./vendor/gitlab.com/gitlab-org/labkit/log/doc.go ./vendor/gitlab.com/gitlab-org/labkit/log/clock.go ./vendor/gitlab.com/gitlab-org/labkit/log/initialization.go ./vendor/gitlab.com/gitlab-org/labkit/log/combined_formatter.go ./vendor/gitlab.com/gitlab-org/labkit/log/logger.go ./vendor/gitlab.com/gitlab-org/labkit/log/access_logger.go ./vendor/gitlab.com/gitlab-org/labkit/log/logger_options.go ./vendor/gitlab.com/gitlab-org/labkit/monitoring/profiler_opts.go ./vendor/gitlab.com/gitlab-org/labkit/monitoring/doc.go ./vendor/gitlab.com/gitlab-org/labkit/monitoring/null_profiler.go ./vendor/gitlab.com/gitlab-org/labkit/monitoring/start_options.go ./vendor/gitlab.com/gitlab-org/labkit/monitoring/build_info_gauge.go ./vendor/gitlab.com/gitlab-org/labkit/monitoring/start.go ./vendor/gitlab.com/gitlab-org/labkit/monitoring/profiler.go ./vendor/gopkg.in/yaml.v2/yamlh.go ./vendor/gopkg.in/yaml.v2/resolve.go ./vendor/gopkg.in/yaml.v2/parserc.go ./vendor/gopkg.in/yaml.v2/yamlprivateh.go ./vendor/gopkg.in/yaml.v2/emitterc.go ./vendor/gopkg.in/yaml.v2/writerc.go ./vendor/gopkg.in/yaml.v2/sorter.go ./vendor/gopkg.in/yaml.v2/readerc.go ./vendor/gopkg.in/yaml.v2/yaml.go ./vendor/gopkg.in/yaml.v2/encode.go ./vendor/gopkg.in/yaml.v2/decode.go ./vendor/gopkg.in/yaml.v2/scannerc.go ./vendor/gopkg.in/yaml.v2/apic.go ./vendor/gopkg.in/DataDog/dd-trace-go.v1/internal/container.go ./vendor/gopkg.in/DataDog/dd-trace-go.v1/internal/env.go ./vendor/gopkg.in/DataDog/dd-trace-go.v1/internal/log/log.go ./vendor/gopkg.in/DataDog/dd-trace-go.v1/internal/version/version.go ./vendor/gopkg.in/DataDog/dd-trace-go.v1/internal/globalconfig/globalconfig.go ./vendor/gopkg.in/DataDog/dd-trace-go.v1/ddtrace/tracer/tracer_nongo11.go ./vendor/gopkg.in/DataDog/dd-trace-go.v1/ddtrace/tracer/span.go ./vendor/gopkg.in/DataDog/dd-trace-go.v1/ddtrace/tracer/textmap.go ./vendor/gopkg.in/DataDog/dd-trace-go.v1/ddtrace/tracer/sampler.go ./vendor/gopkg.in/DataDog/dd-trace-go.v1/ddtrace/tracer/spancontext.go ./vendor/gopkg.in/DataDog/dd-trace-go.v1/ddtrace/tracer/span_msgp.go ./vendor/gopkg.in/DataDog/dd-trace-go.v1/ddtrace/tracer/tracer_go11.go ./vendor/gopkg.in/DataDog/dd-trace-go.v1/ddtrace/tracer/propagator.go ./vendor/gopkg.in/DataDog/dd-trace-go.v1/ddtrace/tracer/writer.go ./vendor/gopkg.in/DataDog/dd-trace-go.v1/ddtrace/tracer/osinfo_linux.go ./vendor/gopkg.in/DataDog/dd-trace-go.v1/ddtrace/tracer/doc.go ./vendor/gopkg.in/DataDog/dd-trace-go.v1/ddtrace/tracer/payload.go ./vendor/gopkg.in/DataDog/dd-trace-go.v1/ddtrace/tracer/osinfo_darwin.go ./vendor/gopkg.in/DataDog/dd-trace-go.v1/ddtrace/tracer/osinfo_windows.go ./vendor/gopkg.in/DataDog/dd-trace-go.v1/ddtrace/tracer/tracer.go ./vendor/gopkg.in/DataDog/dd-trace-go.v1/ddtrace/tracer/time.go ./vendor/gopkg.in/DataDog/dd-trace-go.v1/ddtrace/tracer/context.go ./vendor/gopkg.in/DataDog/dd-trace-go.v1/ddtrace/tracer/log.go ./vendor/gopkg.in/DataDog/dd-trace-go.v1/ddtrace/tracer/time_windows.go ./vendor/gopkg.in/DataDog/dd-trace-go.v1/ddtrace/tracer/osinfo_default.go ./vendor/gopkg.in/DataDog/dd-trace-go.v1/ddtrace/tracer/rand.go ./vendor/gopkg.in/DataDog/dd-trace-go.v1/ddtrace/tracer/option.go ./vendor/gopkg.in/DataDog/dd-trace-go.v1/ddtrace/tracer/transport.go ./vendor/gopkg.in/DataDog/dd-trace-go.v1/ddtrace/tracer/osinfo_freebsd.go ./vendor/gopkg.in/DataDog/dd-trace-go.v1/ddtrace/tracer/util.go ./vendor/gopkg.in/DataDog/dd-trace-go.v1/ddtrace/tracer/metrics.go ./vendor/gopkg.in/DataDog/dd-trace-go.v1/ddtrace/opentracer/span.go ./vendor/gopkg.in/DataDog/dd-trace-go.v1/ddtrace/opentracer/option.go ./vendor/gopkg.in/DataDog/dd-trace-go.v1/ddtrace/opentracer/tracer.go ./vendor/gopkg.in/DataDog/dd-trace-go.v1/ddtrace/ext/system.go ./vendor/gopkg.in/DataDog/dd-trace-go.v1/ddtrace/ext/priority.go ./vendor/gopkg.in/DataDog/dd-trace-go.v1/ddtrace/ext/cassandra.go ./vendor/gopkg.in/DataDog/dd-trace-go.v1/ddtrace/ext/app_types.go ./vendor/gopkg.in/DataDog/dd-trace-go.v1/ddtrace/ext/db.go ./vendor/gopkg.in/DataDog/dd-trace-go.v1/ddtrace/ext/tags.go ./vendor/gopkg.in/DataDog/dd-trace-go.v1/ddtrace/ext/peer.go ./vendor/gopkg.in/DataDog/dd-trace-go.v1/ddtrace/internal/globaltracer.go ./vendor/gopkg.in/DataDog/dd-trace-go.v1/ddtrace/ddtrace.go ./vendor/gopkg.in/yaml.v3/scannerc.go ./vendor/gopkg.in/yaml.v3/writerc.go ./vendor/gopkg.in/yaml.v3/yamlh.go ./vendor/gopkg.in/yaml.v3/readerc.go ./vendor/gopkg.in/yaml.v3/encode.go ./vendor/gopkg.in/yaml.v3/decode.go ./vendor/gopkg.in/yaml.v3/sorter.go ./vendor/gopkg.in/yaml.v3/resolve.go ./vendor/gopkg.in/yaml.v3/parserc.go ./vendor/gopkg.in/yaml.v3/emitterc.go ./vendor/gopkg.in/yaml.v3/yaml.go ./vendor/gopkg.in/yaml.v3/apic.go ./vendor/gopkg.in/yaml.v3/yamlprivateh.go ./vendor/github.com/pkg/errors/errors.go ./vendor/github.com/pkg/errors/go113.go ./vendor/github.com/pkg/errors/stack.go ./vendor/github.com/mikesmitty/edkey/edkey.go ./vendor/github.com/cespare/xxhash/v2/xxhash_amd64.go ./vendor/github.com/cespare/xxhash/v2/xxhash_other.go ./vendor/github.com/cespare/xxhash/v2/xxhash.go ./vendor/github.com/cespare/xxhash/v2/xxhash_unsafe.go ./vendor/github.com/cespare/xxhash/v2/xxhash_safe.go ./vendor/github.com/client9/reopen/reopen.go ./vendor/github.com/prometheus/client_golang/prometheus/timer.go ./vendor/github.com/prometheus/client_golang/prometheus/internal/metric.go ./vendor/github.com/prometheus/client_golang/prometheus/gauge.go ./vendor/github.com/prometheus/client_golang/prometheus/registry.go ./vendor/github.com/prometheus/client_golang/prometheus/process_collector_other.go ./vendor/github.com/prometheus/client_golang/prometheus/histogram.go ./vendor/github.com/prometheus/client_golang/prometheus/go_collector.go ./vendor/github.com/prometheus/client_golang/prometheus/counter.go ./vendor/github.com/prometheus/client_golang/prometheus/process_collector.go ./vendor/github.com/prometheus/client_golang/prometheus/process_collector_windows.go ./vendor/github.com/prometheus/client_golang/prometheus/collector.go ./vendor/github.com/prometheus/client_golang/prometheus/value.go ./vendor/github.com/prometheus/client_golang/prometheus/fnv.go ./vendor/github.com/prometheus/client_golang/prometheus/observer.go ./vendor/github.com/prometheus/client_golang/prometheus/metric.go ./vendor/github.com/prometheus/client_golang/prometheus/promauto/auto.go ./vendor/github.com/prometheus/client_golang/prometheus/expvar_collector.go ./vendor/github.com/prometheus/client_golang/prometheus/desc.go ./vendor/github.com/prometheus/client_golang/prometheus/vec.go ./vendor/github.com/prometheus/client_golang/prometheus/untyped.go ./vendor/github.com/prometheus/client_golang/prometheus/doc.go ./vendor/github.com/prometheus/client_golang/prometheus/summary.go ./vendor/github.com/prometheus/client_golang/prometheus/wrap.go ./vendor/github.com/prometheus/client_golang/prometheus/labels.go ./vendor/github.com/prometheus/client_golang/prometheus/promhttp/http.go ./vendor/github.com/prometheus/client_golang/prometheus/promhttp/delegator.go ./vendor/github.com/prometheus/client_golang/prometheus/promhttp/instrument_client.go ./vendor/github.com/prometheus/client_golang/prometheus/promhttp/instrument_server.go ./vendor/github.com/prometheus/client_model/go/metrics.pb.go ./vendor/github.com/prometheus/common/internal/bitbucket.org/ww/goautoneg/autoneg.go ./vendor/github.com/prometheus/common/model/silence.go ./vendor/github.com/prometheus/common/model/fingerprinting.go ./vendor/github.com/prometheus/common/model/labels.go ./vendor/github.com/prometheus/common/model/value.go ./vendor/github.com/prometheus/common/model/time.go ./vendor/github.com/prometheus/common/model/signature.go ./vendor/github.com/prometheus/common/model/metric.go ./vendor/github.com/prometheus/common/model/alert.go ./vendor/github.com/prometheus/common/model/fnv.go ./vendor/github.com/prometheus/common/model/labelset.go ./vendor/github.com/prometheus/common/model/model.go ./vendor/github.com/prometheus/common/expfmt/encode.go ./vendor/github.com/prometheus/common/expfmt/decode.go ./vendor/github.com/prometheus/common/expfmt/openmetrics_create.go ./vendor/github.com/prometheus/common/expfmt/expfmt.go ./vendor/github.com/prometheus/common/expfmt/text_create.go ./vendor/github.com/prometheus/common/expfmt/fuzz.go ./vendor/github.com/prometheus/common/expfmt/text_parse.go ./vendor/github.com/prometheus/procfs/cpuinfo.go ./vendor/github.com/prometheus/procfs/net_conntrackstat.go ./vendor/github.com/prometheus/procfs/meminfo.go ./vendor/github.com/prometheus/procfs/net_tcp.go ./vendor/github.com/prometheus/procfs/kernel_random.go ./vendor/github.com/prometheus/procfs/xfrm.go ./vendor/github.com/prometheus/procfs/proc_maps.go ./vendor/github.com/prometheus/procfs/proc_status.go ./vendor/github.com/prometheus/procfs/vm.go ./vendor/github.com/prometheus/procfs/ipvs.go ./vendor/github.com/prometheus/procfs/proc_psi.go ./vendor/github.com/prometheus/procfs/proc.go ./vendor/github.com/prometheus/procfs/cpuinfo_armx.go ./vendor/github.com/prometheus/procfs/proc_fdinfo.go ./vendor/github.com/prometheus/procfs/net_protocols.go ./vendor/github.com/prometheus/procfs/mountstats.go ./vendor/github.com/prometheus/procfs/cpuinfo_ppcx.go ./vendor/github.com/prometheus/procfs/net_dev.go ./vendor/github.com/prometheus/procfs/buddyinfo.go ./vendor/github.com/prometheus/procfs/fs.go ./vendor/github.com/prometheus/procfs/net_unix.go ./vendor/github.com/prometheus/procfs/cpuinfo_mipsx.go ./vendor/github.com/prometheus/procfs/net_udp.go ./vendor/github.com/prometheus/procfs/proc_stat.go ./vendor/github.com/prometheus/procfs/proc_limits.go ./vendor/github.com/prometheus/procfs/proc_cgroup.go ./vendor/github.com/prometheus/procfs/proc_io.go ./vendor/github.com/prometheus/procfs/cpuinfo_others.go ./vendor/github.com/prometheus/procfs/crypto.go ./vendor/github.com/prometheus/procfs/proc_smaps.go ./vendor/github.com/prometheus/procfs/zoneinfo.go ./vendor/github.com/prometheus/procfs/stat.go ./vendor/github.com/prometheus/procfs/schedstat.go ./vendor/github.com/prometheus/procfs/proc_environ.go ./vendor/github.com/prometheus/procfs/proc_ns.go ./vendor/github.com/prometheus/procfs/net_sockstat.go ./vendor/github.com/prometheus/procfs/internal/util/readfile.go ./vendor/github.com/prometheus/procfs/internal/util/sysreadfile.go ./vendor/github.com/prometheus/procfs/internal/util/sysreadfile_compat.go ./vendor/github.com/prometheus/procfs/internal/util/valueparser.go ./vendor/github.com/prometheus/procfs/internal/util/parse.go ./vendor/github.com/prometheus/procfs/internal/fs/fs.go ./vendor/github.com/prometheus/procfs/loadavg.go ./vendor/github.com/prometheus/procfs/doc.go ./vendor/github.com/prometheus/procfs/cpuinfo_s390x.go ./vendor/github.com/prometheus/procfs/mdstat.go ./vendor/github.com/prometheus/procfs/net_softnet.go ./vendor/github.com/prometheus/procfs/cpuinfo_riscvx.go ./vendor/github.com/prometheus/procfs/mountinfo.go ./vendor/github.com/prometheus/procfs/fscache.go ./vendor/github.com/prometheus/procfs/slab.go ./vendor/github.com/prometheus/procfs/cpuinfo_x86.go ./vendor/github.com/prometheus/procfs/arp.go ./vendor/github.com/prometheus/procfs/swaps.go ./vendor/github.com/prometheus/procfs/net_ip_socket.go ./vendor/github.com/aws/aws-sdk-go/service/sso/service.go ./vendor/github.com/aws/aws-sdk-go/service/sso/doc.go ./vendor/github.com/aws/aws-sdk-go/service/sso/api.go ./vendor/github.com/aws/aws-sdk-go/service/sso/errors.go ./vendor/github.com/aws/aws-sdk-go/service/sso/ssoiface/interface.go ./vendor/github.com/aws/aws-sdk-go/service/sts/service.go ./vendor/github.com/aws/aws-sdk-go/service/sts/customizations.go ./vendor/github.com/aws/aws-sdk-go/service/sts/api.go ./vendor/github.com/aws/aws-sdk-go/service/sts/errors.go ./vendor/github.com/aws/aws-sdk-go/service/sts/stsiface/interface.go ./vendor/github.com/aws/aws-sdk-go/service/sts/doc.go ./vendor/github.com/aws/aws-sdk-go/aws/awsutil/path_value.go ./vendor/github.com/aws/aws-sdk-go/aws/awsutil/copy.go ./vendor/github.com/aws/aws-sdk-go/aws/awsutil/prettify.go ./vendor/github.com/aws/aws-sdk-go/aws/awsutil/equal.go ./vendor/github.com/aws/aws-sdk-go/aws/awsutil/string_value.go ./vendor/github.com/aws/aws-sdk-go/aws/context_background_1_5.go ./vendor/github.com/aws/aws-sdk-go/aws/credentials/shared_credentials_provider.go ./vendor/github.com/aws/aws-sdk-go/aws/credentials/ssocreds/provider.go ./vendor/github.com/aws/aws-sdk-go/aws/credentials/ssocreds/os.go ./vendor/github.com/aws/aws-sdk-go/aws/credentials/ssocreds/doc.go ./vendor/github.com/aws/aws-sdk-go/aws/credentials/ssocreds/os_windows.go ./vendor/github.com/aws/aws-sdk-go/aws/credentials/context_background_go1.7.go ./vendor/github.com/aws/aws-sdk-go/aws/credentials/context_go1.9.go ./vendor/github.com/aws/aws-sdk-go/aws/credentials/env_provider.go ./vendor/github.com/aws/aws-sdk-go/aws/credentials/processcreds/provider.go ./vendor/github.com/aws/aws-sdk-go/aws/credentials/context_background_go1.5.go ./vendor/github.com/aws/aws-sdk-go/aws/credentials/static_provider.go ./vendor/github.com/aws/aws-sdk-go/aws/credentials/stscreds/assume_role_provider.go ./vendor/github.com/aws/aws-sdk-go/aws/credentials/stscreds/web_identity_provider.go ./vendor/github.com/aws/aws-sdk-go/aws/credentials/chain_provider.go ./vendor/github.com/aws/aws-sdk-go/aws/credentials/context_go1.5.go ./vendor/github.com/aws/aws-sdk-go/aws/credentials/credentials.go ./vendor/github.com/aws/aws-sdk-go/aws/credentials/endpointcreds/provider.go ./vendor/github.com/aws/aws-sdk-go/aws/credentials/ec2rolecreds/ec2_role_provider.go ./vendor/github.com/aws/aws-sdk-go/aws/url.go ./vendor/github.com/aws/aws-sdk-go/aws/endpoints/dep_service_ids.go ./vendor/github.com/aws/aws-sdk-go/aws/endpoints/decode.go ./vendor/github.com/aws/aws-sdk-go/aws/endpoints/endpoints.go ./vendor/github.com/aws/aws-sdk-go/aws/endpoints/v3model_codegen.go ./vendor/github.com/aws/aws-sdk-go/aws/endpoints/v3model.go ./vendor/github.com/aws/aws-sdk-go/aws/endpoints/doc.go ./vendor/github.com/aws/aws-sdk-go/aws/endpoints/defaults.go ./vendor/github.com/aws/aws-sdk-go/aws/endpoints/legacy_regions.go ./vendor/github.com/aws/aws-sdk-go/aws/url_1_7.go ./vendor/github.com/aws/aws-sdk-go/aws/request/request_1_7.go ./vendor/github.com/aws/aws-sdk-go/aws/request/offset_reader.go ./vendor/github.com/aws/aws-sdk-go/aws/request/request_context_1_6.go ./vendor/github.com/aws/aws-sdk-go/aws/request/request_pagination.go ./vendor/github.com/aws/aws-sdk-go/aws/request/request.go ./vendor/github.com/aws/aws-sdk-go/aws/request/http_request.go ./vendor/github.com/aws/aws-sdk-go/aws/request/validation.go ./vendor/github.com/aws/aws-sdk-go/aws/request/request_context.go ./vendor/github.com/aws/aws-sdk-go/aws/request/request_1_8.go ./vendor/github.com/aws/aws-sdk-go/aws/request/retryer.go ./vendor/github.com/aws/aws-sdk-go/aws/request/connection_reset_error.go ./vendor/github.com/aws/aws-sdk-go/aws/request/waiter.go ./vendor/github.com/aws/aws-sdk-go/aws/request/timeout_read_closer.go ./vendor/github.com/aws/aws-sdk-go/aws/request/handlers.go ./vendor/github.com/aws/aws-sdk-go/aws/logger.go ./vendor/github.com/aws/aws-sdk-go/aws/convert_types.go ./vendor/github.com/aws/aws-sdk-go/aws/context_background_1_7.go ./vendor/github.com/aws/aws-sdk-go/aws/errors.go ./vendor/github.com/aws/aws-sdk-go/aws/version.go ./vendor/github.com/aws/aws-sdk-go/aws/ec2metadata/api.go ./vendor/github.com/aws/aws-sdk-go/aws/ec2metadata/service.go ./vendor/github.com/aws/aws-sdk-go/aws/ec2metadata/token_provider.go ./vendor/github.com/aws/aws-sdk-go/aws/context_1_5.go ./vendor/github.com/aws/aws-sdk-go/aws/client/logger.go ./vendor/github.com/aws/aws-sdk-go/aws/client/no_op_retryer.go ./vendor/github.com/aws/aws-sdk-go/aws/client/client.go ./vendor/github.com/aws/aws-sdk-go/aws/client/metadata/client_info.go ./vendor/github.com/aws/aws-sdk-go/aws/client/default_retryer.go ./vendor/github.com/aws/aws-sdk-go/aws/signer/v4/uri_path.go ./vendor/github.com/aws/aws-sdk-go/aws/signer/v4/request_context_go1.7.go ./vendor/github.com/aws/aws-sdk-go/aws/signer/v4/request_context_go1.5.go ./vendor/github.com/aws/aws-sdk-go/aws/signer/v4/header_rules.go ./vendor/github.com/aws/aws-sdk-go/aws/signer/v4/options.go ./vendor/github.com/aws/aws-sdk-go/aws/signer/v4/v4.go ./vendor/github.com/aws/aws-sdk-go/aws/signer/v4/stream.go ./vendor/github.com/aws/aws-sdk-go/aws/jsonvalue.go ./vendor/github.com/aws/aws-sdk-go/aws/types.go ./vendor/github.com/aws/aws-sdk-go/aws/defaults/defaults.go ./vendor/github.com/aws/aws-sdk-go/aws/defaults/shared_config.go ./vendor/github.com/aws/aws-sdk-go/aws/awserr/types.go ./vendor/github.com/aws/aws-sdk-go/aws/awserr/error.go ./vendor/github.com/aws/aws-sdk-go/aws/context_sleep.go ./vendor/github.com/aws/aws-sdk-go/aws/config.go ./vendor/github.com/aws/aws-sdk-go/aws/doc.go ./vendor/github.com/aws/aws-sdk-go/aws/context_1_9.go ./vendor/github.com/aws/aws-sdk-go/aws/session/custom_transport_go1.6.go ./vendor/github.com/aws/aws-sdk-go/aws/session/custom_transport_go1.5.go ./vendor/github.com/aws/aws-sdk-go/aws/session/doc.go ./vendor/github.com/aws/aws-sdk-go/aws/session/shared_config.go ./vendor/github.com/aws/aws-sdk-go/aws/session/session.go ./vendor/github.com/aws/aws-sdk-go/aws/session/custom_transport.go ./vendor/github.com/aws/aws-sdk-go/aws/session/env_config.go ./vendor/github.com/aws/aws-sdk-go/aws/session/custom_transport_go1.12.go ./vendor/github.com/aws/aws-sdk-go/aws/session/credentials.go ./vendor/github.com/aws/aws-sdk-go/aws/corehandlers/user_agent.go ./vendor/github.com/aws/aws-sdk-go/aws/corehandlers/handlers.go ./vendor/github.com/aws/aws-sdk-go/aws/corehandlers/param_validator.go ./vendor/github.com/aws/aws-sdk-go/aws/csm/metric.go ./vendor/github.com/aws/aws-sdk-go/aws/csm/metric_chan.go ./vendor/github.com/aws/aws-sdk-go/aws/csm/metric_exception.go ./vendor/github.com/aws/aws-sdk-go/aws/csm/enable.go ./vendor/github.com/aws/aws-sdk-go/aws/csm/reporter.go ./vendor/github.com/aws/aws-sdk-go/aws/csm/doc.go ./vendor/github.com/aws/aws-sdk-go/internal/sync/singleflight/singleflight.go ./vendor/github.com/aws/aws-sdk-go/internal/sdkrand/read.go ./vendor/github.com/aws/aws-sdk-go/internal/sdkrand/read_1_5.go ./vendor/github.com/aws/aws-sdk-go/internal/sdkrand/locked_source.go ./vendor/github.com/aws/aws-sdk-go/internal/context/background_go1.5.go ./vendor/github.com/aws/aws-sdk-go/internal/sdkuri/path.go ./vendor/github.com/aws/aws-sdk-go/internal/sdkio/byte.go ./vendor/github.com/aws/aws-sdk-go/internal/sdkio/io_go1.7.go ./vendor/github.com/aws/aws-sdk-go/internal/sdkio/io_go1.6.go ./vendor/github.com/aws/aws-sdk-go/internal/sdkmath/floor_go1.9.go ./vendor/github.com/aws/aws-sdk-go/internal/sdkmath/floor.go ./vendor/github.com/aws/aws-sdk-go/internal/shareddefaults/shared_config.go ./vendor/github.com/aws/aws-sdk-go/internal/shareddefaults/ecs_container.go ./vendor/github.com/aws/aws-sdk-go/internal/ini/fuzz.go ./vendor/github.com/aws/aws-sdk-go/internal/ini/ini_lexer.go ./vendor/github.com/aws/aws-sdk-go/internal/ini/visitor.go ./vendor/github.com/aws/aws-sdk-go/internal/ini/newline_token.go ./vendor/github.com/aws/aws-sdk-go/internal/ini/op_tokens.go ./vendor/github.com/aws/aws-sdk-go/internal/ini/ini.go ./vendor/github.com/aws/aws-sdk-go/internal/ini/parse_error.go ./vendor/github.com/aws/aws-sdk-go/internal/ini/value_util.go ./vendor/github.com/aws/aws-sdk-go/internal/ini/literal_tokens.go ./vendor/github.com/aws/aws-sdk-go/internal/ini/empty_token.go ./vendor/github.com/aws/aws-sdk-go/internal/ini/statement.go ./vendor/github.com/aws/aws-sdk-go/internal/ini/doc.go ./vendor/github.com/aws/aws-sdk-go/internal/ini/skipper.go ./vendor/github.com/aws/aws-sdk-go/internal/ini/expression.go ./vendor/github.com/aws/aws-sdk-go/internal/ini/ws_token.go ./vendor/github.com/aws/aws-sdk-go/internal/ini/parse_stack.go ./vendor/github.com/aws/aws-sdk-go/internal/ini/sep_tokens.go ./vendor/github.com/aws/aws-sdk-go/internal/ini/number_helper.go ./vendor/github.com/aws/aws-sdk-go/internal/ini/ini_parser.go ./vendor/github.com/aws/aws-sdk-go/internal/ini/ast.go ./vendor/github.com/aws/aws-sdk-go/internal/ini/comment_token.go ./vendor/github.com/aws/aws-sdk-go/internal/ini/walker.go ./vendor/github.com/aws/aws-sdk-go/internal/ini/comma_token.go ./vendor/github.com/aws/aws-sdk-go/internal/strings/strings.go ./vendor/github.com/aws/aws-sdk-go/private/protocol/rest/build.go ./vendor/github.com/aws/aws-sdk-go/private/protocol/rest/unmarshal.go ./vendor/github.com/aws/aws-sdk-go/private/protocol/rest/payload.go ./vendor/github.com/aws/aws-sdk-go/private/protocol/jsonrpc/jsonrpc.go ./vendor/github.com/aws/aws-sdk-go/private/protocol/jsonrpc/unmarshal_error.go ./vendor/github.com/aws/aws-sdk-go/private/protocol/query/build.go ./vendor/github.com/aws/aws-sdk-go/private/protocol/query/queryutil/queryutil.go ./vendor/github.com/aws/aws-sdk-go/private/protocol/query/unmarshal_error.go ./vendor/github.com/aws/aws-sdk-go/private/protocol/query/unmarshal.go ./vendor/github.com/aws/aws-sdk-go/private/protocol/host.go ./vendor/github.com/aws/aws-sdk-go/private/protocol/json/jsonutil/build.go ./vendor/github.com/aws/aws-sdk-go/private/protocol/json/jsonutil/unmarshal.go ./vendor/github.com/aws/aws-sdk-go/private/protocol/restjson/unmarshal_error.go ./vendor/github.com/aws/aws-sdk-go/private/protocol/restjson/restjson.go ./vendor/github.com/aws/aws-sdk-go/private/protocol/payload.go ./vendor/github.com/aws/aws-sdk-go/private/protocol/unmarshal.go ./vendor/github.com/aws/aws-sdk-go/private/protocol/protocol.go ./vendor/github.com/aws/aws-sdk-go/private/protocol/timestamp.go ./vendor/github.com/aws/aws-sdk-go/private/protocol/unmarshal_error.go ./vendor/github.com/aws/aws-sdk-go/private/protocol/jsonvalue.go ./vendor/github.com/aws/aws-sdk-go/private/protocol/xml/xmlutil/build.go ./vendor/github.com/aws/aws-sdk-go/private/protocol/xml/xmlutil/sort.go ./vendor/github.com/aws/aws-sdk-go/private/protocol/xml/xmlutil/unmarshal.go ./vendor/github.com/aws/aws-sdk-go/private/protocol/xml/xmlutil/xml_to_struct.go ./vendor/github.com/aws/aws-sdk-go/private/protocol/idempotency.go ./vendor/github.com/aws/aws-sdk-go/private/protocol/host_prefix.go ./vendor/github.com/sirupsen/logrus/formatter.go ./vendor/github.com/sirupsen/logrus/buffer_pool.go ./vendor/github.com/sirupsen/logrus/exported.go ./vendor/github.com/sirupsen/logrus/logger.go ./vendor/github.com/sirupsen/logrus/text_formatter.go ./vendor/github.com/sirupsen/logrus/terminal_check_unix.go ./vendor/github.com/sirupsen/logrus/entry.go ./vendor/github.com/sirupsen/logrus/terminal_check_no_terminal.go ./vendor/github.com/sirupsen/logrus/terminal_check_js.go ./vendor/github.com/sirupsen/logrus/terminal_check_bsd.go ./vendor/github.com/sirupsen/logrus/alt_exit.go ./vendor/github.com/sirupsen/logrus/terminal_check_solaris.go ./vendor/github.com/sirupsen/logrus/hooks.go ./vendor/github.com/sirupsen/logrus/logrus.go ./vendor/github.com/sirupsen/logrus/terminal_check_windows.go ./vendor/github.com/sirupsen/logrus/doc.go ./vendor/github.com/sirupsen/logrus/writer.go ./vendor/github.com/sirupsen/logrus/terminal_check_appengine.go ./vendor/github.com/sirupsen/logrus/json_formatter.go ./vendor/github.com/sirupsen/logrus/terminal_check_notappengine.go ./vendor/github.com/pmezard/go-difflib/difflib/difflib.go ./vendor/github.com/uber/jaeger-client-go/utils/udp_client.go ./vendor/github.com/uber/jaeger-client-go/utils/http_json.go ./vendor/github.com/uber/jaeger-client-go/utils/utils.go ./vendor/github.com/uber/jaeger-client-go/utils/localip.go ./vendor/github.com/uber/jaeger-client-go/utils/reconnecting_udp_conn.go ./vendor/github.com/uber/jaeger-client-go/utils/rand.go ./vendor/github.com/uber/jaeger-client-go/utils/rate_limiter.go ./vendor/github.com/uber/jaeger-client-go/transport.go ./vendor/github.com/uber/jaeger-client-go/log/logger.go ./vendor/github.com/uber/jaeger-client-go/jaeger_thrift_span.go ./vendor/github.com/uber/jaeger-client-go/transport/doc.go ./vendor/github.com/uber/jaeger-client-go/transport/http.go ./vendor/github.com/uber/jaeger-client-go/doc.go ./vendor/github.com/uber/jaeger-client-go/header.go ./vendor/github.com/uber/jaeger-client-go/propagation.go ./vendor/github.com/uber/jaeger-client-go/observer.go ./vendor/github.com/uber/jaeger-client-go/reporter.go ./vendor/github.com/uber/jaeger-client-go/constants.go ./vendor/github.com/uber/jaeger-client-go/reporter_options.go ./vendor/github.com/uber/jaeger-client-go/span.go ./vendor/github.com/uber/jaeger-client-go/sampler.go ./vendor/github.com/uber/jaeger-client-go/rpcmetrics/endpoints.go ./vendor/github.com/uber/jaeger-client-go/rpcmetrics/metrics.go ./vendor/github.com/uber/jaeger-client-go/rpcmetrics/normalizer.go ./vendor/github.com/uber/jaeger-client-go/rpcmetrics/observer.go ./vendor/github.com/uber/jaeger-client-go/rpcmetrics/doc.go ./vendor/github.com/uber/jaeger-client-go/tracer_options.go ./vendor/github.com/uber/jaeger-client-go/process.go ./vendor/github.com/uber/jaeger-client-go/thrift/rich_transport.go ./vendor/github.com/uber/jaeger-client-go/thrift/exception.go ./vendor/github.com/uber/jaeger-client-go/thrift/protocol_factory.go ./vendor/github.com/uber/jaeger-client-go/thrift/application_exception.go ./vendor/github.com/uber/jaeger-client-go/thrift/transport.go ./vendor/github.com/uber/jaeger-client-go/thrift/protocol.go ./vendor/github.com/uber/jaeger-client-go/thrift/protocol_exception.go ./vendor/github.com/uber/jaeger-client-go/thrift/simple_json_protocol.go ./vendor/github.com/uber/jaeger-client-go/thrift/processor.go ./vendor/github.com/uber/jaeger-client-go/thrift/binary_protocol.go ./vendor/github.com/uber/jaeger-client-go/thrift/messagetype.go ./vendor/github.com/uber/jaeger-client-go/thrift/numeric.go ./vendor/github.com/uber/jaeger-client-go/thrift/transport_exception.go ./vendor/github.com/uber/jaeger-client-go/thrift/compact_protocol.go ./vendor/github.com/uber/jaeger-client-go/thrift/transport_factory.go ./vendor/github.com/uber/jaeger-client-go/thrift/memory_buffer.go ./vendor/github.com/uber/jaeger-client-go/thrift/type.go ./vendor/github.com/uber/jaeger-client-go/thrift/serializer.go ./vendor/github.com/uber/jaeger-client-go/zipkin.go ./vendor/github.com/uber/jaeger-client-go/zipkin_thrift_span.go ./vendor/github.com/uber/jaeger-client-go/config/options.go ./vendor/github.com/uber/jaeger-client-go/config/config_env.go ./vendor/github.com/uber/jaeger-client-go/config/config.go ./vendor/github.com/uber/jaeger-client-go/tracer.go ./vendor/github.com/uber/jaeger-client-go/sampler_v2.go ./vendor/github.com/uber/jaeger-client-go/interop.go ./vendor/github.com/uber/jaeger-client-go/span_context.go ./vendor/github.com/uber/jaeger-client-go/baggage_setter.go ./vendor/github.com/uber/jaeger-client-go/sampler_remote.go ./vendor/github.com/uber/jaeger-client-go/contrib_observer.go ./vendor/github.com/uber/jaeger-client-go/reference.go ./vendor/github.com/uber/jaeger-client-go/metrics.go ./vendor/github.com/uber/jaeger-client-go/internal/throttler/remote/options.go ./vendor/github.com/uber/jaeger-client-go/internal/throttler/remote/throttler.go ./vendor/github.com/uber/jaeger-client-go/internal/throttler/throttler.go ./vendor/github.com/uber/jaeger-client-go/internal/reporterstats/stats.go ./vendor/github.com/uber/jaeger-client-go/internal/spanlog/json.go ./vendor/github.com/uber/jaeger-client-go/internal/baggage/restriction_manager.go ./vendor/github.com/uber/jaeger-client-go/internal/baggage/remote/options.go ./vendor/github.com/uber/jaeger-client-go/internal/baggage/remote/restriction_manager.go ./vendor/github.com/uber/jaeger-client-go/sampler_remote_options.go ./vendor/github.com/uber/jaeger-client-go/thrift-gen/agent/agent.go ./vendor/github.com/uber/jaeger-client-go/thrift-gen/agent/ttypes.go ./vendor/github.com/uber/jaeger-client-go/thrift-gen/agent/constants.go ./vendor/github.com/uber/jaeger-client-go/thrift-gen/jaeger/ttypes.go ./vendor/github.com/uber/jaeger-client-go/thrift-gen/jaeger/constants.go ./vendor/github.com/uber/jaeger-client-go/thrift-gen/jaeger/agent.go ./vendor/github.com/uber/jaeger-client-go/thrift-gen/baggage/ttypes.go ./vendor/github.com/uber/jaeger-client-go/thrift-gen/baggage/constants.go ./vendor/github.com/uber/jaeger-client-go/thrift-gen/baggage/baggagerestrictionmanager.go ./vendor/github.com/uber/jaeger-client-go/thrift-gen/sampling/ttypes.go ./vendor/github.com/uber/jaeger-client-go/thrift-gen/sampling/samplingmanager.go ./vendor/github.com/uber/jaeger-client-go/thrift-gen/sampling/constants.go ./vendor/github.com/uber/jaeger-client-go/thrift-gen/zipkincore/constants.go ./vendor/github.com/uber/jaeger-client-go/thrift-gen/zipkincore/zipkincollector.go ./vendor/github.com/uber/jaeger-client-go/thrift-gen/zipkincore/ttypes.go ./vendor/github.com/uber/jaeger-client-go/span_allocator.go ./vendor/github.com/uber/jaeger-client-go/jaeger_tag.go ./vendor/github.com/uber/jaeger-client-go/logger.go ./vendor/github.com/uber/jaeger-client-go/transport_udp.go ./vendor/github.com/uber/jaeger-lib/metrics/stopwatch.go ./vendor/github.com/uber/jaeger-lib/metrics/counter.go ./vendor/github.com/uber/jaeger-lib/metrics/histogram.go ./vendor/github.com/uber/jaeger-lib/metrics/factory.go ./vendor/github.com/uber/jaeger-lib/metrics/keys.go ./vendor/github.com/uber/jaeger-lib/metrics/metrics.go ./vendor/github.com/uber/jaeger-lib/metrics/timer.go ./vendor/github.com/uber/jaeger-lib/metrics/gauge.go ./vendor/github.com/google/pprof/profile/filter.go ./vendor/github.com/google/pprof/profile/merge.go ./vendor/github.com/google/pprof/profile/legacy_profile.go ./vendor/github.com/google/pprof/profile/prune.go ./vendor/github.com/google/pprof/profile/proto.go ./vendor/github.com/google/pprof/profile/index.go ./vendor/github.com/google/pprof/profile/profile.go ./vendor/github.com/google/pprof/profile/legacy_java_profile.go ./vendor/github.com/google/pprof/profile/encode.go ./vendor/github.com/google/go-cmp/cmp/internal/function/func.go ./vendor/github.com/google/go-cmp/cmp/internal/value/pointer_purego.go ./vendor/github.com/google/go-cmp/cmp/internal/value/pointer_unsafe.go ./vendor/github.com/google/go-cmp/cmp/internal/value/zero.go ./vendor/github.com/google/go-cmp/cmp/internal/value/name.go ./vendor/github.com/google/go-cmp/cmp/internal/value/sort.go ./vendor/github.com/google/go-cmp/cmp/internal/flags/flags.go ./vendor/github.com/google/go-cmp/cmp/internal/flags/toolchain_legacy.go ./vendor/github.com/google/go-cmp/cmp/internal/flags/toolchain_recent.go ./vendor/github.com/google/go-cmp/cmp/internal/diff/diff.go ./vendor/github.com/google/go-cmp/cmp/internal/diff/debug_disable.go ./vendor/github.com/google/go-cmp/cmp/internal/diff/debug_enable.go ./vendor/github.com/google/go-cmp/cmp/export_panic.go ./vendor/github.com/google/go-cmp/cmp/report_compare.go ./vendor/github.com/google/go-cmp/cmp/options.go ./vendor/github.com/google/go-cmp/cmp/compare.go ./vendor/github.com/google/go-cmp/cmp/path.go ./vendor/github.com/google/go-cmp/cmp/report_text.go ./vendor/github.com/google/go-cmp/cmp/report_references.go ./vendor/github.com/google/go-cmp/cmp/report_slices.go ./vendor/github.com/google/go-cmp/cmp/report_reflect.go ./vendor/github.com/google/go-cmp/cmp/report_value.go ./vendor/github.com/google/go-cmp/cmp/report.go ./vendor/github.com/google/go-cmp/cmp/export_unsafe.go ./vendor/github.com/google/uuid/util.go ./vendor/github.com/google/uuid/doc.go ./vendor/github.com/google/uuid/time.go ./vendor/github.com/google/uuid/version1.go ./vendor/github.com/google/uuid/marshal.go ./vendor/github.com/google/uuid/version4.go ./vendor/github.com/google/uuid/uuid.go ./vendor/github.com/google/uuid/node_net.go ./vendor/github.com/google/uuid/hash.go ./vendor/github.com/google/uuid/node.go ./vendor/github.com/google/uuid/dce.go ./vendor/github.com/google/uuid/sql.go ./vendor/github.com/google/uuid/node_js.go ./vendor/github.com/opentracing/opentracing-go/propagation.go ./vendor/github.com/opentracing/opentracing-go/ext.go ./vendor/github.com/opentracing/opentracing-go/tracer.go ./vendor/github.com/opentracing/opentracing-go/log/util.go ./vendor/github.com/opentracing/opentracing-go/log/field.go ./vendor/github.com/opentracing/opentracing-go/ext/tags.go ./vendor/github.com/opentracing/opentracing-go/ext/field.go ./vendor/github.com/opentracing/opentracing-go/noop.go ./vendor/github.com/opentracing/opentracing-go/gocontext.go ./vendor/github.com/opentracing/opentracing-go/globaltracer.go ./vendor/github.com/opentracing/opentracing-go/span.go ./vendor/github.com/googleapis/gax-go/v2/invoke.go ./vendor/github.com/googleapis/gax-go/v2/gax.go ./vendor/github.com/googleapis/gax-go/v2/call_option.go ./vendor/github.com/googleapis/gax-go/v2/header.go ./vendor/github.com/grpc-ecosystem/go-grpc-middleware/tracing/opentracing/options.go ./vendor/github.com/grpc-ecosystem/go-grpc-middleware/tracing/opentracing/id_extract.go ./vendor/github.com/grpc-ecosystem/go-grpc-middleware/tracing/opentracing/server_interceptors.go ./vendor/github.com/grpc-ecosystem/go-grpc-middleware/tracing/opentracing/doc.go ./vendor/github.com/grpc-ecosystem/go-grpc-middleware/tracing/opentracing/client_interceptors.go ./vendor/github.com/grpc-ecosystem/go-grpc-middleware/tracing/opentracing/metadata.go ./vendor/github.com/grpc-ecosystem/go-grpc-middleware/wrappers.go ./vendor/github.com/grpc-ecosystem/go-grpc-middleware/util/metautils/nicemd.go ./vendor/github.com/grpc-ecosystem/go-grpc-middleware/util/metautils/doc.go ./vendor/github.com/grpc-ecosystem/go-grpc-middleware/doc.go ./vendor/github.com/grpc-ecosystem/go-grpc-middleware/chain.go ./vendor/github.com/grpc-ecosystem/go-grpc-middleware/auth/auth.go ./vendor/github.com/grpc-ecosystem/go-grpc-middleware/auth/metadata.go ./vendor/github.com/grpc-ecosystem/go-grpc-middleware/auth/doc.go ./vendor/github.com/grpc-ecosystem/go-grpc-middleware/tags/fieldextractor.go ./vendor/github.com/grpc-ecosystem/go-grpc-middleware/tags/context.go ./vendor/github.com/grpc-ecosystem/go-grpc-middleware/tags/interceptors.go ./vendor/github.com/grpc-ecosystem/go-grpc-middleware/tags/options.go ./vendor/github.com/grpc-ecosystem/go-grpc-middleware/tags/doc.go ./vendor/github.com/grpc-ecosystem/go-grpc-prometheus/metric_options.go ./vendor/github.com/grpc-ecosystem/go-grpc-prometheus/client.go ./vendor/github.com/grpc-ecosystem/go-grpc-prometheus/server.go ./vendor/github.com/grpc-ecosystem/go-grpc-prometheus/util.go ./vendor/github.com/grpc-ecosystem/go-grpc-prometheus/server_reporter.go ./vendor/github.com/grpc-ecosystem/go-grpc-prometheus/server_metrics.go ./vendor/github.com/grpc-ecosystem/go-grpc-prometheus/client_metrics.go ./vendor/github.com/grpc-ecosystem/go-grpc-prometheus/client_reporter.go ./vendor/github.com/gogo/protobuf/sortkeys/sortkeys.go ./vendor/github.com/gogo/protobuf/proto/text_gogo.go ./vendor/github.com/gogo/protobuf/proto/table_marshal.go ./vendor/github.com/gogo/protobuf/proto/table_merge.go ./vendor/github.com/gogo/protobuf/proto/pointer_reflect_gogo.go ./vendor/github.com/gogo/protobuf/proto/pointer_reflect.go ./vendor/github.com/gogo/protobuf/proto/properties_gogo.go ./vendor/github.com/gogo/protobuf/proto/clone.go ./vendor/github.com/gogo/protobuf/proto/wrappers.go ./vendor/github.com/gogo/protobuf/proto/text_parser.go ./vendor/github.com/gogo/protobuf/proto/custom_gogo.go ./vendor/github.com/gogo/protobuf/proto/table_unmarshal_gogo.go ./vendor/github.com/gogo/protobuf/proto/message_set.go ./vendor/github.com/gogo/protobuf/proto/deprecated.go ./vendor/github.com/gogo/protobuf/proto/skip_gogo.go ./vendor/github.com/gogo/protobuf/proto/text.go ./vendor/github.com/gogo/protobuf/proto/duration.go ./vendor/github.com/gogo/protobuf/proto/encode_gogo.go ./vendor/github.com/gogo/protobuf/proto/table_marshal_gogo.go ./vendor/github.com/gogo/protobuf/proto/extensions.go ./vendor/github.com/gogo/protobuf/proto/lib_gogo.go ./vendor/github.com/gogo/protobuf/proto/pointer_unsafe_gogo.go ./vendor/github.com/gogo/protobuf/proto/properties.go ./vendor/github.com/gogo/protobuf/proto/duration_gogo.go ./vendor/github.com/gogo/protobuf/proto/extensions_gogo.go ./vendor/github.com/gogo/protobuf/proto/wrappers_gogo.go ./vendor/github.com/gogo/protobuf/proto/decode.go ./vendor/github.com/gogo/protobuf/proto/encode.go ./vendor/github.com/gogo/protobuf/proto/discard.go ./vendor/github.com/gogo/protobuf/proto/timestamp.go ./vendor/github.com/gogo/protobuf/proto/timestamp_gogo.go ./vendor/github.com/gogo/protobuf/proto/table_unmarshal.go ./vendor/github.com/gogo/protobuf/proto/lib.go ./vendor/github.com/gogo/protobuf/proto/equal.go ./vendor/github.com/gogo/protobuf/proto/pointer_unsafe.go ./vendor/github.com/gogo/protobuf/types/timestamp_gogo.go ./vendor/github.com/gogo/protobuf/types/duration_gogo.go ./vendor/github.com/gogo/protobuf/types/type.pb.go ./vendor/github.com/gogo/protobuf/types/protosize.go ./vendor/github.com/gogo/protobuf/types/api.pb.go ./vendor/github.com/gogo/protobuf/types/wrappers_gogo.go ./vendor/github.com/gogo/protobuf/types/duration.go ./vendor/github.com/gogo/protobuf/types/doc.go ./vendor/github.com/gogo/protobuf/types/timestamp.pb.go ./vendor/github.com/gogo/protobuf/types/duration.pb.go ./vendor/github.com/gogo/protobuf/types/timestamp.go ./vendor/github.com/gogo/protobuf/types/source_context.pb.go ./vendor/github.com/gogo/protobuf/types/struct.pb.go ./vendor/github.com/gogo/protobuf/types/field_mask.pb.go ./vendor/github.com/gogo/protobuf/types/any.go ./vendor/github.com/gogo/protobuf/types/wrappers.pb.go ./vendor/github.com/gogo/protobuf/types/any.pb.go ./vendor/github.com/gogo/protobuf/types/empty.pb.go ./vendor/github.com/philhofer/fwd/writer_unsafe.go ./vendor/github.com/philhofer/fwd/writer.go ./vendor/github.com/philhofer/fwd/writer_appengine.go ./vendor/github.com/philhofer/fwd/reader.go ./vendor/github.com/oklog/ulid/v2/ulid.go ./vendor/github.com/davecgh/go-spew/spew/config.go ./vendor/github.com/davecgh/go-spew/spew/common.go ./vendor/github.com/davecgh/go-spew/spew/format.go ./vendor/github.com/davecgh/go-spew/spew/bypass.go ./vendor/github.com/davecgh/go-spew/spew/doc.go ./vendor/github.com/davecgh/go-spew/spew/spew.go ./vendor/github.com/davecgh/go-spew/spew/dump.go ./vendor/github.com/davecgh/go-spew/spew/bypasssafe.go ./vendor/github.com/beorn7/perks/quantile/stream.go ./vendor/github.com/lightstep/lightstep-tracer-go/proto_converter.go ./vendor/github.com/lightstep/lightstep-tracer-go/util.go ./vendor/github.com/lightstep/lightstep-tracer-go/internal/metrics/reporter.go ./vendor/github.com/lightstep/lightstep-tracer-go/internal/metrics/metrics.go ./vendor/github.com/lightstep/lightstep-tracer-go/internal/metrics/package.go ./vendor/github.com/lightstep/lightstep-tracer-go/version.go ./vendor/github.com/lightstep/lightstep-tracer-go/events.go ./vendor/github.com/lightstep/lightstep-tracer-go/propagation_stack.go ./vendor/github.com/lightstep/lightstep-tracer-go/tracer_helpers.go ./vendor/github.com/lightstep/lightstep-tracer-go/event_handlers.go ./vendor/github.com/lightstep/lightstep-tracer-go/collector_client_http.go ./vendor/github.com/lightstep/lightstep-tracer-go/tracer.go ./vendor/github.com/lightstep/lightstep-tracer-go/collector_client_grpc.go ./vendor/github.com/lightstep/lightstep-tracer-go/options.go ./vendor/github.com/lightstep/lightstep-tracer-go/report_buffer.go ./vendor/github.com/lightstep/lightstep-tracer-go/raw_span.go ./vendor/github.com/lightstep/lightstep-tracer-go/tracer_0_14.go ./vendor/github.com/lightstep/lightstep-tracer-go/propagation.go ./vendor/github.com/lightstep/lightstep-tracer-go/lightstep/rand/pool.go ./vendor/github.com/lightstep/lightstep-tracer-go/lightstep/rand/num_gen.go ./vendor/github.com/lightstep/lightstep-tracer-go/lightstep/rand/locked_rand.go ./vendor/github.com/lightstep/lightstep-tracer-go/constants/constants.go ./vendor/github.com/lightstep/lightstep-tracer-go/meta_events.go ./vendor/github.com/lightstep/lightstep-tracer-go/propagation_text.go ./vendor/github.com/lightstep/lightstep-tracer-go/collector_client_custom.go ./vendor/github.com/lightstep/lightstep-tracer-go/span.go ./vendor/github.com/lightstep/lightstep-tracer-go/collector_client.go ./vendor/github.com/lightstep/lightstep-tracer-go/propagation_binary.go ./vendor/github.com/lightstep/lightstep-tracer-go/proto_logencoder.go ./vendor/github.com/lightstep/lightstep-tracer-go/propagation_lightstep.go ./vendor/github.com/lightstep/lightstep-tracer-go/propagation_b3.go ./vendor/github.com/lightstep/lightstep-tracer-common/golang/gogo/collectorpb/collector.pb.go ./vendor/github.com/lightstep/lightstep-tracer-common/golang/gogo/metricspb/metrics.pb.go ./vendor/github.com/lightstep/lightstep-tracer-common/golang/gogo/lightsteppb/lightstep.pb.go ./vendor/github.com/go-ole/go-ole/iconnectionpointcontainer.go ./vendor/github.com/go-ole/go-ole/itypeinfo_func.go ./vendor/github.com/go-ole/go-ole/iinspectable.go ./vendor/github.com/go-ole/go-ole/idispatch.go ./vendor/github.com/go-ole/go-ole/iconnectionpoint_windows.go ./vendor/github.com/go-ole/go-ole/error.go ./vendor/github.com/go-ole/go-ole/variant_386.go ./vendor/github.com/go-ole/go-ole/error_windows.go ./vendor/github.com/go-ole/go-ole/idispatch_windows.go ./vendor/github.com/go-ole/go-ole/ienumvariant_func.go ./vendor/github.com/go-ole/go-ole/constants.go ./vendor/github.com/go-ole/go-ole/variant_s390x.go ./vendor/github.com/go-ole/go-ole/safearray.go ./vendor/github.com/go-ole/go-ole/iinspectable_func.go ./vendor/github.com/go-ole/go-ole/oleutil/go-get.go ./vendor/github.com/go-ole/go-ole/oleutil/connection_windows.go ./vendor/github.com/go-ole/go-ole/oleutil/connection_func.go ./vendor/github.com/go-ole/go-ole/oleutil/oleutil.go ./vendor/github.com/go-ole/go-ole/oleutil/connection.go ./vendor/github.com/go-ole/go-ole/safearray_func.go ./vendor/github.com/go-ole/go-ole/variant_amd64.go ./vendor/github.com/go-ole/go-ole/variant_date_amd64.go ./vendor/github.com/go-ole/go-ole/safearray_windows.go ./vendor/github.com/go-ole/go-ole/ienumvariant_windows.go ./vendor/github.com/go-ole/go-ole/iunknown_func.go ./vendor/github.com/go-ole/go-ole/variant_date_386.go ./vendor/github.com/go-ole/go-ole/vt_string.go ./vendor/github.com/go-ole/go-ole/iconnectionpoint_func.go ./vendor/github.com/go-ole/go-ole/winrt.go ./vendor/github.com/go-ole/go-ole/iprovideclassinfo_windows.go ./vendor/github.com/go-ole/go-ole/itypeinfo.go ./vendor/github.com/go-ole/go-ole/iprovideclassinfo_func.go ./vendor/github.com/go-ole/go-ole/idispatch_func.go ./vendor/github.com/go-ole/go-ole/utility.go ./vendor/github.com/go-ole/go-ole/winrt_doc.go ./vendor/github.com/go-ole/go-ole/variables.go ./vendor/github.com/go-ole/go-ole/guid.go ./vendor/github.com/go-ole/go-ole/error_func.go ./vendor/github.com/go-ole/go-ole/iprovideclassinfo.go ./vendor/github.com/go-ole/go-ole/ienumvariant.go ./vendor/github.com/go-ole/go-ole/variant.go ./vendor/github.com/go-ole/go-ole/iconnectionpoint.go ./vendor/github.com/go-ole/go-ole/iconnectionpointcontainer_func.go ./vendor/github.com/go-ole/go-ole/iunknown.go ./vendor/github.com/go-ole/go-ole/safearrayslices.go ./vendor/github.com/go-ole/go-ole/connect.go ./vendor/github.com/go-ole/go-ole/iunknown_windows.go ./vendor/github.com/go-ole/go-ole/com.go ./vendor/github.com/go-ole/go-ole/com_func.go ./vendor/github.com/go-ole/go-ole/iconnectionpointcontainer_windows.go ./vendor/github.com/go-ole/go-ole/variant_ppc64le.go ./vendor/github.com/go-ole/go-ole/ole.go ./vendor/github.com/go-ole/go-ole/iinspectable_windows.go ./vendor/github.com/go-ole/go-ole/itypeinfo_windows.go ./vendor/github.com/go-ole/go-ole/safearrayconversion.go ./vendor/github.com/matttproud/golang_protobuf_extensions/pbutil/doc.go ./vendor/github.com/matttproud/golang_protobuf_extensions/pbutil/decode.go ./vendor/github.com/matttproud/golang_protobuf_extensions/pbutil/encode.go ./vendor/github.com/tinylib/msgp/msgp/purego.go ./vendor/github.com/tinylib/msgp/msgp/elsize.go ./vendor/github.com/tinylib/msgp/msgp/advise_linux.go ./vendor/github.com/tinylib/msgp/msgp/unsafe.go ./vendor/github.com/tinylib/msgp/msgp/read_bytes.go ./vendor/github.com/tinylib/msgp/msgp/write.go ./vendor/github.com/tinylib/msgp/msgp/file_port.go ./vendor/github.com/tinylib/msgp/msgp/file.go ./vendor/github.com/tinylib/msgp/msgp/integers.go ./vendor/github.com/tinylib/msgp/msgp/json_bytes.go ./vendor/github.com/tinylib/msgp/msgp/circular.go ./vendor/github.com/tinylib/msgp/msgp/edit.go ./vendor/github.com/tinylib/msgp/msgp/read.go ./vendor/github.com/tinylib/msgp/msgp/size.go ./vendor/github.com/tinylib/msgp/msgp/write_bytes.go ./vendor/github.com/tinylib/msgp/msgp/defs.go ./vendor/github.com/tinylib/msgp/msgp/json.go ./vendor/github.com/tinylib/msgp/msgp/advise_other.go ./vendor/github.com/tinylib/msgp/msgp/number.go ./vendor/github.com/tinylib/msgp/msgp/errors.go ./vendor/github.com/tinylib/msgp/msgp/extension.go ./vendor/github.com/DataDog/datadog-go/statsd/uds_windows.go ./vendor/github.com/DataDog/datadog-go/statsd/buffer.go ./vendor/github.com/DataDog/datadog-go/statsd/fnv1a.go ./vendor/github.com/DataDog/datadog-go/statsd/service_check.go ./vendor/github.com/DataDog/datadog-go/statsd/format.go ./vendor/github.com/DataDog/datadog-go/statsd/statsd.go ./vendor/github.com/DataDog/datadog-go/statsd/options.go ./vendor/github.com/DataDog/datadog-go/statsd/telemetry.go ./vendor/github.com/DataDog/datadog-go/statsd/worker.go ./vendor/github.com/DataDog/datadog-go/statsd/udp.go ./vendor/github.com/DataDog/datadog-go/statsd/noop.go ./vendor/github.com/DataDog/datadog-go/statsd/uds.go ./vendor/github.com/DataDog/datadog-go/statsd/pipe_windows.go ./vendor/github.com/DataDog/datadog-go/statsd/pipe.go ./vendor/github.com/DataDog/datadog-go/statsd/aggregator.go ./vendor/github.com/DataDog/datadog-go/statsd/sender.go ./vendor/github.com/DataDog/datadog-go/statsd/metrics.go ./vendor/github.com/DataDog/datadog-go/statsd/event.go ./vendor/github.com/DataDog/datadog-go/statsd/buffer_pool.go ./vendor/github.com/golang/protobuf/protoc-gen-go/descriptor/descriptor.pb.go ./vendor/github.com/golang/protobuf/proto/registry.go ./vendor/github.com/golang/protobuf/proto/defaults.go ./vendor/github.com/golang/protobuf/proto/buffer.go ./vendor/github.com/golang/protobuf/proto/proto.go ./vendor/github.com/golang/protobuf/proto/wire.go ./vendor/github.com/golang/protobuf/proto/discard.go ./vendor/github.com/golang/protobuf/proto/extensions.go ./vendor/github.com/golang/protobuf/proto/properties.go ./vendor/github.com/golang/protobuf/proto/text_decode.go ./vendor/github.com/golang/protobuf/proto/text_encode.go ./vendor/github.com/golang/protobuf/proto/wrappers.go ./vendor/github.com/golang/protobuf/proto/deprecated.go ./vendor/github.com/golang/protobuf/ptypes/timestamp/timestamp.pb.go ./vendor/github.com/golang/protobuf/ptypes/any.go ./vendor/github.com/golang/protobuf/ptypes/duration.go ./vendor/github.com/golang/protobuf/ptypes/any/any.pb.go ./vendor/github.com/golang/protobuf/ptypes/wrappers/wrappers.pb.go ./vendor/github.com/golang/protobuf/ptypes/doc.go ./vendor/github.com/golang/protobuf/ptypes/timestamp.go ./vendor/github.com/golang/protobuf/ptypes/duration/duration.pb.go ./vendor/github.com/golang/groupcache/lru/lru.go ./vendor/github.com/jmespath/go-jmespath/parser.go ./vendor/github.com/jmespath/go-jmespath/interpreter.go ./vendor/github.com/jmespath/go-jmespath/astnodetype_string.go ./vendor/github.com/jmespath/go-jmespath/api.go ./vendor/github.com/jmespath/go-jmespath/lexer.go ./vendor/github.com/jmespath/go-jmespath/functions.go ./vendor/github.com/jmespath/go-jmespath/util.go ./vendor/github.com/jmespath/go-jmespath/toktype_string.go ./vendor/github.com/census-instrumentation/opencensus-proto/gen-go/agent/common/v1/common.pb.go ./vendor/github.com/census-instrumentation/opencensus-proto/gen-go/resource/v1/resource.pb.go ./vendor/github.com/census-instrumentation/opencensus-proto/gen-go/metrics/v1/metrics.pb.go ./vendor/github.com/Microsoft/go-winio/zsyscall_windows.go ./vendor/github.com/Microsoft/go-winio/hvsock.go ./vendor/github.com/Microsoft/go-winio/backup.go ./vendor/github.com/Microsoft/go-winio/pkg/guid/guid.go ./vendor/github.com/Microsoft/go-winio/ea.go ./vendor/github.com/Microsoft/go-winio/fileinfo.go ./vendor/github.com/Microsoft/go-winio/pipe.go ./vendor/github.com/Microsoft/go-winio/reparse.go ./vendor/github.com/Microsoft/go-winio/sd.go ./vendor/github.com/Microsoft/go-winio/syscall.go ./vendor/github.com/Microsoft/go-winio/file.go ./vendor/github.com/Microsoft/go-winio/privilege.go ./vendor/github.com/sebest/xff/xff.go ./vendor/github.com/StackExchange/wmi/wmi.go ./vendor/github.com/StackExchange/wmi/swbemservices.go ./vendor/github.com/pires/go-proxyproto/header.go ./vendor/github.com/pires/go-proxyproto/v2.go ./vendor/github.com/pires/go-proxyproto/v1.go ./vendor/github.com/pires/go-proxyproto/policy.go ./vendor/github.com/pires/go-proxyproto/protocol.go ./vendor/github.com/pires/go-proxyproto/tlv.go ./vendor/github.com/pires/go-proxyproto/addr_proto.go ./vendor/github.com/pires/go-proxyproto/version_cmd.go ./vendor/github.com/shirou/gopsutil/cpu/cpu_freebsd_386.go ./vendor/github.com/shirou/gopsutil/cpu/cpu_openbsd.go ./vendor/github.com/shirou/gopsutil/cpu/cpu_windows.go ./vendor/github.com/shirou/gopsutil/cpu/cpu_solaris.go ./vendor/github.com/shirou/gopsutil/cpu/cpu_freebsd_amd64.go ./vendor/github.com/shirou/gopsutil/cpu/cpu_freebsd.go ./vendor/github.com/shirou/gopsutil/cpu/cpu_linux.go ./vendor/github.com/shirou/gopsutil/cpu/cpu_fallback.go ./vendor/github.com/shirou/gopsutil/cpu/cpu_darwin_cgo.go ./vendor/github.com/shirou/gopsutil/cpu/cpu_freebsd_arm.go ./vendor/github.com/shirou/gopsutil/cpu/cpu_darwin.go ./vendor/github.com/shirou/gopsutil/cpu/cpu.go ./vendor/github.com/shirou/gopsutil/cpu/cpu_darwin_nocgo.go ./vendor/github.com/shirou/gopsutil/cpu/cpu_freebsd_arm64.go ./vendor/github.com/shirou/gopsutil/process/process_openbsd_amd64.go ./vendor/github.com/shirou/gopsutil/process/process.go ./vendor/github.com/shirou/gopsutil/process/process_fallback.go ./vendor/github.com/shirou/gopsutil/process/process_freebsd_amd64.go ./vendor/github.com/shirou/gopsutil/process/process_darwin_cgo.go ./vendor/github.com/shirou/gopsutil/process/process_freebsd_386.go ./vendor/github.com/shirou/gopsutil/process/process_darwin_amd64.go ./vendor/github.com/shirou/gopsutil/process/process_darwin_nocgo.go ./vendor/github.com/shirou/gopsutil/process/process_darwin_386.go ./vendor/github.com/shirou/gopsutil/process/process_linux.go ./vendor/github.com/shirou/gopsutil/process/process_windows_amd64.go ./vendor/github.com/shirou/gopsutil/process/process_darwin.go ./vendor/github.com/shirou/gopsutil/process/process_freebsd_arm64.go ./vendor/github.com/shirou/gopsutil/process/process_freebsd.go ./vendor/github.com/shirou/gopsutil/process/process_freebsd_arm.go ./vendor/github.com/shirou/gopsutil/process/process_windows_386.go ./vendor/github.com/shirou/gopsutil/process/process_posix.go ./vendor/github.com/shirou/gopsutil/process/process_windows.go ./vendor/github.com/shirou/gopsutil/process/process_openbsd.go ./vendor/github.com/shirou/gopsutil/net/net_freebsd.go ./vendor/github.com/shirou/gopsutil/net/net_unix.go ./vendor/github.com/shirou/gopsutil/net/net_linux.go ./vendor/github.com/shirou/gopsutil/net/net.go ./vendor/github.com/shirou/gopsutil/net/net_darwin.go ./vendor/github.com/shirou/gopsutil/net/net_openbsd.go ./vendor/github.com/shirou/gopsutil/net/net_fallback.go ./vendor/github.com/shirou/gopsutil/net/net_windows.go ./vendor/github.com/shirou/gopsutil/internal/common/common_linux.go ./vendor/github.com/shirou/gopsutil/internal/common/common_unix.go ./vendor/github.com/shirou/gopsutil/internal/common/binary.go ./vendor/github.com/shirou/gopsutil/internal/common/common.go ./vendor/github.com/shirou/gopsutil/internal/common/common_darwin.go ./vendor/github.com/shirou/gopsutil/internal/common/common_freebsd.go ./vendor/github.com/shirou/gopsutil/internal/common/common_windows.go ./vendor/github.com/shirou/gopsutil/internal/common/common_openbsd.go ./vendor/github.com/shirou/gopsutil/mem/mem_darwin_cgo.go ./vendor/github.com/shirou/gopsutil/mem/mem_fallback.go ./vendor/github.com/shirou/gopsutil/mem/mem_freebsd.go ./vendor/github.com/shirou/gopsutil/mem/mem_darwin_nocgo.go ./vendor/github.com/shirou/gopsutil/mem/mem_linux.go ./vendor/github.com/shirou/gopsutil/mem/mem_darwin.go ./vendor/github.com/shirou/gopsutil/mem/mem_solaris.go ./vendor/github.com/shirou/gopsutil/mem/mem.go ./vendor/github.com/shirou/gopsutil/mem/mem_windows.go ./vendor/github.com/shirou/gopsutil/mem/mem_openbsd_amd64.go ./vendor/github.com/shirou/gopsutil/mem/mem_openbsd.go ./vendor/github.com/mattn/go-shellwords/util_posix.go ./vendor/github.com/mattn/go-shellwords/util_windows.go ./vendor/github.com/mattn/go-shellwords/shellwords.go ./vendor/github.com/otiai10/copy/stat_times_freebsd.go ./vendor/github.com/otiai10/copy/options.go ./vendor/github.com/otiai10/copy/stat_times_windows.go ./vendor/github.com/otiai10/copy/stat_times.go ./vendor/github.com/otiai10/copy/copy.go ./vendor/github.com/otiai10/copy/stat_times_darwin.go ./vendor/github.com/stretchr/testify/require/doc.go ./vendor/github.com/stretchr/testify/require/require_forward.go ./vendor/github.com/stretchr/testify/require/forward_requirements.go ./vendor/github.com/stretchr/testify/require/require.go ./vendor/github.com/stretchr/testify/require/requirements.go ./vendor/github.com/stretchr/testify/assert/assertions.go ./vendor/github.com/stretchr/testify/assert/assertion_format.go ./vendor/github.com/stretchr/testify/assert/assertion_compare.go ./vendor/github.com/stretchr/testify/assert/doc.go ./vendor/github.com/stretchr/testify/assert/assertion_forward.go ./vendor/github.com/stretchr/testify/assert/forward_assertions.go ./vendor/github.com/stretchr/testify/assert/errors.go ./vendor/github.com/stretchr/testify/assert/assertion_order.go ./vendor/github.com/stretchr/testify/assert/http_assertions.go ./vendor/github.com/hashicorp/yamux/mux.go ./vendor/github.com/hashicorp/yamux/session.go ./vendor/github.com/hashicorp/yamux/util.go ./vendor/github.com/hashicorp/yamux/const.go ./vendor/github.com/hashicorp/yamux/stream.go ./vendor/github.com/hashicorp/yamux/addr.go ./vendor/golang.org/x/crypto/internal/subtle/aliasing.go ./vendor/golang.org/x/crypto/internal/subtle/aliasing_purego.go ./vendor/golang.org/x/crypto/ed25519/internal/edwards25519/const.go ./vendor/golang.org/x/crypto/ed25519/internal/edwards25519/edwards25519.go ./vendor/golang.org/x/crypto/ed25519/ed25519.go ./vendor/golang.org/x/crypto/ed25519/ed25519_go113.go ./vendor/golang.org/x/crypto/ssh/common.go ./vendor/golang.org/x/crypto/ssh/mux.go ./vendor/golang.org/x/crypto/ssh/certs.go ./vendor/golang.org/x/crypto/ssh/buffer.go ./vendor/golang.org/x/crypto/ssh/internal/bcrypt_pbkdf/bcrypt_pbkdf.go ./vendor/golang.org/x/crypto/ssh/messages.go ./vendor/golang.org/x/crypto/ssh/ssh_gss.go ./vendor/golang.org/x/crypto/ssh/client_auth.go ./vendor/golang.org/x/crypto/ssh/streamlocal.go ./vendor/golang.org/x/crypto/ssh/tcpip.go ./vendor/golang.org/x/crypto/ssh/kex.go ./vendor/golang.org/x/crypto/ssh/handshake.go ./vendor/golang.org/x/crypto/ssh/connection.go ./vendor/golang.org/x/crypto/ssh/cipher.go ./vendor/golang.org/x/crypto/ssh/doc.go ./vendor/golang.org/x/crypto/ssh/client.go ./vendor/golang.org/x/crypto/ssh/server.go ./vendor/golang.org/x/crypto/ssh/session.go ./vendor/golang.org/x/crypto/ssh/keys.go ./vendor/golang.org/x/crypto/ssh/mac.go ./vendor/golang.org/x/crypto/ssh/channel.go ./vendor/golang.org/x/crypto/ssh/transport.go ./vendor/golang.org/x/crypto/chacha20/chacha_ppc64le.go ./vendor/golang.org/x/crypto/chacha20/chacha_noasm.go ./vendor/golang.org/x/crypto/chacha20/chacha_arm64.go ./vendor/golang.org/x/crypto/chacha20/chacha_generic.go ./vendor/golang.org/x/crypto/chacha20/xor.go ./vendor/golang.org/x/crypto/chacha20/chacha_s390x.go ./vendor/golang.org/x/crypto/poly1305/bits_compat.go ./vendor/golang.org/x/crypto/poly1305/poly1305.go ./vendor/golang.org/x/crypto/poly1305/sum_s390x.go ./vendor/golang.org/x/crypto/poly1305/bits_go1.13.go ./vendor/golang.org/x/crypto/poly1305/sum_amd64.go ./vendor/golang.org/x/crypto/poly1305/sum_generic.go ./vendor/golang.org/x/crypto/poly1305/mac_noasm.go ./vendor/golang.org/x/crypto/poly1305/sum_ppc64le.go ./vendor/golang.org/x/crypto/blowfish/block.go ./vendor/golang.org/x/crypto/blowfish/cipher.go ./vendor/golang.org/x/crypto/blowfish/const.go ./vendor/golang.org/x/crypto/curve25519/curve25519_noasm.go ./vendor/golang.org/x/crypto/curve25519/curve25519_generic.go ./vendor/golang.org/x/crypto/curve25519/curve25519_amd64.go ./vendor/golang.org/x/crypto/curve25519/curve25519.go ./vendor/golang.org/x/tools/go/ast/astutil/rewrite.go ./vendor/golang.org/x/tools/go/ast/astutil/imports.go ./vendor/golang.org/x/tools/go/ast/astutil/enclosing.go ./vendor/golang.org/x/tools/go/ast/astutil/util.go ./vendor/golang.org/x/tools/go/gcexportdata/importer.go ./vendor/golang.org/x/tools/go/gcexportdata/gcexportdata.go ./vendor/golang.org/x/tools/go/internal/gcimporter/iexport.go ./vendor/golang.org/x/tools/go/internal/gcimporter/iimport.go ./vendor/golang.org/x/tools/go/internal/gcimporter/bexport.go ./vendor/golang.org/x/tools/go/internal/gcimporter/exportdata.go ./vendor/golang.org/x/tools/go/internal/gcimporter/bimport.go ./vendor/golang.org/x/tools/go/internal/gcimporter/newInterface11.go ./vendor/golang.org/x/tools/go/internal/gcimporter/newInterface10.go ./vendor/golang.org/x/tools/go/internal/gcimporter/gcimporter.go ./vendor/golang.org/x/time/rate/rate.go ./vendor/golang.org/x/net/http2/headermap.go ./vendor/golang.org/x/net/http2/server.go ./vendor/golang.org/x/net/http2/databuffer.go ./vendor/golang.org/x/net/http2/frame.go ./vendor/golang.org/x/net/http2/gotrack.go ./vendor/golang.org/x/net/http2/flow.go ./vendor/golang.org/x/net/http2/writesched_priority.go ./vendor/golang.org/x/net/http2/go111.go ./vendor/golang.org/x/net/http2/ciphers.go ./vendor/golang.org/x/net/http2/errors.go ./vendor/golang.org/x/net/http2/writesched_random.go ./vendor/golang.org/x/net/http2/pipe.go ./vendor/golang.org/x/net/http2/client_conn_pool.go ./vendor/golang.org/x/net/http2/http2.go ./vendor/golang.org/x/net/http2/writesched.go ./vendor/golang.org/x/net/http2/transport.go ./vendor/golang.org/x/net/http2/write.go ./vendor/golang.org/x/net/http2/not_go111.go ./vendor/golang.org/x/net/http2/hpack/tables.go ./vendor/golang.org/x/net/http2/hpack/hpack.go ./vendor/golang.org/x/net/http2/hpack/encode.go ./vendor/golang.org/x/net/http2/hpack/huffman.go ./vendor/golang.org/x/net/internal/timeseries/timeseries.go ./vendor/golang.org/x/net/idna/trie.go ./vendor/golang.org/x/net/idna/punycode.go ./vendor/golang.org/x/net/idna/idna9.0.0.go ./vendor/golang.org/x/net/idna/tables9.0.0.go ./vendor/golang.org/x/net/idna/tables13.0.0.go ./vendor/golang.org/x/net/idna/idna10.0.0.go ./vendor/golang.org/x/net/idna/tables11.0.0.go ./vendor/golang.org/x/net/idna/tables12.0.0.go ./vendor/golang.org/x/net/idna/trieval.go ./vendor/golang.org/x/net/idna/tables10.0.0.go ./vendor/golang.org/x/net/context/go17.go ./vendor/golang.org/x/net/context/pre_go17.go ./vendor/golang.org/x/net/context/pre_go19.go ./vendor/golang.org/x/net/context/go19.go ./vendor/golang.org/x/net/context/ctxhttp/ctxhttp.go ./vendor/golang.org/x/net/context/context.go ./vendor/golang.org/x/net/trace/trace.go ./vendor/golang.org/x/net/trace/events.go ./vendor/golang.org/x/net/trace/histogram.go ./vendor/golang.org/x/net/http/httpguts/guts.go ./vendor/golang.org/x/net/http/httpguts/httplex.go ./vendor/golang.org/x/text/transform/transform.go ./vendor/golang.org/x/text/unicode/bidi/tables11.0.0.go ./vendor/golang.org/x/text/unicode/bidi/bracket.go ./vendor/golang.org/x/text/unicode/bidi/tables13.0.0.go ./vendor/golang.org/x/text/unicode/bidi/core.go ./vendor/golang.org/x/text/unicode/bidi/trieval.go ./vendor/golang.org/x/text/unicode/bidi/prop.go ./vendor/golang.org/x/text/unicode/bidi/bidi.go ./vendor/golang.org/x/text/unicode/bidi/tables10.0.0.go ./vendor/golang.org/x/text/unicode/bidi/tables9.0.0.go ./vendor/golang.org/x/text/unicode/bidi/tables12.0.0.go ./vendor/golang.org/x/text/unicode/norm/transform.go ./vendor/golang.org/x/text/unicode/norm/trie.go ./vendor/golang.org/x/text/unicode/norm/tables13.0.0.go ./vendor/golang.org/x/text/unicode/norm/readwriter.go ./vendor/golang.org/x/text/unicode/norm/input.go ./vendor/golang.org/x/text/unicode/norm/tables11.0.0.go ./vendor/golang.org/x/text/unicode/norm/tables9.0.0.go ./vendor/golang.org/x/text/unicode/norm/tables12.0.0.go ./vendor/golang.org/x/text/unicode/norm/composition.go ./vendor/golang.org/x/text/unicode/norm/tables10.0.0.go ./vendor/golang.org/x/text/unicode/norm/normalize.go ./vendor/golang.org/x/text/unicode/norm/iter.go ./vendor/golang.org/x/text/unicode/norm/forminfo.go ./vendor/golang.org/x/text/secure/bidirule/bidirule10.0.0.go ./vendor/golang.org/x/text/secure/bidirule/bidirule.go ./vendor/golang.org/x/text/secure/bidirule/bidirule9.0.0.go ./vendor/golang.org/x/sync/semaphore/semaphore.go ./vendor/golang.org/x/sys/windows/mksyscall.go ./vendor/golang.org/x/sys/windows/syscall.go ./vendor/golang.org/x/sys/windows/race.go ./vendor/golang.org/x/sys/windows/zerrors_windows.go ./vendor/golang.org/x/sys/windows/eventlog.go ./vendor/golang.org/x/sys/windows/syscall_windows.go ./vendor/golang.org/x/sys/windows/types_windows.go ./vendor/golang.org/x/sys/windows/race0.go ./vendor/golang.org/x/sys/windows/zknownfolderids_windows.go ./vendor/golang.org/x/sys/windows/security_windows.go ./vendor/golang.org/x/sys/windows/exec_windows.go ./vendor/golang.org/x/sys/windows/memory_windows.go ./vendor/golang.org/x/sys/windows/service.go ./vendor/golang.org/x/sys/windows/types_windows_arm64.go ./vendor/golang.org/x/sys/windows/registry/zsyscall_windows.go ./vendor/golang.org/x/sys/windows/registry/syscall.go ./vendor/golang.org/x/sys/windows/registry/key.go ./vendor/golang.org/x/sys/windows/registry/mksyscall.go ./vendor/golang.org/x/sys/windows/registry/value.go ./vendor/golang.org/x/sys/windows/types_windows_arm.go ./vendor/golang.org/x/sys/windows/zsyscall_windows.go ./vendor/golang.org/x/sys/windows/aliases.go ./vendor/golang.org/x/sys/windows/str.go ./vendor/golang.org/x/sys/windows/dll_windows.go ./vendor/golang.org/x/sys/windows/types_windows_amd64.go ./vendor/golang.org/x/sys/windows/setupapierrors_windows.go ./vendor/golang.org/x/sys/windows/types_windows_386.go ./vendor/golang.org/x/sys/windows/env_windows.go ./vendor/golang.org/x/sys/unix/ztypes_aix_ppc.go ./vendor/golang.org/x/sys/unix/zsysnum_openbsd_386.go ./vendor/golang.org/x/sys/unix/errors_freebsd_arm64.go ./vendor/golang.org/x/sys/unix/zsyscall_openbsd_arm64.go ./vendor/golang.org/x/sys/unix/zerrors_linux_riscv64.go ./vendor/golang.org/x/sys/unix/zerrors_netbsd_amd64.go ./vendor/golang.org/x/sys/unix/syscall_openbsd.go ./vendor/golang.org/x/sys/unix/zsyscall_linux_mips64le.go ./vendor/golang.org/x/sys/unix/pledge_openbsd.go ./vendor/golang.org/x/sys/unix/zerrors_darwin_arm64.go ./vendor/golang.org/x/sys/unix/zsyscall_linux.go ./vendor/golang.org/x/sys/unix/zerrors_linux_mips.go ./vendor/golang.org/x/sys/unix/zsysnum_openbsd_arm64.go ./vendor/golang.org/x/sys/unix/syscall_linux_amd64_gc.go ./vendor/golang.org/x/sys/unix/zsyscall_zos_s390x.go ./vendor/golang.org/x/sys/unix/zptrace_armnn_linux.go ./vendor/golang.org/x/sys/unix/zerrors_darwin_386.go ./vendor/golang.org/x/sys/unix/zsysnum_freebsd_arm64.go ./vendor/golang.org/x/sys/unix/dev_openbsd.go ./vendor/golang.org/x/sys/unix/zerrors_aix_ppc64.go ./vendor/golang.org/x/sys/unix/env_unix.go ./vendor/golang.org/x/sys/unix/zsyscall_darwin_arm.1_13.go ./vendor/golang.org/x/sys/unix/zsyscall_linux_arm.go ./vendor/golang.org/x/sys/unix/zsysnum_freebsd_386.go ./vendor/golang.org/x/sys/unix/zsysctl_openbsd_amd64.go ./vendor/golang.org/x/sys/unix/syscall_linux_mips64x.go ./vendor/golang.org/x/sys/unix/zsyscall_freebsd_arm64.go ./vendor/golang.org/x/sys/unix/zerrors_netbsd_arm.go ./vendor/golang.org/x/sys/unix/ztypes_netbsd_arm.go ./vendor/golang.org/x/sys/unix/zsysctl_openbsd_386.go ./vendor/golang.org/x/sys/unix/race0.go ./vendor/golang.org/x/sys/unix/zsysnum_darwin_386.go ./vendor/golang.org/x/sys/unix/ztypes_linux_arm.go ./vendor/golang.org/x/sys/unix/syscall_freebsd_arm.go ./vendor/golang.org/x/sys/unix/ioctl.go ./vendor/golang.org/x/sys/unix/ztypes_dragonfly_amd64.go ./vendor/golang.org/x/sys/unix/zerrors_openbsd_amd64.go ./vendor/golang.org/x/sys/unix/zsyscall_darwin_arm.go ./vendor/golang.org/x/sys/unix/zsysnum_linux_mipsle.go ./vendor/golang.org/x/sys/unix/zsyscall_linux_mipsle.go ./vendor/golang.org/x/sys/unix/syscall_unix_gc.go ./vendor/golang.org/x/sys/unix/zsyscall_linux_arm64.go ./vendor/golang.org/x/sys/unix/syscall_solaris.go ./vendor/golang.org/x/sys/unix/ztypes_darwin_386.go ./vendor/golang.org/x/sys/unix/syscall_openbsd_mips64.go ./vendor/golang.org/x/sys/unix/syscall.go ./vendor/golang.org/x/sys/unix/zerrors_linux_ppc64le.go ./vendor/golang.org/x/sys/unix/zsyscall_netbsd_386.go ./vendor/golang.org/x/sys/unix/ztypes_zos_s390x.go ./vendor/golang.org/x/sys/unix/zsysnum_netbsd_arm.go ./vendor/golang.org/x/sys/unix/zerrors_linux_sparc64.go ./vendor/golang.org/x/sys/unix/syscall_netbsd_386.go ./vendor/golang.org/x/sys/unix/zsysnum_linux_ppc64.go ./vendor/golang.org/x/sys/unix/ztypes_linux_arm64.go ./vendor/golang.org/x/sys/unix/ztypes_linux_mips.go ./vendor/golang.org/x/sys/unix/pagesize_unix.go ./vendor/golang.org/x/sys/unix/dev_dragonfly.go ./vendor/golang.org/x/sys/unix/dev_zos.go ./vendor/golang.org/x/sys/unix/affinity_linux.go ./vendor/golang.org/x/sys/unix/zerrors_linux_arm64.go ./vendor/golang.org/x/sys/unix/syscall_openbsd_arm.go ./vendor/golang.org/x/sys/unix/ztypes_linux_mipsle.go ./vendor/golang.org/x/sys/unix/syscall_dragonfly_amd64.go ./vendor/golang.org/x/sys/unix/syscall_darwin_arm.go ./vendor/golang.org/x/sys/unix/zerrors_freebsd_amd64.go ./vendor/golang.org/x/sys/unix/zsysnum_linux_mips.go ./vendor/golang.org/x/sys/unix/syscall_linux_gc_386.go ./vendor/golang.org/x/sys/unix/dev_netbsd.go ./vendor/golang.org/x/sys/unix/ztypes_darwin_arm64.go ./vendor/golang.org/x/sys/unix/zsyscall_openbsd_mips64.go ./vendor/golang.org/x/sys/unix/zsysnum_linux_amd64.go ./vendor/golang.org/x/sys/unix/syscall_linux_arm64.go ./vendor/golang.org/x/sys/unix/zerrors_linux_arm.go ./vendor/golang.org/x/sys/unix/ztypes_freebsd_amd64.go ./vendor/golang.org/x/sys/unix/syscall_linux_ppc64x.go ./vendor/golang.org/x/sys/unix/dev_freebsd.go ./vendor/golang.org/x/sys/unix/zsyscall_freebsd_arm.go ./vendor/golang.org/x/sys/unix/constants.go ./vendor/golang.org/x/sys/unix/zsyscall_aix_ppc64.go ./vendor/golang.org/x/sys/unix/zsyscall_darwin_amd64.1_13.go ./vendor/golang.org/x/sys/unix/zerrors_openbsd_arm.go ./vendor/golang.org/x/sys/unix/errors_freebsd_arm.go ./vendor/golang.org/x/sys/unix/syscall_unix.go ./vendor/golang.org/x/sys/unix/fstatfs_zos.go ./vendor/golang.org/x/sys/unix/ztypes_illumos_amd64.go ./vendor/golang.org/x/sys/unix/zerrors_zos_s390x.go ./vendor/golang.org/x/sys/unix/ztypes_netbsd_amd64.go ./vendor/golang.org/x/sys/unix/syscall_freebsd_amd64.go ./vendor/golang.org/x/sys/unix/ztypes_openbsd_arm.go ./vendor/golang.org/x/sys/unix/zsyscall_netbsd_amd64.go ./vendor/golang.org/x/sys/unix/zsysnum_netbsd_amd64.go ./vendor/golang.org/x/sys/unix/ztypes_freebsd_arm.go ./vendor/golang.org/x/sys/unix/ztypes_linux_ppc64le.go ./vendor/golang.org/x/sys/unix/zsyscall_solaris_amd64.go ./vendor/golang.org/x/sys/unix/syscall_openbsd_amd64.go ./vendor/golang.org/x/sys/unix/zerrors_freebsd_arm.go ./vendor/golang.org/x/sys/unix/ztypes_linux_sparc64.go ./vendor/golang.org/x/sys/unix/syscall_linux_gc.go ./vendor/golang.org/x/sys/unix/syscall_freebsd.go ./vendor/golang.org/x/sys/unix/zsyscall_openbsd_arm.go ./vendor/golang.org/x/sys/unix/str.go ./vendor/golang.org/x/sys/unix/fcntl.go ./vendor/golang.org/x/sys/unix/zsysnum_darwin_arm64.go ./vendor/golang.org/x/sys/unix/zsyscall_darwin_arm64.go ./vendor/golang.org/x/sys/unix/syscall_linux_sparc64.go ./vendor/golang.org/x/sys/unix/ztypes_openbsd_amd64.go ./vendor/golang.org/x/sys/unix/syscall_unix_gc_ppc64x.go ./vendor/golang.org/x/sys/unix/fcntl_darwin.go ./vendor/golang.org/x/sys/unix/syscall_darwin_amd64.go ./vendor/golang.org/x/sys/unix/syscall_linux_mipsx.go ./vendor/golang.org/x/sys/unix/zsyscall_darwin_arm64.1_13.go ./vendor/golang.org/x/sys/unix/zsysctl_openbsd_mips64.go ./vendor/golang.org/x/sys/unix/endian_big.go ./vendor/golang.org/x/sys/unix/dev_linux.go ./vendor/golang.org/x/sys/unix/syscall_dragonfly.go ./vendor/golang.org/x/sys/unix/syscall_netbsd_arm64.go ./vendor/golang.org/x/sys/unix/syscall_darwin_libSystem.go ./vendor/golang.org/x/sys/unix/zerrors_linux_mipsle.go ./vendor/golang.org/x/sys/unix/unveil_openbsd.go ./vendor/golang.org/x/sys/unix/sockcmsg_unix_other.go ./vendor/golang.org/x/sys/unix/zsysnum_linux_386.go ./vendor/golang.org/x/sys/unix/syscall_linux_riscv64.go ./vendor/golang.org/x/sys/unix/syscall_linux_386.go ./vendor/golang.org/x/sys/unix/zerrors_linux.go ./vendor/golang.org/x/sys/unix/ztypes_aix_ppc64.go ./vendor/golang.org/x/sys/unix/fcntl_linux_32bit.go ./vendor/golang.org/x/sys/unix/syscall_linux_gccgo_386.go ./vendor/golang.org/x/sys/unix/readdirent_getdents.go ./vendor/golang.org/x/sys/unix/ztypes_linux_riscv64.go ./vendor/golang.org/x/sys/unix/syscall_netbsd.go ./vendor/golang.org/x/sys/unix/zsysnum_linux_s390x.go ./vendor/golang.org/x/sys/unix/syscall_darwin.go ./vendor/golang.org/x/sys/unix/ptrace_darwin.go ./vendor/golang.org/x/sys/unix/zsysnum_openbsd_arm.go ./vendor/golang.org/x/sys/unix/zsyscall_darwin_386.1_13.go ./vendor/golang.org/x/sys/unix/zsyscall_aix_ppc.go ./vendor/golang.org/x/sys/unix/bluetooth_linux.go ./vendor/golang.org/x/sys/unix/zptrace_linux_arm64.go ./vendor/golang.org/x/sys/unix/zerrors_freebsd_arm64.go ./vendor/golang.org/x/sys/unix/zerrors_linux_mips64le.go ./vendor/golang.org/x/sys/unix/zptrace_mipsnn_linux.go ./vendor/golang.org/x/sys/unix/ztypes_linux_amd64.go ./vendor/golang.org/x/sys/unix/aliases.go ./vendor/golang.org/x/sys/unix/zsysnum_openbsd_mips64.go ./vendor/golang.org/x/sys/unix/zptrace_x86_linux.go ./vendor/golang.org/x/sys/unix/xattr_bsd.go ./vendor/golang.org/x/sys/unix/ztypes_linux_mips64.go ./vendor/golang.org/x/sys/unix/zerrors_linux_amd64.go ./vendor/golang.org/x/sys/unix/zsysnum_linux_mips64.go ./vendor/golang.org/x/sys/unix/zsyscall_linux_mips64.go ./vendor/golang.org/x/sys/unix/zerrors_darwin_arm.go ./vendor/golang.org/x/sys/unix/zsysnum_linux_riscv64.go ./vendor/golang.org/x/sys/unix/zsyscall_linux_386.go ./vendor/golang.org/x/sys/unix/zsysnum_freebsd_arm.go ./vendor/golang.org/x/sys/unix/syscall_linux.go ./vendor/golang.org/x/sys/unix/zsyscall_linux_riscv64.go ./vendor/golang.org/x/sys/unix/zerrors_openbsd_arm64.go ./vendor/golang.org/x/sys/unix/zsyscall_linux_amd64.go ./vendor/golang.org/x/sys/unix/zerrors_netbsd_386.go ./vendor/golang.org/x/sys/unix/epoll_zos.go ./vendor/golang.org/x/sys/unix/ztypes_netbsd_386.go ./vendor/golang.org/x/sys/unix/zsysctl_openbsd_arm.go ./vendor/golang.org/x/sys/unix/zsysnum_darwin_arm.go ./vendor/golang.org/x/sys/unix/ztypes_linux.go ./vendor/golang.org/x/sys/unix/zsysctl_openbsd_arm64.go ./vendor/golang.org/x/sys/unix/ztypes_linux_386.go ./vendor/golang.org/x/sys/unix/zsyscall_linux_s390x.go ./vendor/golang.org/x/sys/unix/syscall_freebsd_386.go ./vendor/golang.org/x/sys/unix/zsyscall_freebsd_amd64.go ./vendor/golang.org/x/sys/unix/zsyscall_darwin_386.go ./vendor/golang.org/x/sys/unix/syscall_aix_ppc64.go ./vendor/golang.org/x/sys/unix/ioctl_zos.go ./vendor/golang.org/x/sys/unix/ztypes_openbsd_mips64.go ./vendor/golang.org/x/sys/unix/sockcmsg_dragonfly.go ./vendor/golang.org/x/sys/unix/ztypes_darwin_arm.go ./vendor/golang.org/x/sys/unix/zsyscall_aix_ppc64_gccgo.go ./vendor/golang.org/x/sys/unix/zsyscall_illumos_amd64.go ./vendor/golang.org/x/sys/unix/zsysnum_freebsd_amd64.go ./vendor/golang.org/x/sys/unix/zsyscall_netbsd_arm.go ./vendor/golang.org/x/sys/unix/syscall_aix_ppc.go ./vendor/golang.org/x/sys/unix/zsysnum_netbsd_386.go ./vendor/golang.org/x/sys/unix/ztypes_linux_s390x.go ./vendor/golang.org/x/sys/unix/zsyscall_linux_ppc64le.go ./vendor/golang.org/x/sys/unix/dev_aix_ppc.go ./vendor/golang.org/x/sys/unix/ztypes_solaris_amd64.go ./vendor/golang.org/x/sys/unix/syscall_netbsd_arm.go ./vendor/golang.org/x/sys/unix/sockcmsg_linux.go ./vendor/golang.org/x/sys/unix/zerrors_darwin_amd64.go ./vendor/golang.org/x/sys/unix/gccgo.go ./vendor/golang.org/x/sys/unix/zsyscall_linux_sparc64.go ./vendor/golang.org/x/sys/unix/endian_little.go ./vendor/golang.org/x/sys/unix/zerrors_linux_s390x.go ./vendor/golang.org/x/sys/unix/zsysnum_openbsd_amd64.go ./vendor/golang.org/x/sys/unix/syscall_openbsd_386.go ./vendor/golang.org/x/sys/unix/errors_freebsd_amd64.go ./vendor/golang.org/x/sys/unix/syscall_darwin_386.go ./vendor/golang.org/x/sys/unix/syscall_solaris_amd64.go ./vendor/golang.org/x/sys/unix/zerrors_aix_ppc.go ./vendor/golang.org/x/sys/unix/zsysnum_linux_ppc64le.go ./vendor/golang.org/x/sys/unix/zsyscall_linux_mips.go ./vendor/golang.org/x/sys/unix/zsysnum_dragonfly_amd64.go ./vendor/golang.org/x/sys/unix/zsyscall_openbsd_amd64.go ./vendor/golang.org/x/sys/unix/dev_darwin.go ./vendor/golang.org/x/sys/unix/zsysnum_linux_sparc64.go ./vendor/golang.org/x/sys/unix/zerrors_netbsd_arm64.go ./vendor/golang.org/x/sys/unix/zsyscall_dragonfly_amd64.go ./vendor/golang.org/x/sys/unix/syscall_linux_gc_arm.go ./vendor/golang.org/x/sys/unix/zerrors_linux_386.go ./vendor/golang.org/x/sys/unix/zerrors_linux_mips64.go ./vendor/golang.org/x/sys/unix/syscall_linux_s390x.go ./vendor/golang.org/x/sys/unix/zsyscall_freebsd_386.go ./vendor/golang.org/x/sys/unix/zsysnum_linux_mips64le.go ./vendor/golang.org/x/sys/unix/zerrors_solaris_amd64.go ./vendor/golang.org/x/sys/unix/zerrors_openbsd_386.go ./vendor/golang.org/x/sys/unix/errors_freebsd_386.go ./vendor/golang.org/x/sys/unix/syscall_darwin.1_12.go ./vendor/golang.org/x/sys/unix/zerrors_openbsd_mips64.go ./vendor/golang.org/x/sys/unix/ztypes_openbsd_386.go ./vendor/golang.org/x/sys/unix/ztypes_freebsd_386.go ./vendor/golang.org/x/sys/unix/syscall_darwin.1_13.go ./vendor/golang.org/x/sys/unix/timestruct.go ./vendor/golang.org/x/sys/unix/sockcmsg_unix.go ./vendor/golang.org/x/sys/unix/syscall_netbsd_amd64.go ./vendor/golang.org/x/sys/unix/zerrors_freebsd_386.go ./vendor/golang.org/x/sys/unix/race.go ./vendor/golang.org/x/sys/unix/syscall_darwin_arm64.go ./vendor/golang.org/x/sys/unix/zsyscall_openbsd_386.go ./vendor/golang.org/x/sys/unix/dirent.go ./vendor/golang.org/x/sys/unix/syscall_aix.go ./vendor/golang.org/x/sys/unix/syscall_illumos.go ./vendor/golang.org/x/sys/unix/readdirent_getdirentries.go ./vendor/golang.org/x/sys/unix/zptrace_mipsnnle_linux.go ./vendor/golang.org/x/sys/unix/zsysnum_darwin_amd64.go ./vendor/golang.org/x/sys/unix/zsyscall_darwin_amd64.go ./vendor/golang.org/x/sys/unix/ztypes_openbsd_arm64.go ./vendor/golang.org/x/sys/unix/zsyscall_netbsd_arm64.go ./vendor/golang.org/x/sys/unix/zerrors_dragonfly_amd64.go ./vendor/golang.org/x/sys/unix/zsyscall_linux_ppc64.go ./vendor/golang.org/x/sys/unix/zsysnum_netbsd_arm64.go ./vendor/golang.org/x/sys/unix/syscall_bsd.go ./vendor/golang.org/x/sys/unix/cap_freebsd.go ./vendor/golang.org/x/sys/unix/fdset.go ./vendor/golang.org/x/sys/unix/ptrace_ios.go ./vendor/golang.org/x/sys/unix/syscall_openbsd_arm64.go ./vendor/golang.org/x/sys/unix/ztypes_linux_mips64le.go ./vendor/golang.org/x/sys/unix/zsysnum_linux_arm.go ./vendor/golang.org/x/sys/unix/syscall_linux_arm.go ./vendor/golang.org/x/sys/unix/syscall_freebsd_arm64.go ./vendor/golang.org/x/sys/unix/ztypes_netbsd_arm64.go ./vendor/golang.org/x/sys/unix/zerrors_linux_ppc64.go ./vendor/golang.org/x/sys/unix/ztypes_darwin_amd64.go ./vendor/golang.org/x/sys/unix/syscall_linux_gccgo_arm.go ./vendor/golang.org/x/sys/unix/ztypes_linux_ppc64.go ./vendor/golang.org/x/sys/unix/zsysnum_linux_arm64.go ./vendor/golang.org/x/sys/unix/dev_aix_ppc64.go ./vendor/golang.org/x/sys/unix/zsyscall_aix_ppc64_gc.go ./vendor/golang.org/x/sys/unix/ztypes_freebsd_arm64.go ./vendor/golang.org/x/sys/unix/syscall_linux_amd64.go ./vendor/golang.org/x/sys/unix/gccgo_linux_amd64.go ./vendor/golang.org/x/sys/unix/zsysnum_zos_s390x.go ./vendor/golang.org/x/sys/unix/syscall_zos_s390x.go ./vendor/golang.org/x/sys/internal/unsafeheader/unsafeheader.go ./vendor/golang.org/x/sys/cpu/cpu_gc_s390x.go ./vendor/golang.org/x/sys/cpu/cpu_other_arm.go ./vendor/golang.org/x/sys/cpu/cpu_riscv64.go ./vendor/golang.org/x/sys/cpu/cpu_linux_noinit.go ./vendor/golang.org/x/sys/cpu/cpu_gccgo_s390x.go ./vendor/golang.org/x/sys/cpu/cpu_linux_mips64x.go ./vendor/golang.org/x/sys/cpu/cpu_x86.go ./vendor/golang.org/x/sys/cpu/cpu_s390x.go ./vendor/golang.org/x/sys/cpu/hwcap_linux.go ./vendor/golang.org/x/sys/cpu/syscall_aix_gccgo.go ./vendor/golang.org/x/sys/cpu/cpu_linux_arm64.go ./vendor/golang.org/x/sys/cpu/cpu_other_mips64x.go ./vendor/golang.org/x/sys/cpu/cpu_mips64x.go ./vendor/golang.org/x/sys/cpu/cpu_gccgo_x86.go ./vendor/golang.org/x/sys/cpu/cpu_other_arm64.go ./vendor/golang.org/x/sys/cpu/cpu_gc_arm64.go ./vendor/golang.org/x/sys/cpu/byteorder.go ./vendor/golang.org/x/sys/cpu/cpu_zos_s390x.go ./vendor/golang.org/x/sys/cpu/cpu.go ./vendor/golang.org/x/sys/cpu/cpu_mipsx.go ./vendor/golang.org/x/sys/cpu/cpu_zos.go ./vendor/golang.org/x/sys/cpu/cpu_linux_arm.go ./vendor/golang.org/x/sys/cpu/cpu_gccgo_arm64.go ./vendor/golang.org/x/sys/cpu/cpu_gc_x86.go ./vendor/golang.org/x/sys/cpu/cpu_arm64.go ./vendor/golang.org/x/sys/cpu/syscall_aix_ppc64_gc.go ./vendor/golang.org/x/sys/cpu/cpu_linux.go ./vendor/golang.org/x/sys/cpu/cpu_netbsd_arm64.go ./vendor/golang.org/x/sys/cpu/cpu_aix.go ./vendor/golang.org/x/sys/cpu/cpu_wasm.go ./vendor/golang.org/x/sys/cpu/cpu_linux_s390x.go ./vendor/golang.org/x/sys/cpu/cpu_arm.go ./vendor/golang.org/x/sys/cpu/cpu_linux_ppc64x.go ./vendor/golang.org/x/sys/cpu/cpu_ppc64x.go ./vendor/golang.org/x/lint/lint.go ./vendor/golang.org/x/lint/golint/import.go ./vendor/golang.org/x/lint/golint/importcomment.go ./vendor/golang.org/x/lint/golint/golint.go ./vendor/golang.org/x/oauth2/internal/client_appengine.go ./vendor/golang.org/x/oauth2/internal/transport.go ./vendor/golang.org/x/oauth2/internal/token.go ./vendor/golang.org/x/oauth2/internal/doc.go ./vendor/golang.org/x/oauth2/internal/oauth2.go ./vendor/golang.org/x/oauth2/transport.go ./vendor/golang.org/x/oauth2/jws/jws.go ./vendor/golang.org/x/oauth2/jwt/jwt.go ./vendor/golang.org/x/oauth2/oauth2.go ./vendor/golang.org/x/oauth2/token.go ./vendor/golang.org/x/oauth2/google/jwt.go ./vendor/golang.org/x/oauth2/google/doc.go ./vendor/golang.org/x/oauth2/google/appengine_gen2_flex.go ./vendor/golang.org/x/oauth2/google/sdk.go ./vendor/golang.org/x/oauth2/google/internal/externalaccount/impersonate.go ./vendor/golang.org/x/oauth2/google/internal/externalaccount/filecredsource.go ./vendor/golang.org/x/oauth2/google/internal/externalaccount/sts_exchange.go ./vendor/golang.org/x/oauth2/google/internal/externalaccount/err.go ./vendor/golang.org/x/oauth2/google/internal/externalaccount/basecredentials.go ./vendor/golang.org/x/oauth2/google/internal/externalaccount/clientauth.go ./vendor/golang.org/x/oauth2/google/internal/externalaccount/aws.go ./vendor/golang.org/x/oauth2/google/internal/externalaccount/urlcredsource.go ./vendor/golang.org/x/oauth2/google/google.go ./vendor/golang.org/x/oauth2/google/default.go ./vendor/golang.org/x/oauth2/google/appengine_gen1.go ./vendor/golang.org/x/oauth2/google/appengine.go ./vendor/golang.org/x/xerrors/errors.go ./vendor/golang.org/x/xerrors/internal/internal.go ./vendor/golang.org/x/xerrors/doc.go ./vendor/golang.org/x/xerrors/fmt.go ./vendor/golang.org/x/xerrors/adaptor.go ./vendor/golang.org/x/xerrors/frame.go ./vendor/golang.org/x/xerrors/wrap.go ./vendor/golang.org/x/xerrors/format.go ./vendor/google.golang.org/protobuf/types/known/durationpb/duration.pb.go ./vendor/google.golang.org/protobuf/types/known/fieldmaskpb/field_mask.pb.go ./vendor/google.golang.org/protobuf/types/known/structpb/struct.pb.go ./vendor/google.golang.org/protobuf/types/known/emptypb/empty.pb.go ./vendor/google.golang.org/protobuf/types/known/wrapperspb/wrappers.pb.go ./vendor/google.golang.org/protobuf/types/known/anypb/any.pb.go ./vendor/google.golang.org/protobuf/types/known/timestamppb/timestamp.pb.go ./vendor/google.golang.org/protobuf/types/descriptorpb/descriptor.pb.go ./vendor/google.golang.org/protobuf/runtime/protoiface/legacy.go ./vendor/google.golang.org/protobuf/runtime/protoiface/methods.go ./vendor/google.golang.org/protobuf/runtime/protoimpl/impl.go ./vendor/google.golang.org/protobuf/runtime/protoimpl/version.go ./vendor/google.golang.org/protobuf/internal/descopts/options.go ./vendor/google.golang.org/protobuf/internal/encoding/tag/tag.go ./vendor/google.golang.org/protobuf/internal/encoding/text/decode_string.go ./vendor/google.golang.org/protobuf/internal/encoding/text/decode.go ./vendor/google.golang.org/protobuf/internal/encoding/text/encode.go ./vendor/google.golang.org/protobuf/internal/encoding/text/decode_number.go ./vendor/google.golang.org/protobuf/internal/encoding/text/decode_token.go ./vendor/google.golang.org/protobuf/internal/encoding/text/doc.go ./vendor/google.golang.org/protobuf/internal/encoding/messageset/messageset.go ./vendor/google.golang.org/protobuf/internal/encoding/defval/default.go ./vendor/google.golang.org/protobuf/internal/encoding/json/decode_token.go ./vendor/google.golang.org/protobuf/internal/encoding/json/decode_string.go ./vendor/google.golang.org/protobuf/internal/encoding/json/decode_number.go ./vendor/google.golang.org/protobuf/internal/encoding/json/decode.go ./vendor/google.golang.org/protobuf/internal/encoding/json/encode.go ./vendor/google.golang.org/protobuf/internal/pragma/pragma.go ./vendor/google.golang.org/protobuf/internal/impl/weak.go ./vendor/google.golang.org/protobuf/internal/impl/extension.go ./vendor/google.golang.org/protobuf/internal/impl/api_export.go ./vendor/google.golang.org/protobuf/internal/impl/merge.go ./vendor/google.golang.org/protobuf/internal/impl/merge_gen.go ./vendor/google.golang.org/protobuf/internal/impl/convert.go ./vendor/google.golang.org/protobuf/internal/impl/message_reflect_gen.go ./vendor/google.golang.org/protobuf/internal/impl/checkinit.go ./vendor/google.golang.org/protobuf/internal/impl/codec_extension.go ./vendor/google.golang.org/protobuf/internal/impl/pointer_reflect.go ./vendor/google.golang.org/protobuf/internal/impl/legacy_export.go ./vendor/google.golang.org/protobuf/internal/impl/legacy_file.go ./vendor/google.golang.org/protobuf/internal/impl/enum.go ./vendor/google.golang.org/protobuf/internal/impl/convert_map.go ./vendor/google.golang.org/protobuf/internal/impl/codec_messageset.go ./vendor/google.golang.org/protobuf/internal/impl/codec_map.go ./vendor/google.golang.org/protobuf/internal/impl/convert_list.go ./vendor/google.golang.org/protobuf/internal/impl/legacy_message.go ./vendor/google.golang.org/protobuf/internal/impl/pointer_unsafe.go ./vendor/google.golang.org/protobuf/internal/impl/codec_tables.go ./vendor/google.golang.org/protobuf/internal/impl/codec_message.go ./vendor/google.golang.org/protobuf/internal/impl/message_reflect.go ./vendor/google.golang.org/protobuf/internal/impl/codec_gen.go ./vendor/google.golang.org/protobuf/internal/impl/codec_field.go ./vendor/google.golang.org/protobuf/internal/impl/codec_reflect.go ./vendor/google.golang.org/protobuf/internal/impl/message_reflect_field.go ./vendor/google.golang.org/protobuf/internal/impl/decode.go ./vendor/google.golang.org/protobuf/internal/impl/codec_unsafe.go ./vendor/google.golang.org/protobuf/internal/impl/encode.go ./vendor/google.golang.org/protobuf/internal/impl/legacy_enum.go ./vendor/google.golang.org/protobuf/internal/impl/codec_map_go111.go ./vendor/google.golang.org/protobuf/internal/impl/legacy_extension.go ./vendor/google.golang.org/protobuf/internal/impl/validate.go ./vendor/google.golang.org/protobuf/internal/impl/message.go ./vendor/google.golang.org/protobuf/internal/impl/codec_map_go112.go ./vendor/google.golang.org/protobuf/internal/strs/strings_unsafe.go ./vendor/google.golang.org/protobuf/internal/strs/strings_pure.go ./vendor/google.golang.org/protobuf/internal/strs/strings.go ./vendor/google.golang.org/protobuf/internal/filedesc/desc.go ./vendor/google.golang.org/protobuf/internal/filedesc/placeholder.go ./vendor/google.golang.org/protobuf/internal/filedesc/desc_list_gen.go ./vendor/google.golang.org/protobuf/internal/filedesc/desc_lazy.go ./vendor/google.golang.org/protobuf/internal/filedesc/desc_init.go ./vendor/google.golang.org/protobuf/internal/filedesc/build.go ./vendor/google.golang.org/protobuf/internal/filedesc/desc_list.go ./vendor/google.golang.org/protobuf/internal/descfmt/stringer.go ./vendor/google.golang.org/protobuf/internal/filetype/build.go ./vendor/google.golang.org/protobuf/internal/detrand/rand.go ./vendor/google.golang.org/protobuf/internal/order/order.go ./vendor/google.golang.org/protobuf/internal/order/range.go ./vendor/google.golang.org/protobuf/internal/flags/proto_legacy_disable.go ./vendor/google.golang.org/protobuf/internal/flags/proto_legacy_enable.go ./vendor/google.golang.org/protobuf/internal/flags/flags.go ./vendor/google.golang.org/protobuf/internal/errors/errors.go ./vendor/google.golang.org/protobuf/internal/errors/is_go112.go ./vendor/google.golang.org/protobuf/internal/errors/is_go113.go ./vendor/google.golang.org/protobuf/internal/genid/doc.go ./vendor/google.golang.org/protobuf/internal/genid/field_mask_gen.go ./vendor/google.golang.org/protobuf/internal/genid/goname.go ./vendor/google.golang.org/protobuf/internal/genid/wrappers_gen.go ./vendor/google.golang.org/protobuf/internal/genid/descriptor_gen.go ./vendor/google.golang.org/protobuf/internal/genid/wrappers.go ./vendor/google.golang.org/protobuf/internal/genid/duration_gen.go ./vendor/google.golang.org/protobuf/internal/genid/struct_gen.go ./vendor/google.golang.org/protobuf/internal/genid/timestamp_gen.go ./vendor/google.golang.org/protobuf/internal/genid/type_gen.go ./vendor/google.golang.org/protobuf/internal/genid/any_gen.go ./vendor/google.golang.org/protobuf/internal/genid/map_entry.go ./vendor/google.golang.org/protobuf/internal/genid/api_gen.go ./vendor/google.golang.org/protobuf/internal/genid/source_context_gen.go ./vendor/google.golang.org/protobuf/internal/genid/empty_gen.go ./vendor/google.golang.org/protobuf/internal/set/ints.go ./vendor/google.golang.org/protobuf/internal/version/version.go ./vendor/google.golang.org/protobuf/encoding/prototext/encode.go ./vendor/google.golang.org/protobuf/encoding/prototext/decode.go ./vendor/google.golang.org/protobuf/encoding/prototext/doc.go ./vendor/google.golang.org/protobuf/encoding/protojson/well_known_types.go ./vendor/google.golang.org/protobuf/encoding/protojson/encode.go ./vendor/google.golang.org/protobuf/encoding/protojson/decode.go ./vendor/google.golang.org/protobuf/encoding/protojson/doc.go ./vendor/google.golang.org/protobuf/encoding/protowire/wire.go ./vendor/google.golang.org/protobuf/proto/proto.go ./vendor/google.golang.org/protobuf/proto/checkinit.go ./vendor/google.golang.org/protobuf/proto/decode.go ./vendor/google.golang.org/protobuf/proto/encode.go ./vendor/google.golang.org/protobuf/proto/extension.go ./vendor/google.golang.org/protobuf/proto/doc.go ./vendor/google.golang.org/protobuf/proto/reset.go ./vendor/google.golang.org/protobuf/proto/merge.go ./vendor/google.golang.org/protobuf/proto/messageset.go ./vendor/google.golang.org/protobuf/proto/decode_gen.go ./vendor/google.golang.org/protobuf/proto/proto_methods.go ./vendor/google.golang.org/protobuf/proto/size_gen.go ./vendor/google.golang.org/protobuf/proto/proto_reflect.go ./vendor/google.golang.org/protobuf/proto/encode_gen.go ./vendor/google.golang.org/protobuf/proto/size.go ./vendor/google.golang.org/protobuf/proto/wrappers.go ./vendor/google.golang.org/protobuf/proto/equal.go ./vendor/google.golang.org/protobuf/reflect/protodesc/proto.go ./vendor/google.golang.org/protobuf/reflect/protodesc/desc.go ./vendor/google.golang.org/protobuf/reflect/protodesc/desc_init.go ./vendor/google.golang.org/protobuf/reflect/protodesc/desc_resolve.go ./vendor/google.golang.org/protobuf/reflect/protodesc/desc_validate.go ./vendor/google.golang.org/protobuf/reflect/protoreflect/value_unsafe.go ./vendor/google.golang.org/protobuf/reflect/protoreflect/source.go ./vendor/google.golang.org/protobuf/reflect/protoreflect/value_pure.go ./vendor/google.golang.org/protobuf/reflect/protoreflect/source_gen.go ./vendor/google.golang.org/protobuf/reflect/protoreflect/value_union.go ./vendor/google.golang.org/protobuf/reflect/protoreflect/methods.go ./vendor/google.golang.org/protobuf/reflect/protoreflect/proto.go ./vendor/google.golang.org/protobuf/reflect/protoreflect/type.go ./vendor/google.golang.org/protobuf/reflect/protoreflect/value.go ./vendor/google.golang.org/protobuf/reflect/protoregistry/registry.go ./vendor/google.golang.org/grpc/keepalive/keepalive.go ./vendor/google.golang.org/grpc/tap/tap.go ./vendor/google.golang.org/grpc/call.go ./vendor/google.golang.org/grpc/server.go ./vendor/google.golang.org/grpc/balancer_conn_wrappers.go ./vendor/google.golang.org/grpc/version.go ./vendor/google.golang.org/grpc/resolver_conn_wrapper.go ./vendor/google.golang.org/grpc/grpclog/grpclog.go ./vendor/google.golang.org/grpc/grpclog/component.go ./vendor/google.golang.org/grpc/grpclog/loggerv2.go ./vendor/google.golang.org/grpc/grpclog/logger.go ./vendor/google.golang.org/grpc/serviceconfig/serviceconfig.go ./vendor/google.golang.org/grpc/interceptor.go ./vendor/google.golang.org/grpc/stats/stats.go ./vendor/google.golang.org/grpc/stats/handlers.go ./vendor/google.golang.org/grpc/balancer/grpclb/grpc_lb_v1/load_balancer.pb.go ./vendor/google.golang.org/grpc/balancer/grpclb/grpc_lb_v1/load_balancer_grpc.pb.go ./vendor/google.golang.org/grpc/balancer/grpclb/grpclb_picker.go ./vendor/google.golang.org/grpc/balancer/grpclb/grpclb_util.go ./vendor/google.golang.org/grpc/balancer/grpclb/grpclb_remote_balancer.go ./vendor/google.golang.org/grpc/balancer/grpclb/grpclb_config.go ./vendor/google.golang.org/grpc/balancer/grpclb/state/state.go ./vendor/google.golang.org/grpc/balancer/grpclb/grpclb.go ./vendor/google.golang.org/grpc/balancer/base/base.go ./vendor/google.golang.org/grpc/balancer/base/balancer.go ./vendor/google.golang.org/grpc/balancer/balancer.go ./vendor/google.golang.org/grpc/balancer/roundrobin/roundrobin.go ./vendor/google.golang.org/grpc/clientconn.go ./vendor/google.golang.org/grpc/binarylog/grpc_binarylog_v1/binarylog.pb.go ./vendor/google.golang.org/grpc/preloader.go ./vendor/google.golang.org/grpc/trace.go ./vendor/google.golang.org/grpc/internal/envconfig/envconfig.go ./vendor/google.golang.org/grpc/internal/credentials/syscallconn.go ./vendor/google.golang.org/grpc/internal/credentials/spiffe.go ./vendor/google.golang.org/grpc/internal/credentials/spiffe_appengine.go ./vendor/google.golang.org/grpc/internal/credentials/syscallconn_appengine.go ./vendor/google.golang.org/grpc/internal/credentials/util.go ./vendor/google.golang.org/grpc/internal/resolver/passthrough/passthrough.go ./vendor/google.golang.org/grpc/internal/resolver/dns/dns_resolver.go ./vendor/google.golang.org/grpc/internal/resolver/dns/go113.go ./vendor/google.golang.org/grpc/internal/resolver/config_selector.go ./vendor/google.golang.org/grpc/internal/resolver/unix/unix.go ./vendor/google.golang.org/grpc/internal/grpclog/grpclog.go ./vendor/google.golang.org/grpc/internal/grpclog/prefixLogger.go ./vendor/google.golang.org/grpc/internal/grpcsync/event.go ./vendor/google.golang.org/grpc/internal/grpcutil/target.go ./vendor/google.golang.org/grpc/internal/grpcutil/metadata.go ./vendor/google.golang.org/grpc/internal/grpcutil/method.go ./vendor/google.golang.org/grpc/internal/grpcutil/encode_duration.go ./vendor/google.golang.org/grpc/internal/backoff/backoff.go ./vendor/google.golang.org/grpc/internal/transport/http_util.go ./vendor/google.golang.org/grpc/internal/transport/http2_server.go ./vendor/google.golang.org/grpc/internal/transport/http2_client.go ./vendor/google.golang.org/grpc/internal/transport/bdp_estimator.go ./vendor/google.golang.org/grpc/internal/transport/transport.go ./vendor/google.golang.org/grpc/internal/transport/proxy.go ./vendor/google.golang.org/grpc/internal/transport/flowcontrol.go ./vendor/google.golang.org/grpc/internal/transport/defaults.go ./vendor/google.golang.org/grpc/internal/transport/networktype/networktype.go ./vendor/google.golang.org/grpc/internal/transport/handler_server.go ./vendor/google.golang.org/grpc/internal/transport/controlbuf.go ./vendor/google.golang.org/grpc/internal/balancerload/load.go ./vendor/google.golang.org/grpc/internal/serviceconfig/serviceconfig.go ./vendor/google.golang.org/grpc/internal/syscall/syscall_linux.go ./vendor/google.golang.org/grpc/internal/syscall/syscall_nonlinux.go ./vendor/google.golang.org/grpc/internal/status/status.go ./vendor/google.golang.org/grpc/internal/buffer/unbounded.go ./vendor/google.golang.org/grpc/internal/channelz/util_linux.go ./vendor/google.golang.org/grpc/internal/channelz/logging.go ./vendor/google.golang.org/grpc/internal/channelz/util_nonlinux.go ./vendor/google.golang.org/grpc/internal/channelz/types_nonlinux.go ./vendor/google.golang.org/grpc/internal/channelz/funcs.go ./vendor/google.golang.org/grpc/internal/channelz/types_linux.go ./vendor/google.golang.org/grpc/internal/channelz/types.go ./vendor/google.golang.org/grpc/internal/metadata/metadata.go ./vendor/google.golang.org/grpc/internal/internal.go ./vendor/google.golang.org/grpc/internal/googlecloud/googlecloud.go ./vendor/google.golang.org/grpc/internal/binarylog/sink.go ./vendor/google.golang.org/grpc/internal/binarylog/env_config.go ./vendor/google.golang.org/grpc/internal/binarylog/binarylog_testutil.go ./vendor/google.golang.org/grpc/internal/binarylog/method_logger.go ./vendor/google.golang.org/grpc/internal/binarylog/binarylog.go ./vendor/google.golang.org/grpc/internal/grpcrand/grpcrand.go ./vendor/google.golang.org/grpc/backoff/backoff.go ./vendor/google.golang.org/grpc/connectivity/connectivity.go ./vendor/google.golang.org/grpc/metadata/metadata.go ./vendor/google.golang.org/grpc/picker_wrapper.go ./vendor/google.golang.org/grpc/dialoptions.go ./vendor/google.golang.org/grpc/stream.go ./vendor/google.golang.org/grpc/resolver/resolver.go ./vendor/google.golang.org/grpc/rpc_util.go ./vendor/google.golang.org/grpc/encoding/encoding.go ./vendor/google.golang.org/grpc/encoding/proto/proto.go ./vendor/google.golang.org/grpc/peer/peer.go ./vendor/google.golang.org/grpc/codes/codes.go ./vendor/google.golang.org/grpc/codes/code_string.go ./vendor/google.golang.org/grpc/codec.go ./vendor/google.golang.org/grpc/health/grpc_health_v1/health_grpc.pb.go ./vendor/google.golang.org/grpc/health/grpc_health_v1/health.pb.go ./vendor/google.golang.org/grpc/pickfirst.go ./vendor/google.golang.org/grpc/doc.go ./vendor/google.golang.org/grpc/status/status.go ./vendor/google.golang.org/grpc/attributes/attributes.go ./vendor/google.golang.org/grpc/credentials/oauth/oauth.go ./vendor/google.golang.org/grpc/credentials/go12.go ./vendor/google.golang.org/grpc/credentials/credentials.go ./vendor/google.golang.org/grpc/credentials/google/google.go ./vendor/google.golang.org/grpc/credentials/tls.go ./vendor/google.golang.org/grpc/credentials/alts/alts.go ./vendor/google.golang.org/grpc/credentials/alts/utils.go ./vendor/google.golang.org/grpc/credentials/alts/internal/authinfo/authinfo.go ./vendor/google.golang.org/grpc/credentials/alts/internal/conn/aes128gcmrekey.go ./vendor/google.golang.org/grpc/credentials/alts/internal/conn/aeadrekey.go ./vendor/google.golang.org/grpc/credentials/alts/internal/conn/common.go ./vendor/google.golang.org/grpc/credentials/alts/internal/conn/counter.go ./vendor/google.golang.org/grpc/credentials/alts/internal/conn/record.go ./vendor/google.golang.org/grpc/credentials/alts/internal/conn/utils.go ./vendor/google.golang.org/grpc/credentials/alts/internal/conn/aes128gcm.go ./vendor/google.golang.org/grpc/credentials/alts/internal/common.go ./vendor/google.golang.org/grpc/credentials/alts/internal/proto/grpc_gcp/handshaker.pb.go ./vendor/google.golang.org/grpc/credentials/alts/internal/proto/grpc_gcp/handshaker_grpc.pb.go ./vendor/google.golang.org/grpc/credentials/alts/internal/proto/grpc_gcp/altscontext.pb.go ./vendor/google.golang.org/grpc/credentials/alts/internal/proto/grpc_gcp/transport_security_common.pb.go ./vendor/google.golang.org/grpc/credentials/alts/internal/handshaker/service/service.go ./vendor/google.golang.org/grpc/credentials/alts/internal/handshaker/handshaker.go ./vendor/google.golang.org/grpc/backoff.go ./vendor/google.golang.org/grpc/service_config.go ./vendor/google.golang.org/genproto/googleapis/type/calendarperiod/calendar_period.pb.go ./vendor/google.golang.org/genproto/googleapis/rpc/status/status.pb.go ./vendor/google.golang.org/genproto/googleapis/rpc/errdetails/error_details.pb.go ./vendor/google.golang.org/genproto/googleapis/monitoring/v3/alert.pb.go ./vendor/google.golang.org/genproto/googleapis/monitoring/v3/service_service.pb.go ./vendor/google.golang.org/genproto/googleapis/monitoring/v3/metric.pb.go ./vendor/google.golang.org/genproto/googleapis/monitoring/v3/uptime_service.pb.go ./vendor/google.golang.org/genproto/googleapis/monitoring/v3/mutation_record.pb.go ./vendor/google.golang.org/genproto/googleapis/monitoring/v3/service.pb.go ./vendor/google.golang.org/genproto/googleapis/monitoring/v3/metric_service.pb.go ./vendor/google.golang.org/genproto/googleapis/monitoring/v3/notification.pb.go ./vendor/google.golang.org/genproto/googleapis/monitoring/v3/group_service.pb.go ./vendor/google.golang.org/genproto/googleapis/monitoring/v3/dropped_labels.pb.go ./vendor/google.golang.org/genproto/googleapis/monitoring/v3/common.pb.go ./vendor/google.golang.org/genproto/googleapis/monitoring/v3/group.pb.go ./vendor/google.golang.org/genproto/googleapis/monitoring/v3/notification_service.pb.go ./vendor/google.golang.org/genproto/googleapis/monitoring/v3/span_context.pb.go ./vendor/google.golang.org/genproto/googleapis/monitoring/v3/alert_service.pb.go ./vendor/google.golang.org/genproto/googleapis/monitoring/v3/uptime.pb.go ./vendor/google.golang.org/genproto/googleapis/monitoring/v3/query_service.pb.go ./vendor/google.golang.org/genproto/googleapis/api/metric/metric.pb.go ./vendor/google.golang.org/genproto/googleapis/api/annotations/client.pb.go ./vendor/google.golang.org/genproto/googleapis/api/annotations/http.pb.go ./vendor/google.golang.org/genproto/googleapis/api/annotations/resource.pb.go ./vendor/google.golang.org/genproto/googleapis/api/annotations/field_behavior.pb.go ./vendor/google.golang.org/genproto/googleapis/api/annotations/annotations.pb.go ./vendor/google.golang.org/genproto/googleapis/api/distribution/distribution.pb.go ./vendor/google.golang.org/genproto/googleapis/api/launch_stage.pb.go ./vendor/google.golang.org/genproto/googleapis/api/monitoredres/monitored_resource.pb.go ./vendor/google.golang.org/genproto/googleapis/api/label/label.pb.go ./vendor/google.golang.org/genproto/googleapis/devtools/cloudprofiler/v2/profiler.pb.go ./vendor/google.golang.org/genproto/googleapis/devtools/cloudtrace/v2/tracing.pb.go ./vendor/google.golang.org/genproto/googleapis/devtools/cloudtrace/v2/trace.pb.go ./vendor/google.golang.org/api/support/bundler/bundler.go ./vendor/google.golang.org/api/transport/internal/dca/dca.go ./vendor/google.golang.org/api/transport/grpc/dial_appengine.go ./vendor/google.golang.org/api/transport/grpc/pool.go ./vendor/google.golang.org/api/transport/grpc/dial.go ./vendor/google.golang.org/api/transport/grpc/dial_socketopt.go ./vendor/google.golang.org/api/transport/cert/default_cert.go ./vendor/google.golang.org/api/option/credentials_go19.go ./vendor/google.golang.org/api/option/option.go ./vendor/google.golang.org/api/option/internaloption/internaloption.go ./vendor/google.golang.org/api/option/credentials_notgo19.go ./vendor/google.golang.org/api/iterator/iterator.go ./vendor/google.golang.org/api/internal/conn_pool.go ./vendor/google.golang.org/api/internal/creds.go ./vendor/google.golang.org/api/internal/impersonate/impersonate.go ./vendor/google.golang.org/api/internal/settings.go ./vendor/google.golang.org/appengine/urlfetch/urlfetch.go ./vendor/google.golang.org/appengine/appengine_vm.go ./vendor/google.golang.org/appengine/socket/socket_vm.go ./vendor/google.golang.org/appengine/socket/socket_classic.go ./vendor/google.golang.org/appengine/socket/doc.go ./vendor/google.golang.org/appengine/identity.go ./vendor/google.golang.org/appengine/appengine.go ./vendor/google.golang.org/appengine/timeout.go ./vendor/google.golang.org/appengine/internal/identity_classic.go ./vendor/google.golang.org/appengine/internal/api_common.go ./vendor/google.golang.org/appengine/internal/urlfetch/urlfetch_service.pb.go ./vendor/google.golang.org/appengine/internal/transaction.go ./vendor/google.golang.org/appengine/internal/identity_vm.go ./vendor/google.golang.org/appengine/internal/base/api_base.pb.go ./vendor/google.golang.org/appengine/internal/main.go ./vendor/google.golang.org/appengine/internal/remote_api/remote_api.pb.go ./vendor/google.golang.org/appengine/internal/main_common.go ./vendor/google.golang.org/appengine/internal/internal.go ./vendor/google.golang.org/appengine/internal/identity_flex.go ./vendor/google.golang.org/appengine/internal/metadata.go ./vendor/google.golang.org/appengine/internal/net.go ./vendor/google.golang.org/appengine/internal/socket/socket_service.pb.go ./vendor/google.golang.org/appengine/internal/identity.go ./vendor/google.golang.org/appengine/internal/app_id.go ./vendor/google.golang.org/appengine/internal/main_vm.go ./vendor/google.golang.org/appengine/internal/datastore/datastore_v3.pb.go ./vendor/google.golang.org/appengine/internal/api.go ./vendor/google.golang.org/appengine/internal/modules/modules_service.pb.go ./vendor/google.golang.org/appengine/internal/log/log_service.pb.go ./vendor/google.golang.org/appengine/internal/app_identity/app_identity_service.pb.go ./vendor/google.golang.org/appengine/internal/api_classic.go ./vendor/google.golang.org/appengine/namespace.go ./vendor/google.golang.org/appengine/errors.go ./vendor/cloud.google.com/go/compute/metadata/metadata.go ./vendor/cloud.google.com/go/monitoring/apiv3/v2/uptime_check_client.go ./vendor/cloud.google.com/go/monitoring/apiv3/v2/doc.go ./vendor/cloud.google.com/go/monitoring/apiv3/v2/query_client.go ./vendor/cloud.google.com/go/monitoring/apiv3/v2/notification_channel_client.go ./vendor/cloud.google.com/go/monitoring/apiv3/v2/alert_policy_client.go ./vendor/cloud.google.com/go/monitoring/apiv3/v2/group_client.go ./vendor/cloud.google.com/go/monitoring/apiv3/v2/metric_client.go ./vendor/cloud.google.com/go/monitoring/apiv3/v2/service_monitoring_client.go ./vendor/cloud.google.com/go/trace/apiv2/doc.go ./vendor/cloud.google.com/go/trace/apiv2/path_funcs.go ./vendor/cloud.google.com/go/trace/apiv2/trace_client.go ./vendor/cloud.google.com/go/profiler/profiler.go ./vendor/cloud.google.com/go/profiler/mutex.go ./vendor/cloud.google.com/go/profiler/heap.go ./vendor/cloud.google.com/go/internal/version/version.go
#7 129.0 gofmt -s -l ./cmd/gitlab-shell/main.go ./cmd/gitlab-shell-authorized-principals-check/main.go ./cmd/gitlab-shell-authorized-keys-check/main.go ./cmd/gitlab-sshd/acceptance_test.go ./cmd/gitlab-sshd/main.go ./cmd/check/main.go ./internal/sshenv/sshenv.go ./internal/sshenv/sshenv_test.go ./internal/handler/exec_test.go ./internal/handler/exec.go ./internal/pktline/pktline_test.go ./internal/pktline/pktline.go ./internal/keyline/key_line.go ./internal/keyline/key_line_test.go ./internal/sshd/connection.go ./internal/sshd/session.go ./internal/sshd/sshd_test.go ./internal/sshd/connection_test.go ./internal/sshd/sshd.go ./internal/console/console.go ./internal/console/console_test.go ./internal/executable/executable_test.go ./internal/executable/executable.go ./internal/testhelper/requesthandlers/requesthandlers.go ./internal/testhelper/testhelper.go ./internal/logger/logger_test.go ./internal/logger/logger.go ./internal/command/commandargs/command_args.go ./internal/command/commandargs/shell.go ./internal/command/commandargs/generic_args.go ./internal/command/commandargs/authorized_keys.go ./internal/command/commandargs/authorized_principals.go ./internal/command/commandargs/command_args_test.go ./internal/command/discover/discover_test.go ./internal/command/discover/discover.go ./internal/command/healthcheck/healthcheck_test.go ./internal/command/healthcheck/healthcheck.go ./internal/command/twofactorrecover/twofactorrecover_test.go ./internal/command/twofactorrecover/twofactorrecover.go ./internal/command/uploadarchive/gitalycall.go ./internal/command/uploadarchive/uploadarchive.go ./internal/command/uploadarchive/uploadarchive_test.go ./internal/command/uploadarchive/gitalycall_test.go ./internal/command/shared/disallowedcommand/disallowedcommand.go ./internal/command/shared/accessverifier/accessverifier_test.go ./internal/command/shared/accessverifier/accessverifier.go ./internal/command/shared/customaction/customaction.go ./internal/command/shared/customaction/customaction_test.go ./internal/command/lfsauthenticate/lfsauthenticate_test.go ./internal/command/lfsauthenticate/lfsauthenticate.go ./internal/command/command.go ./internal/command/authorizedprincipals/authorized_principals.go ./internal/command/authorizedprincipals/authorized_principals_test.go ./internal/command/receivepack/gitalycall_test.go ./internal/command/receivepack/gitalycall.go ./internal/command/receivepack/receivepack_test.go ./internal/command/receivepack/receivepack.go ./internal/command/personalaccesstoken/personalaccesstoken_test.go ./internal/command/personalaccesstoken/personalaccesstoken.go ./internal/command/uploadpack/uploadpack.go ./internal/command/uploadpack/gitalycall_test.go ./internal/command/uploadpack/uploadpack_test.go ./internal/command/uploadpack/gitalycall.go ./internal/command/authorizedkeys/authorized_keys.go ./internal/command/authorizedkeys/authorized_keys_test.go ./internal/command/readwriter/readwriter.go ./internal/command/twofactorverify/twofactorverify_test.go ./internal/command/twofactorverify/twofactorverify.go ./internal/command/command_test.go ./internal/config/config_test.go ./internal/config/config.go ./internal/gitlabnet/twofactorrecover/client.go ./internal/gitlabnet/twofactorrecover/client_test.go ./internal/gitlabnet/healthcheck/client_test.go ./internal/gitlabnet/healthcheck/client.go ./internal/gitlabnet/lfsauthenticate/client_test.go ./internal/gitlabnet/lfsauthenticate/client.go ./internal/gitlabnet/client.go ./internal/gitlabnet/authorizedkeys/client.go ./internal/gitlabnet/authorizedkeys/client_test.go ./internal/gitlabnet/accessverifier/client_test.go ./internal/gitlabnet/accessverifier/client.go ./internal/gitlabnet/personalaccesstoken/client_test.go ./internal/gitlabnet/personalaccesstoken/client.go ./internal/gitlabnet/twofactorverify/client.go ./internal/gitlabnet/twofactorverify/client_test.go ./internal/gitlabnet/discover/client_test.go ./internal/gitlabnet/discover/client.go ./internal/metrics/metrics.go ./client/httpsclient_test.go ./client/client_test.go ./client/testserver/gitalyserver.go ./client/testserver/testserver.go ./client/httpclient.go ./client/httpclient_test.go ./client/gitlabnet.go ./vendor/contrib.go.opencensus.io/exporter/stackdriver/stackdriver.go ./vendor/contrib.go.opencensus.io/exporter/stackdriver/label.go ./vendor/contrib.go.opencensus.io/exporter/stackdriver/stats.go ./vendor/contrib.go.opencensus.io/exporter/stackdriver/metrics.go ./vendor/contrib.go.opencensus.io/exporter/stackdriver/metrics_proto.go ./vendor/contrib.go.opencensus.io/exporter/stackdriver/resource.go ./vendor/contrib.go.opencensus.io/exporter/stackdriver/metrics_batcher.go ./vendor/contrib.go.opencensus.io/exporter/stackdriver/trace_proto.go ./vendor/contrib.go.opencensus.io/exporter/stackdriver/monitoredresource/aws/aws_identity_doc_utils.go ./vendor/contrib.go.opencensus.io/exporter/stackdriver/monitoredresource/aws/monitored_resources.go ./vendor/contrib.go.opencensus.io/exporter/stackdriver/monitoredresource/monitored_resources.go ./vendor/contrib.go.opencensus.io/exporter/stackdriver/monitoredresource/deprecated.go ./vendor/contrib.go.opencensus.io/exporter/stackdriver/monitoredresource/gcp/monitored_resources.go ./vendor/contrib.go.opencensus.io/exporter/stackdriver/monitoredresource/gcp/gcp_metadata_config.go ./vendor/contrib.go.opencensus.io/exporter/stackdriver/trace.go ./vendor/contrib.go.opencensus.io/exporter/stackdriver/sanitize.go ./vendor/go.opencensus.io/stats/units.go ./vendor/go.opencensus.io/stats/view/export.go ./vendor/go.opencensus.io/stats/view/aggregation.go ./vendor/go.opencensus.io/stats/view/aggregation_data.go ./vendor/go.opencensus.io/stats/view/worker.go ./vendor/go.opencensus.io/stats/view/view.go ./vendor/go.opencensus.io/stats/view/view_to_metric.go ./vendor/go.opencensus.io/stats/view/collector.go ./vendor/go.opencensus.io/stats/view/doc.go ./vendor/go.opencensus.io/stats/view/worker_commands.go ./vendor/go.opencensus.io/stats/doc.go ./vendor/go.opencensus.io/stats/measure_float64.go ./vendor/go.opencensus.io/stats/measure_int64.go ./vendor/go.opencensus.io/stats/measure.go ./vendor/go.opencensus.io/stats/internal/record.go ./vendor/go.opencensus.io/stats/record.go ./vendor/go.opencensus.io/internal/internal.go ./vendor/go.opencensus.io/internal/tagencoding/tagencoding.go ./vendor/go.opencensus.io/internal/traceinternals.go ./vendor/go.opencensus.io/internal/sanitize.go ./vendor/go.opencensus.io/tag/validate.go ./vendor/go.opencensus.io/tag/key.go ./vendor/go.opencensus.io/tag/profile_19.go ./vendor/go.opencensus.io/tag/doc.go ./vendor/go.opencensus.io/tag/profile_not19.go ./vendor/go.opencensus.io/tag/context.go ./vendor/go.opencensus.io/tag/map.go ./vendor/go.opencensus.io/tag/map_codec.go ./vendor/go.opencensus.io/tag/metadata.go ./vendor/go.opencensus.io/opencensus.go ./vendor/go.opencensus.io/plugin/ochttp/stats.go ./vendor/go.opencensus.io/plugin/ochttp/client.go ./vendor/go.opencensus.io/plugin/ochttp/span_annotating_client_trace.go ./vendor/go.opencensus.io/plugin/ochttp/propagation/b3/b3.go ./vendor/go.opencensus.io/plugin/ochttp/server.go ./vendor/go.opencensus.io/plugin/ochttp/wrapped_body.go ./vendor/go.opencensus.io/plugin/ochttp/doc.go ./vendor/go.opencensus.io/plugin/ochttp/trace.go ./vendor/go.opencensus.io/plugin/ochttp/route.go ./vendor/go.opencensus.io/plugin/ochttp/client_stats.go ./vendor/go.opencensus.io/plugin/ocgrpc/server_stats_handler.go ./vendor/go.opencensus.io/plugin/ocgrpc/client_metrics.go ./vendor/go.opencensus.io/plugin/ocgrpc/client_stats_handler.go ./vendor/go.opencensus.io/plugin/ocgrpc/server_metrics.go ./vendor/go.opencensus.io/plugin/ocgrpc/client.go ./vendor/go.opencensus.io/plugin/ocgrpc/server.go ./vendor/go.opencensus.io/plugin/ocgrpc/stats_common.go ./vendor/go.opencensus.io/plugin/ocgrpc/doc.go ./vendor/go.opencensus.io/plugin/ocgrpc/trace_common.go ./vendor/go.opencensus.io/metric/metricdata/exemplar.go ./vendor/go.opencensus.io/metric/metricdata/point.go ./vendor/go.opencensus.io/metric/metricdata/metric.go ./vendor/go.opencensus.io/metric/metricdata/type_string.go ./vendor/go.opencensus.io/metric/metricdata/unit.go ./vendor/go.opencensus.io/metric/metricdata/doc.go ./vendor/go.opencensus.io/metric/metricdata/label.go ./vendor/go.opencensus.io/metric/metricexport/export.go ./vendor/go.opencensus.io/metric/metricexport/doc.go ./vendor/go.opencensus.io/metric/metricexport/reader.go ./vendor/go.opencensus.io/metric/metricproducer/manager.go ./vendor/go.opencensus.io/metric/metricproducer/producer.go ./vendor/go.opencensus.io/trace/trace_go11.go ./vendor/go.opencensus.io/trace/lrumap.go ./vendor/go.opencensus.io/trace/status_codes.go ./vendor/go.opencensus.io/trace/propagation/propagation.go ./vendor/go.opencensus.io/trace/trace_api.go ./vendor/go.opencensus.io/trace/trace_nongo11.go ./vendor/go.opencensus.io/trace/spanstore.go ./vendor/go.opencensus.io/trace/basetypes.go ./vendor/go.opencensus.io/trace/trace.go ./vendor/go.opencensus.io/trace/doc.go ./vendor/go.opencensus.io/trace/internal/internal.go ./vendor/go.opencensus.io/trace/export.go ./vendor/go.opencensus.io/trace/spanbucket.go ./vendor/go.opencensus.io/trace/config.go ./vendor/go.opencensus.io/trace/tracestate/tracestate.go ./vendor/go.opencensus.io/trace/sampling.go ./vendor/go.opencensus.io/trace/evictedqueue.go ./vendor/go.opencensus.io/resource/resourcekeys/const.go ./vendor/go.opencensus.io/resource/resource.go ./vendor/go.uber.org/atomic/string.go ./vendor/go.uber.org/atomic/atomic.go ./vendor/go.uber.org/atomic/error.go ./vendor/go.uber.org/atomic/tools.go ./vendor/gitlab.com/gitlab-org/gitaly/v14/auth/rpccredentials.go ./vendor/gitlab.com/gitlab-org/gitaly/v14/auth/token.go ./vendor/gitlab.com/gitlab-org/gitaly/v14/client/pool_options.go ./vendor/gitlab.com/gitlab-org/gitaly/v14/client/upload_archive.go ./vendor/gitlab.com/gitlab-org/gitaly/v14/client/upload_pack.go ./vendor/gitlab.com/gitlab-org/gitaly/v14/client/pool.go ./vendor/gitlab.com/gitlab-org/gitaly/v14/client/dial.go ./vendor/gitlab.com/gitlab-org/gitaly/v14/client/receive_pack.go ./vendor/gitlab.com/gitlab-org/gitaly/v14/streamio/stream.go ./vendor/gitlab.com/gitlab-org/gitaly/v14/internal/stream/std_stream.go ./vendor/gitlab.com/gitlab-org/gitaly/v14/internal/gitaly/client/address_parser.go ./vendor/gitlab.com/gitlab-org/gitaly/v14/internal/gitaly/client/dial.go ./vendor/gitlab.com/gitlab-org/gitaly/v14/internal/x509/common.go ./vendor/gitlab.com/gitlab-org/gitaly/v14/internal/x509/pool_darwin.go ./vendor/gitlab.com/gitlab-org/gitaly/v14/internal/x509/pool.go ./vendor/gitlab.com/gitlab-org/gitaly/v14/internal/backchannel/backchannel.go ./vendor/gitlab.com/gitlab-org/gitaly/v14/internal/backchannel/client.go ./vendor/gitlab.com/gitlab-org/gitaly/v14/internal/backchannel/server.go ./vendor/gitlab.com/gitlab-org/gitaly/v14/internal/backchannel/registry.go ./vendor/gitlab.com/gitlab-org/gitaly/v14/internal/backchannel/insecure.go ./vendor/gitlab.com/gitlab-org/gitaly/v14/proto/go/gitalypb/diff.pb.go ./vendor/gitlab.com/gitlab-org/gitaly/v14/proto/go/gitalypb/remote.pb.go ./vendor/gitlab.com/gitlab-org/gitaly/v14/proto/go/gitalypb/protolist.go ./vendor/gitlab.com/gitlab-org/gitaly/v14/proto/go/gitalypb/hook.pb.go ./vendor/gitlab.com/gitlab-org/gitaly/v14/proto/go/gitalypb/ssh.pb.go ./vendor/gitlab.com/gitlab-org/gitaly/v14/proto/go/gitalypb/cleanup.pb.go ./vendor/gitlab.com/gitlab-org/gitaly/v14/proto/go/gitalypb/namespace.pb.go ./vendor/gitlab.com/gitlab-org/gitaly/v14/proto/go/gitalypb/objectpool.pb.go ./vendor/gitlab.com/gitlab-org/gitaly/v14/proto/go/gitalypb/lint.pb.go ./vendor/gitlab.com/gitlab-org/gitaly/v14/proto/go/gitalypb/shared.pb.go ./vendor/gitlab.com/gitlab-org/gitaly/v14/proto/go/gitalypb/conflicts.pb.go ./vendor/gitlab.com/gitlab-org/gitaly/v14/proto/go/gitalypb/commit.pb.go ./vendor/gitlab.com/gitlab-org/gitaly/v14/proto/go/gitalypb/ref.pb.go ./vendor/gitlab.com/gitlab-org/gitaly/v14/proto/go/gitalypb/operations.pb.go ./vendor/gitlab.com/gitlab-org/gitaly/v14/proto/go/gitalypb/blob.pb.go ./vendor/gitlab.com/gitlab-org/gitaly/v14/proto/go/gitalypb/transaction.pb.go ./vendor/gitlab.com/gitlab-org/gitaly/v14/proto/go/gitalypb/wiki.pb.go ./vendor/gitlab.com/gitlab-org/gitaly/v14/proto/go/gitalypb/smarthttp.pb.go ./vendor/gitlab.com/gitlab-org/gitaly/v14/proto/go/gitalypb/repository-service.pb.go ./vendor/gitlab.com/gitlab-org/gitaly/v14/proto/go/gitalypb/server.pb.go ./vendor/gitlab.com/gitlab-org/gitaly/v14/proto/go/gitalypb/internal.pb.go ./vendor/gitlab.com/gitlab-org/gitaly/v14/proto/go/gitalypb/praefect.pb.go ./vendor/gitlab.com/gitlab-org/labkit/mask/sensitive.go ./vendor/gitlab.com/gitlab-org/labkit/mask/doc.go ./vendor/gitlab.com/gitlab-org/labkit/mask/matchers.go ./vendor/gitlab.com/gitlab-org/labkit/mask/url.go ./vendor/gitlab.com/gitlab-org/labkit/mask/consts.go ./vendor/gitlab.com/gitlab-org/labkit/correlation/base62.go ./vendor/gitlab.com/gitlab-org/labkit/correlation/context.go ./vendor/gitlab.com/gitlab-org/labkit/correlation/inbound_http_options.go ./vendor/gitlab.com/gitlab-org/labkit/correlation/outbound_http.go ./vendor/gitlab.com/gitlab-org/labkit/correlation/grpc/key.go ./vendor/gitlab.com/gitlab-org/labkit/correlation/grpc/client_interceptors.go ./vendor/gitlab.com/gitlab-org/labkit/correlation/grpc/server_interceptors.go ./vendor/gitlab.com/gitlab-org/labkit/correlation/grpc/server_interceptors_options.go ./vendor/gitlab.com/gitlab-org/labkit/correlation/grpc/client_interceptors_options.go ./vendor/gitlab.com/gitlab-org/labkit/correlation/field.go ./vendor/gitlab.com/gitlab-org/labkit/correlation/outbound_http_options.go ./vendor/gitlab.com/gitlab-org/labkit/correlation/generator.go ./vendor/gitlab.com/gitlab-org/labkit/correlation/doc.go ./vendor/gitlab.com/gitlab-org/labkit/correlation/inbound_http.go ./vendor/gitlab.com/gitlab-org/labkit/tracing/inbound_http.go ./vendor/gitlab.com/gitlab-org/labkit/tracing/impl/datadog_tracer.go ./vendor/gitlab.com/gitlab-org/labkit/tracing/impl/lightstep_tracer.go ./vendor/gitlab.com/gitlab-org/labkit/tracing/impl/tracer_registry.go ./vendor/gitlab.com/gitlab-org/labkit/tracing/impl/errors.go ./vendor/gitlab.com/gitlab-org/labkit/tracing/impl/stackdriver_tracer.go ./vendor/gitlab.com/gitlab-org/labkit/tracing/impl/null_tracer.go ./vendor/gitlab.com/gitlab-org/labkit/tracing/impl/static_tracer.go ./vendor/gitlab.com/gitlab-org/labkit/tracing/impl/jaeger_tracer.go ./vendor/gitlab.com/gitlab-org/labkit/tracing/impl/constants.go ./vendor/gitlab.com/gitlab-org/labkit/tracing/grpc/server_interceptors.go ./vendor/gitlab.com/gitlab-org/labkit/tracing/grpc/client_interceptors.go ./vendor/gitlab.com/gitlab-org/labkit/tracing/grpc/healthcheck_filter.go ./vendor/gitlab.com/gitlab-org/labkit/tracing/connstr/connection_string_parser.go ./vendor/gitlab.com/gitlab-org/labkit/tracing/env_extractor_option.go ./vendor/gitlab.com/gitlab-org/labkit/tracing/outbound_http.go ./vendor/gitlab.com/gitlab-org/labkit/tracing/env_injector_option.go ./vendor/gitlab.com/gitlab-org/labkit/tracing/outbound_http_options.go ./vendor/gitlab.com/gitlab-org/labkit/tracing/env_injector.go ./vendor/gitlab.com/gitlab-org/labkit/tracing/inbound_http_options.go ./vendor/gitlab.com/gitlab-org/labkit/tracing/initialization.go ./vendor/gitlab.com/gitlab-org/labkit/tracing/env_extractor.go ./vendor/gitlab.com/gitlab-org/labkit/tracing/errors.go ./vendor/gitlab.com/gitlab-org/labkit/tracing/initialization_options.go ./vendor/gitlab.com/gitlab-org/labkit/tracing/doc.go ./vendor/gitlab.com/gitlab-org/labkit/log/logrus.go ./vendor/gitlab.com/gitlab-org/labkit/log/access_logger_options.go ./vendor/gitlab.com/gitlab-org/labkit/log/access_logger_fields.go ./vendor/gitlab.com/gitlab-org/labkit/log/doc.go ./vendor/gitlab.com/gitlab-org/labkit/log/clock.go ./vendor/gitlab.com/gitlab-org/labkit/log/initialization.go ./vendor/gitlab.com/gitlab-org/labkit/log/combined_formatter.go ./vendor/gitlab.com/gitlab-org/labkit/log/logger.go ./vendor/gitlab.com/gitlab-org/labkit/log/access_logger.go ./vendor/gitlab.com/gitlab-org/labkit/log/logger_options.go ./vendor/gitlab.com/gitlab-org/labkit/monitoring/profiler_opts.go ./vendor/gitlab.com/gitlab-org/labkit/monitoring/doc.go ./vendor/gitlab.com/gitlab-org/labkit/monitoring/null_profiler.go ./vendor/gitlab.com/gitlab-org/labkit/monitoring/start_options.go ./vendor/gitlab.com/gitlab-org/labkit/monitoring/build_info_gauge.go ./vendor/gitlab.com/gitlab-org/labkit/monitoring/start.go ./vendor/gitlab.com/gitlab-org/labkit/monitoring/profiler.go ./vendor/gopkg.in/yaml.v2/yamlh.go ./vendor/gopkg.in/yaml.v2/resolve.go ./vendor/gopkg.in/yaml.v2/parserc.go ./vendor/gopkg.in/yaml.v2/yamlprivateh.go ./vendor/gopkg.in/yaml.v2/emitterc.go ./vendor/gopkg.in/yaml.v2/writerc.go ./vendor/gopkg.in/yaml.v2/sorter.go ./vendor/gopkg.in/yaml.v2/readerc.go ./vendor/gopkg.in/yaml.v2/yaml.go ./vendor/gopkg.in/yaml.v2/encode.go ./vendor/gopkg.in/yaml.v2/decode.go ./vendor/gopkg.in/yaml.v2/scannerc.go ./vendor/gopkg.in/yaml.v2/apic.go ./vendor/gopkg.in/DataDog/dd-trace-go.v1/internal/container.go ./vendor/gopkg.in/DataDog/dd-trace-go.v1/internal/env.go ./vendor/gopkg.in/DataDog/dd-trace-go.v1/internal/log/log.go ./vendor/gopkg.in/DataDog/dd-trace-go.v1/internal/version/version.go ./vendor/gopkg.in/DataDog/dd-trace-go.v1/internal/globalconfig/globalconfig.go ./vendor/gopkg.in/DataDog/dd-trace-go.v1/ddtrace/tracer/tracer_nongo11.go ./vendor/gopkg.in/DataDog/dd-trace-go.v1/ddtrace/tracer/span.go ./vendor/gopkg.in/DataDog/dd-trace-go.v1/ddtrace/tracer/textmap.go ./vendor/gopkg.in/DataDog/dd-trace-go.v1/ddtrace/tracer/sampler.go ./vendor/gopkg.in/DataDog/dd-trace-go.v1/ddtrace/tracer/spancontext.go ./vendor/gopkg.in/DataDog/dd-trace-go.v1/ddtrace/tracer/span_msgp.go ./vendor/gopkg.in/DataDog/dd-trace-go.v1/ddtrace/tracer/tracer_go11.go ./vendor/gopkg.in/DataDog/dd-trace-go.v1/ddtrace/tracer/propagator.go ./vendor/gopkg.in/DataDog/dd-trace-go.v1/ddtrace/tracer/writer.go ./vendor/gopkg.in/DataDog/dd-trace-go.v1/ddtrace/tracer/osinfo_linux.go ./vendor/gopkg.in/DataDog/dd-trace-go.v1/ddtrace/tracer/doc.go ./vendor/gopkg.in/DataDog/dd-trace-go.v1/ddtrace/tracer/payload.go ./vendor/gopkg.in/DataDog/dd-trace-go.v1/ddtrace/tracer/osinfo_darwin.go ./vendor/gopkg.in/DataDog/dd-trace-go.v1/ddtrace/tracer/osinfo_windows.go ./vendor/gopkg.in/DataDog/dd-trace-go.v1/ddtrace/tracer/tracer.go ./vendor/gopkg.in/DataDog/dd-trace-go.v1/ddtrace/tracer/time.go ./vendor/gopkg.in/DataDog/dd-trace-go.v1/ddtrace/tracer/context.go ./vendor/gopkg.in/DataDog/dd-trace-go.v1/ddtrace/tracer/log.go ./vendor/gopkg.in/DataDog/dd-trace-go.v1/ddtrace/tracer/time_windows.go ./vendor/gopkg.in/DataDog/dd-trace-go.v1/ddtrace/tracer/osinfo_default.go ./vendor/gopkg.in/DataDog/dd-trace-go.v1/ddtrace/tracer/rand.go ./vendor/gopkg.in/DataDog/dd-trace-go.v1/ddtrace/tracer/option.go ./vendor/gopkg.in/DataDog/dd-trace-go.v1/ddtrace/tracer/transport.go ./vendor/gopkg.in/DataDog/dd-trace-go.v1/ddtrace/tracer/osinfo_freebsd.go ./vendor/gopkg.in/DataDog/dd-trace-go.v1/ddtrace/tracer/util.go ./vendor/gopkg.in/DataDog/dd-trace-go.v1/ddtrace/tracer/metrics.go ./vendor/gopkg.in/DataDog/dd-trace-go.v1/ddtrace/opentracer/span.go ./vendor/gopkg.in/DataDog/dd-trace-go.v1/ddtrace/opentracer/option.go ./vendor/gopkg.in/DataDog/dd-trace-go.v1/ddtrace/opentracer/tracer.go ./vendor/gopkg.in/DataDog/dd-trace-go.v1/ddtrace/ext/system.go ./vendor/gopkg.in/DataDog/dd-trace-go.v1/ddtrace/ext/priority.go ./vendor/gopkg.in/DataDog/dd-trace-go.v1/ddtrace/ext/cassandra.go ./vendor/gopkg.in/DataDog/dd-trace-go.v1/ddtrace/ext/app_types.go ./vendor/gopkg.in/DataDog/dd-trace-go.v1/ddtrace/ext/db.go ./vendor/gopkg.in/DataDog/dd-trace-go.v1/ddtrace/ext/tags.go ./vendor/gopkg.in/DataDog/dd-trace-go.v1/ddtrace/ext/peer.go ./vendor/gopkg.in/DataDog/dd-trace-go.v1/ddtrace/internal/globaltracer.go ./vendor/gopkg.in/DataDog/dd-trace-go.v1/ddtrace/ddtrace.go ./vendor/gopkg.in/yaml.v3/scannerc.go ./vendor/gopkg.in/yaml.v3/writerc.go ./vendor/gopkg.in/yaml.v3/yamlh.go ./vendor/gopkg.in/yaml.v3/readerc.go ./vendor/gopkg.in/yaml.v3/encode.go ./vendor/gopkg.in/yaml.v3/decode.go ./vendor/gopkg.in/yaml.v3/sorter.go ./vendor/gopkg.in/yaml.v3/resolve.go ./vendor/gopkg.in/yaml.v3/parserc.go ./vendor/gopkg.in/yaml.v3/emitterc.go ./vendor/gopkg.in/yaml.v3/yaml.go ./vendor/gopkg.in/yaml.v3/apic.go ./vendor/gopkg.in/yaml.v3/yamlprivateh.go ./vendor/github.com/pkg/errors/errors.go ./vendor/github.com/pkg/errors/go113.go ./vendor/github.com/pkg/errors/stack.go ./vendor/github.com/mikesmitty/edkey/edkey.go ./vendor/github.com/cespare/xxhash/v2/xxhash_amd64.go ./vendor/github.com/cespare/xxhash/v2/xxhash_other.go ./vendor/github.com/cespare/xxhash/v2/xxhash.go ./vendor/github.com/cespare/xxhash/v2/xxhash_unsafe.go ./vendor/github.com/cespare/xxhash/v2/xxhash_safe.go ./vendor/github.com/client9/reopen/reopen.go ./vendor/github.com/prometheus/client_golang/prometheus/timer.go ./vendor/github.com/prometheus/client_golang/prometheus/internal/metric.go ./vendor/github.com/prometheus/client_golang/prometheus/gauge.go ./vendor/github.com/prometheus/client_golang/prometheus/registry.go ./vendor/github.com/prometheus/client_golang/prometheus/process_collector_other.go ./vendor/github.com/prometheus/client_golang/prometheus/histogram.go ./vendor/github.com/prometheus/client_golang/prometheus/go_collector.go ./vendor/github.com/prometheus/client_golang/prometheus/counter.go ./vendor/github.com/prometheus/client_golang/prometheus/process_collector.go ./vendor/github.com/prometheus/client_golang/prometheus/process_collector_windows.go ./vendor/github.com/prometheus/client_golang/prometheus/collector.go ./vendor/github.com/prometheus/client_golang/prometheus/value.go ./vendor/github.com/prometheus/client_golang/prometheus/fnv.go ./vendor/github.com/prometheus/client_golang/prometheus/observer.go ./vendor/github.com/prometheus/client_golang/prometheus/metric.go ./vendor/github.com/prometheus/client_golang/prometheus/promauto/auto.go ./vendor/github.com/prometheus/client_golang/prometheus/expvar_collector.go ./vendor/github.com/prometheus/client_golang/prometheus/desc.go ./vendor/github.com/prometheus/client_golang/prometheus/vec.go ./vendor/github.com/prometheus/client_golang/prometheus/untyped.go ./vendor/github.com/prometheus/client_golang/prometheus/doc.go ./vendor/github.com/prometheus/client_golang/prometheus/summary.go ./vendor/github.com/prometheus/client_golang/prometheus/wrap.go ./vendor/github.com/prometheus/client_golang/prometheus/labels.go ./vendor/github.com/prometheus/client_golang/prometheus/promhttp/http.go ./vendor/github.com/prometheus/client_golang/prometheus/promhttp/delegator.go ./vendor/github.com/prometheus/client_golang/prometheus/promhttp/instrument_client.go ./vendor/github.com/prometheus/client_golang/prometheus/promhttp/instrument_server.go ./vendor/github.com/prometheus/client_model/go/metrics.pb.go ./vendor/github.com/prometheus/common/internal/bitbucket.org/ww/goautoneg/autoneg.go ./vendor/github.com/prometheus/common/model/silence.go ./vendor/github.com/prometheus/common/model/fingerprinting.go ./vendor/github.com/prometheus/common/model/labels.go ./vendor/github.com/prometheus/common/model/value.go ./vendor/github.com/prometheus/common/model/time.go ./vendor/github.com/prometheus/common/model/signature.go ./vendor/github.com/prometheus/common/model/metric.go ./vendor/github.com/prometheus/common/model/alert.go ./vendor/github.com/prometheus/common/model/fnv.go ./vendor/github.com/prometheus/common/model/labelset.go ./vendor/github.com/prometheus/common/model/model.go ./vendor/github.com/prometheus/common/expfmt/encode.go ./vendor/github.com/prometheus/common/expfmt/decode.go ./vendor/github.com/prometheus/common/expfmt/openmetrics_create.go ./vendor/github.com/prometheus/common/expfmt/expfmt.go ./vendor/github.com/prometheus/common/expfmt/text_create.go ./vendor/github.com/prometheus/common/expfmt/fuzz.go ./vendor/github.com/prometheus/common/expfmt/text_parse.go ./vendor/github.com/prometheus/procfs/cpuinfo.go ./vendor/github.com/prometheus/procfs/net_conntrackstat.go ./vendor/github.com/prometheus/procfs/meminfo.go ./vendor/github.com/prometheus/procfs/net_tcp.go ./vendor/github.com/prometheus/procfs/kernel_random.go ./vendor/github.com/prometheus/procfs/xfrm.go ./vendor/github.com/prometheus/procfs/proc_maps.go ./vendor/github.com/prometheus/procfs/proc_status.go ./vendor/github.com/prometheus/procfs/vm.go ./vendor/github.com/prometheus/procfs/ipvs.go ./vendor/github.com/prometheus/procfs/proc_psi.go ./vendor/github.com/prometheus/procfs/proc.go ./vendor/github.com/prometheus/procfs/cpuinfo_armx.go ./vendor/github.com/prometheus/procfs/proc_fdinfo.go ./vendor/github.com/prometheus/procfs/net_protocols.go ./vendor/github.com/prometheus/procfs/mountstats.go ./vendor/github.com/prometheus/procfs/cpuinfo_ppcx.go ./vendor/github.com/prometheus/procfs/net_dev.go ./vendor/github.com/prometheus/procfs/buddyinfo.go ./vendor/github.com/prometheus/procfs/fs.go ./vendor/github.com/prometheus/procfs/net_unix.go ./vendor/github.com/prometheus/procfs/cpuinfo_mipsx.go ./vendor/github.com/prometheus/procfs/net_udp.go ./vendor/github.com/prometheus/procfs/proc_stat.go ./vendor/github.com/prometheus/procfs/proc_limits.go ./vendor/github.com/prometheus/procfs/proc_cgroup.go ./vendor/github.com/prometheus/procfs/proc_io.go ./vendor/github.com/prometheus/procfs/cpuinfo_others.go ./vendor/github.com/prometheus/procfs/crypto.go ./vendor/github.com/prometheus/procfs/proc_smaps.go ./vendor/github.com/prometheus/procfs/zoneinfo.go ./vendor/github.com/prometheus/procfs/stat.go ./vendor/github.com/prometheus/procfs/schedstat.go ./vendor/github.com/prometheus/procfs/proc_environ.go ./vendor/github.com/prometheus/procfs/proc_ns.go ./vendor/github.com/prometheus/procfs/net_sockstat.go ./vendor/github.com/prometheus/procfs/internal/util/readfile.go ./vendor/github.com/prometheus/procfs/internal/util/sysreadfile.go ./vendor/github.com/prometheus/procfs/internal/util/sysreadfile_compat.go ./vendor/github.com/prometheus/procfs/internal/util/valueparser.go ./vendor/github.com/prometheus/procfs/internal/util/parse.go ./vendor/github.com/prometheus/procfs/internal/fs/fs.go ./vendor/github.com/prometheus/procfs/loadavg.go ./vendor/github.com/prometheus/procfs/doc.go ./vendor/github.com/prometheus/procfs/cpuinfo_s390x.go ./vendor/github.com/prometheus/procfs/mdstat.go ./vendor/github.com/prometheus/procfs/net_softnet.go ./vendor/github.com/prometheus/procfs/cpuinfo_riscvx.go ./vendor/github.com/prometheus/procfs/mountinfo.go ./vendor/github.com/prometheus/procfs/fscache.go ./vendor/github.com/prometheus/procfs/slab.go ./vendor/github.com/prometheus/procfs/cpuinfo_x86.go ./vendor/github.com/prometheus/procfs/arp.go ./vendor/github.com/prometheus/procfs/swaps.go ./vendor/github.com/prometheus/procfs/net_ip_socket.go ./vendor/github.com/aws/aws-sdk-go/service/sso/service.go ./vendor/github.com/aws/aws-sdk-go/service/sso/doc.go ./vendor/github.com/aws/aws-sdk-go/service/sso/api.go ./vendor/github.com/aws/aws-sdk-go/service/sso/errors.go ./vendor/github.com/aws/aws-sdk-go/service/sso/ssoiface/interface.go ./vendor/github.com/aws/aws-sdk-go/service/sts/service.go ./vendor/github.com/aws/aws-sdk-go/service/sts/customizations.go ./vendor/github.com/aws/aws-sdk-go/service/sts/api.go ./vendor/github.com/aws/aws-sdk-go/service/sts/errors.go ./vendor/github.com/aws/aws-sdk-go/service/sts/stsiface/interface.go ./vendor/github.com/aws/aws-sdk-go/service/sts/doc.go ./vendor/github.com/aws/aws-sdk-go/aws/awsutil/path_value.go ./vendor/github.com/aws/aws-sdk-go/aws/awsutil/copy.go ./vendor/github.com/aws/aws-sdk-go/aws/awsutil/prettify.go ./vendor/github.com/aws/aws-sdk-go/aws/awsutil/equal.go ./vendor/github.com/aws/aws-sdk-go/aws/awsutil/string_value.go ./vendor/github.com/aws/aws-sdk-go/aws/context_background_1_5.go ./vendor/github.com/aws/aws-sdk-go/aws/credentials/shared_credentials_provider.go ./vendor/github.com/aws/aws-sdk-go/aws/credentials/ssocreds/provider.go ./vendor/github.com/aws/aws-sdk-go/aws/credentials/ssocreds/os.go ./vendor/github.com/aws/aws-sdk-go/aws/credentials/ssocreds/doc.go ./vendor/github.com/aws/aws-sdk-go/aws/credentials/ssocreds/os_windows.go ./vendor/github.com/aws/aws-sdk-go/aws/credentials/context_background_go1.7.go ./vendor/github.com/aws/aws-sdk-go/aws/credentials/context_go1.9.go ./vendor/github.com/aws/aws-sdk-go/aws/credentials/env_provider.go ./vendor/github.com/aws/aws-sdk-go/aws/credentials/processcreds/provider.go ./vendor/github.com/aws/aws-sdk-go/aws/credentials/context_background_go1.5.go ./vendor/github.com/aws/aws-sdk-go/aws/credentials/static_provider.go ./vendor/github.com/aws/aws-sdk-go/aws/credentials/stscreds/assume_role_provider.go ./vendor/github.com/aws/aws-sdk-go/aws/credentials/stscreds/web_identity_provider.go ./vendor/github.com/aws/aws-sdk-go/aws/credentials/chain_provider.go ./vendor/github.com/aws/aws-sdk-go/aws/credentials/context_go1.5.go ./vendor/github.com/aws/aws-sdk-go/aws/credentials/credentials.go ./vendor/github.com/aws/aws-sdk-go/aws/credentials/endpointcreds/provider.go ./vendor/github.com/aws/aws-sdk-go/aws/credentials/ec2rolecreds/ec2_role_provider.go ./vendor/github.com/aws/aws-sdk-go/aws/url.go ./vendor/github.com/aws/aws-sdk-go/aws/endpoints/dep_service_ids.go ./vendor/github.com/aws/aws-sdk-go/aws/endpoints/decode.go ./vendor/github.com/aws/aws-sdk-go/aws/endpoints/endpoints.go ./vendor/github.com/aws/aws-sdk-go/aws/endpoints/v3model_codegen.go ./vendor/github.com/aws/aws-sdk-go/aws/endpoints/v3model.go ./vendor/github.com/aws/aws-sdk-go/aws/endpoints/doc.go ./vendor/github.com/aws/aws-sdk-go/aws/endpoints/defaults.go ./vendor/github.com/aws/aws-sdk-go/aws/endpoints/legacy_regions.go ./vendor/github.com/aws/aws-sdk-go/aws/url_1_7.go ./vendor/github.com/aws/aws-sdk-go/aws/request/request_1_7.go ./vendor/github.com/aws/aws-sdk-go/aws/request/offset_reader.go ./vendor/github.com/aws/aws-sdk-go/aws/request/request_context_1_6.go ./vendor/github.com/aws/aws-sdk-go/aws/request/request_pagination.go ./vendor/github.com/aws/aws-sdk-go/aws/request/request.go ./vendor/github.com/aws/aws-sdk-go/aws/request/http_request.go ./vendor/github.com/aws/aws-sdk-go/aws/request/validation.go ./vendor/github.com/aws/aws-sdk-go/aws/request/request_context.go ./vendor/github.com/aws/aws-sdk-go/aws/request/request_1_8.go ./vendor/github.com/aws/aws-sdk-go/aws/request/retryer.go ./vendor/github.com/aws/aws-sdk-go/aws/request/connection_reset_error.go ./vendor/github.com/aws/aws-sdk-go/aws/request/waiter.go ./vendor/github.com/aws/aws-sdk-go/aws/request/timeout_read_closer.go ./vendor/github.com/aws/aws-sdk-go/aws/request/handlers.go ./vendor/github.com/aws/aws-sdk-go/aws/logger.go ./vendor/github.com/aws/aws-sdk-go/aws/convert_types.go ./vendor/github.com/aws/aws-sdk-go/aws/context_background_1_7.go ./vendor/github.com/aws/aws-sdk-go/aws/errors.go ./vendor/github.com/aws/aws-sdk-go/aws/version.go ./vendor/github.com/aws/aws-sdk-go/aws/ec2metadata/api.go ./vendor/github.com/aws/aws-sdk-go/aws/ec2metadata/service.go ./vendor/github.com/aws/aws-sdk-go/aws/ec2metadata/token_provider.go ./vendor/github.com/aws/aws-sdk-go/aws/context_1_5.go ./vendor/github.com/aws/aws-sdk-go/aws/client/logger.go ./vendor/github.com/aws/aws-sdk-go/aws/client/no_op_retryer.go ./vendor/github.com/aws/aws-sdk-go/aws/client/client.go ./vendor/github.com/aws/aws-sdk-go/aws/client/metadata/client_info.go ./vendor/github.com/aws/aws-sdk-go/aws/client/default_retryer.go ./vendor/github.com/aws/aws-sdk-go/aws/signer/v4/uri_path.go ./vendor/github.com/aws/aws-sdk-go/aws/signer/v4/request_context_go1.7.go ./vendor/github.com/aws/aws-sdk-go/aws/signer/v4/request_context_go1.5.go ./vendor/github.com/aws/aws-sdk-go/aws/signer/v4/header_rules.go ./vendor/github.com/aws/aws-sdk-go/aws/signer/v4/options.go ./vendor/github.com/aws/aws-sdk-go/aws/signer/v4/v4.go ./vendor/github.com/aws/aws-sdk-go/aws/signer/v4/stream.go ./vendor/github.com/aws/aws-sdk-go/aws/jsonvalue.go ./vendor/github.com/aws/aws-sdk-go/aws/types.go ./vendor/github.com/aws/aws-sdk-go/aws/defaults/defaults.go ./vendor/github.com/aws/aws-sdk-go/aws/defaults/shared_config.go ./vendor/github.com/aws/aws-sdk-go/aws/awserr/types.go ./vendor/github.com/aws/aws-sdk-go/aws/awserr/error.go ./vendor/github.com/aws/aws-sdk-go/aws/context_sleep.go ./vendor/github.com/aws/aws-sdk-go/aws/config.go ./vendor/github.com/aws/aws-sdk-go/aws/doc.go ./vendor/github.com/aws/aws-sdk-go/aws/context_1_9.go ./vendor/github.com/aws/aws-sdk-go/aws/session/custom_transport_go1.6.go ./vendor/github.com/aws/aws-sdk-go/aws/session/custom_transport_go1.5.go ./vendor/github.com/aws/aws-sdk-go/aws/session/doc.go ./vendor/github.com/aws/aws-sdk-go/aws/session/shared_config.go ./vendor/github.com/aws/aws-sdk-go/aws/session/session.go ./vendor/github.com/aws/aws-sdk-go/aws/session/custom_transport.go ./vendor/github.com/aws/aws-sdk-go/aws/session/env_config.go ./vendor/github.com/aws/aws-sdk-go/aws/session/custom_transport_go1.12.go ./vendor/github.com/aws/aws-sdk-go/aws/session/credentials.go ./vendor/github.com/aws/aws-sdk-go/aws/corehandlers/user_agent.go ./vendor/github.com/aws/aws-sdk-go/aws/corehandlers/handlers.go ./vendor/github.com/aws/aws-sdk-go/aws/corehandlers/param_validator.go ./vendor/github.com/aws/aws-sdk-go/aws/csm/metric.go ./vendor/github.com/aws/aws-sdk-go/aws/csm/metric_chan.go ./vendor/github.com/aws/aws-sdk-go/aws/csm/metric_exception.go ./vendor/github.com/aws/aws-sdk-go/aws/csm/enable.go ./vendor/github.com/aws/aws-sdk-go/aws/csm/reporter.go ./vendor/github.com/aws/aws-sdk-go/aws/csm/doc.go ./vendor/github.com/aws/aws-sdk-go/internal/sync/singleflight/singleflight.go ./vendor/github.com/aws/aws-sdk-go/internal/sdkrand/read.go ./vendor/github.com/aws/aws-sdk-go/internal/sdkrand/read_1_5.go ./vendor/github.com/aws/aws-sdk-go/internal/sdkrand/locked_source.go ./vendor/github.com/aws/aws-sdk-go/internal/context/background_go1.5.go ./vendor/github.com/aws/aws-sdk-go/internal/sdkuri/path.go ./vendor/github.com/aws/aws-sdk-go/internal/sdkio/byte.go ./vendor/github.com/aws/aws-sdk-go/internal/sdkio/io_go1.7.go ./vendor/github.com/aws/aws-sdk-go/internal/sdkio/io_go1.6.go ./vendor/github.com/aws/aws-sdk-go/internal/sdkmath/floor_go1.9.go ./vendor/github.com/aws/aws-sdk-go/internal/sdkmath/floor.go ./vendor/github.com/aws/aws-sdk-go/internal/shareddefaults/shared_config.go ./vendor/github.com/aws/aws-sdk-go/internal/shareddefaults/ecs_container.go ./vendor/github.com/aws/aws-sdk-go/internal/ini/fuzz.go ./vendor/github.com/aws/aws-sdk-go/internal/ini/ini_lexer.go ./vendor/github.com/aws/aws-sdk-go/internal/ini/visitor.go ./vendor/github.com/aws/aws-sdk-go/internal/ini/newline_token.go ./vendor/github.com/aws/aws-sdk-go/internal/ini/op_tokens.go ./vendor/github.com/aws/aws-sdk-go/internal/ini/ini.go ./vendor/github.com/aws/aws-sdk-go/internal/ini/parse_error.go ./vendor/github.com/aws/aws-sdk-go/internal/ini/value_util.go ./vendor/github.com/aws/aws-sdk-go/internal/ini/literal_tokens.go ./vendor/github.com/aws/aws-sdk-go/internal/ini/empty_token.go ./vendor/github.com/aws/aws-sdk-go/internal/ini/statement.go ./vendor/github.com/aws/aws-sdk-go/internal/ini/doc.go ./vendor/github.com/aws/aws-sdk-go/internal/ini/skipper.go ./vendor/github.com/aws/aws-sdk-go/internal/ini/expression.go ./vendor/github.com/aws/aws-sdk-go/internal/ini/ws_token.go ./vendor/github.com/aws/aws-sdk-go/internal/ini/parse_stack.go ./vendor/github.com/aws/aws-sdk-go/internal/ini/sep_tokens.go ./vendor/github.com/aws/aws-sdk-go/internal/ini/number_helper.go ./vendor/github.com/aws/aws-sdk-go/internal/ini/ini_parser.go ./vendor/github.com/aws/aws-sdk-go/internal/ini/ast.go ./vendor/github.com/aws/aws-sdk-go/internal/ini/comment_token.go ./vendor/github.com/aws/aws-sdk-go/internal/ini/walker.go ./vendor/github.com/aws/aws-sdk-go/internal/ini/comma_token.go ./vendor/github.com/aws/aws-sdk-go/internal/strings/strings.go ./vendor/github.com/aws/aws-sdk-go/private/protocol/rest/build.go ./vendor/github.com/aws/aws-sdk-go/private/protocol/rest/unmarshal.go ./vendor/github.com/aws/aws-sdk-go/private/protocol/rest/payload.go ./vendor/github.com/aws/aws-sdk-go/private/protocol/jsonrpc/jsonrpc.go ./vendor/github.com/aws/aws-sdk-go/private/protocol/jsonrpc/unmarshal_error.go ./vendor/github.com/aws/aws-sdk-go/private/protocol/query/build.go ./vendor/github.com/aws/aws-sdk-go/private/protocol/query/queryutil/queryutil.go ./vendor/github.com/aws/aws-sdk-go/private/protocol/query/unmarshal_error.go ./vendor/github.com/aws/aws-sdk-go/private/protocol/query/unmarshal.go ./vendor/github.com/aws/aws-sdk-go/private/protocol/host.go ./vendor/github.com/aws/aws-sdk-go/private/protocol/json/jsonutil/build.go ./vendor/github.com/aws/aws-sdk-go/private/protocol/json/jsonutil/unmarshal.go ./vendor/github.com/aws/aws-sdk-go/private/protocol/restjson/unmarshal_error.go ./vendor/github.com/aws/aws-sdk-go/private/protocol/restjson/restjson.go ./vendor/github.com/aws/aws-sdk-go/private/protocol/payload.go ./vendor/github.com/aws/aws-sdk-go/private/protocol/unmarshal.go ./vendor/github.com/aws/aws-sdk-go/private/protocol/protocol.go ./vendor/github.com/aws/aws-sdk-go/private/protocol/timestamp.go ./vendor/github.com/aws/aws-sdk-go/private/protocol/unmarshal_error.go ./vendor/github.com/aws/aws-sdk-go/private/protocol/jsonvalue.go ./vendor/github.com/aws/aws-sdk-go/private/protocol/xml/xmlutil/build.go ./vendor/github.com/aws/aws-sdk-go/private/protocol/xml/xmlutil/sort.go ./vendor/github.com/aws/aws-sdk-go/private/protocol/xml/xmlutil/unmarshal.go ./vendor/github.com/aws/aws-sdk-go/private/protocol/xml/xmlutil/xml_to_struct.go ./vendor/github.com/aws/aws-sdk-go/private/protocol/idempotency.go ./vendor/github.com/aws/aws-sdk-go/private/protocol/host_prefix.go ./vendor/github.com/sirupsen/logrus/formatter.go ./vendor/github.com/sirupsen/logrus/buffer_pool.go ./vendor/github.com/sirupsen/logrus/exported.go ./vendor/github.com/sirupsen/logrus/logger.go ./vendor/github.com/sirupsen/logrus/text_formatter.go ./vendor/github.com/sirupsen/logrus/terminal_check_unix.go ./vendor/github.com/sirupsen/logrus/entry.go ./vendor/github.com/sirupsen/logrus/terminal_check_no_terminal.go ./vendor/github.com/sirupsen/logrus/terminal_check_js.go ./vendor/github.com/sirupsen/logrus/terminal_check_bsd.go ./vendor/github.com/sirupsen/logrus/alt_exit.go ./vendor/github.com/sirupsen/logrus/terminal_check_solaris.go ./vendor/github.com/sirupsen/logrus/hooks.go ./vendor/github.com/sirupsen/logrus/logrus.go ./vendor/github.com/sirupsen/logrus/terminal_check_windows.go ./vendor/github.com/sirupsen/logrus/doc.go ./vendor/github.com/sirupsen/logrus/writer.go ./vendor/github.com/sirupsen/logrus/terminal_check_appengine.go ./vendor/github.com/sirupsen/logrus/json_formatter.go ./vendor/github.com/sirupsen/logrus/terminal_check_notappengine.go ./vendor/github.com/pmezard/go-difflib/difflib/difflib.go ./vendor/github.com/uber/jaeger-client-go/utils/udp_client.go ./vendor/github.com/uber/jaeger-client-go/utils/http_json.go ./vendor/github.com/uber/jaeger-client-go/utils/utils.go ./vendor/github.com/uber/jaeger-client-go/utils/localip.go ./vendor/github.com/uber/jaeger-client-go/utils/reconnecting_udp_conn.go ./vendor/github.com/uber/jaeger-client-go/utils/rand.go ./vendor/github.com/uber/jaeger-client-go/utils/rate_limiter.go ./vendor/github.com/uber/jaeger-client-go/transport.go ./vendor/github.com/uber/jaeger-client-go/log/logger.go ./vendor/github.com/uber/jaeger-client-go/jaeger_thrift_span.go ./vendor/github.com/uber/jaeger-client-go/transport/doc.go ./vendor/github.com/uber/jaeger-client-go/transport/http.go ./vendor/github.com/uber/jaeger-client-go/doc.go ./vendor/github.com/uber/jaeger-client-go/header.go ./vendor/github.com/uber/jaeger-client-go/propagation.go ./vendor/github.com/uber/jaeger-client-go/observer.go ./vendor/github.com/uber/jaeger-client-go/reporter.go ./vendor/github.com/uber/jaeger-client-go/constants.go ./vendor/github.com/uber/jaeger-client-go/reporter_options.go ./vendor/github.com/uber/jaeger-client-go/span.go ./vendor/github.com/uber/jaeger-client-go/sampler.go ./vendor/github.com/uber/jaeger-client-go/rpcmetrics/endpoints.go ./vendor/github.com/uber/jaeger-client-go/rpcmetrics/metrics.go ./vendor/github.com/uber/jaeger-client-go/rpcmetrics/normalizer.go ./vendor/github.com/uber/jaeger-client-go/rpcmetrics/observer.go ./vendor/github.com/uber/jaeger-client-go/rpcmetrics/doc.go ./vendor/github.com/uber/jaeger-client-go/tracer_options.go ./vendor/github.com/uber/jaeger-client-go/process.go ./vendor/github.com/uber/jaeger-client-go/thrift/rich_transport.go ./vendor/github.com/uber/jaeger-client-go/thrift/exception.go ./vendor/github.com/uber/jaeger-client-go/thrift/protocol_factory.go ./vendor/github.com/uber/jaeger-client-go/thrift/application_exception.go ./vendor/github.com/uber/jaeger-client-go/thrift/transport.go ./vendor/github.com/uber/jaeger-client-go/thrift/protocol.go ./vendor/github.com/uber/jaeger-client-go/thrift/protocol_exception.go ./vendor/github.com/uber/jaeger-client-go/thrift/simple_json_protocol.go ./vendor/github.com/uber/jaeger-client-go/thrift/processor.go ./vendor/github.com/uber/jaeger-client-go/thrift/binary_protocol.go ./vendor/github.com/uber/jaeger-client-go/thrift/messagetype.go ./vendor/github.com/uber/jaeger-client-go/thrift/numeric.go ./vendor/github.com/uber/jaeger-client-go/thrift/transport_exception.go ./vendor/github.com/uber/jaeger-client-go/thrift/compact_protocol.go ./vendor/github.com/uber/jaeger-client-go/thrift/transport_factory.go ./vendor/github.com/uber/jaeger-client-go/thrift/memory_buffer.go ./vendor/github.com/uber/jaeger-client-go/thrift/type.go ./vendor/github.com/uber/jaeger-client-go/thrift/serializer.go ./vendor/github.com/uber/jaeger-client-go/zipkin.go ./vendor/github.com/uber/jaeger-client-go/zipkin_thrift_span.go ./vendor/github.com/uber/jaeger-client-go/config/options.go ./vendor/github.com/uber/jaeger-client-go/config/config_env.go ./vendor/github.com/uber/jaeger-client-go/config/config.go ./vendor/github.com/uber/jaeger-client-go/tracer.go ./vendor/github.com/uber/jaeger-client-go/sampler_v2.go ./vendor/github.com/uber/jaeger-client-go/interop.go ./vendor/github.com/uber/jaeger-client-go/span_context.go ./vendor/github.com/uber/jaeger-client-go/baggage_setter.go ./vendor/github.com/uber/jaeger-client-go/sampler_remote.go ./vendor/github.com/uber/jaeger-client-go/contrib_observer.go ./vendor/github.com/uber/jaeger-client-go/reference.go ./vendor/github.com/uber/jaeger-client-go/metrics.go ./vendor/github.com/uber/jaeger-client-go/internal/throttler/remote/options.go ./vendor/github.com/uber/jaeger-client-go/internal/throttler/remote/throttler.go ./vendor/github.com/uber/jaeger-client-go/internal/throttler/throttler.go ./vendor/github.com/uber/jaeger-client-go/internal/reporterstats/stats.go ./vendor/github.com/uber/jaeger-client-go/internal/spanlog/json.go ./vendor/github.com/uber/jaeger-client-go/internal/baggage/restriction_manager.go ./vendor/github.com/uber/jaeger-client-go/internal/baggage/remote/options.go ./vendor/github.com/uber/jaeger-client-go/internal/baggage/remote/restriction_manager.go ./vendor/github.com/uber/jaeger-client-go/sampler_remote_options.go ./vendor/github.com/uber/jaeger-client-go/thrift-gen/agent/agent.go ./vendor/github.com/uber/jaeger-client-go/thrift-gen/agent/ttypes.go ./vendor/github.com/uber/jaeger-client-go/thrift-gen/agent/constants.go ./vendor/github.com/uber/jaeger-client-go/thrift-gen/jaeger/ttypes.go ./vendor/github.com/uber/jaeger-client-go/thrift-gen/jaeger/constants.go ./vendor/github.com/uber/jaeger-client-go/thrift-gen/jaeger/agent.go ./vendor/github.com/uber/jaeger-client-go/thrift-gen/baggage/ttypes.go ./vendor/github.com/uber/jaeger-client-go/thrift-gen/baggage/constants.go ./vendor/github.com/uber/jaeger-client-go/thrift-gen/baggage/baggagerestrictionmanager.go ./vendor/github.com/uber/jaeger-client-go/thrift-gen/sampling/ttypes.go ./vendor/github.com/uber/jaeger-client-go/thrift-gen/sampling/samplingmanager.go ./vendor/github.com/uber/jaeger-client-go/thrift-gen/sampling/constants.go ./vendor/github.com/uber/jaeger-client-go/thrift-gen/zipkincore/constants.go ./vendor/github.com/uber/jaeger-client-go/thrift-gen/zipkincore/zipkincollector.go ./vendor/github.com/uber/jaeger-client-go/thrift-gen/zipkincore/ttypes.go ./vendor/github.com/uber/jaeger-client-go/span_allocator.go ./vendor/github.com/uber/jaeger-client-go/jaeger_tag.go ./vendor/github.com/uber/jaeger-client-go/logger.go ./vendor/github.com/uber/jaeger-client-go/transport_udp.go ./vendor/github.com/uber/jaeger-lib/metrics/stopwatch.go ./vendor/github.com/uber/jaeger-lib/metrics/counter.go ./vendor/github.com/uber/jaeger-lib/metrics/histogram.go ./vendor/github.com/uber/jaeger-lib/metrics/factory.go ./vendor/github.com/uber/jaeger-lib/metrics/keys.go ./vendor/github.com/uber/jaeger-lib/metrics/metrics.go ./vendor/github.com/uber/jaeger-lib/metrics/timer.go ./vendor/github.com/uber/jaeger-lib/metrics/gauge.go ./vendor/github.com/google/pprof/profile/filter.go ./vendor/github.com/google/pprof/profile/merge.go ./vendor/github.com/google/pprof/profile/legacy_profile.go ./vendor/github.com/google/pprof/profile/prune.go ./vendor/github.com/google/pprof/profile/proto.go ./vendor/github.com/google/pprof/profile/index.go ./vendor/github.com/google/pprof/profile/profile.go ./vendor/github.com/google/pprof/profile/legacy_java_profile.go ./vendor/github.com/google/pprof/profile/encode.go ./vendor/github.com/google/go-cmp/cmp/internal/function/func.go ./vendor/github.com/google/go-cmp/cmp/internal/value/pointer_purego.go ./vendor/github.com/google/go-cmp/cmp/internal/value/pointer_unsafe.go ./vendor/github.com/google/go-cmp/cmp/internal/value/zero.go ./vendor/github.com/google/go-cmp/cmp/internal/value/name.go ./vendor/github.com/google/go-cmp/cmp/internal/value/sort.go ./vendor/github.com/google/go-cmp/cmp/internal/flags/flags.go ./vendor/github.com/google/go-cmp/cmp/internal/flags/toolchain_legacy.go ./vendor/github.com/google/go-cmp/cmp/internal/flags/toolchain_recent.go ./vendor/github.com/google/go-cmp/cmp/internal/diff/diff.go ./vendor/github.com/google/go-cmp/cmp/internal/diff/debug_disable.go ./vendor/github.com/google/go-cmp/cmp/internal/diff/debug_enable.go ./vendor/github.com/google/go-cmp/cmp/export_panic.go ./vendor/github.com/google/go-cmp/cmp/report_compare.go ./vendor/github.com/google/go-cmp/cmp/options.go ./vendor/github.com/google/go-cmp/cmp/compare.go ./vendor/github.com/google/go-cmp/cmp/path.go ./vendor/github.com/google/go-cmp/cmp/report_text.go ./vendor/github.com/google/go-cmp/cmp/report_references.go ./vendor/github.com/google/go-cmp/cmp/report_slices.go ./vendor/github.com/google/go-cmp/cmp/report_reflect.go ./vendor/github.com/google/go-cmp/cmp/report_value.go ./vendor/github.com/google/go-cmp/cmp/report.go ./vendor/github.com/google/go-cmp/cmp/export_unsafe.go ./vendor/github.com/google/uuid/util.go ./vendor/github.com/google/uuid/doc.go ./vendor/github.com/google/uuid/time.go ./vendor/github.com/google/uuid/version1.go ./vendor/github.com/google/uuid/marshal.go ./vendor/github.com/google/uuid/version4.go ./vendor/github.com/google/uuid/uuid.go ./vendor/github.com/google/uuid/node_net.go ./vendor/github.com/google/uuid/hash.go ./vendor/github.com/google/uuid/node.go ./vendor/github.com/google/uuid/dce.go ./vendor/github.com/google/uuid/sql.go ./vendor/github.com/google/uuid/node_js.go ./vendor/github.com/opentracing/opentracing-go/propagation.go ./vendor/github.com/opentracing/opentracing-go/ext.go ./vendor/github.com/opentracing/opentracing-go/tracer.go ./vendor/github.com/opentracing/opentracing-go/log/util.go ./vendor/github.com/opentracing/opentracing-go/log/field.go ./vendor/github.com/opentracing/opentracing-go/ext/tags.go ./vendor/github.com/opentracing/opentracing-go/ext/field.go ./vendor/github.com/opentracing/opentracing-go/noop.go ./vendor/github.com/opentracing/opentracing-go/gocontext.go ./vendor/github.com/opentracing/opentracing-go/globaltracer.go ./vendor/github.com/opentracing/opentracing-go/span.go ./vendor/github.com/googleapis/gax-go/v2/invoke.go ./vendor/github.com/googleapis/gax-go/v2/gax.go ./vendor/github.com/googleapis/gax-go/v2/call_option.go ./vendor/github.com/googleapis/gax-go/v2/header.go ./vendor/github.com/grpc-ecosystem/go-grpc-middleware/tracing/opentracing/options.go ./vendor/github.com/grpc-ecosystem/go-grpc-middleware/tracing/opentracing/id_extract.go ./vendor/github.com/grpc-ecosystem/go-grpc-middleware/tracing/opentracing/server_interceptors.go ./vendor/github.com/grpc-ecosystem/go-grpc-middleware/tracing/opentracing/doc.go ./vendor/github.com/grpc-ecosystem/go-grpc-middleware/tracing/opentracing/client_interceptors.go ./vendor/github.com/grpc-ecosystem/go-grpc-middleware/tracing/opentracing/metadata.go ./vendor/github.com/grpc-ecosystem/go-grpc-middleware/wrappers.go ./vendor/github.com/grpc-ecosystem/go-grpc-middleware/util/metautils/nicemd.go ./vendor/github.com/grpc-ecosystem/go-grpc-middleware/util/metautils/doc.go ./vendor/github.com/grpc-ecosystem/go-grpc-middleware/doc.go ./vendor/github.com/grpc-ecosystem/go-grpc-middleware/chain.go ./vendor/github.com/grpc-ecosystem/go-grpc-middleware/auth/auth.go ./vendor/github.com/grpc-ecosystem/go-grpc-middleware/auth/metadata.go ./vendor/github.com/grpc-ecosystem/go-grpc-middleware/auth/doc.go ./vendor/github.com/grpc-ecosystem/go-grpc-middleware/tags/fieldextractor.go ./vendor/github.com/grpc-ecosystem/go-grpc-middleware/tags/context.go ./vendor/github.com/grpc-ecosystem/go-grpc-middleware/tags/interceptors.go ./vendor/github.com/grpc-ecosystem/go-grpc-middleware/tags/options.go ./vendor/github.com/grpc-ecosystem/go-grpc-middleware/tags/doc.go ./vendor/github.com/grpc-ecosystem/go-grpc-prometheus/metric_options.go ./vendor/github.com/grpc-ecosystem/go-grpc-prometheus/client.go ./vendor/github.com/grpc-ecosystem/go-grpc-prometheus/server.go ./vendor/github.com/grpc-ecosystem/go-grpc-prometheus/util.go ./vendor/github.com/grpc-ecosystem/go-grpc-prometheus/server_reporter.go ./vendor/github.com/grpc-ecosystem/go-grpc-prometheus/server_metrics.go ./vendor/github.com/grpc-ecosystem/go-grpc-prometheus/client_metrics.go ./vendor/github.com/grpc-ecosystem/go-grpc-prometheus/client_reporter.go ./vendor/github.com/gogo/protobuf/sortkeys/sortkeys.go ./vendor/github.com/gogo/protobuf/proto/text_gogo.go ./vendor/github.com/gogo/protobuf/proto/table_marshal.go ./vendor/github.com/gogo/protobuf/proto/table_merge.go ./vendor/github.com/gogo/protobuf/proto/pointer_reflect_gogo.go ./vendor/github.com/gogo/protobuf/proto/pointer_reflect.go ./vendor/github.com/gogo/protobuf/proto/properties_gogo.go ./vendor/github.com/gogo/protobuf/proto/clone.go ./vendor/github.com/gogo/protobuf/proto/wrappers.go ./vendor/github.com/gogo/protobuf/proto/text_parser.go ./vendor/github.com/gogo/protobuf/proto/custom_gogo.go ./vendor/github.com/gogo/protobuf/proto/table_unmarshal_gogo.go ./vendor/github.com/gogo/protobuf/proto/message_set.go ./vendor/github.com/gogo/protobuf/proto/deprecated.go ./vendor/github.com/gogo/protobuf/proto/skip_gogo.go ./vendor/github.com/gogo/protobuf/proto/text.go ./vendor/github.com/gogo/protobuf/proto/duration.go ./vendor/github.com/gogo/protobuf/proto/encode_gogo.go ./vendor/github.com/gogo/protobuf/proto/table_marshal_gogo.go ./vendor/github.com/gogo/protobuf/proto/extensions.go ./vendor/github.com/gogo/protobuf/proto/lib_gogo.go ./vendor/github.com/gogo/protobuf/proto/pointer_unsafe_gogo.go ./vendor/github.com/gogo/protobuf/proto/properties.go ./vendor/github.com/gogo/protobuf/proto/duration_gogo.go ./vendor/github.com/gogo/protobuf/proto/extensions_gogo.go ./vendor/github.com/gogo/protobuf/proto/wrappers_gogo.go ./vendor/github.com/gogo/protobuf/proto/decode.go ./vendor/github.com/gogo/protobuf/proto/encode.go ./vendor/github.com/gogo/protobuf/proto/discard.go ./vendor/github.com/gogo/protobuf/proto/timestamp.go ./vendor/github.com/gogo/protobuf/proto/timestamp_gogo.go ./vendor/github.com/gogo/protobuf/proto/table_unmarshal.go ./vendor/github.com/gogo/protobuf/proto/lib.go ./vendor/github.com/gogo/protobuf/proto/equal.go ./vendor/github.com/gogo/protobuf/proto/pointer_unsafe.go ./vendor/github.com/gogo/protobuf/types/timestamp_gogo.go ./vendor/github.com/gogo/protobuf/types/duration_gogo.go ./vendor/github.com/gogo/protobuf/types/type.pb.go ./vendor/github.com/gogo/protobuf/types/protosize.go ./vendor/github.com/gogo/protobuf/types/api.pb.go ./vendor/github.com/gogo/protobuf/types/wrappers_gogo.go ./vendor/github.com/gogo/protobuf/types/duration.go ./vendor/github.com/gogo/protobuf/types/doc.go ./vendor/github.com/gogo/protobuf/types/timestamp.pb.go ./vendor/github.com/gogo/protobuf/types/duration.pb.go ./vendor/github.com/gogo/protobuf/types/timestamp.go ./vendor/github.com/gogo/protobuf/types/source_context.pb.go ./vendor/github.com/gogo/protobuf/types/struct.pb.go ./vendor/github.com/gogo/protobuf/types/field_mask.pb.go ./vendor/github.com/gogo/protobuf/types/any.go ./vendor/github.com/gogo/protobuf/types/wrappers.pb.go ./vendor/github.com/gogo/protobuf/types/any.pb.go ./vendor/github.com/gogo/protobuf/types/empty.pb.go ./vendor/github.com/philhofer/fwd/writer_unsafe.go ./vendor/github.com/philhofer/fwd/writer.go ./vendor/github.com/philhofer/fwd/writer_appengine.go ./vendor/github.com/philhofer/fwd/reader.go ./vendor/github.com/oklog/ulid/v2/ulid.go ./vendor/github.com/davecgh/go-spew/spew/config.go ./vendor/github.com/davecgh/go-spew/spew/common.go ./vendor/github.com/davecgh/go-spew/spew/format.go ./vendor/github.com/davecgh/go-spew/spew/bypass.go ./vendor/github.com/davecgh/go-spew/spew/doc.go ./vendor/github.com/davecgh/go-spew/spew/spew.go ./vendor/github.com/davecgh/go-spew/spew/dump.go ./vendor/github.com/davecgh/go-spew/spew/bypasssafe.go ./vendor/github.com/beorn7/perks/quantile/stream.go ./vendor/github.com/lightstep/lightstep-tracer-go/proto_converter.go ./vendor/github.com/lightstep/lightstep-tracer-go/util.go ./vendor/github.com/lightstep/lightstep-tracer-go/internal/metrics/reporter.go ./vendor/github.com/lightstep/lightstep-tracer-go/internal/metrics/metrics.go ./vendor/github.com/lightstep/lightstep-tracer-go/internal/metrics/package.go ./vendor/github.com/lightstep/lightstep-tracer-go/version.go ./vendor/github.com/lightstep/lightstep-tracer-go/events.go ./vendor/github.com/lightstep/lightstep-tracer-go/propagation_stack.go ./vendor/github.com/lightstep/lightstep-tracer-go/tracer_helpers.go ./vendor/github.com/lightstep/lightstep-tracer-go/event_handlers.go ./vendor/github.com/lightstep/lightstep-tracer-go/collector_client_http.go ./vendor/github.com/lightstep/lightstep-tracer-go/tracer.go ./vendor/github.com/lightstep/lightstep-tracer-go/collector_client_grpc.go ./vendor/github.com/lightstep/lightstep-tracer-go/options.go ./vendor/github.com/lightstep/lightstep-tracer-go/report_buffer.go ./vendor/github.com/lightstep/lightstep-tracer-go/raw_span.go ./vendor/github.com/lightstep/lightstep-tracer-go/tracer_0_14.go ./vendor/github.com/lightstep/lightstep-tracer-go/propagation.go ./vendor/github.com/lightstep/lightstep-tracer-go/lightstep/rand/pool.go ./vendor/github.com/lightstep/lightstep-tracer-go/lightstep/rand/num_gen.go ./vendor/github.com/lightstep/lightstep-tracer-go/lightstep/rand/locked_rand.go ./vendor/github.com/lightstep/lightstep-tracer-go/constants/constants.go ./vendor/github.com/lightstep/lightstep-tracer-go/meta_events.go ./vendor/github.com/lightstep/lightstep-tracer-go/propagation_text.go ./vendor/github.com/lightstep/lightstep-tracer-go/collector_client_custom.go ./vendor/github.com/lightstep/lightstep-tracer-go/span.go ./vendor/github.com/lightstep/lightstep-tracer-go/collector_client.go ./vendor/github.com/lightstep/lightstep-tracer-go/propagation_binary.go ./vendor/github.com/lightstep/lightstep-tracer-go/proto_logencoder.go ./vendor/github.com/lightstep/lightstep-tracer-go/propagation_lightstep.go ./vendor/github.com/lightstep/lightstep-tracer-go/propagation_b3.go ./vendor/github.com/lightstep/lightstep-tracer-common/golang/gogo/collectorpb/collector.pb.go ./vendor/github.com/lightstep/lightstep-tracer-common/golang/gogo/metricspb/metrics.pb.go ./vendor/github.com/lightstep/lightstep-tracer-common/golang/gogo/lightsteppb/lightstep.pb.go ./vendor/github.com/go-ole/go-ole/iconnectionpointcontainer.go ./vendor/github.com/go-ole/go-ole/itypeinfo_func.go ./vendor/github.com/go-ole/go-ole/iinspectable.go ./vendor/github.com/go-ole/go-ole/idispatch.go ./vendor/github.com/go-ole/go-ole/iconnectionpoint_windows.go ./vendor/github.com/go-ole/go-ole/error.go ./vendor/github.com/go-ole/go-ole/variant_386.go ./vendor/github.com/go-ole/go-ole/error_windows.go ./vendor/github.com/go-ole/go-ole/idispatch_windows.go ./vendor/github.com/go-ole/go-ole/ienumvariant_func.go ./vendor/github.com/go-ole/go-ole/constants.go ./vendor/github.com/go-ole/go-ole/variant_s390x.go ./vendor/github.com/go-ole/go-ole/safearray.go ./vendor/github.com/go-ole/go-ole/iinspectable_func.go ./vendor/github.com/go-ole/go-ole/oleutil/go-get.go ./vendor/github.com/go-ole/go-ole/oleutil/connection_windows.go ./vendor/github.com/go-ole/go-ole/oleutil/connection_func.go ./vendor/github.com/go-ole/go-ole/oleutil/oleutil.go ./vendor/github.com/go-ole/go-ole/oleutil/connection.go ./vendor/github.com/go-ole/go-ole/safearray_func.go ./vendor/github.com/go-ole/go-ole/variant_amd64.go ./vendor/github.com/go-ole/go-ole/variant_date_amd64.go ./vendor/github.com/go-ole/go-ole/safearray_windows.go ./vendor/github.com/go-ole/go-ole/ienumvariant_windows.go ./vendor/github.com/go-ole/go-ole/iunknown_func.go ./vendor/github.com/go-ole/go-ole/variant_date_386.go ./vendor/github.com/go-ole/go-ole/vt_string.go ./vendor/github.com/go-ole/go-ole/iconnectionpoint_func.go ./vendor/github.com/go-ole/go-ole/winrt.go ./vendor/github.com/go-ole/go-ole/iprovideclassinfo_windows.go ./vendor/github.com/go-ole/go-ole/itypeinfo.go ./vendor/github.com/go-ole/go-ole/iprovideclassinfo_func.go ./vendor/github.com/go-ole/go-ole/idispatch_func.go ./vendor/github.com/go-ole/go-ole/utility.go ./vendor/github.com/go-ole/go-ole/winrt_doc.go ./vendor/github.com/go-ole/go-ole/variables.go ./vendor/github.com/go-ole/go-ole/guid.go ./vendor/github.com/go-ole/go-ole/error_func.go ./vendor/github.com/go-ole/go-ole/iprovideclassinfo.go ./vendor/github.com/go-ole/go-ole/ienumvariant.go ./vendor/github.com/go-ole/go-ole/variant.go ./vendor/github.com/go-ole/go-ole/iconnectionpoint.go ./vendor/github.com/go-ole/go-ole/iconnectionpointcontainer_func.go ./vendor/github.com/go-ole/go-ole/iunknown.go ./vendor/github.com/go-ole/go-ole/safearrayslices.go ./vendor/github.com/go-ole/go-ole/connect.go ./vendor/github.com/go-ole/go-ole/iunknown_windows.go ./vendor/github.com/go-ole/go-ole/com.go ./vendor/github.com/go-ole/go-ole/com_func.go ./vendor/github.com/go-ole/go-ole/iconnectionpointcontainer_windows.go ./vendor/github.com/go-ole/go-ole/variant_ppc64le.go ./vendor/github.com/go-ole/go-ole/ole.go ./vendor/github.com/go-ole/go-ole/iinspectable_windows.go ./vendor/github.com/go-ole/go-ole/itypeinfo_windows.go ./vendor/github.com/go-ole/go-ole/safearrayconversion.go ./vendor/github.com/matttproud/golang_protobuf_extensions/pbutil/doc.go ./vendor/github.com/matttproud/golang_protobuf_extensions/pbutil/decode.go ./vendor/github.com/matttproud/golang_protobuf_extensions/pbutil/encode.go ./vendor/github.com/tinylib/msgp/msgp/purego.go ./vendor/github.com/tinylib/msgp/msgp/elsize.go ./vendor/github.com/tinylib/msgp/msgp/advise_linux.go ./vendor/github.com/tinylib/msgp/msgp/unsafe.go ./vendor/github.com/tinylib/msgp/msgp/read_bytes.go ./vendor/github.com/tinylib/msgp/msgp/write.go ./vendor/github.com/tinylib/msgp/msgp/file_port.go ./vendor/github.com/tinylib/msgp/msgp/file.go ./vendor/github.com/tinylib/msgp/msgp/integers.go ./vendor/github.com/tinylib/msgp/msgp/json_bytes.go ./vendor/github.com/tinylib/msgp/msgp/circular.go ./vendor/github.com/tinylib/msgp/msgp/edit.go ./vendor/github.com/tinylib/msgp/msgp/read.go ./vendor/github.com/tinylib/msgp/msgp/size.go ./vendor/github.com/tinylib/msgp/msgp/write_bytes.go ./vendor/github.com/tinylib/msgp/msgp/defs.go ./vendor/github.com/tinylib/msgp/msgp/json.go ./vendor/github.com/tinylib/msgp/msgp/advise_other.go ./vendor/github.com/tinylib/msgp/msgp/number.go ./vendor/github.com/tinylib/msgp/msgp/errors.go ./vendor/github.com/tinylib/msgp/msgp/extension.go ./vendor/github.com/DataDog/datadog-go/statsd/uds_windows.go ./vendor/github.com/DataDog/datadog-go/statsd/buffer.go ./vendor/github.com/DataDog/datadog-go/statsd/fnv1a.go ./vendor/github.com/DataDog/datadog-go/statsd/service_check.go ./vendor/github.com/DataDog/datadog-go/statsd/format.go ./vendor/github.com/DataDog/datadog-go/statsd/statsd.go ./vendor/github.com/DataDog/datadog-go/statsd/options.go ./vendor/github.com/DataDog/datadog-go/statsd/telemetry.go ./vendor/github.com/DataDog/datadog-go/statsd/worker.go ./vendor/github.com/DataDog/datadog-go/statsd/udp.go ./vendor/github.com/DataDog/datadog-go/statsd/noop.go ./vendor/github.com/DataDog/datadog-go/statsd/uds.go ./vendor/github.com/DataDog/datadog-go/statsd/pipe_windows.go ./vendor/github.com/DataDog/datadog-go/statsd/pipe.go ./vendor/github.com/DataDog/datadog-go/statsd/aggregator.go ./vendor/github.com/DataDog/datadog-go/statsd/sender.go ./vendor/github.com/DataDog/datadog-go/statsd/metrics.go ./vendor/github.com/DataDog/datadog-go/statsd/event.go ./vendor/github.com/DataDog/datadog-go/statsd/buffer_pool.go ./vendor/github.com/golang/protobuf/protoc-gen-go/descriptor/descriptor.pb.go ./vendor/github.com/golang/protobuf/proto/registry.go ./vendor/github.com/golang/protobuf/proto/defaults.go ./vendor/github.com/golang/protobuf/proto/buffer.go ./vendor/github.com/golang/protobuf/proto/proto.go ./vendor/github.com/golang/protobuf/proto/wire.go ./vendor/github.com/golang/protobuf/proto/discard.go ./vendor/github.com/golang/protobuf/proto/extensions.go ./vendor/github.com/golang/protobuf/proto/properties.go ./vendor/github.com/golang/protobuf/proto/text_decode.go ./vendor/github.com/golang/protobuf/proto/text_encode.go ./vendor/github.com/golang/protobuf/proto/wrappers.go ./vendor/github.com/golang/protobuf/proto/deprecated.go ./vendor/github.com/golang/protobuf/ptypes/timestamp/timestamp.pb.go ./vendor/github.com/golang/protobuf/ptypes/any.go ./vendor/github.com/golang/protobuf/ptypes/duration.go ./vendor/github.com/golang/protobuf/ptypes/any/any.pb.go ./vendor/github.com/golang/protobuf/ptypes/wrappers/wrappers.pb.go ./vendor/github.com/golang/protobuf/ptypes/doc.go ./vendor/github.com/golang/protobuf/ptypes/timestamp.go ./vendor/github.com/golang/protobuf/ptypes/duration/duration.pb.go ./vendor/github.com/golang/groupcache/lru/lru.go ./vendor/github.com/jmespath/go-jmespath/parser.go ./vendor/github.com/jmespath/go-jmespath/interpreter.go ./vendor/github.com/jmespath/go-jmespath/astnodetype_string.go ./vendor/github.com/jmespath/go-jmespath/api.go ./vendor/github.com/jmespath/go-jmespath/lexer.go ./vendor/github.com/jmespath/go-jmespath/functions.go ./vendor/github.com/jmespath/go-jmespath/util.go ./vendor/github.com/jmespath/go-jmespath/toktype_string.go ./vendor/github.com/census-instrumentation/opencensus-proto/gen-go/agent/common/v1/common.pb.go ./vendor/github.com/census-instrumentation/opencensus-proto/gen-go/resource/v1/resource.pb.go ./vendor/github.com/census-instrumentation/opencensus-proto/gen-go/metrics/v1/metrics.pb.go ./vendor/github.com/Microsoft/go-winio/zsyscall_windows.go ./vendor/github.com/Microsoft/go-winio/hvsock.go ./vendor/github.com/Microsoft/go-winio/backup.go ./vendor/github.com/Microsoft/go-winio/pkg/guid/guid.go ./vendor/github.com/Microsoft/go-winio/ea.go ./vendor/github.com/Microsoft/go-winio/fileinfo.go ./vendor/github.com/Microsoft/go-winio/pipe.go ./vendor/github.com/Microsoft/go-winio/reparse.go ./vendor/github.com/Microsoft/go-winio/sd.go ./vendor/github.com/Microsoft/go-winio/syscall.go ./vendor/github.com/Microsoft/go-winio/file.go ./vendor/github.com/Microsoft/go-winio/privilege.go ./vendor/github.com/sebest/xff/xff.go ./vendor/github.com/StackExchange/wmi/wmi.go ./vendor/github.com/StackExchange/wmi/swbemservices.go ./vendor/github.com/pires/go-proxyproto/header.go ./vendor/github.com/pires/go-proxyproto/v2.go ./vendor/github.com/pires/go-proxyproto/v1.go ./vendor/github.com/pires/go-proxyproto/policy.go ./vendor/github.com/pires/go-proxyproto/protocol.go ./vendor/github.com/pires/go-proxyproto/tlv.go ./vendor/github.com/pires/go-proxyproto/addr_proto.go ./vendor/github.com/pires/go-proxyproto/version_cmd.go ./vendor/github.com/shirou/gopsutil/cpu/cpu_freebsd_386.go ./vendor/github.com/shirou/gopsutil/cpu/cpu_openbsd.go ./vendor/github.com/shirou/gopsutil/cpu/cpu_windows.go ./vendor/github.com/shirou/gopsutil/cpu/cpu_solaris.go ./vendor/github.com/shirou/gopsutil/cpu/cpu_freebsd_amd64.go ./vendor/github.com/shirou/gopsutil/cpu/cpu_freebsd.go ./vendor/github.com/shirou/gopsutil/cpu/cpu_linux.go ./vendor/github.com/shirou/gopsutil/cpu/cpu_fallback.go ./vendor/github.com/shirou/gopsutil/cpu/cpu_darwin_cgo.go ./vendor/github.com/shirou/gopsutil/cpu/cpu_freebsd_arm.go ./vendor/github.com/shirou/gopsutil/cpu/cpu_darwin.go ./vendor/github.com/shirou/gopsutil/cpu/cpu.go ./vendor/github.com/shirou/gopsutil/cpu/cpu_darwin_nocgo.go ./vendor/github.com/shirou/gopsutil/cpu/cpu_freebsd_arm64.go ./vendor/github.com/shirou/gopsutil/process/process_openbsd_amd64.go ./vendor/github.com/shirou/gopsutil/process/process.go ./vendor/github.com/shirou/gopsutil/process/process_fallback.go ./vendor/github.com/shirou/gopsutil/process/process_freebsd_amd64.go ./vendor/github.com/shirou/gopsutil/process/process_darwin_cgo.go ./vendor/github.com/shirou/gopsutil/process/process_freebsd_386.go ./vendor/github.com/shirou/gopsutil/process/process_darwin_amd64.go ./vendor/github.com/shirou/gopsutil/process/process_darwin_nocgo.go ./vendor/github.com/shirou/gopsutil/process/process_darwin_386.go ./vendor/github.com/shirou/gopsutil/process/process_linux.go ./vendor/github.com/shirou/gopsutil/process/process_windows_amd64.go ./vendor/github.com/shirou/gopsutil/process/process_darwin.go ./vendor/github.com/shirou/gopsutil/process/process_freebsd_arm64.go ./vendor/github.com/shirou/gopsutil/process/process_freebsd.go ./vendor/github.com/shirou/gopsutil/process/process_freebsd_arm.go ./vendor/github.com/shirou/gopsutil/process/process_windows_386.go ./vendor/github.com/shirou/gopsutil/process/process_posix.go ./vendor/github.com/shirou/gopsutil/process/process_windows.go ./vendor/github.com/shirou/gopsutil/process/process_openbsd.go ./vendor/github.com/shirou/gopsutil/net/net_freebsd.go ./vendor/github.com/shirou/gopsutil/net/net_unix.go ./vendor/github.com/shirou/gopsutil/net/net_linux.go ./vendor/github.com/shirou/gopsutil/net/net.go ./vendor/github.com/shirou/gopsutil/net/net_darwin.go ./vendor/github.com/shirou/gopsutil/net/net_openbsd.go ./vendor/github.com/shirou/gopsutil/net/net_fallback.go ./vendor/github.com/shirou/gopsutil/net/net_windows.go ./vendor/github.com/shirou/gopsutil/internal/common/common_linux.go ./vendor/github.com/shirou/gopsutil/internal/common/common_unix.go ./vendor/github.com/shirou/gopsutil/internal/common/binary.go ./vendor/github.com/shirou/gopsutil/internal/common/common.go ./vendor/github.com/shirou/gopsutil/internal/common/common_darwin.go ./vendor/github.com/shirou/gopsutil/internal/common/common_freebsd.go ./vendor/github.com/shirou/gopsutil/internal/common/common_windows.go ./vendor/github.com/shirou/gopsutil/internal/common/common_openbsd.go ./vendor/github.com/shirou/gopsutil/mem/mem_darwin_cgo.go ./vendor/github.com/shirou/gopsutil/mem/mem_fallback.go ./vendor/github.com/shirou/gopsutil/mem/mem_freebsd.go ./vendor/github.com/shirou/gopsutil/mem/mem_darwin_nocgo.go ./vendor/github.com/shirou/gopsutil/mem/mem_linux.go ./vendor/github.com/shirou/gopsutil/mem/mem_darwin.go ./vendor/github.com/shirou/gopsutil/mem/mem_solaris.go ./vendor/github.com/shirou/gopsutil/mem/mem.go ./vendor/github.com/shirou/gopsutil/mem/mem_windows.go ./vendor/github.com/shirou/gopsutil/mem/mem_openbsd_amd64.go ./vendor/github.com/shirou/gopsutil/mem/mem_openbsd.go ./vendor/github.com/mattn/go-shellwords/util_posix.go ./vendor/github.com/mattn/go-shellwords/util_windows.go ./vendor/github.com/mattn/go-shellwords/shellwords.go ./vendor/github.com/otiai10/copy/stat_times_freebsd.go ./vendor/github.com/otiai10/copy/options.go ./vendor/github.com/otiai10/copy/stat_times_windows.go ./vendor/github.com/otiai10/copy/stat_times.go ./vendor/github.com/otiai10/copy/copy.go ./vendor/github.com/otiai10/copy/stat_times_darwin.go ./vendor/github.com/stretchr/testify/require/doc.go ./vendor/github.com/stretchr/testify/require/require_forward.go ./vendor/github.com/stretchr/testify/require/forward_requirements.go ./vendor/github.com/stretchr/testify/require/require.go ./vendor/github.com/stretchr/testify/require/requirements.go ./vendor/github.com/stretchr/testify/assert/assertions.go ./vendor/github.com/stretchr/testify/assert/assertion_format.go ./vendor/github.com/stretchr/testify/assert/assertion_compare.go ./vendor/github.com/stretchr/testify/assert/doc.go ./vendor/github.com/stretchr/testify/assert/assertion_forward.go ./vendor/github.com/stretchr/testify/assert/forward_assertions.go ./vendor/github.com/stretchr/testify/assert/errors.go ./vendor/github.com/stretchr/testify/assert/assertion_order.go ./vendor/github.com/stretchr/testify/assert/http_assertions.go ./vendor/github.com/hashicorp/yamux/mux.go ./vendor/github.com/hashicorp/yamux/session.go ./vendor/github.com/hashicorp/yamux/util.go ./vendor/github.com/hashicorp/yamux/const.go ./vendor/github.com/hashicorp/yamux/stream.go ./vendor/github.com/hashicorp/yamux/addr.go ./vendor/golang.org/x/crypto/internal/subtle/aliasing.go ./vendor/golang.org/x/crypto/internal/subtle/aliasing_purego.go ./vendor/golang.org/x/crypto/ed25519/internal/edwards25519/const.go ./vendor/golang.org/x/crypto/ed25519/internal/edwards25519/edwards25519.go ./vendor/golang.org/x/crypto/ed25519/ed25519.go ./vendor/golang.org/x/crypto/ed25519/ed25519_go113.go ./vendor/golang.org/x/crypto/ssh/common.go ./vendor/golang.org/x/crypto/ssh/mux.go ./vendor/golang.org/x/crypto/ssh/certs.go ./vendor/golang.org/x/crypto/ssh/buffer.go ./vendor/golang.org/x/crypto/ssh/internal/bcrypt_pbkdf/bcrypt_pbkdf.go ./vendor/golang.org/x/crypto/ssh/messages.go ./vendor/golang.org/x/crypto/ssh/ssh_gss.go ./vendor/golang.org/x/crypto/ssh/client_auth.go ./vendor/golang.org/x/crypto/ssh/streamlocal.go ./vendor/golang.org/x/crypto/ssh/tcpip.go ./vendor/golang.org/x/crypto/ssh/kex.go ./vendor/golang.org/x/crypto/ssh/handshake.go ./vendor/golang.org/x/crypto/ssh/connection.go ./vendor/golang.org/x/crypto/ssh/cipher.go ./vendor/golang.org/x/crypto/ssh/doc.go ./vendor/golang.org/x/crypto/ssh/client.go ./vendor/golang.org/x/crypto/ssh/server.go ./vendor/golang.org/x/crypto/ssh/session.go ./vendor/golang.org/x/crypto/ssh/keys.go ./vendor/golang.org/x/crypto/ssh/mac.go ./vendor/golang.org/x/crypto/ssh/channel.go ./vendor/golang.org/x/crypto/ssh/transport.go ./vendor/golang.org/x/crypto/chacha20/chacha_ppc64le.go ./vendor/golang.org/x/crypto/chacha20/chacha_noasm.go ./vendor/golang.org/x/crypto/chacha20/chacha_arm64.go ./vendor/golang.org/x/crypto/chacha20/chacha_generic.go ./vendor/golang.org/x/crypto/chacha20/xor.go ./vendor/golang.org/x/crypto/chacha20/chacha_s390x.go ./vendor/golang.org/x/crypto/poly1305/bits_compat.go ./vendor/golang.org/x/crypto/poly1305/poly1305.go ./vendor/golang.org/x/crypto/poly1305/sum_s390x.go ./vendor/golang.org/x/crypto/poly1305/bits_go1.13.go ./vendor/golang.org/x/crypto/poly1305/sum_amd64.go ./vendor/golang.org/x/crypto/poly1305/sum_generic.go ./vendor/golang.org/x/crypto/poly1305/mac_noasm.go ./vendor/golang.org/x/crypto/poly1305/sum_ppc64le.go ./vendor/golang.org/x/crypto/blowfish/block.go ./vendor/golang.org/x/crypto/blowfish/cipher.go ./vendor/golang.org/x/crypto/blowfish/const.go ./vendor/golang.org/x/crypto/curve25519/curve25519_noasm.go ./vendor/golang.org/x/crypto/curve25519/curve25519_generic.go ./vendor/golang.org/x/crypto/curve25519/curve25519_amd64.go ./vendor/golang.org/x/crypto/curve25519/curve25519.go ./vendor/golang.org/x/tools/go/ast/astutil/rewrite.go ./vendor/golang.org/x/tools/go/ast/astutil/imports.go ./vendor/golang.org/x/tools/go/ast/astutil/enclosing.go ./vendor/golang.org/x/tools/go/ast/astutil/util.go ./vendor/golang.org/x/tools/go/gcexportdata/importer.go ./vendor/golang.org/x/tools/go/gcexportdata/gcexportdata.go ./vendor/golang.org/x/tools/go/internal/gcimporter/iexport.go ./vendor/golang.org/x/tools/go/internal/gcimporter/iimport.go ./vendor/golang.org/x/tools/go/internal/gcimporter/bexport.go ./vendor/golang.org/x/tools/go/internal/gcimporter/exportdata.go ./vendor/golang.org/x/tools/go/internal/gcimporter/bimport.go ./vendor/golang.org/x/tools/go/internal/gcimporter/newInterface11.go ./vendor/golang.org/x/tools/go/internal/gcimporter/newInterface10.go ./vendor/golang.org/x/tools/go/internal/gcimporter/gcimporter.go ./vendor/golang.org/x/time/rate/rate.go ./vendor/golang.org/x/net/http2/headermap.go ./vendor/golang.org/x/net/http2/server.go ./vendor/golang.org/x/net/http2/databuffer.go ./vendor/golang.org/x/net/http2/frame.go ./vendor/golang.org/x/net/http2/gotrack.go ./vendor/golang.org/x/net/http2/flow.go ./vendor/golang.org/x/net/http2/writesched_priority.go ./vendor/golang.org/x/net/http2/go111.go ./vendor/golang.org/x/net/http2/ciphers.go ./vendor/golang.org/x/net/http2/errors.go ./vendor/golang.org/x/net/http2/writesched_random.go ./vendor/golang.org/x/net/http2/pipe.go ./vendor/golang.org/x/net/http2/client_conn_pool.go ./vendor/golang.org/x/net/http2/http2.go ./vendor/golang.org/x/net/http2/writesched.go ./vendor/golang.org/x/net/http2/transport.go ./vendor/golang.org/x/net/http2/write.go ./vendor/golang.org/x/net/http2/not_go111.go ./vendor/golang.org/x/net/http2/hpack/tables.go ./vendor/golang.org/x/net/http2/hpack/hpack.go ./vendor/golang.org/x/net/http2/hpack/encode.go ./vendor/golang.org/x/net/http2/hpack/huffman.go ./vendor/golang.org/x/net/internal/timeseries/timeseries.go ./vendor/golang.org/x/net/idna/trie.go ./vendor/golang.org/x/net/idna/punycode.go ./vendor/golang.org/x/net/idna/idna9.0.0.go ./vendor/golang.org/x/net/idna/tables9.0.0.go ./vendor/golang.org/x/net/idna/tables13.0.0.go ./vendor/golang.org/x/net/idna/idna10.0.0.go ./vendor/golang.org/x/net/idna/tables11.0.0.go ./vendor/golang.org/x/net/idna/tables12.0.0.go ./vendor/golang.org/x/net/idna/trieval.go ./vendor/golang.org/x/net/idna/tables10.0.0.go ./vendor/golang.org/x/net/context/go17.go ./vendor/golang.org/x/net/context/pre_go17.go ./vendor/golang.org/x/net/context/pre_go19.go ./vendor/golang.org/x/net/context/go19.go ./vendor/golang.org/x/net/context/ctxhttp/ctxhttp.go ./vendor/golang.org/x/net/context/context.go ./vendor/golang.org/x/net/trace/trace.go ./vendor/golang.org/x/net/trace/events.go ./vendor/golang.org/x/net/trace/histogram.go ./vendor/golang.org/x/net/http/httpguts/guts.go ./vendor/golang.org/x/net/http/httpguts/httplex.go ./vendor/golang.org/x/text/transform/transform.go ./vendor/golang.org/x/text/unicode/bidi/tables11.0.0.go ./vendor/golang.org/x/text/unicode/bidi/bracket.go ./vendor/golang.org/x/text/unicode/bidi/tables13.0.0.go ./vendor/golang.org/x/text/unicode/bidi/core.go ./vendor/golang.org/x/text/unicode/bidi/trieval.go ./vendor/golang.org/x/text/unicode/bidi/prop.go ./vendor/golang.org/x/text/unicode/bidi/bidi.go ./vendor/golang.org/x/text/unicode/bidi/tables10.0.0.go ./vendor/golang.org/x/text/unicode/bidi/tables9.0.0.go ./vendor/golang.org/x/text/unicode/bidi/tables12.0.0.go ./vendor/golang.org/x/text/unicode/norm/transform.go ./vendor/golang.org/x/text/unicode/norm/trie.go ./vendor/golang.org/x/text/unicode/norm/tables13.0.0.go ./vendor/golang.org/x/text/unicode/norm/readwriter.go ./vendor/golang.org/x/text/unicode/norm/input.go ./vendor/golang.org/x/text/unicode/norm/tables11.0.0.go ./vendor/golang.org/x/text/unicode/norm/tables9.0.0.go ./vendor/golang.org/x/text/unicode/norm/tables12.0.0.go ./vendor/golang.org/x/text/unicode/norm/composition.go ./vendor/golang.org/x/text/unicode/norm/tables10.0.0.go ./vendor/golang.org/x/text/unicode/norm/normalize.go ./vendor/golang.org/x/text/unicode/norm/iter.go ./vendor/golang.org/x/text/unicode/norm/forminfo.go ./vendor/golang.org/x/text/secure/bidirule/bidirule10.0.0.go ./vendor/golang.org/x/text/secure/bidirule/bidirule.go ./vendor/golang.org/x/text/secure/bidirule/bidirule9.0.0.go ./vendor/golang.org/x/sync/semaphore/semaphore.go ./vendor/golang.org/x/sys/windows/mksyscall.go ./vendor/golang.org/x/sys/windows/syscall.go ./vendor/golang.org/x/sys/windows/race.go ./vendor/golang.org/x/sys/windows/zerrors_windows.go ./vendor/golang.org/x/sys/windows/eventlog.go ./vendor/golang.org/x/sys/windows/syscall_windows.go ./vendor/golang.org/x/sys/windows/types_windows.go ./vendor/golang.org/x/sys/windows/race0.go ./vendor/golang.org/x/sys/windows/zknownfolderids_windows.go ./vendor/golang.org/x/sys/windows/security_windows.go ./vendor/golang.org/x/sys/windows/exec_windows.go ./vendor/golang.org/x/sys/windows/memory_windows.go ./vendor/golang.org/x/sys/windows/service.go ./vendor/golang.org/x/sys/windows/types_windows_arm64.go ./vendor/golang.org/x/sys/windows/registry/zsyscall_windows.go ./vendor/golang.org/x/sys/windows/registry/syscall.go ./vendor/golang.org/x/sys/windows/registry/key.go ./vendor/golang.org/x/sys/windows/registry/mksyscall.go ./vendor/golang.org/x/sys/windows/registry/value.go ./vendor/golang.org/x/sys/windows/types_windows_arm.go ./vendor/golang.org/x/sys/windows/zsyscall_windows.go ./vendor/golang.org/x/sys/windows/aliases.go ./vendor/golang.org/x/sys/windows/str.go ./vendor/golang.org/x/sys/windows/dll_windows.go ./vendor/golang.org/x/sys/windows/types_windows_amd64.go ./vendor/golang.org/x/sys/windows/setupapierrors_windows.go ./vendor/golang.org/x/sys/windows/types_windows_386.go ./vendor/golang.org/x/sys/windows/env_windows.go ./vendor/golang.org/x/sys/unix/ztypes_aix_ppc.go ./vendor/golang.org/x/sys/unix/zsysnum_openbsd_386.go ./vendor/golang.org/x/sys/unix/errors_freebsd_arm64.go ./vendor/golang.org/x/sys/unix/zsyscall_openbsd_arm64.go ./vendor/golang.org/x/sys/unix/zerrors_linux_riscv64.go ./vendor/golang.org/x/sys/unix/zerrors_netbsd_amd64.go ./vendor/golang.org/x/sys/unix/syscall_openbsd.go ./vendor/golang.org/x/sys/unix/zsyscall_linux_mips64le.go ./vendor/golang.org/x/sys/unix/pledge_openbsd.go ./vendor/golang.org/x/sys/unix/zerrors_darwin_arm64.go ./vendor/golang.org/x/sys/unix/zsyscall_linux.go ./vendor/golang.org/x/sys/unix/zerrors_linux_mips.go ./vendor/golang.org/x/sys/unix/zsysnum_openbsd_arm64.go ./vendor/golang.org/x/sys/unix/syscall_linux_amd64_gc.go ./vendor/golang.org/x/sys/unix/zsyscall_zos_s390x.go ./vendor/golang.org/x/sys/unix/zptrace_armnn_linux.go ./vendor/golang.org/x/sys/unix/zerrors_darwin_386.go ./vendor/golang.org/x/sys/unix/zsysnum_freebsd_arm64.go ./vendor/golang.org/x/sys/unix/dev_openbsd.go ./vendor/golang.org/x/sys/unix/zerrors_aix_ppc64.go ./vendor/golang.org/x/sys/unix/env_unix.go ./vendor/golang.org/x/sys/unix/zsyscall_darwin_arm.1_13.go ./vendor/golang.org/x/sys/unix/zsyscall_linux_arm.go ./vendor/golang.org/x/sys/unix/zsysnum_freebsd_386.go ./vendor/golang.org/x/sys/unix/zsysctl_openbsd_amd64.go ./vendor/golang.org/x/sys/unix/syscall_linux_mips64x.go ./vendor/golang.org/x/sys/unix/zsyscall_freebsd_arm64.go ./vendor/golang.org/x/sys/unix/zerrors_netbsd_arm.go ./vendor/golang.org/x/sys/unix/ztypes_netbsd_arm.go ./vendor/golang.org/x/sys/unix/zsysctl_openbsd_386.go ./vendor/golang.org/x/sys/unix/race0.go ./vendor/golang.org/x/sys/unix/zsysnum_darwin_386.go ./vendor/golang.org/x/sys/unix/ztypes_linux_arm.go ./vendor/golang.org/x/sys/unix/syscall_freebsd_arm.go ./vendor/golang.org/x/sys/unix/ioctl.go ./vendor/golang.org/x/sys/unix/ztypes_dragonfly_amd64.go ./vendor/golang.org/x/sys/unix/zerrors_openbsd_amd64.go ./vendor/golang.org/x/sys/unix/zsyscall_darwin_arm.go ./vendor/golang.org/x/sys/unix/zsysnum_linux_mipsle.go ./vendor/golang.org/x/sys/unix/zsyscall_linux_mipsle.go ./vendor/golang.org/x/sys/unix/syscall_unix_gc.go ./vendor/golang.org/x/sys/unix/zsyscall_linux_arm64.go ./vendor/golang.org/x/sys/unix/syscall_solaris.go ./vendor/golang.org/x/sys/unix/ztypes_darwin_386.go ./vendor/golang.org/x/sys/unix/syscall_openbsd_mips64.go ./vendor/golang.org/x/sys/unix/syscall.go ./vendor/golang.org/x/sys/unix/zerrors_linux_ppc64le.go ./vendor/golang.org/x/sys/unix/zsyscall_netbsd_386.go ./vendor/golang.org/x/sys/unix/ztypes_zos_s390x.go ./vendor/golang.org/x/sys/unix/zsysnum_netbsd_arm.go ./vendor/golang.org/x/sys/unix/zerrors_linux_sparc64.go ./vendor/golang.org/x/sys/unix/syscall_netbsd_386.go ./vendor/golang.org/x/sys/unix/zsysnum_linux_ppc64.go ./vendor/golang.org/x/sys/unix/ztypes_linux_arm64.go ./vendor/golang.org/x/sys/unix/ztypes_linux_mips.go ./vendor/golang.org/x/sys/unix/pagesize_unix.go ./vendor/golang.org/x/sys/unix/dev_dragonfly.go ./vendor/golang.org/x/sys/unix/dev_zos.go ./vendor/golang.org/x/sys/unix/affinity_linux.go ./vendor/golang.org/x/sys/unix/zerrors_linux_arm64.go ./vendor/golang.org/x/sys/unix/syscall_openbsd_arm.go ./vendor/golang.org/x/sys/unix/ztypes_linux_mipsle.go ./vendor/golang.org/x/sys/unix/syscall_dragonfly_amd64.go ./vendor/golang.org/x/sys/unix/syscall_darwin_arm.go ./vendor/golang.org/x/sys/unix/zerrors_freebsd_amd64.go ./vendor/golang.org/x/sys/unix/zsysnum_linux_mips.go ./vendor/golang.org/x/sys/unix/syscall_linux_gc_386.go ./vendor/golang.org/x/sys/unix/dev_netbsd.go ./vendor/golang.org/x/sys/unix/ztypes_darwin_arm64.go ./vendor/golang.org/x/sys/unix/zsyscall_openbsd_mips64.go ./vendor/golang.org/x/sys/unix/zsysnum_linux_amd64.go ./vendor/golang.org/x/sys/unix/syscall_linux_arm64.go ./vendor/golang.org/x/sys/unix/zerrors_linux_arm.go ./vendor/golang.org/x/sys/unix/ztypes_freebsd_amd64.go ./vendor/golang.org/x/sys/unix/syscall_linux_ppc64x.go ./vendor/golang.org/x/sys/unix/dev_freebsd.go ./vendor/golang.org/x/sys/unix/zsyscall_freebsd_arm.go ./vendor/golang.org/x/sys/unix/constants.go ./vendor/golang.org/x/sys/unix/zsyscall_aix_ppc64.go ./vendor/golang.org/x/sys/unix/zsyscall_darwin_amd64.1_13.go ./vendor/golang.org/x/sys/unix/zerrors_openbsd_arm.go ./vendor/golang.org/x/sys/unix/errors_freebsd_arm.go ./vendor/golang.org/x/sys/unix/syscall_unix.go ./vendor/golang.org/x/sys/unix/fstatfs_zos.go ./vendor/golang.org/x/sys/unix/ztypes_illumos_amd64.go ./vendor/golang.org/x/sys/unix/zerrors_zos_s390x.go ./vendor/golang.org/x/sys/unix/ztypes_netbsd_amd64.go ./vendor/golang.org/x/sys/unix/syscall_freebsd_amd64.go ./vendor/golang.org/x/sys/unix/ztypes_openbsd_arm.go ./vendor/golang.org/x/sys/unix/zsyscall_netbsd_amd64.go ./vendor/golang.org/x/sys/unix/zsysnum_netbsd_amd64.go ./vendor/golang.org/x/sys/unix/ztypes_freebsd_arm.go ./vendor/golang.org/x/sys/unix/ztypes_linux_ppc64le.go ./vendor/golang.org/x/sys/unix/zsyscall_solaris_amd64.go ./vendor/golang.org/x/sys/unix/syscall_openbsd_amd64.go ./vendor/golang.org/x/sys/unix/zerrors_freebsd_arm.go ./vendor/golang.org/x/sys/unix/ztypes_linux_sparc64.go ./vendor/golang.org/x/sys/unix/syscall_linux_gc.go ./vendor/golang.org/x/sys/unix/syscall_freebsd.go ./vendor/golang.org/x/sys/unix/zsyscall_openbsd_arm.go ./vendor/golang.org/x/sys/unix/str.go ./vendor/golang.org/x/sys/unix/fcntl.go ./vendor/golang.org/x/sys/unix/zsysnum_darwin_arm64.go ./vendor/golang.org/x/sys/unix/zsyscall_darwin_arm64.go ./vendor/golang.org/x/sys/unix/syscall_linux_sparc64.go ./vendor/golang.org/x/sys/unix/ztypes_openbsd_amd64.go ./vendor/golang.org/x/sys/unix/syscall_unix_gc_ppc64x.go ./vendor/golang.org/x/sys/unix/fcntl_darwin.go ./vendor/golang.org/x/sys/unix/syscall_darwin_amd64.go ./vendor/golang.org/x/sys/unix/syscall_linux_mipsx.go ./vendor/golang.org/x/sys/unix/zsyscall_darwin_arm64.1_13.go ./vendor/golang.org/x/sys/unix/zsysctl_openbsd_mips64.go ./vendor/golang.org/x/sys/unix/endian_big.go ./vendor/golang.org/x/sys/unix/dev_linux.go ./vendor/golang.org/x/sys/unix/syscall_dragonfly.go ./vendor/golang.org/x/sys/unix/syscall_netbsd_arm64.go ./vendor/golang.org/x/sys/unix/syscall_darwin_libSystem.go ./vendor/golang.org/x/sys/unix/zerrors_linux_mipsle.go ./vendor/golang.org/x/sys/unix/unveil_openbsd.go ./vendor/golang.org/x/sys/unix/sockcmsg_unix_other.go ./vendor/golang.org/x/sys/unix/zsysnum_linux_386.go ./vendor/golang.org/x/sys/unix/syscall_linux_riscv64.go ./vendor/golang.org/x/sys/unix/syscall_linux_386.go ./vendor/golang.org/x/sys/unix/zerrors_linux.go ./vendor/golang.org/x/sys/unix/ztypes_aix_ppc64.go ./vendor/golang.org/x/sys/unix/fcntl_linux_32bit.go ./vendor/golang.org/x/sys/unix/syscall_linux_gccgo_386.go ./vendor/golang.org/x/sys/unix/readdirent_getdents.go ./vendor/golang.org/x/sys/unix/ztypes_linux_riscv64.go ./vendor/golang.org/x/sys/unix/syscall_netbsd.go ./vendor/golang.org/x/sys/unix/zsysnum_linux_s390x.go ./vendor/golang.org/x/sys/unix/syscall_darwin.go ./vendor/golang.org/x/sys/unix/ptrace_darwin.go ./vendor/golang.org/x/sys/unix/zsysnum_openbsd_arm.go ./vendor/golang.org/x/sys/unix/zsyscall_darwin_386.1_13.go ./vendor/golang.org/x/sys/unix/zsyscall_aix_ppc.go ./vendor/golang.org/x/sys/unix/bluetooth_linux.go ./vendor/golang.org/x/sys/unix/zptrace_linux_arm64.go ./vendor/golang.org/x/sys/unix/zerrors_freebsd_arm64.go ./vendor/golang.org/x/sys/unix/zerrors_linux_mips64le.go ./vendor/golang.org/x/sys/unix/zptrace_mipsnn_linux.go ./vendor/golang.org/x/sys/unix/ztypes_linux_amd64.go ./vendor/golang.org/x/sys/unix/aliases.go ./vendor/golang.org/x/sys/unix/zsysnum_openbsd_mips64.go ./vendor/golang.org/x/sys/unix/zptrace_x86_linux.go ./vendor/golang.org/x/sys/unix/xattr_bsd.go ./vendor/golang.org/x/sys/unix/ztypes_linux_mips64.go ./vendor/golang.org/x/sys/unix/zerrors_linux_amd64.go ./vendor/golang.org/x/sys/unix/zsysnum_linux_mips64.go ./vendor/golang.org/x/sys/unix/zsyscall_linux_mips64.go ./vendor/golang.org/x/sys/unix/zerrors_darwin_arm.go ./vendor/golang.org/x/sys/unix/zsysnum_linux_riscv64.go ./vendor/golang.org/x/sys/unix/zsyscall_linux_386.go ./vendor/golang.org/x/sys/unix/zsysnum_freebsd_arm.go ./vendor/golang.org/x/sys/unix/syscall_linux.go ./vendor/golang.org/x/sys/unix/zsyscall_linux_riscv64.go ./vendor/golang.org/x/sys/unix/zerrors_openbsd_arm64.go ./vendor/golang.org/x/sys/unix/zsyscall_linux_amd64.go ./vendor/golang.org/x/sys/unix/zerrors_netbsd_386.go ./vendor/golang.org/x/sys/unix/epoll_zos.go ./vendor/golang.org/x/sys/unix/ztypes_netbsd_386.go ./vendor/golang.org/x/sys/unix/zsysctl_openbsd_arm.go ./vendor/golang.org/x/sys/unix/zsysnum_darwin_arm.go ./vendor/golang.org/x/sys/unix/ztypes_linux.go ./vendor/golang.org/x/sys/unix/zsysctl_openbsd_arm64.go ./vendor/golang.org/x/sys/unix/ztypes_linux_386.go ./vendor/golang.org/x/sys/unix/zsyscall_linux_s390x.go ./vendor/golang.org/x/sys/unix/syscall_freebsd_386.go ./vendor/golang.org/x/sys/unix/zsyscall_freebsd_amd64.go ./vendor/golang.org/x/sys/unix/zsyscall_darwin_386.go ./vendor/golang.org/x/sys/unix/syscall_aix_ppc64.go ./vendor/golang.org/x/sys/unix/ioctl_zos.go ./vendor/golang.org/x/sys/unix/ztypes_openbsd_mips64.go ./vendor/golang.org/x/sys/unix/sockcmsg_dragonfly.go ./vendor/golang.org/x/sys/unix/ztypes_darwin_arm.go ./vendor/golang.org/x/sys/unix/zsyscall_aix_ppc64_gccgo.go ./vendor/golang.org/x/sys/unix/zsyscall_illumos_amd64.go ./vendor/golang.org/x/sys/unix/zsysnum_freebsd_amd64.go ./vendor/golang.org/x/sys/unix/zsyscall_netbsd_arm.go ./vendor/golang.org/x/sys/unix/syscall_aix_ppc.go ./vendor/golang.org/x/sys/unix/zsysnum_netbsd_386.go ./vendor/golang.org/x/sys/unix/ztypes_linux_s390x.go ./vendor/golang.org/x/sys/unix/zsyscall_linux_ppc64le.go ./vendor/golang.org/x/sys/unix/dev_aix_ppc.go ./vendor/golang.org/x/sys/unix/ztypes_solaris_amd64.go ./vendor/golang.org/x/sys/unix/syscall_netbsd_arm.go ./vendor/golang.org/x/sys/unix/sockcmsg_linux.go ./vendor/golang.org/x/sys/unix/zerrors_darwin_amd64.go ./vendor/golang.org/x/sys/unix/gccgo.go ./vendor/golang.org/x/sys/unix/zsyscall_linux_sparc64.go ./vendor/golang.org/x/sys/unix/endian_little.go ./vendor/golang.org/x/sys/unix/zerrors_linux_s390x.go ./vendor/golang.org/x/sys/unix/zsysnum_openbsd_amd64.go ./vendor/golang.org/x/sys/unix/syscall_openbsd_386.go ./vendor/golang.org/x/sys/unix/errors_freebsd_amd64.go ./vendor/golang.org/x/sys/unix/syscall_darwin_386.go ./vendor/golang.org/x/sys/unix/syscall_solaris_amd64.go ./vendor/golang.org/x/sys/unix/zerrors_aix_ppc.go ./vendor/golang.org/x/sys/unix/zsysnum_linux_ppc64le.go ./vendor/golang.org/x/sys/unix/zsyscall_linux_mips.go ./vendor/golang.org/x/sys/unix/zsysnum_dragonfly_amd64.go ./vendor/golang.org/x/sys/unix/zsyscall_openbsd_amd64.go ./vendor/golang.org/x/sys/unix/dev_darwin.go ./vendor/golang.org/x/sys/unix/zsysnum_linux_sparc64.go ./vendor/golang.org/x/sys/unix/zerrors_netbsd_arm64.go ./vendor/golang.org/x/sys/unix/zsyscall_dragonfly_amd64.go ./vendor/golang.org/x/sys/unix/syscall_linux_gc_arm.go ./vendor/golang.org/x/sys/unix/zerrors_linux_386.go ./vendor/golang.org/x/sys/unix/zerrors_linux_mips64.go ./vendor/golang.org/x/sys/unix/syscall_linux_s390x.go ./vendor/golang.org/x/sys/unix/zsyscall_freebsd_386.go ./vendor/golang.org/x/sys/unix/zsysnum_linux_mips64le.go ./vendor/golang.org/x/sys/unix/zerrors_solaris_amd64.go ./vendor/golang.org/x/sys/unix/zerrors_openbsd_386.go ./vendor/golang.org/x/sys/unix/errors_freebsd_386.go ./vendor/golang.org/x/sys/unix/syscall_darwin.1_12.go ./vendor/golang.org/x/sys/unix/zerrors_openbsd_mips64.go ./vendor/golang.org/x/sys/unix/ztypes_openbsd_386.go ./vendor/golang.org/x/sys/unix/ztypes_freebsd_386.go ./vendor/golang.org/x/sys/unix/syscall_darwin.1_13.go ./vendor/golang.org/x/sys/unix/timestruct.go ./vendor/golang.org/x/sys/unix/sockcmsg_unix.go ./vendor/golang.org/x/sys/unix/syscall_netbsd_amd64.go ./vendor/golang.org/x/sys/unix/zerrors_freebsd_386.go ./vendor/golang.org/x/sys/unix/race.go ./vendor/golang.org/x/sys/unix/syscall_darwin_arm64.go ./vendor/golang.org/x/sys/unix/zsyscall_openbsd_386.go ./vendor/golang.org/x/sys/unix/dirent.go ./vendor/golang.org/x/sys/unix/syscall_aix.go ./vendor/golang.org/x/sys/unix/syscall_illumos.go ./vendor/golang.org/x/sys/unix/readdirent_getdirentries.go ./vendor/golang.org/x/sys/unix/zptrace_mipsnnle_linux.go ./vendor/golang.org/x/sys/unix/zsysnum_darwin_amd64.go ./vendor/golang.org/x/sys/unix/zsyscall_darwin_amd64.go ./vendor/golang.org/x/sys/unix/ztypes_openbsd_arm64.go ./vendor/golang.org/x/sys/unix/zsyscall_netbsd_arm64.go ./vendor/golang.org/x/sys/unix/zerrors_dragonfly_amd64.go ./vendor/golang.org/x/sys/unix/zsyscall_linux_ppc64.go ./vendor/golang.org/x/sys/unix/zsysnum_netbsd_arm64.go ./vendor/golang.org/x/sys/unix/syscall_bsd.go ./vendor/golang.org/x/sys/unix/cap_freebsd.go ./vendor/golang.org/x/sys/unix/fdset.go ./vendor/golang.org/x/sys/unix/ptrace_ios.go ./vendor/golang.org/x/sys/unix/syscall_openbsd_arm64.go ./vendor/golang.org/x/sys/unix/ztypes_linux_mips64le.go ./vendor/golang.org/x/sys/unix/zsysnum_linux_arm.go ./vendor/golang.org/x/sys/unix/syscall_linux_arm.go ./vendor/golang.org/x/sys/unix/syscall_freebsd_arm64.go ./vendor/golang.org/x/sys/unix/ztypes_netbsd_arm64.go ./vendor/golang.org/x/sys/unix/zerrors_linux_ppc64.go ./vendor/golang.org/x/sys/unix/ztypes_darwin_amd64.go ./vendor/golang.org/x/sys/unix/syscall_linux_gccgo_arm.go ./vendor/golang.org/x/sys/unix/ztypes_linux_ppc64.go ./vendor/golang.org/x/sys/unix/zsysnum_linux_arm64.go ./vendor/golang.org/x/sys/unix/dev_aix_ppc64.go ./vendor/golang.org/x/sys/unix/zsyscall_aix_ppc64_gc.go ./vendor/golang.org/x/sys/unix/ztypes_freebsd_arm64.go ./vendor/golang.org/x/sys/unix/syscall_linux_amd64.go ./vendor/golang.org/x/sys/unix/gccgo_linux_amd64.go ./vendor/golang.org/x/sys/unix/zsysnum_zos_s390x.go ./vendor/golang.org/x/sys/unix/syscall_zos_s390x.go ./vendor/golang.org/x/sys/internal/unsafeheader/unsafeheader.go ./vendor/golang.org/x/sys/cpu/cpu_gc_s390x.go ./vendor/golang.org/x/sys/cpu/cpu_other_arm.go ./vendor/golang.org/x/sys/cpu/cpu_riscv64.go ./vendor/golang.org/x/sys/cpu/cpu_linux_noinit.go ./vendor/golang.org/x/sys/cpu/cpu_gccgo_s390x.go ./vendor/golang.org/x/sys/cpu/cpu_linux_mips64x.go ./vendor/golang.org/x/sys/cpu/cpu_x86.go ./vendor/golang.org/x/sys/cpu/cpu_s390x.go ./vendor/golang.org/x/sys/cpu/hwcap_linux.go ./vendor/golang.org/x/sys/cpu/syscall_aix_gccgo.go ./vendor/golang.org/x/sys/cpu/cpu_linux_arm64.go ./vendor/golang.org/x/sys/cpu/cpu_other_mips64x.go ./vendor/golang.org/x/sys/cpu/cpu_mips64x.go ./vendor/golang.org/x/sys/cpu/cpu_gccgo_x86.go ./vendor/golang.org/x/sys/cpu/cpu_other_arm64.go ./vendor/golang.org/x/sys/cpu/cpu_gc_arm64.go ./vendor/golang.org/x/sys/cpu/byteorder.go ./vendor/golang.org/x/sys/cpu/cpu_zos_s390x.go ./vendor/golang.org/x/sys/cpu/cpu.go ./vendor/golang.org/x/sys/cpu/cpu_mipsx.go ./vendor/golang.org/x/sys/cpu/cpu_zos.go ./vendor/golang.org/x/sys/cpu/cpu_linux_arm.go ./vendor/golang.org/x/sys/cpu/cpu_gccgo_arm64.go ./vendor/golang.org/x/sys/cpu/cpu_gc_x86.go ./vendor/golang.org/x/sys/cpu/cpu_arm64.go ./vendor/golang.org/x/sys/cpu/syscall_aix_ppc64_gc.go ./vendor/golang.org/x/sys/cpu/cpu_linux.go ./vendor/golang.org/x/sys/cpu/cpu_netbsd_arm64.go ./vendor/golang.org/x/sys/cpu/cpu_aix.go ./vendor/golang.org/x/sys/cpu/cpu_wasm.go ./vendor/golang.org/x/sys/cpu/cpu_linux_s390x.go ./vendor/golang.org/x/sys/cpu/cpu_arm.go ./vendor/golang.org/x/sys/cpu/cpu_linux_ppc64x.go ./vendor/golang.org/x/sys/cpu/cpu_ppc64x.go ./vendor/golang.org/x/lint/lint.go ./vendor/golang.org/x/lint/golint/import.go ./vendor/golang.org/x/lint/golint/importcomment.go ./vendor/golang.org/x/lint/golint/golint.go ./vendor/golang.org/x/oauth2/internal/client_appengine.go ./vendor/golang.org/x/oauth2/internal/transport.go ./vendor/golang.org/x/oauth2/internal/token.go ./vendor/golang.org/x/oauth2/internal/doc.go ./vendor/golang.org/x/oauth2/internal/oauth2.go ./vendor/golang.org/x/oauth2/transport.go ./vendor/golang.org/x/oauth2/jws/jws.go ./vendor/golang.org/x/oauth2/jwt/jwt.go ./vendor/golang.org/x/oauth2/oauth2.go ./vendor/golang.org/x/oauth2/token.go ./vendor/golang.org/x/oauth2/google/jwt.go ./vendor/golang.org/x/oauth2/google/doc.go ./vendor/golang.org/x/oauth2/google/appengine_gen2_flex.go ./vendor/golang.org/x/oauth2/google/sdk.go ./vendor/golang.org/x/oauth2/google/internal/externalaccount/impersonate.go ./vendor/golang.org/x/oauth2/google/internal/externalaccount/filecredsource.go ./vendor/golang.org/x/oauth2/google/internal/externalaccount/sts_exchange.go ./vendor/golang.org/x/oauth2/google/internal/externalaccount/err.go ./vendor/golang.org/x/oauth2/google/internal/externalaccount/basecredentials.go ./vendor/golang.org/x/oauth2/google/internal/externalaccount/clientauth.go ./vendor/golang.org/x/oauth2/google/internal/externalaccount/aws.go ./vendor/golang.org/x/oauth2/google/internal/externalaccount/urlcredsource.go ./vendor/golang.org/x/oauth2/google/google.go ./vendor/golang.org/x/oauth2/google/default.go ./vendor/golang.org/x/oauth2/google/appengine_gen1.go ./vendor/golang.org/x/oauth2/google/appengine.go ./vendor/golang.org/x/xerrors/errors.go ./vendor/golang.org/x/xerrors/internal/internal.go ./vendor/golang.org/x/xerrors/doc.go ./vendor/golang.org/x/xerrors/fmt.go ./vendor/golang.org/x/xerrors/adaptor.go ./vendor/golang.org/x/xerrors/frame.go ./vendor/golang.org/x/xerrors/wrap.go ./vendor/golang.org/x/xerrors/format.go ./vendor/google.golang.org/protobuf/types/known/durationpb/duration.pb.go ./vendor/google.golang.org/protobuf/types/known/fieldmaskpb/field_mask.pb.go ./vendor/google.golang.org/protobuf/types/known/structpb/struct.pb.go ./vendor/google.golang.org/protobuf/types/known/emptypb/empty.pb.go ./vendor/google.golang.org/protobuf/types/known/wrapperspb/wrappers.pb.go ./vendor/google.golang.org/protobuf/types/known/anypb/any.pb.go ./vendor/google.golang.org/protobuf/types/known/timestamppb/timestamp.pb.go ./vendor/google.golang.org/protobuf/types/descriptorpb/descriptor.pb.go ./vendor/google.golang.org/protobuf/runtime/protoiface/legacy.go ./vendor/google.golang.org/protobuf/runtime/protoiface/methods.go ./vendor/google.golang.org/protobuf/runtime/protoimpl/impl.go ./vendor/google.golang.org/protobuf/runtime/protoimpl/version.go ./vendor/google.golang.org/protobuf/internal/descopts/options.go ./vendor/google.golang.org/protobuf/internal/encoding/tag/tag.go ./vendor/google.golang.org/protobuf/internal/encoding/text/decode_string.go ./vendor/google.golang.org/protobuf/internal/encoding/text/decode.go ./vendor/google.golang.org/protobuf/internal/encoding/text/encode.go ./vendor/google.golang.org/protobuf/internal/encoding/text/decode_number.go ./vendor/google.golang.org/protobuf/internal/encoding/text/decode_token.go ./vendor/google.golang.org/protobuf/internal/encoding/text/doc.go ./vendor/google.golang.org/protobuf/internal/encoding/messageset/messageset.go ./vendor/google.golang.org/protobuf/internal/encoding/defval/default.go ./vendor/google.golang.org/protobuf/internal/encoding/json/decode_token.go ./vendor/google.golang.org/protobuf/internal/encoding/json/decode_string.go ./vendor/google.golang.org/protobuf/internal/encoding/json/decode_number.go ./vendor/google.golang.org/protobuf/internal/encoding/json/decode.go ./vendor/google.golang.org/protobuf/internal/encoding/json/encode.go ./vendor/google.golang.org/protobuf/internal/pragma/pragma.go ./vendor/google.golang.org/protobuf/internal/impl/weak.go ./vendor/google.golang.org/protobuf/internal/impl/extension.go ./vendor/google.golang.org/protobuf/internal/impl/api_export.go ./vendor/google.golang.org/protobuf/internal/impl/merge.go ./vendor/google.golang.org/protobuf/internal/impl/merge_gen.go ./vendor/google.golang.org/protobuf/internal/impl/convert.go ./vendor/google.golang.org/protobuf/internal/impl/message_reflect_gen.go ./vendor/google.golang.org/protobuf/internal/impl/checkinit.go ./vendor/google.golang.org/protobuf/internal/impl/codec_extension.go ./vendor/google.golang.org/protobuf/internal/impl/pointer_reflect.go ./vendor/google.golang.org/protobuf/internal/impl/legacy_export.go ./vendor/google.golang.org/protobuf/internal/impl/legacy_file.go ./vendor/google.golang.org/protobuf/internal/impl/enum.go ./vendor/google.golang.org/protobuf/internal/impl/convert_map.go ./vendor/google.golang.org/protobuf/internal/impl/codec_messageset.go ./vendor/google.golang.org/protobuf/internal/impl/codec_map.go ./vendor/google.golang.org/protobuf/internal/impl/convert_list.go ./vendor/google.golang.org/protobuf/internal/impl/legacy_message.go ./vendor/google.golang.org/protobuf/internal/impl/pointer_unsafe.go ./vendor/google.golang.org/protobuf/internal/impl/codec_tables.go ./vendor/google.golang.org/protobuf/internal/impl/codec_message.go ./vendor/google.golang.org/protobuf/internal/impl/message_reflect.go ./vendor/google.golang.org/protobuf/internal/impl/codec_gen.go ./vendor/google.golang.org/protobuf/internal/impl/codec_field.go ./vendor/google.golang.org/protobuf/internal/impl/codec_reflect.go ./vendor/google.golang.org/protobuf/internal/impl/message_reflect_field.go ./vendor/google.golang.org/protobuf/internal/impl/decode.go ./vendor/google.golang.org/protobuf/internal/impl/codec_unsafe.go ./vendor/google.golang.org/protobuf/internal/impl/encode.go ./vendor/google.golang.org/protobuf/internal/impl/legacy_enum.go ./vendor/google.golang.org/protobuf/internal/impl/codec_map_go111.go ./vendor/google.golang.org/protobuf/internal/impl/legacy_extension.go ./vendor/google.golang.org/protobuf/internal/impl/validate.go ./vendor/google.golang.org/protobuf/internal/impl/message.go ./vendor/google.golang.org/protobuf/internal/impl/codec_map_go112.go ./vendor/google.golang.org/protobuf/internal/strs/strings_unsafe.go ./vendor/google.golang.org/protobuf/internal/strs/strings_pure.go ./vendor/google.golang.org/protobuf/internal/strs/strings.go ./vendor/google.golang.org/protobuf/internal/filedesc/desc.go ./vendor/google.golang.org/protobuf/internal/filedesc/placeholder.go ./vendor/google.golang.org/protobuf/internal/filedesc/desc_list_gen.go ./vendor/google.golang.org/protobuf/internal/filedesc/desc_lazy.go ./vendor/google.golang.org/protobuf/internal/filedesc/desc_init.go ./vendor/google.golang.org/protobuf/internal/filedesc/build.go ./vendor/google.golang.org/protobuf/internal/filedesc/desc_list.go ./vendor/google.golang.org/protobuf/internal/descfmt/stringer.go ./vendor/google.golang.org/protobuf/internal/filetype/build.go ./vendor/google.golang.org/protobuf/internal/detrand/rand.go ./vendor/google.golang.org/protobuf/internal/order/order.go ./vendor/google.golang.org/protobuf/internal/order/range.go ./vendor/google.golang.org/protobuf/internal/flags/proto_legacy_disable.go ./vendor/google.golang.org/protobuf/internal/flags/proto_legacy_enable.go ./vendor/google.golang.org/protobuf/internal/flags/flags.go ./vendor/google.golang.org/protobuf/internal/errors/errors.go ./vendor/google.golang.org/protobuf/internal/errors/is_go112.go ./vendor/google.golang.org/protobuf/internal/errors/is_go113.go ./vendor/google.golang.org/protobuf/internal/genid/doc.go ./vendor/google.golang.org/protobuf/internal/genid/field_mask_gen.go ./vendor/google.golang.org/protobuf/internal/genid/goname.go ./vendor/google.golang.org/protobuf/internal/genid/wrappers_gen.go ./vendor/google.golang.org/protobuf/internal/genid/descriptor_gen.go ./vendor/google.golang.org/protobuf/internal/genid/wrappers.go ./vendor/google.golang.org/protobuf/internal/genid/duration_gen.go ./vendor/google.golang.org/protobuf/internal/genid/struct_gen.go ./vendor/google.golang.org/protobuf/internal/genid/timestamp_gen.go ./vendor/google.golang.org/protobuf/internal/genid/type_gen.go ./vendor/google.golang.org/protobuf/internal/genid/any_gen.go ./vendor/google.golang.org/protobuf/internal/genid/map_entry.go ./vendor/google.golang.org/protobuf/internal/genid/api_gen.go ./vendor/google.golang.org/protobuf/internal/genid/source_context_gen.go ./vendor/google.golang.org/protobuf/internal/genid/empty_gen.go ./vendor/google.golang.org/protobuf/internal/set/ints.go ./vendor/google.golang.org/protobuf/internal/version/version.go ./vendor/google.golang.org/protobuf/encoding/prototext/encode.go ./vendor/google.golang.org/protobuf/encoding/prototext/decode.go ./vendor/google.golang.org/protobuf/encoding/prototext/doc.go ./vendor/google.golang.org/protobuf/encoding/protojson/well_known_types.go ./vendor/google.golang.org/protobuf/encoding/protojson/encode.go ./vendor/google.golang.org/protobuf/encoding/protojson/decode.go ./vendor/google.golang.org/protobuf/encoding/protojson/doc.go ./vendor/google.golang.org/protobuf/encoding/protowire/wire.go ./vendor/google.golang.org/protobuf/proto/proto.go ./vendor/google.golang.org/protobuf/proto/checkinit.go ./vendor/google.golang.org/protobuf/proto/decode.go ./vendor/google.golang.org/protobuf/proto/encode.go ./vendor/google.golang.org/protobuf/proto/extension.go ./vendor/google.golang.org/protobuf/proto/doc.go ./vendor/google.golang.org/protobuf/proto/reset.go ./vendor/google.golang.org/protobuf/proto/merge.go ./vendor/google.golang.org/protobuf/proto/messageset.go ./vendor/google.golang.org/protobuf/proto/decode_gen.go ./vendor/google.golang.org/protobuf/proto/proto_methods.go ./vendor/google.golang.org/protobuf/proto/size_gen.go ./vendor/google.golang.org/protobuf/proto/proto_reflect.go ./vendor/google.golang.org/protobuf/proto/encode_gen.go ./vendor/google.golang.org/protobuf/proto/size.go ./vendor/google.golang.org/protobuf/proto/wrappers.go ./vendor/google.golang.org/protobuf/proto/equal.go ./vendor/google.golang.org/protobuf/reflect/protodesc/proto.go ./vendor/google.golang.org/protobuf/reflect/protodesc/desc.go ./vendor/google.golang.org/protobuf/reflect/protodesc/desc_init.go ./vendor/google.golang.org/protobuf/reflect/protodesc/desc_resolve.go ./vendor/google.golang.org/protobuf/reflect/protodesc/desc_validate.go ./vendor/google.golang.org/protobuf/reflect/protoreflect/value_unsafe.go ./vendor/google.golang.org/protobuf/reflect/protoreflect/source.go ./vendor/google.golang.org/protobuf/reflect/protoreflect/value_pure.go ./vendor/google.golang.org/protobuf/reflect/protoreflect/source_gen.go ./vendor/google.golang.org/protobuf/reflect/protoreflect/value_union.go ./vendor/google.golang.org/protobuf/reflect/protoreflect/methods.go ./vendor/google.golang.org/protobuf/reflect/protoreflect/proto.go ./vendor/google.golang.org/protobuf/reflect/protoreflect/type.go ./vendor/google.golang.org/protobuf/reflect/protoreflect/value.go ./vendor/google.golang.org/protobuf/reflect/protoregistry/registry.go ./vendor/google.golang.org/grpc/keepalive/keepalive.go ./vendor/google.golang.org/grpc/tap/tap.go ./vendor/google.golang.org/grpc/call.go ./vendor/google.golang.org/grpc/server.go ./vendor/google.golang.org/grpc/balancer_conn_wrappers.go ./vendor/google.golang.org/grpc/version.go ./vendor/google.golang.org/grpc/resolver_conn_wrapper.go ./vendor/google.golang.org/grpc/grpclog/grpclog.go ./vendor/google.golang.org/grpc/grpclog/component.go ./vendor/google.golang.org/grpc/grpclog/loggerv2.go ./vendor/google.golang.org/grpc/grpclog/logger.go ./vendor/google.golang.org/grpc/serviceconfig/serviceconfig.go ./vendor/google.golang.org/grpc/interceptor.go ./vendor/google.golang.org/grpc/stats/stats.go ./vendor/google.golang.org/grpc/stats/handlers.go ./vendor/google.golang.org/grpc/balancer/grpclb/grpc_lb_v1/load_balancer.pb.go ./vendor/google.golang.org/grpc/balancer/grpclb/grpc_lb_v1/load_balancer_grpc.pb.go ./vendor/google.golang.org/grpc/balancer/grpclb/grpclb_picker.go ./vendor/google.golang.org/grpc/balancer/grpclb/grpclb_util.go ./vendor/google.golang.org/grpc/balancer/grpclb/grpclb_remote_balancer.go ./vendor/google.golang.org/grpc/balancer/grpclb/grpclb_config.go ./vendor/google.golang.org/grpc/balancer/grpclb/state/state.go ./vendor/google.golang.org/grpc/balancer/grpclb/grpclb.go ./vendor/google.golang.org/grpc/balancer/base/base.go ./vendor/google.golang.org/grpc/balancer/base/balancer.go ./vendor/google.golang.org/grpc/balancer/balancer.go ./vendor/google.golang.org/grpc/balancer/roundrobin/roundrobin.go ./vendor/google.golang.org/grpc/clientconn.go ./vendor/google.golang.org/grpc/binarylog/grpc_binarylog_v1/binarylog.pb.go ./vendor/google.golang.org/grpc/preloader.go ./vendor/google.golang.org/grpc/trace.go ./vendor/google.golang.org/grpc/internal/envconfig/envconfig.go ./vendor/google.golang.org/grpc/internal/credentials/syscallconn.go ./vendor/google.golang.org/grpc/internal/credentials/spiffe.go ./vendor/google.golang.org/grpc/internal/credentials/spiffe_appengine.go ./vendor/google.golang.org/grpc/internal/credentials/syscallconn_appengine.go ./vendor/google.golang.org/grpc/internal/credentials/util.go ./vendor/google.golang.org/grpc/internal/resolver/passthrough/passthrough.go ./vendor/google.golang.org/grpc/internal/resolver/dns/dns_resolver.go ./vendor/google.golang.org/grpc/internal/resolver/dns/go113.go ./vendor/google.golang.org/grpc/internal/resolver/config_selector.go ./vendor/google.golang.org/grpc/internal/resolver/unix/unix.go ./vendor/google.golang.org/grpc/internal/grpclog/grpclog.go ./vendor/google.golang.org/grpc/internal/grpclog/prefixLogger.go ./vendor/google.golang.org/grpc/internal/grpcsync/event.go ./vendor/google.golang.org/grpc/internal/grpcutil/target.go ./vendor/google.golang.org/grpc/internal/grpcutil/metadata.go ./vendor/google.golang.org/grpc/internal/grpcutil/method.go ./vendor/google.golang.org/grpc/internal/grpcutil/encode_duration.go ./vendor/google.golang.org/grpc/internal/backoff/backoff.go ./vendor/google.golang.org/grpc/internal/transport/http_util.go ./vendor/google.golang.org/grpc/internal/transport/http2_server.go ./vendor/google.golang.org/grpc/internal/transport/http2_client.go ./vendor/google.golang.org/grpc/internal/transport/bdp_estimator.go ./vendor/google.golang.org/grpc/internal/transport/transport.go ./vendor/google.golang.org/grpc/internal/transport/proxy.go ./vendor/google.golang.org/grpc/internal/transport/flowcontrol.go ./vendor/google.golang.org/grpc/internal/transport/defaults.go ./vendor/google.golang.org/grpc/internal/transport/networktype/networktype.go ./vendor/google.golang.org/grpc/internal/transport/handler_server.go ./vendor/google.golang.org/grpc/internal/transport/controlbuf.go ./vendor/google.golang.org/grpc/internal/balancerload/load.go ./vendor/google.golang.org/grpc/internal/serviceconfig/serviceconfig.go ./vendor/google.golang.org/grpc/internal/syscall/syscall_linux.go ./vendor/google.golang.org/grpc/internal/syscall/syscall_nonlinux.go ./vendor/google.golang.org/grpc/internal/status/status.go ./vendor/google.golang.org/grpc/internal/buffer/unbounded.go ./vendor/google.golang.org/grpc/internal/channelz/util_linux.go ./vendor/google.golang.org/grpc/internal/channelz/logging.go ./vendor/google.golang.org/grpc/internal/channelz/util_nonlinux.go ./vendor/google.golang.org/grpc/internal/channelz/types_nonlinux.go ./vendor/google.golang.org/grpc/internal/channelz/funcs.go ./vendor/google.golang.org/grpc/internal/channelz/types_linux.go ./vendor/google.golang.org/grpc/internal/channelz/types.go ./vendor/google.golang.org/grpc/internal/metadata/metadata.go ./vendor/google.golang.org/grpc/internal/internal.go ./vendor/google.golang.org/grpc/internal/googlecloud/googlecloud.go ./vendor/google.golang.org/grpc/internal/binarylog/sink.go ./vendor/google.golang.org/grpc/internal/binarylog/env_config.go ./vendor/google.golang.org/grpc/internal/binarylog/binarylog_testutil.go ./vendor/google.golang.org/grpc/internal/binarylog/method_logger.go ./vendor/google.golang.org/grpc/internal/binarylog/binarylog.go ./vendor/google.golang.org/grpc/internal/grpcrand/grpcrand.go ./vendor/google.golang.org/grpc/backoff/backoff.go ./vendor/google.golang.org/grpc/connectivity/connectivity.go ./vendor/google.golang.org/grpc/metadata/metadata.go ./vendor/google.golang.org/grpc/picker_wrapper.go ./vendor/google.golang.org/grpc/dialoptions.go ./vendor/google.golang.org/grpc/stream.go ./vendor/google.golang.org/grpc/resolver/resolver.go ./vendor/google.golang.org/grpc/rpc_util.go ./vendor/google.golang.org/grpc/encoding/encoding.go ./vendor/google.golang.org/grpc/encoding/proto/proto.go ./vendor/google.golang.org/grpc/peer/peer.go ./vendor/google.golang.org/grpc/codes/codes.go ./vendor/google.golang.org/grpc/codes/code_string.go ./vendor/google.golang.org/grpc/codec.go ./vendor/google.golang.org/grpc/health/grpc_health_v1/health_grpc.pb.go ./vendor/google.golang.org/grpc/health/grpc_health_v1/health.pb.go ./vendor/google.golang.org/grpc/pickfirst.go ./vendor/google.golang.org/grpc/doc.go ./vendor/google.golang.org/grpc/status/status.go ./vendor/google.golang.org/grpc/attributes/attributes.go ./vendor/google.golang.org/grpc/credentials/oauth/oauth.go ./vendor/google.golang.org/grpc/credentials/go12.go ./vendor/google.golang.org/grpc/credentials/credentials.go ./vendor/google.golang.org/grpc/credentials/google/google.go ./vendor/google.golang.org/grpc/credentials/tls.go ./vendor/google.golang.org/grpc/credentials/alts/alts.go ./vendor/google.golang.org/grpc/credentials/alts/utils.go ./vendor/google.golang.org/grpc/credentials/alts/internal/authinfo/authinfo.go ./vendor/google.golang.org/grpc/credentials/alts/internal/conn/aes128gcmrekey.go ./vendor/google.golang.org/grpc/credentials/alts/internal/conn/aeadrekey.go ./vendor/google.golang.org/grpc/credentials/alts/internal/conn/common.go ./vendor/google.golang.org/grpc/credentials/alts/internal/conn/counter.go ./vendor/google.golang.org/grpc/credentials/alts/internal/conn/record.go ./vendor/google.golang.org/grpc/credentials/alts/internal/conn/utils.go ./vendor/google.golang.org/grpc/credentials/alts/internal/conn/aes128gcm.go ./vendor/google.golang.org/grpc/credentials/alts/internal/common.go ./vendor/google.golang.org/grpc/credentials/alts/internal/proto/grpc_gcp/handshaker.pb.go ./vendor/google.golang.org/grpc/credentials/alts/internal/proto/grpc_gcp/handshaker_grpc.pb.go ./vendor/google.golang.org/grpc/credentials/alts/internal/proto/grpc_gcp/altscontext.pb.go ./vendor/google.golang.org/grpc/credentials/alts/internal/proto/grpc_gcp/transport_security_common.pb.go ./vendor/google.golang.org/grpc/credentials/alts/internal/handshaker/service/service.go ./vendor/google.golang.org/grpc/credentials/alts/internal/handshaker/handshaker.go ./vendor/google.golang.org/grpc/backoff.go ./vendor/google.golang.org/grpc/service_config.go ./vendor/google.golang.org/genproto/googleapis/type/calendarperiod/calendar_period.pb.go ./vendor/google.golang.org/genproto/googleapis/rpc/status/status.pb.go ./vendor/google.golang.org/genproto/googleapis/rpc/errdetails/error_details.pb.go ./vendor/google.golang.org/genproto/googleapis/monitoring/v3/alert.pb.go ./vendor/google.golang.org/genproto/googleapis/monitoring/v3/service_service.pb.go ./vendor/google.golang.org/genproto/googleapis/monitoring/v3/metric.pb.go ./vendor/google.golang.org/genproto/googleapis/monitoring/v3/uptime_service.pb.go ./vendor/google.golang.org/genproto/googleapis/monitoring/v3/mutation_record.pb.go ./vendor/google.golang.org/genproto/googleapis/monitoring/v3/service.pb.go ./vendor/google.golang.org/genproto/googleapis/monitoring/v3/metric_service.pb.go ./vendor/google.golang.org/genproto/googleapis/monitoring/v3/notification.pb.go ./vendor/google.golang.org/genproto/googleapis/monitoring/v3/group_service.pb.go ./vendor/google.golang.org/genproto/googleapis/monitoring/v3/dropped_labels.pb.go ./vendor/google.golang.org/genproto/googleapis/monitoring/v3/common.pb.go ./vendor/google.golang.org/genproto/googleapis/monitoring/v3/group.pb.go ./vendor/google.golang.org/genproto/googleapis/monitoring/v3/notification_service.pb.go ./vendor/google.golang.org/genproto/googleapis/monitoring/v3/span_context.pb.go ./vendor/google.golang.org/genproto/googleapis/monitoring/v3/alert_service.pb.go ./vendor/google.golang.org/genproto/googleapis/monitoring/v3/uptime.pb.go ./vendor/google.golang.org/genproto/googleapis/monitoring/v3/query_service.pb.go ./vendor/google.golang.org/genproto/googleapis/api/metric/metric.pb.go ./vendor/google.golang.org/genproto/googleapis/api/annotations/client.pb.go ./vendor/google.golang.org/genproto/googleapis/api/annotations/http.pb.go ./vendor/google.golang.org/genproto/googleapis/api/annotations/resource.pb.go ./vendor/google.golang.org/genproto/googleapis/api/annotations/field_behavior.pb.go ./vendor/google.golang.org/genproto/googleapis/api/annotations/annotations.pb.go ./vendor/google.golang.org/genproto/googleapis/api/distribution/distribution.pb.go ./vendor/google.golang.org/genproto/googleapis/api/launch_stage.pb.go ./vendor/google.golang.org/genproto/googleapis/api/monitoredres/monitored_resource.pb.go ./vendor/google.golang.org/genproto/googleapis/api/label/label.pb.go ./vendor/google.golang.org/genproto/googleapis/devtools/cloudprofiler/v2/profiler.pb.go ./vendor/google.golang.org/genproto/googleapis/devtools/cloudtrace/v2/tracing.pb.go ./vendor/google.golang.org/genproto/googleapis/devtools/cloudtrace/v2/trace.pb.go ./vendor/google.golang.org/api/support/bundler/bundler.go ./vendor/google.golang.org/api/transport/internal/dca/dca.go ./vendor/google.golang.org/api/transport/grpc/dial_appengine.go ./vendor/google.golang.org/api/transport/grpc/pool.go ./vendor/google.golang.org/api/transport/grpc/dial.go ./vendor/google.golang.org/api/transport/grpc/dial_socketopt.go ./vendor/google.golang.org/api/transport/cert/default_cert.go ./vendor/google.golang.org/api/option/credentials_go19.go ./vendor/google.golang.org/api/option/option.go ./vendor/google.golang.org/api/option/internaloption/internaloption.go ./vendor/google.golang.org/api/option/credentials_notgo19.go ./vendor/google.golang.org/api/iterator/iterator.go ./vendor/google.golang.org/api/internal/conn_pool.go ./vendor/google.golang.org/api/internal/creds.go ./vendor/google.golang.org/api/internal/impersonate/impersonate.go ./vendor/google.golang.org/api/internal/settings.go ./vendor/google.golang.org/appengine/urlfetch/urlfetch.go ./vendor/google.golang.org/appengine/appengine_vm.go ./vendor/google.golang.org/appengine/socket/socket_vm.go ./vendor/google.golang.org/appengine/socket/socket_classic.go ./vendor/google.golang.org/appengine/socket/doc.go ./vendor/google.golang.org/appengine/identity.go ./vendor/google.golang.org/appengine/appengine.go ./vendor/google.golang.org/appengine/timeout.go ./vendor/google.golang.org/appengine/internal/identity_classic.go ./vendor/google.golang.org/appengine/internal/api_common.go ./vendor/google.golang.org/appengine/internal/urlfetch/urlfetch_service.pb.go ./vendor/google.golang.org/appengine/internal/transaction.go ./vendor/google.golang.org/appengine/internal/identity_vm.go ./vendor/google.golang.org/appengine/internal/base/api_base.pb.go ./vendor/google.golang.org/appengine/internal/main.go ./vendor/google.golang.org/appengine/internal/remote_api/remote_api.pb.go ./vendor/google.golang.org/appengine/internal/main_common.go ./vendor/google.golang.org/appengine/internal/internal.go ./vendor/google.golang.org/appengine/internal/identity_flex.go ./vendor/google.golang.org/appengine/internal/metadata.go ./vendor/google.golang.org/appengine/internal/net.go ./vendor/google.golang.org/appengine/internal/socket/socket_service.pb.go ./vendor/google.golang.org/appengine/internal/identity.go ./vendor/google.golang.org/appengine/internal/app_id.go ./vendor/google.golang.org/appengine/internal/main_vm.go ./vendor/google.golang.org/appengine/internal/datastore/datastore_v3.pb.go ./vendor/google.golang.org/appengine/internal/api.go ./vendor/google.golang.org/appengine/internal/modules/modules_service.pb.go ./vendor/google.golang.org/appengine/internal/log/log_service.pb.go ./vendor/google.golang.org/appengine/internal/app_identity/app_identity_service.pb.go ./vendor/google.golang.org/appengine/internal/api_classic.go ./vendor/google.golang.org/appengine/namespace.go ./vendor/google.golang.org/appengine/errors.go ./vendor/cloud.google.com/go/compute/metadata/metadata.go ./vendor/cloud.google.com/go/monitoring/apiv3/v2/uptime_check_client.go ./vendor/cloud.google.com/go/monitoring/apiv3/v2/doc.go ./vendor/cloud.google.com/go/monitoring/apiv3/v2/query_client.go ./vendor/cloud.google.com/go/monitoring/apiv3/v2/notification_channel_client.go ./vendor/cloud.google.com/go/monitoring/apiv3/v2/alert_policy_client.go ./vendor/cloud.google.com/go/monitoring/apiv3/v2/group_client.go ./vendor/cloud.google.com/go/monitoring/apiv3/v2/metric_client.go ./vendor/cloud.google.com/go/monitoring/apiv3/v2/service_monitoring_client.go ./vendor/cloud.google.com/go/trace/apiv2/doc.go ./vendor/cloud.google.com/go/trace/apiv2/path_funcs.go ./vendor/cloud.google.com/go/trace/apiv2/trace_client.go ./vendor/cloud.google.com/go/profiler/profiler.go ./vendor/cloud.google.com/go/profiler/mutex.go ./vendor/cloud.google.com/go/profiler/heap.go ./vendor/cloud.google.com/go/internal/version/version.go | awk '{ print } END { if (NR > 0) { print "Please run make fmt"; exit 1 } }'
#7 132.2 bin/install
#7 132.3 mkdir -p /home/git/.ssh: OK
#7 132.3 chmod 700 /home/git/.ssh: OK
#7 132.7 GOBIN="/home/git/gitlab-shell/bin" go install -ldflags "-X main.Version=unknown -X main.BuildTime=20250329.150538" -tags "tracer_static tracer_static_jaeger continuous_profiler_stackdriver" ./cmd/...
#7 139.4 + rm -rf /home/git/repositories
#7 139.4 + echo 'Build gitlab-workhorse'
#7 139.4 + make -C /home/git/gitlab/workhorse install
#7 139.4 Build gitlab-workhorse
#7 139.4 make: Entering directory '/home/git/gitlab/workhorse'
#7 139.4 fatal: detected dubious ownership in repository at '/home/git/gitlab'
#7 139.4 To add an exception for this directory, call:
#7 139.4 
#7 139.4 	git config --global --add safe.directory /home/git/gitlab
#7 139.4 ### Building gitlab-resize-image
#7 139.4 go build -ldflags "-X main.Version=v14.4.3 -X main.BuildTime=20250329.150552" -tags "tracer_static tracer_static_jaeger continuous_profiler_stackdriver" -o /home/git/gitlab/workhorse/gitlab-resize-image gitlab.com/gitlab-org/gitlab/workhorse/cmd/gitlab-resize-image
#7 140.9 go: downloading github.com/disintegration/imaging v1.6.2
#7 141.2 go: downloading golang.org/x/image v0.0.0-20191009234506-e7c1f5e7dbb8
#7 148.6 ### Building gitlab-zip-cat
#7 148.6 go build -ldflags "-X main.Version=v14.4.3 -X main.BuildTime=20250329.150552" -tags "tracer_static tracer_static_jaeger continuous_profiler_stackdriver" -o /home/git/gitlab/workhorse/gitlab-zip-cat gitlab.com/gitlab-org/gitlab/workhorse/cmd/gitlab-zip-cat
#7 148.7 go: downloading gitlab.com/gitlab-org/labkit v1.6.0
#7 148.7 go: downloading github.com/mitchellh/copystructure v1.0.0
#7 148.8 go: downloading github.com/mitchellh/reflectwalk v1.0.0
#7 148.9 go: downloading github.com/sirupsen/logrus v1.8.1
#7 148.9 go: downloading github.com/oklog/ulid/v2 v2.0.2
#7 148.9 go: downloading github.com/sebest/xff v0.0.0-20210106013422-671bd2870b3a
#7 148.9 go: downloading github.com/opentracing/opentracing-go v1.2.0
#7 148.9 go: downloading github.com/uber/jaeger-client-go v2.27.0+incompatible
#7 148.9 go: downloading github.com/client9/reopen v1.0.0
#7 148.9 go: downloading golang.org/x/sys v0.0.0-20210503173754-0981d6026fa6
#7 149.0 go: downloading github.com/uber/jaeger-lib v2.4.1+incompatible
#7 149.0 go: downloading github.com/pkg/errors v0.9.1
#7 149.0 go: downloading go.uber.org/atomic v1.7.0
#7 150.6 ### Building gitlab-zip-metadata
#7 150.6 go build -ldflags "-X main.Version=v14.4.3 -X main.BuildTime=20250329.150552" -tags "tracer_static tracer_static_jaeger continuous_profiler_stackdriver" -o /home/git/gitlab/workhorse/gitlab-zip-metadata gitlab.com/gitlab-org/gitlab/workhorse/cmd/gitlab-zip-metadata
#7 151.1 ### Building gitlab-workhorse
#7 151.1 go build -ldflags "-X main.Version=v14.4.3 -X main.BuildTime=20250329.150552" -tags "tracer_static tracer_static_jaeger continuous_profiler_stackdriver" -o /home/git/gitlab/workhorse/gitlab-workhorse gitlab.com/gitlab-org/gitlab/workhorse
#7 151.1 go: downloading github.com/getsentry/raven-go v0.2.0
#7 151.1 go: downloading github.com/golang-jwt/jwt/v4 v4.0.0
#7 151.1 go: downloading github.com/gorilla/websocket v1.4.1
#7 151.1 go: downloading github.com/prometheus/client_golang v1.10.0
#7 151.1 go: downloading github.com/FZambia/sentinel v1.0.0
#7 151.1 go: downloading github.com/gomodule/redigo v2.0.0+incompatible
#7 151.1 go: downloading github.com/jpillora/backoff v1.0.0
#7 151.1 go: downloading github.com/Azure/azure-storage-blob-go v0.13.0
#7 151.1 go: downloading github.com/BurntSushi/toml v0.3.1
#7 151.1 go: downloading gocloud.dev v0.23.0
#7 151.1 go: downloading cloud.google.com/go v0.81.0
#7 151.1 go: downloading google.golang.org/api v0.46.0
#7 151.1 go: downloading github.com/golang/protobuf v1.5.2
#7 151.1 go: downloading github.com/grpc-ecosystem/go-grpc-middleware v1.3.0
#7 151.1 go: downloading github.com/grpc-ecosystem/go-grpc-prometheus v1.2.0
#7 151.2 go: downloading gitlab.com/gitlab-org/gitaly/v14 v14.3.0-rc2.0.20211007055622-df7dadcc3f74
#7 151.5 go: downloading google.golang.org/grpc v1.38.0
#7 151.7 go: downloading golang.org/x/net v0.0.0-20210505214959-0714010a04ed
#7 151.8 go: downloading github.com/golang/gddo v0.0.0-20190419222130-af0f2af80721
#7 152.4 go: downloading github.com/certifi/gocertifi v0.0.0-20200922220541-2c3bb06c6054
#7 152.5 go: downloading github.com/google/pprof v0.0.0-20210226084205-cbba55b83ad5
#7 152.5 go: downloading github.com/googleapis/gax-go/v2 v2.0.5
#7 152.6 go: downloading gitlab.com/gitlab-org/gitaly v1.68.0
#7 152.6 go: downloading google.golang.org/genproto v0.0.0-20210506142907-4a47615972c2
#7 152.6 go: downloading github.com/prometheus/client_model v0.2.0
#7 152.6 go: downloading github.com/prometheus/common v0.18.0
#7 152.6 go: downloading github.com/beorn7/perks v1.0.1
#7 152.6 go: downloading github.com/cespare/xxhash/v2 v2.1.1
#7 152.6 go: downloading github.com/prometheus/procfs v0.6.0
#7 152.7 go: downloading github.com/alecthomas/chroma v0.7.3
#7 152.7 go: downloading github.com/aws/aws-sdk-go v1.38.35
#7 153.2 go: downloading google.golang.org/protobuf v1.26.0
#7 153.6 go: downloading github.com/Azure/azure-pipeline-go v0.2.3
#7 153.6 go: downloading github.com/google/uuid v1.2.0
#7 153.6 go: downloading github.com/Azure/go-autorest/autorest/adal v0.9.13
#7 153.6 go: downloading github.com/Azure/go-autorest/autorest v0.11.18
#7 153.6 go: downloading github.com/google/wire v0.5.0
#7 153.6 go: downloading go.opencensus.io v0.23.0
#7 153.6 go: downloading golang.org/x/xerrors v0.0.0-20200804184101-5ec99f83aff1
#7 153.6 go: downloading github.com/matttproud/golang_protobuf_extensions v1.0.1
#7 153.7 go: downloading github.com/dlclark/regexp2 v1.2.0
#7 153.7 go: downloading github.com/Azure/go-autorest v14.2.0+incompatible
#7 153.8 go: downloading github.com/mattn/go-ieproxy v0.0.1
#7 153.8 go: downloading github.com/danwakefield/fnmatch v0.0.0-20160403171240-cbb64ac3d964
#7 153.8 go: downloading github.com/Azure/go-autorest/tracing v0.6.0
#7 153.8 go: downloading github.com/Azure/go-autorest/autorest/date v0.3.0
#7 153.9 go: downloading github.com/Azure/go-autorest/logger v0.2.1
#7 153.9 go: downloading github.com/form3tech-oss/jwt-go v3.2.2+incompatible
#7 153.9 go: downloading golang.org/x/crypto v0.0.0-20210506145944-38f3c27a63bf
#7 153.9 go: downloading github.com/hashicorp/yamux v0.0.0-20210316155119-a95892c5f864
#7 153.9 go: downloading golang.org/x/text v0.3.6
#7 153.9 go: downloading github.com/golang/groupcache v0.0.0-20210331224755-41bb18bfe9da
#7 160.5 go: downloading golang.org/x/oauth2 v0.0.0-20210427180440-81ed05c6b58c
#7 160.5 go: downloading github.com/google/go-cmp v0.5.5
#7 162.9 go: downloading github.com/jmespath/go-jmespath v0.4.0
#7 172.8 ### install
#7 172.8 mkdir -p /usr/local/bin/
#7 172.8 cd /home/git/gitlab/workhorse && install gitlab-resize-image gitlab-zip-cat gitlab-zip-metadata gitlab-workhorse /usr/local/bin/
#7 172.8 make: Leaving directory '/home/git/gitlab/workhorse'
#7 172.8 + rm -rf /home/git/gitlab/workhorse
#7 172.9 Downloading gitlab-pages v.1.46.0...
#7 172.9 + echo 'Downloading gitlab-pages v.1.46.0...'
#7 172.9 + git clone -q -b v1.46.0 --depth 1 https://gitlab.com/gitlab-org/gitlab-pages.git /tmp/gitlab-pages
#7 174.1 Note: switching to '5e86747b6287381e2f23afe837ede1820876cf8d'.
#7 174.1 
#7 174.1 You are in 'detached HEAD' state. You can look around, make experimental
#7 174.1 changes and commit them, and you can discard any commits you make in this
#7 174.1 state without impacting any branches by switching back to a branch.
#7 174.1 
#7 174.1 If you want to create a new branch to retain commits you create, you may
#7 174.1 do so (now or later) by using -c with the switch command. Example:
#7 174.1 
#7 174.1   git switch -c <new-branch-name>
#7 174.1 
#7 174.1 Or undo this operation with:
#7 174.1 
#7 174.1   git switch -
#7 174.1 
#7 174.1 Turn off this advice by setting config variable advice.detachedHead to false
#7 174.1 
#7 174.1 + make -C /tmp/gitlab-pages
#7 174.1 make: Entering directory '/tmp/gitlab-pages'
#7 174.2 mkdir -p .GOPATH
#7 174.2 GOBIN=/tmp/gitlab-pages/bin go install -v -ldflags='-X "main.VERSION=1.46.0" -X "main.REVISION=5e86747"' -tags "continuous_profiler_stackdriver" -buildmode exe gitlab.com/gitlab-org/gitlab-pages
#7 174.8 go: downloading github.com/gorilla/handlers v1.4.2
#7 174.8 go: downloading github.com/sirupsen/logrus v1.7.0
#7 174.8 go: downloading github.com/pires/go-proxyproto v0.2.0
#7 174.8 go: downloading github.com/rs/cors v1.7.0
#7 174.8 go: downloading gitlab.com/gitlab-org/labkit v1.3.0
#7 174.8 go: downloading gitlab.com/gitlab-org/go-mimedb v1.45.0
#7 174.8 go: downloading github.com/hashicorp/go-multierror v1.1.1
#7 174.8 go: downloading github.com/namsral/flag v1.7.4-pre
#7 174.8 go: downloading github.com/prometheus/client_golang v1.6.0
#7 174.8 go: downloading golang.org/x/time v0.0.0-20190308202827-9d24e82272b4
#7 174.8 go: downloading github.com/golang-jwt/jwt/v4 v4.0.0
#7 174.8 go: downloading github.com/gorilla/securecookie v1.1.1
#7 174.8 go: downloading github.com/gorilla/sessions v1.2.0
#7 174.8 go: downloading golang.org/x/crypto v0.0.0-20200622213623-75b288015ac9
#7 174.8 go: downloading github.com/karlseguin/ccache/v2 v2.0.6
#7 174.9 go: downloading github.com/patrickmn/go-cache v2.1.0+incompatible
#7 174.9 go: downloading github.com/tj/go-redirects v0.0.0-20180508180010-5c02ead0bbc5
#7 174.9 go: downloading golang.org/x/sys v0.0.0-20210615035016-665e8c7367d1
#7 175.0 go: downloading google.golang.org/api v0.15.0
#7 175.0 go: downloading cloud.google.com/go v0.50.0
#7 175.0 go: downloading github.com/getsentry/sentry-go v0.7.0
#7 175.0 go: downloading github.com/oklog/ulid/v2 v2.0.2
#7 175.0 go: downloading github.com/client9/reopen v1.0.0
#7 175.0 go: downloading github.com/sebest/xff v0.0.0-20160910043805-6c115e0ffa35
#7 175.0 go: downloading github.com/prometheus/common v0.9.1
#7 175.0 go: downloading github.com/prometheus/client_model v0.2.0
#7 175.0 go: downloading github.com/golang/protobuf v1.4.0
#7 175.0 go: downloading github.com/cespare/xxhash/v2 v2.1.1
#7 175.0 go: downloading github.com/beorn7/perks v1.0.1
#7 175.0 go: downloading github.com/prometheus/procfs v0.0.11
#7 175.0 go: downloading github.com/pkg/errors v0.8.1
#7 175.1 go: downloading github.com/hashicorp/errwrap v1.0.0
#7 175.3 go: downloading github.com/matttproud/golang_protobuf_extensions v1.0.1
#7 175.3 go: downloading google.golang.org/protobuf v1.21.0
#7 175.6 go: downloading google.golang.org/grpc v1.24.0
#7 175.6 go: downloading github.com/google/pprof v0.0.0-20191218002539-d4f498aebedc
#7 175.6 go: downloading github.com/googleapis/gax-go/v2 v2.0.5
#7 175.6 go: downloading google.golang.org/genproto v0.0.0-20200115191322-ca5a22157cba
#7 176.1 go: downloading golang.org/x/net v0.0.0-20201202161906-c7110b5ffcbb
#7 177.0 go: downloading golang.org/x/text v0.3.3
#7 180.3 go: downloading golang.org/x/oauth2 v0.0.0-20200107190931-bf48bf16ab8d
#7 180.3 go: downloading go.opencensus.io v0.22.2
#7 180.4 go: downloading github.com/golang/groupcache v0.0.0-20191227052852-215e87163ea7
#7 180.6 golang.org/x/sys/internal/unsafeheader
#7 180.6 google.golang.org/protobuf/internal/genname
#7 180.6 google.golang.org/protobuf/internal/flags
#7 180.6 google.golang.org/protobuf/internal/fieldnum
#7 180.6 go.opencensus.io/internal/tagencoding
#7 180.6 go.opencensus.io
#7 180.6 go.opencensus.io/trace/internal
#7 180.6 github.com/golang/groupcache/lru
#7 180.6 google.golang.org/protobuf/internal/set
#7 180.6 github.com/beorn7/perks/quantile
#7 180.6 google.golang.org/protobuf/internal/pragma
#7 180.6 google.golang.org/grpc/internal/grpcsync
#7 180.6 golang.org/x/crypto/hkdf
#7 180.6 github.com/prometheus/common/internal/bitbucket.org/ww/goautoneg
#7 180.6 google.golang.org/grpc/encoding
#7 180.6 cloud.google.com/go/internal/version
#7 180.6 golang.org/x/text/transform
#7 180.6 github.com/hashicorp/errwrap
#7 180.6 github.com/cespare/xxhash/v2
#7 180.6 gitlab.com/gitlab-org/gitlab-pages/internal/source/gitlab/api
#7 180.6 google.golang.org/grpc/internal/grpcrand
#7 180.6 google.golang.org/grpc/keepalive
#7 180.6 google.golang.org/grpc/tap
#7 180.6 github.com/karlseguin/ccache/v2
#7 180.6 golang.org/x/sys/unix
#7 180.6 net
#7 180.6 github.com/oklog/ulid/v2
#7 180.6 gitlab.com/gitlab-org/labkit/mask
#7 180.6 github.com/client9/reopen
#7 180.6 github.com/namsral/flag
#7 180.6 google.golang.org/protobuf/internal/detrand
#7 180.6 google.golang.org/protobuf/internal/version
#7 180.6 github.com/prometheus/procfs/internal/fs
#7 180.6 github.com/prometheus/common/model
#7 180.6 github.com/prometheus/procfs/internal/util
#7 180.6 github.com/gorilla/securecookie
#7 180.6 golang.org/x/time/rate
#7 180.6 github.com/hashicorp/go-multierror
#7 180.6 github.com/pkg/errors
#7 180.6 github.com/patrickmn/go-cache
#7 180.7 gitlab.com/gitlab-org/gitlab-pages/internal/validateargs
#7 180.7 gitlab.com/gitlab-org/go-mimedb
#7 180.7 github.com/google/pprof/profile
#7 180.7 golang.org/x/net/internal/timeseries
#7 180.7 google.golang.org/protobuf/internal/errors
#7 180.7 google.golang.org/grpc/grpclog
#7 180.7 google.golang.org/grpc/metadata
#7 180.7 google.golang.org/grpc/codes
#7 180.7 google.golang.org/grpc/internal/backoff
#7 180.7 google.golang.org/grpc/internal/envconfig
#7 180.7 golang.org/x/text/unicode/bidi
#7 180.7 google.golang.org/protobuf/encoding/protowire
#7 180.7 golang.org/x/text/unicode/norm
#7 180.7 golang.org/x/oauth2/jws
#7 180.7 golang.org/x/net/http2/hpack
#7 180.7 os/user
#7 180.7 go.opencensus.io/resource
#7 180.7 google.golang.org/grpc/internal/balancerload
#7 180.7 github.com/tj/go-redirects
#7 180.7 go.opencensus.io/tag
#7 180.8 go.opencensus.io/internal
#7 180.8 google.golang.org/grpc/connectivity
#7 180.8 go.opencensus.io/trace/tracestate
#7 180.8 go.opencensus.io/metric/metricdata
#7 180.8 google.golang.org/protobuf/reflect/protoreflect
#7 182.4 google.golang.org/grpc/internal
#7 182.4 go.opencensus.io/trace
#7 182.4 go.opencensus.io/metric/metricproducer
#7 182.4 go.opencensus.io/stats/internal
#7 182.4 google.golang.org/grpc/serviceconfig
#7 182.4 golang.org/x/text/secure/bidirule
#7 182.4 go.opencensus.io/stats
#7 182.4 google.golang.org/grpc/resolver
#7 182.4 golang.org/x/net/idna
#7 182.4 google.golang.org/grpc/resolver/passthrough
#7 182.4 go.opencensus.io/stats/view
#7 182.4 vendor/golang.org/x/net/http/httpproxy
#7 182.4 crypto/x509
#7 182.4 net/textproto
#7 182.4 github.com/pires/go-proxyproto
#7 182.4 google.golang.org/grpc/credentials/internal
#7 182.4 google.golang.org/grpc/stats
#7 182.4 google.golang.org/grpc/naming
#7 182.4 google.golang.org/grpc/resolver/dns
#7 182.5 google.golang.org/grpc/internal/syscall
#7 182.5 github.com/sirupsen/logrus
#7 182.5 github.com/prometheus/procfs
#7 182.5 google.golang.org/protobuf/reflect/protoregistry
#7 182.5 google.golang.org/protobuf/internal/mapsort
#7 182.5 google.golang.org/protobuf/runtime/protoiface
#7 182.5 google.golang.org/protobuf/internal/fieldsort
#7 182.5 google.golang.org/protobuf/internal/strs
#7 182.5 google.golang.org/protobuf/internal/descfmt
#7 182.5 google.golang.org/protobuf/internal/descopts
#7 182.5 vendor/golang.org/x/net/http/httpguts
#7 182.5 mime/multipart
#7 182.5 golang.org/x/net/http/httpguts
#7 182.5 google.golang.org/protobuf/internal/encoding/text
#7 182.6 google.golang.org/protobuf/internal/encoding/messageset
#7 182.6 google.golang.org/protobuf/proto
#7 182.6 google.golang.org/protobuf/internal/encoding/defval
#7 182.7 github.com/golang-jwt/jwt/v4
#7 182.7 crypto/tls
#7 182.7 google.golang.org/protobuf/encoding/prototext
#7 182.7 google.golang.org/protobuf/internal/filedesc
#7 183.0 google.golang.org/protobuf/internal/encoding/tag
#7 183.0 google.golang.org/protobuf/internal/impl
#7 183.1 gitlab.com/gitlab-org/gitlab-pages/internal/config/tls
#7 183.1 net/http/httptrace
#7 183.1 net/http
#7 183.6 google.golang.org/protobuf/internal/filetype
#7 183.7 google.golang.org/protobuf/runtime/protoimpl
#7 183.7 google.golang.org/protobuf/types/known/anypb
#7 183.7 google.golang.org/protobuf/types/known/durationpb
#7 183.7 google.golang.org/protobuf/types/known/timestamppb
#7 183.7 github.com/golang/protobuf/proto
#7 183.7 google.golang.org/protobuf/types/descriptorpb
#7 183.7 github.com/golang/protobuf/ptypes/timestamp
#7 183.7 github.com/golang/protobuf/ptypes/any
#7 183.7 github.com/golang/protobuf/ptypes/duration
#7 183.8 github.com/golang/protobuf/protoc-gen-go/descriptor
#7 183.9 github.com/golang/protobuf/ptypes
#7 183.9 github.com/prometheus/client_model/go
#7 183.9 google.golang.org/genproto/googleapis/rpc/status
#7 183.9 github.com/matttproud/golang_protobuf_extensions/pbutil
#7 183.9 google.golang.org/grpc/binarylog/grpc_binarylog_v1
#7 183.9 google.golang.org/grpc/credentials
#7 183.9 google.golang.org/genproto/protobuf/field_mask
#7 183.9 google.golang.org/grpc/encoding/proto
#7 183.9 google.golang.org/genproto/googleapis/rpc/errdetails
#7 183.9 google.golang.org/genproto/googleapis/api/annotations
#7 183.9 google.golang.org/grpc/balancer
#7 183.9 google.golang.org/grpc/peer
#7 183.9 google.golang.org/grpc/credentials/alts/internal
#7 183.9 google.golang.org/grpc/internal/channelz
#7 183.9 google.golang.org/grpc/status
#7 183.9 google.golang.org/grpc/credentials/alts/internal/conn
#7 183.9 google.golang.org/grpc/balancer/base
#7 183.9 github.com/prometheus/client_golang/prometheus/internal
#7 183.9 google.golang.org/grpc/internal/binarylog
#7 184.0 google.golang.org/grpc/balancer/roundrobin
#7 184.1 gitlab.com/gitlab-org/gitlab-pages/internal/host
#7 184.1 github.com/sebest/xff
#7 184.1 github.com/rs/cors
#7 184.1 expvar
#7 184.1 github.com/gorilla/handlers
#7 184.1 gitlab.com/gitlab-org/labkit/correlation
#7 184.1 gitlab.com/gitlab-org/gitlab-pages/internal/customheaders
#7 184.1 github.com/gorilla/sessions
#7 184.1 github.com/prometheus/common/expfmt
#7 184.1 gitlab.com/gitlab-org/gitlab-pages/internal
#7 184.1 github.com/getsentry/sentry-go
#7 184.1 gitlab.com/gitlab-org/gitlab-pages/internal/httputil/header
#7 184.1 cloud.google.com/go/compute/metadata
#7 184.1 golang.org/x/net/trace
#7 184.1 net/http/pprof
#7 184.1 net/http/httputil
#7 184.1 golang.org/x/net/context/ctxhttp
#7 184.1 go.opencensus.io/trace/propagation
#7 184.1 golang.org/x/net/http2
#7 184.1 gitlab.com/gitlab-org/gitlab-pages/internal/httputil
#7 184.1 go.opencensus.io/plugin/ocgrpc
#7 184.1 gitlab.com/gitlab-org/labkit/log
#7 184.1 golang.org/x/oauth2/internal
#7 184.2 golang.org/x/oauth2
#7 184.2 gitlab.com/gitlab-org/gitlab-pages/internal/httpfs
#7 184.2 gitlab.com/gitlab-org/gitlab-pages/internal/config
#7 184.2 golang.org/x/oauth2/jwt
#7 184.2 github.com/prometheus/client_golang/prometheus
#7 184.2 gitlab.com/gitlab-org/gitlab-pages/internal/serving
#7 184.3 golang.org/x/oauth2/google
#7 184.3 github.com/getsentry/sentry-go/http
#7 184.3 gitlab.com/gitlab-org/labkit/errortracking
#7 184.3 google.golang.org/grpc/credentials/oauth
#7 184.3 gitlab.com/gitlab-org/gitlab-pages/internal/httperrors
#7 184.4 gitlab.com/gitlab-org/gitlab-pages/internal/domain
#7 184.4 gitlab.com/gitlab-org/gitlab-pages/internal/request
#7 184.4 gitlab.com/gitlab-org/gitlab-pages/internal/source
#7 184.4 gitlab.com/gitlab-org/gitlab-pages/internal/logging
#7 184.4 gitlab.com/gitlab-org/gitlab-pages/internal/handlers
#7 184.4 gitlab.com/gitlab-org/gitlab-pages/internal/acme
#7 184.5 gitlab.com/gitlab-org/gitlab-pages/internal/httptransport
#7 184.5 gitlab.com/gitlab-org/gitlab-pages/internal/lru
#7 184.5 gitlab.com/gitlab-org/gitlab-pages/internal/netutil
#7 184.5 gitlab.com/gitlab-org/gitlab-pages/metrics
#7 184.5 github.com/prometheus/client_golang/prometheus/promhttp
#7 184.5 gitlab.com/gitlab-org/gitlab-pages/internal/ratelimiter
#7 184.5 gitlab.com/gitlab-org/gitlab-pages/internal/rejectmethods
#7 184.5 gitlab.com/gitlab-org/gitlab-pages/internal/routing
#7 184.5 gitlab.com/gitlab-org/gitlab-pages/internal/vfs
#7 184.5 gitlab.com/gitlab-org/gitlab-pages/internal/artifact
#7 184.5 gitlab.com/gitlab-org/gitlab-pages/internal/auth
#7 184.5 gitlab.com/gitlab-org/gitlab-pages/internal/source/gitlab/client
#7 184.6 gitlab.com/gitlab-org/gitlab-pages/internal/serving/disk/symlink
#7 184.6 gitlab.com/gitlab-org/gitlab-pages/internal/vfs/local
#7 184.6 gitlab.com/gitlab-org/gitlab-pages/internal/httprange
#7 184.6 gitlab.com/gitlab-org/gitlab-pages/internal/redirects
#7 184.6 google.golang.org/grpc/internal/transport
#7 184.6 gitlab.com/gitlab-org/gitlab-pages/internal/source/gitlab/cache
#7 184.6 gitlab.com/gitlab-org/gitlab-pages/internal/serving/disk
#7 184.6 gitlab.com/gitlab-org/gitlab-pages/internal/vfs/zip
#7 184.7 gitlab.com/gitlab-org/gitlab-pages/internal/serving/disk/local
#7 184.7 gitlab.com/gitlab-org/gitlab-pages/internal/serving/disk/zip
#7 184.7 gitlab.com/gitlab-org/gitlab-pages/internal/source/gitlab
#7 184.7 gitlab.com/gitlab-org/labkit/metrics
#7 184.8 google.golang.org/grpc
#7 185.2 github.com/googleapis/gax-go/v2
#7 185.2 google.golang.org/api/internal
#7 185.2 google.golang.org/grpc/credentials/alts/internal/handshaker/service
#7 185.2 google.golang.org/grpc/balancer/grpclb/grpc_lb_v1
#7 185.2 google.golang.org/genproto/googleapis/devtools/cloudprofiler/v2
#7 185.2 google.golang.org/grpc/credentials/alts/internal/proto/grpc_gcp
#7 185.2 google.golang.org/api/option
#7 185.2 google.golang.org/grpc/balancer/grpclb
#7 185.3 google.golang.org/grpc/credentials/alts/internal/authinfo
#7 185.3 google.golang.org/grpc/credentials/alts/internal/handshaker
#7 185.3 google.golang.org/grpc/credentials/alts
#7 185.4 google.golang.org/grpc/credentials/google
#7 185.4 google.golang.org/api/transport/grpc
#7 185.4 cloud.google.com/go/profiler
#7 185.5 gitlab.com/gitlab-org/labkit/monitoring
#7 185.5 gitlab.com/gitlab-org/gitlab-pages
#7 186.3 cp -f ./bin/gitlab-pages .
#7 186.3 make: Leaving directory '/tmp/gitlab-pages'
#7 186.3 + cp -a /tmp/gitlab-pages/gitlab-pages /usr/local/bin/
#7 186.3 + rm -rf /tmp/gitlab-pages
#7 187.1 + echo 'Downloading gitaly v.14.4.3...'
#7 187.1 + git clone -q -b v14.4.3 --depth 1 https://gitlab.com/gitlab-org/gitaly.git /tmp/gitaly
#7 187.1 Downloading gitaly v.14.4.3...
#7 189.3 Note: switching to '3637f7830aea0fbe10bee7dfeeb3f6ab0d383044'.
#7 189.3 
#7 189.3 You are in 'detached HEAD' state. You can look around, make experimental
#7 189.3 changes and commit them, and you can discard any commits you make in this
#7 189.3 state without impacting any branches by switching back to a branch.
#7 189.3 
#7 189.3 If you want to create a new branch to retain commits you create, you may
#7 189.3 do so (now or later) by using -c with the switch command. Example:
#7 189.3 
#7 189.3   git switch -c <new-branch-name>
#7 189.3 
#7 189.3 Or undo this operation with:
#7 189.3 
#7 189.3   git switch -
#7 189.3 
#7 189.3 Turn off this advice by setting config variable advice.detachedHead to false
#7 189.3 
#7 189.5 + make -C /tmp/gitaly install
#7 189.5 make: Entering directory '/tmp/gitaly'
#7 192.9 -- The C compiler identification is GNU 8.3.0
#7 192.9 -- Check for working C compiler: /usr/bin/cc
#7 193.0 -- Check for working C compiler: /usr/bin/cc -- works
#7 193.0 -- Detecting C compiler ABI info
#7 193.1 -- Detecting C compiler ABI info - done
#7 193.1 -- Detecting C compile features
#7 193.1 -- Detecting C compile features - done
#7 193.1 -- Found PkgConfig: /usr/bin/pkg-config (found version "0.29") 
#7 193.1 -- Looking for pthread.h
#7 193.2 -- Looking for pthread.h - found
#7 193.2 -- Performing Test CMAKE_HAVE_LIBC_PTHREAD
#7 193.2 -- Performing Test CMAKE_HAVE_LIBC_PTHREAD - Failed
#7 193.2 -- Looking for pthread_create in pthreads
#7 193.3 -- Looking for pthread_create in pthreads - not found
#7 193.3 -- Looking for pthread_create in pthread
#7 193.4 -- Looking for pthread_create in pthread - found
#7 193.4 -- Found Threads: TRUE  
#7 193.4 -- Performing Test HAVE_STRUCT_STAT_ST_MTIM
#7 193.5 -- Performing Test HAVE_STRUCT_STAT_ST_MTIM - Success
#7 193.5 -- Performing Test HAVE_STRUCT_STAT_ST_MTIMESPEC
#7 193.5 -- Performing Test HAVE_STRUCT_STAT_ST_MTIMESPEC - Failed
#7 193.5 -- Performing Test HAVE_STRUCT_STAT_MTIME_NSEC
#7 193.5 -- Performing Test HAVE_STRUCT_STAT_MTIME_NSEC - Failed
#7 193.5 -- Performing Test HAVE_STRUCT_STAT_NSEC
#7 193.6 -- Performing Test HAVE_STRUCT_STAT_NSEC - Success
#7 193.6 -- Performing Test IS_WALL_SUPPORTED
#7 193.7 -- Performing Test IS_WALL_SUPPORTED - Success
#7 193.7 -- Performing Test IS_WEXTRA_SUPPORTED
#7 193.8 -- Performing Test IS_WEXTRA_SUPPORTED - Success
#7 193.8 -- Performing Test IS_WDOCUMENTATION_SUPPORTED
#7 193.8 -- Performing Test IS_WDOCUMENTATION_SUPPORTED - Failed
#7 193.8 -- Performing Test IS_WNO_DOCUMENTATION_DEPRECATED_SYNC_SUPPORTED
#7 193.9 -- Performing Test IS_WNO_DOCUMENTATION_DEPRECATED_SYNC_SUPPORTED - Success
#7 193.9 -- Performing Test IS_WNO_MISSING_FIELD_INITIALIZERS_SUPPORTED
#7 193.9 -- Performing Test IS_WNO_MISSING_FIELD_INITIALIZERS_SUPPORTED - Success
#7 193.9 -- Performing Test IS_WSTRICT_ALIASING_SUPPORTED
#7 194.0 -- Performing Test IS_WSTRICT_ALIASING_SUPPORTED - Success
#7 194.0 -- Performing Test IS_WSTRICT_PROTOTYPES_SUPPORTED
#7 194.1 -- Performing Test IS_WSTRICT_PROTOTYPES_SUPPORTED - Success
#7 194.1 -- Performing Test IS_WDECLARATION_AFTER_STATEMENT_SUPPORTED
#7 194.2 -- Performing Test IS_WDECLARATION_AFTER_STATEMENT_SUPPORTED - Success
#7 194.2 -- Performing Test IS_WSHIFT_COUNT_OVERFLOW_SUPPORTED
#7 194.2 -- Performing Test IS_WSHIFT_COUNT_OVERFLOW_SUPPORTED - Success
#7 194.2 -- Performing Test IS_WUNUSED_CONST_VARIABLE_SUPPORTED
#7 194.3 -- Performing Test IS_WUNUSED_CONST_VARIABLE_SUPPORTED - Success
#7 194.3 -- Performing Test IS_WUNUSED_FUNCTION_SUPPORTED
#7 194.4 -- Performing Test IS_WUNUSED_FUNCTION_SUPPORTED - Success
#7 194.4 -- Performing Test IS_WINT_CONVERSION_SUPPORTED
#7 194.5 -- Performing Test IS_WINT_CONVERSION_SUPPORTED - Success
#7 194.5 -- Performing Test IS_WFORMAT_SUPPORTED
#7 194.5 -- Performing Test IS_WFORMAT_SUPPORTED - Success
#7 194.5 -- Performing Test IS_WFORMAT_SECURITY_SUPPORTED
#7 194.6 -- Performing Test IS_WFORMAT_SECURITY_SUPPORTED - Success
#7 194.6 -- Performing Test IS_WMISSING_DECLARATIONS_SUPPORTED
#7 194.7 -- Performing Test IS_WMISSING_DECLARATIONS_SUPPORTED - Success
#7 194.7 -- Looking for futimens
#7 194.8 -- Looking for futimens - found
#7 194.8 -- Checking prototype qsort_r for HAVE_QSORT_R_BSD - False
#7 194.9 -- Checking prototype qsort_r for HAVE_QSORT_R_GNU - True
#7 194.9 -- Looking for qsort_s
#7 195.0 -- Looking for qsort_s - not found
#7 195.0 -- Looking for clock_gettime in rt
#7 195.1 -- Looking for clock_gettime in rt - found
#7 195.1 -- Found OpenSSL: /usr/lib/x86_64-linux-gnu/libcrypto.so (found version "1.1.1n")  
#7 195.1 -- Could NOT find PCRE (missing: PCRE_LIBRARY PCRE_POSIX_LIBRARY PCRE_INCLUDE_DIR) 
#7 195.1 -- Looking for dirent.h
#7 195.2 -- Looking for dirent.h - found
#7 195.2 -- Looking for stdint.h
#7 195.3 -- Looking for stdint.h - found
#7 195.3 -- Looking for inttypes.h
#7 195.4 -- Looking for inttypes.h - found
#7 195.4 -- Looking for sys/stat.h
#7 195.4 -- Looking for sys/stat.h - found
#7 195.4 -- Looking for sys/types.h
#7 195.5 -- Looking for sys/types.h - found
#7 195.5 -- Looking for unistd.h
#7 195.6 -- Looking for unistd.h - found
#7 195.6 -- Looking for windows.h
#7 195.6 -- Looking for windows.h - not found
#7 195.6 -- Looking for bcopy
#7 195.7 -- Looking for bcopy - found
#7 195.7 -- Looking for memmove
#7 195.8 -- Looking for memmove - found
#7 195.8 -- Looking for strerror
#7 195.9 -- Looking for strerror - found
#7 195.9 -- Looking for strtoll
#7 196.0 -- Looking for strtoll - found
#7 196.0 -- Looking for strtoq
#7 196.0 -- Looking for strtoq - found
#7 196.0 -- Looking for _strtoi64
#7 196.1 -- Looking for _strtoi64 - not found
#7 196.1 -- Looking for stddef.h
#7 196.2 -- Looking for stddef.h - found
#7 196.2 -- Check size of long long
#7 196.3 -- Check size of long long - done
#7 196.3 -- Check size of unsigned long long
#7 196.4 -- Check size of unsigned long long - done
#7 196.4 -- Performing Test IS_WNO_UNUSED_FUNCTION_SUPPORTED
#7 196.4 -- Performing Test IS_WNO_UNUSED_FUNCTION_SUPPORTED - Success
#7 196.4 -- Performing Test IS_WNO_IMPLICIT_FALLTHROUGH_SUPPORTED
#7 196.5 -- Performing Test IS_WNO_IMPLICIT_FALLTHROUGH_SUPPORTED - Success
#7 196.5 -- http-parser version 2 was not found or disabled; using bundled 3rd-party sources.
#7 196.5 -- Performing Test IS_WIMPLICIT_FALLTHROUGH_1_SUPPORTED
#7 196.6 -- Performing Test IS_WIMPLICIT_FALLTHROUGH_1_SUPPORTED - Success
#7 196.6 -- LIBSSH2 not found. Set CMAKE_PREFIX_PATH if it is installed outside of the default search path.
#7 196.6 -- Found GSSAPI: /usr/lib/x86_64-linux-gnu/libgssapi_krb5.so;/usr/lib/x86_64-linux-gnu/libkrb5.so;/usr/lib/x86_64-linux-gnu/libk5crypto.so;/usr/lib/x86_64-linux-gnu/libcom_err.so  
#7 196.6 -- Enabled features:
#7 196.6  * nanoseconds, whether to use sub-second file mtimes and ctimes
#7 196.6  * threadsafe, threadsafe support
#7 196.6  * SHA, using CollisionDetection
#7 196.6  * regex, using bundled PCRE
#7 196.6  * http-parser, http-parser support (bundled)
#7 196.6  * zlib, using bundled zlib
#7 196.6 
#7 196.6 -- Disabled features:
#7 196.6  * debugpool, debug pool allocator
#7 196.6  * tracing, tracing support
#7 196.6  * HTTPS
#7 196.6  * SSH, SSH transport support
#7 196.6  * ntlmclient, NTLM authentication support for Unix
#7 196.6  * SPNEGO, SPNEGO authentication support
#7 196.6  * iconv, iconv encoding conversion support
#7 196.6 
#7 196.6 -- Configuring done
#7 196.7 -- Generating done
#7 196.7 -- Build files have been written to: /tmp/gitaly/_build/deps/libgit2/build
#7 196.7 make[1]: Entering directory '/tmp/gitaly/_build/deps/libgit2/build'
#7 196.7 make[2]: Entering directory '/tmp/gitaly/_build/deps/libgit2/build'
#7 196.7 make[3]: Entering directory '/tmp/gitaly/_build/deps/libgit2/build'
#7 196.7 make[3]: Entering directory '/tmp/gitaly/_build/deps/libgit2/build'
#7 196.7 make[3]: Entering directory '/tmp/gitaly/_build/deps/libgit2/build'
#7 196.7 make[3]: Entering directory '/tmp/gitaly/_build/deps/libgit2/build'
#7 196.7 Scanning dependencies of target http-parser
#7 196.7 make[3]: Leaving directory '/tmp/gitaly/_build/deps/libgit2/build'
#7 196.7 make[3]: Entering directory '/tmp/gitaly/_build/deps/libgit2/build'
#7 196.7 Scanning dependencies of target zlib
#7 196.7 make[3]: Leaving directory '/tmp/gitaly/_build/deps/libgit2/build'
#7 196.7 make[3]: Entering directory '/tmp/gitaly/_build/deps/libgit2/build'
#7 196.7 [  0%] Building C object deps/http-parser/CMakeFiles/http-parser.dir/http_parser.c.o
#7 196.7 Scanning dependencies of target pcre
#7 196.7 make[3]: Leaving directory '/tmp/gitaly/_build/deps/libgit2/build'
#7 196.7 make[3]: Entering directory '/tmp/gitaly/_build/deps/libgit2/build'
#7 196.7 [  2%] Building C object deps/zlib/CMakeFiles/zlib.dir/crc32.c.o
#7 196.7 [  2%] Building C object deps/zlib/CMakeFiles/zlib.dir/inffast.c.o
#7 196.7 [  2%] Building C object deps/zlib/CMakeFiles/zlib.dir/adler32.c.o
#7 196.7 [  2%] Building C object deps/zlib/CMakeFiles/zlib.dir/inflate.c.o
#7 196.7 [  2%] Building C object deps/zlib/CMakeFiles/zlib.dir/inftrees.c.o
#7 196.7 [  3%] Building C object deps/zlib/CMakeFiles/zlib.dir/trees.c.o
#7 196.7 [  5%] Building C object deps/zlib/CMakeFiles/zlib.dir/infback.c.o
#7 196.7 [  5%] Building C object deps/zlib/CMakeFiles/zlib.dir/zutil.c.o
#7 196.7 [  5%] Building C object deps/zlib/CMakeFiles/zlib.dir/deflate.c.o
#7 196.7 [  5%] Building C object deps/pcre/CMakeFiles/pcre.dir/pcre_exec.c.o
#7 196.7 [  7%] Building C object deps/pcre/CMakeFiles/pcre.dir/pcre_fullinfo.c.o
#7 196.7 [  7%] Building C object deps/pcre/CMakeFiles/pcre.dir/pcre_globals.c.o
#7 196.7 [  7%] Building C object deps/pcre/CMakeFiles/pcre.dir/pcre_byte_order.c.o
#7 196.7 [  8%] Building C object deps/pcre/CMakeFiles/pcre.dir/pcre_compile.c.o
#7 196.7 [  9%] Building C object deps/pcre/CMakeFiles/pcre.dir/pcre_config.c.o
#7 196.7 [  9%] Building C object deps/pcre/CMakeFiles/pcre.dir/pcre_dfa_exec.c.o
#7 196.7 [  9%] Building C object deps/pcre/CMakeFiles/pcre.dir/pcre_chartables.c.o
#7 196.7 [ 10%] Building C object deps/pcre/CMakeFiles/pcre.dir/pcre_get.c.o
#7 196.8 [ 11%] Building C object deps/pcre/CMakeFiles/pcre.dir/pcre_jit_compile.c.o
#7 196.8 [ 11%] Building C object deps/pcre/CMakeFiles/pcre.dir/pcre_maketables.c.o
#7 196.8 [ 12%] Building C object deps/pcre/CMakeFiles/pcre.dir/pcre_newline.c.o
#7 196.8 [ 12%] Building C object deps/pcre/CMakeFiles/pcre.dir/pcre_ord2utf8.c.o
#7 196.8 [ 13%] Building C object deps/pcre/CMakeFiles/pcre.dir/pcre_refcount.c.o
#7 196.8 [ 13%] Building C object deps/pcre/CMakeFiles/pcre.dir/pcre_string_utils.c.o
#7 196.8 [ 14%] Building C object deps/pcre/CMakeFiles/pcre.dir/pcre_study.c.o
#7 196.8 [ 14%] Building C object deps/pcre/CMakeFiles/pcre.dir/pcre_tables.c.o
#7 196.9 [ 15%] Building C object deps/pcre/CMakeFiles/pcre.dir/pcre_ucd.c.o
#7 196.9 [ 15%] Building C object deps/pcre/CMakeFiles/pcre.dir/pcre_valid_utf8.c.o
#7 196.9 [ 16%] Building C object deps/pcre/CMakeFiles/pcre.dir/pcre_version.c.o
#7 196.9 [ 16%] Building C object deps/pcre/CMakeFiles/pcre.dir/pcre_xclass.c.o
#7 196.9 [ 17%] Building C object deps/pcre/CMakeFiles/pcre.dir/pcreposix.c.o
#7 197.0 make[3]: Leaving directory '/tmp/gitaly/_build/deps/libgit2/build'
#7 197.0 [ 17%] Built target http-parser
#7 197.1 make[3]: Leaving directory '/tmp/gitaly/_build/deps/libgit2/build'
#7 197.1 [ 17%] Built target zlib
#7 197.5 Scanning dependencies of target git2internal
#7 197.5 make[3]: Leaving directory '/tmp/gitaly/_build/deps/libgit2/build'
#7 197.5 make[3]: Entering directory '/tmp/gitaly/_build/deps/libgit2/build'
#7 197.5 [ 18%] Building C object src/CMakeFiles/git2internal.dir/hash/sha1/collisiondetect.c.o
#7 197.5 [ 19%] Building C object src/CMakeFiles/git2internal.dir/allocators/stdalloc.c.o
#7 197.5 [ 21%] Building C object src/CMakeFiles/git2internal.dir/annotated_commit.c.o
#7 197.5 [ 21%] Building C object src/CMakeFiles/git2internal.dir/hash/sha1/sha1dc/ubc_check.c.o
#7 197.5 [ 22%] Building C object src/CMakeFiles/git2internal.dir/unix/realpath.c.o
#7 197.5 [ 21%] Building C object src/CMakeFiles/git2internal.dir/hash/sha1/sha1dc/sha1.c.o
#7 197.5 [ 22%] Building C object src/CMakeFiles/git2internal.dir/blame.c.o
#7 197.5 [ 22%] Building C object src/CMakeFiles/git2internal.dir/allocators/win32_crtdbg.c.o
#7 197.5 [ 22%] Building C object src/CMakeFiles/git2internal.dir/unix/map.c.o
#7 197.5 [ 23%] Building C object src/CMakeFiles/git2internal.dir/alloc.c.o
#7 197.5 [ 23%] Building C object src/CMakeFiles/git2internal.dir/attr.c.o
#7 197.5 [ 23%] Building C object src/CMakeFiles/git2internal.dir/apply.c.o
#7 197.5 [ 23%] Building C object src/CMakeFiles/git2internal.dir/attr_file.c.o
#7 197.5 [ 24%] Building C object src/CMakeFiles/git2internal.dir/attrcache.c.o
#7 197.5 [ 25%] Building C object src/CMakeFiles/git2internal.dir/blame_git.c.o
#7 197.5 [ 25%] Building C object src/CMakeFiles/git2internal.dir/blob.c.o
#7 197.5 [ 25%] Building C object src/CMakeFiles/git2internal.dir/buf_text.c.o
#7 197.5 [ 26%] Building C object src/CMakeFiles/git2internal.dir/branch.c.o
#7 197.6 [ 27%] Building C object src/CMakeFiles/git2internal.dir/buffer.c.o
#7 197.6 [ 27%] Building C object src/CMakeFiles/git2internal.dir/cache.c.o
#7 197.6 [ 27%] Building C object src/CMakeFiles/git2internal.dir/cherrypick.c.o
#7 197.6 [ 28%] Building C object src/CMakeFiles/git2internal.dir/clone.c.o
#7 197.6 [ 29%] Building C object src/CMakeFiles/git2internal.dir/commit.c.o
#7 197.6 [ 30%] Building C object src/CMakeFiles/git2internal.dir/checkout.c.o
#7 197.6 [ 30%] Building C object src/CMakeFiles/git2internal.dir/commit_list.c.o
#7 197.7 [ 31%] Building C object src/CMakeFiles/git2internal.dir/config.c.o
#7 197.7 [ 31%] Building C object src/CMakeFiles/git2internal.dir/config_cache.c.o
#7 197.7 [ 32%] Building C object src/CMakeFiles/git2internal.dir/config_entries.c.o
#7 197.7 [ 32%] Building C object src/CMakeFiles/git2internal.dir/config_file.c.o
#7 197.7 [ 33%] Building C object src/CMakeFiles/git2internal.dir/config_mem.c.o
#7 197.7 [ 33%] Building C object src/CMakeFiles/git2internal.dir/config_parse.c.o
#7 197.8 [ 34%] Building C object src/CMakeFiles/git2internal.dir/config_snapshot.c.o
#7 197.8 [ 34%] Building C object src/CMakeFiles/git2internal.dir/crlf.c.o
#7 197.8 [ 35%] Building C object src/CMakeFiles/git2internal.dir/date.c.o
#7 197.8 [ 36%] Building C object src/CMakeFiles/git2internal.dir/describe.c.o
#7 197.8 [ 36%] Building C object src/CMakeFiles/git2internal.dir/delta.c.o
#7 197.8 [ 36%] Building C object src/CMakeFiles/git2internal.dir/diff.c.o
#7 197.8 [ 37%] Building C object src/CMakeFiles/git2internal.dir/diff_driver.c.o
#7 197.8 [ 37%] Building C object src/CMakeFiles/git2internal.dir/diff_file.c.o
#7 197.8 [ 38%] Building C object src/CMakeFiles/git2internal.dir/diff_generate.c.o
#7 197.9 [ 38%] Building C object src/CMakeFiles/git2internal.dir/diff_parse.c.o
#7 197.9 [ 39%] Building C object src/CMakeFiles/git2internal.dir/diff_print.c.o
#7 197.9 [ 39%] Building C object src/CMakeFiles/git2internal.dir/diff_stats.c.o
#7 197.9 [ 40%] Building C object src/CMakeFiles/git2internal.dir/diff_tform.c.o
#7 197.9 [ 40%] Building C object src/CMakeFiles/git2internal.dir/diff_xdiff.c.o
#7 197.9 [ 41%] Building C object src/CMakeFiles/git2internal.dir/errors.c.o
#7 197.9 [ 42%] Building C object src/CMakeFiles/git2internal.dir/fetch.c.o
#7 198.0 [ 42%] Building C object src/CMakeFiles/git2internal.dir/fetchhead.c.o
#7 198.0 [ 43%] Building C object src/CMakeFiles/git2internal.dir/filebuf.c.o
#7 198.0 [ 43%] Building C object src/CMakeFiles/git2internal.dir/filter.c.o
#7 198.0 [ 43%] Building C object src/CMakeFiles/git2internal.dir/global.c.o
#7 198.0 [ 44%] Building C object src/CMakeFiles/git2internal.dir/futils.c.o
#7 198.0 [ 45%] Building C object src/CMakeFiles/git2internal.dir/graph.c.o
#7 198.0 [ 45%] Building C object src/CMakeFiles/git2internal.dir/hash.c.o
#7 198.0 [ 46%] Building C object src/CMakeFiles/git2internal.dir/hashsig.c.o
#7 198.0 [ 46%] Building C object src/CMakeFiles/git2internal.dir/ident.c.o
#7 198.1 [ 47%] Building C object src/CMakeFiles/git2internal.dir/idxmap.c.o
#7 198.1 [ 47%] Building C object src/CMakeFiles/git2internal.dir/ignore.c.o
#7 198.1 [ 48%] Building C object src/CMakeFiles/git2internal.dir/index.c.o
#7 198.1 [ 48%] Building C object src/CMakeFiles/git2internal.dir/indexer.c.o
#7 198.1 [ 49%] Building C object src/CMakeFiles/git2internal.dir/iterator.c.o
#7 198.1 [ 49%] Building C object src/CMakeFiles/git2internal.dir/mailmap.c.o
#7 198.1 [ 50%] Building C object src/CMakeFiles/git2internal.dir/merge.c.o
#7 198.1 [ 50%] Building C object src/CMakeFiles/git2internal.dir/merge_driver.c.o
#7 198.2 [ 51%] Building C object src/CMakeFiles/git2internal.dir/merge_file.c.o
#7 198.2 [ 51%] Building C object src/CMakeFiles/git2internal.dir/message.c.o
#7 198.2 [ 51%] Building C object src/CMakeFiles/git2internal.dir/mwindow.c.o
#7 198.2 [ 52%] Building C object src/CMakeFiles/git2internal.dir/midx.c.o
#7 198.2 [ 53%] Building C object src/CMakeFiles/git2internal.dir/net.c.o
#7 198.2 [ 53%] Building C object src/CMakeFiles/git2internal.dir/netops.c.o
#7 198.2 [ 54%] Building C object src/CMakeFiles/git2internal.dir/notes.c.o
#7 198.3 [ 55%] Building C object src/CMakeFiles/git2internal.dir/object.c.o
#7 198.3 [ 55%] Building C object src/CMakeFiles/git2internal.dir/object_api.c.o
#7 198.3 [ 56%] Building C object src/CMakeFiles/git2internal.dir/odb.c.o
#7 198.3 [ 56%] Building C object src/CMakeFiles/git2internal.dir/odb_loose.c.o
#7 198.3 [ 56%] Building C object src/CMakeFiles/git2internal.dir/odb_pack.c.o
#7 198.3 [ 57%] Building C object src/CMakeFiles/git2internal.dir/odb_mempack.c.o
#7 198.3 [ 57%] Building C object src/CMakeFiles/git2internal.dir/oid.c.o
#7 198.3 [ 58%] Building C object src/CMakeFiles/git2internal.dir/offmap.c.o
#7 198.3 [ 59%] Building C object src/CMakeFiles/git2internal.dir/oidarray.c.o
#7 198.4 [ 59%] Building C object src/CMakeFiles/git2internal.dir/oidmap.c.o
#7 198.4 [ 60%] Building C object src/CMakeFiles/git2internal.dir/pack-objects.c.o
#7 198.4 [ 60%] Building C object src/CMakeFiles/git2internal.dir/pack.c.o
#7 198.4 [ 61%] Building C object src/CMakeFiles/git2internal.dir/parse.c.o
#7 198.4 [ 61%] Building C object src/CMakeFiles/git2internal.dir/patch.c.o
#7 198.4 [ 62%] Building C object src/CMakeFiles/git2internal.dir/patch_generate.c.o
#7 198.4 [ 62%] Building C object src/CMakeFiles/git2internal.dir/patch_parse.c.o
#7 198.4 [ 63%] Building C object src/CMakeFiles/git2internal.dir/path.c.o
#7 198.4 [ 63%] Building C object src/CMakeFiles/git2internal.dir/pathspec.c.o
#7 198.5 [ 64%] Building C object src/CMakeFiles/git2internal.dir/pool.c.o
#7 198.5 [ 64%] Building C object src/CMakeFiles/git2internal.dir/posix.c.o
#7 198.5 [ 65%] Building C object src/CMakeFiles/git2internal.dir/pqueue.c.o
#7 198.5 [ 65%] Building C object src/CMakeFiles/git2internal.dir/proxy.c.o
#7 198.5 [ 66%] Building C object src/CMakeFiles/git2internal.dir/push.c.o
#7 198.5 [ 67%] Building C object src/CMakeFiles/git2internal.dir/reader.c.o
#7 198.6 [ 67%] Building C object src/CMakeFiles/git2internal.dir/rebase.c.o
#7 198.6 [ 68%] Building C object src/CMakeFiles/git2internal.dir/refdb.c.o
#7 198.6 [ 68%] Building C object src/CMakeFiles/git2internal.dir/refdb_fs.c.o
#7 198.6 [ 68%] Building C object src/CMakeFiles/git2internal.dir/refs.c.o
#7 198.6 [ 68%] Building C object src/CMakeFiles/git2internal.dir/regexp.c.o
#7 198.6 [ 69%] Building C object src/CMakeFiles/git2internal.dir/reflog.c.o
#7 198.6 [ 70%] Building C object src/CMakeFiles/git2internal.dir/refspec.c.o
#7 198.6 [ 71%] Building C object src/CMakeFiles/git2internal.dir/remote.c.o
#7 198.7 [ 72%] Building C object src/CMakeFiles/git2internal.dir/reset.c.o
#7 198.7 [ 72%] Building C object src/CMakeFiles/git2internal.dir/repository.c.o
#7 198.7 [ 72%] Building C object src/CMakeFiles/git2internal.dir/revert.c.o
#7 198.7 [ 73%] Building C object src/CMakeFiles/git2internal.dir/revparse.c.o
#7 198.7 [ 73%] Building C object src/CMakeFiles/git2internal.dir/revwalk.c.o
#7 198.8 [ 74%] Building C object src/CMakeFiles/git2internal.dir/settings.c.o
#7 198.8 [ 74%] Building C object src/CMakeFiles/git2internal.dir/signature.c.o
#7 198.8 [ 75%] Building C object src/CMakeFiles/git2internal.dir/sortedcache.c.o
#7 198.8 [ 75%] Building C object src/CMakeFiles/git2internal.dir/stash.c.o
#7 198.8 [ 76%] Building C object src/CMakeFiles/git2internal.dir/status.c.o
#7 198.8 [ 76%] Building C object src/CMakeFiles/git2internal.dir/strarray.c.o
#7 198.8 [ 77%] Building C object src/CMakeFiles/git2internal.dir/streams/mbedtls.c.o
#7 198.8 [ 78%] Building C object src/CMakeFiles/git2internal.dir/streams/registry.c.o
#7 198.8 [ 78%] Building C object src/CMakeFiles/git2internal.dir/streams/openssl.c.o
#7 198.9 [ 78%] Building C object src/CMakeFiles/git2internal.dir/streams/socket.c.o
#7 198.9 [ 79%] Building C object src/CMakeFiles/git2internal.dir/streams/stransport.c.o
#7 198.9 [ 80%] Building C object src/CMakeFiles/git2internal.dir/streams/tls.c.o
#7 198.9 [ 80%] Building C object src/CMakeFiles/git2internal.dir/sysdir.c.o
#7 198.9 [ 80%] Building C object src/CMakeFiles/git2internal.dir/strmap.c.o
#7 198.9 make[3]: Leaving directory '/tmp/gitaly/_build/deps/libgit2/build'
#7 198.9 [ 81%] Building C object src/CMakeFiles/git2internal.dir/submodule.c.o
#7 198.9 [ 82%] Building C object src/CMakeFiles/git2internal.dir/tag.c.o
#7 198.9 [ 82%] Building C object src/CMakeFiles/git2internal.dir/thread-utils.c.o
#7 198.9 [ 82%] Built target pcre
#7 199.0 [ 83%] Building C object src/CMakeFiles/git2internal.dir/trace.c.o
#7 199.0 [ 84%] Building C object src/CMakeFiles/git2internal.dir/trailer.c.o
#7 199.0 [ 84%] Building C object src/CMakeFiles/git2internal.dir/transaction.c.o
#7 199.0 [ 84%] Building C object src/CMakeFiles/git2internal.dir/transport.c.o
#7 199.0 [ 85%] Building C object src/CMakeFiles/git2internal.dir/transports/auth.c.o
#7 199.0 [ 85%] Building C object src/CMakeFiles/git2internal.dir/transports/auth_negotiate.c.o
#7 199.0 [ 86%] Building C object src/CMakeFiles/git2internal.dir/transports/auth_ntlm.c.o
#7 199.0 [ 86%] Building C object src/CMakeFiles/git2internal.dir/transports/credential.c.o
#7 199.0 [ 87%] Building C object src/CMakeFiles/git2internal.dir/transports/credential_helpers.c.o
#7 199.0 [ 87%] Building C object src/CMakeFiles/git2internal.dir/transports/git.c.o
#7 199.1 [ 88%] Building C object src/CMakeFiles/git2internal.dir/transports/http.c.o
#7 199.1 [ 88%] Building C object src/CMakeFiles/git2internal.dir/transports/httpclient.c.o
#7 199.1 [ 88%] Building C object src/CMakeFiles/git2internal.dir/transports/smart.c.o
#7 199.1 [ 89%] Building C object src/CMakeFiles/git2internal.dir/transports/local.c.o
#7 199.1 [ 90%] Building C object src/CMakeFiles/git2internal.dir/transports/smart_pkt.c.o
#7 199.1 [ 90%] Building C object src/CMakeFiles/git2internal.dir/transports/smart_protocol.c.o
#7 199.1 [ 91%] Building C object src/CMakeFiles/git2internal.dir/transports/ssh.c.o
#7 199.1 [ 92%] Building C object src/CMakeFiles/git2internal.dir/transports/winhttp.c.o
#7 199.1 [ 93%] Building C object src/CMakeFiles/git2internal.dir/tree.c.o
#7 199.1 [ 93%] Building C object src/CMakeFiles/git2internal.dir/tree-cache.c.o
#7 199.1 [ 93%] Building C object src/CMakeFiles/git2internal.dir/tsort.c.o
#7 199.1 [ 94%] Building C object src/CMakeFiles/git2internal.dir/util.c.o
#7 199.1 [ 94%] Building C object src/CMakeFiles/git2internal.dir/varint.c.o
#7 199.1 [ 95%] Building C object src/CMakeFiles/git2internal.dir/vector.c.o
#7 199.1 [ 95%] Building C object src/CMakeFiles/git2internal.dir/wildmatch.c.o
#7 199.2 [ 96%] Building C object src/CMakeFiles/git2internal.dir/worktree.c.o
#7 199.2 [ 96%] Building C object src/CMakeFiles/git2internal.dir/xdiff/xdiffi.c.o
#7 199.2 [ 97%] Building C object src/CMakeFiles/git2internal.dir/xdiff/xemit.c.o
#7 199.2 [ 97%] Building C object src/CMakeFiles/git2internal.dir/xdiff/xhistogram.c.o
#7 199.2 [ 97%] Building C object src/CMakeFiles/git2internal.dir/xdiff/xpatience.c.o
#7 199.2 [ 98%] Building C object src/CMakeFiles/git2internal.dir/xdiff/xmerge.c.o
#7 199.3 [ 99%] Building C object src/CMakeFiles/git2internal.dir/xdiff/xprepare.c.o
#7 199.3 [ 99%] Building C object src/CMakeFiles/git2internal.dir/xdiff/xutils.c.o
#7 199.3 [100%] Building C object src/CMakeFiles/git2internal.dir/zstream.c.o
#7 199.5 make[3]: Leaving directory '/tmp/gitaly/_build/deps/libgit2/build'
#7 199.5 [100%] Built target git2internal
#7 199.5 make[3]: Entering directory '/tmp/gitaly/_build/deps/libgit2/build'
#7 199.5 Scanning dependencies of target git2
#7 199.5 make[3]: Leaving directory '/tmp/gitaly/_build/deps/libgit2/build'
#7 199.5 make[3]: Entering directory '/tmp/gitaly/_build/deps/libgit2/build'
#7 199.5 [100%] Linking C static library ../libgit2.a
#7 199.7 make[3]: Leaving directory '/tmp/gitaly/_build/deps/libgit2/build'
#7 199.7 [100%] Built target git2
#7 199.7 make[2]: Leaving directory '/tmp/gitaly/_build/deps/libgit2/build'
#7 199.7 Install the project...
#7 199.7 -- Install configuration: "Release"
#7 199.7 -- Installing: /tmp/gitaly/_build/deps/libgit2/install/lib/pkgconfig/libgit2.pc
#7 199.7 -- Installing: /tmp/gitaly/_build/deps/libgit2/install/lib/libgit2.a
#7 199.7 -- Installing: /tmp/gitaly/_build/deps/libgit2/install/include/git2
#7 199.7 -- Installing: /tmp/gitaly/_build/deps/libgit2/install/include/git2/ignore.h
#7 199.7 -- Installing: /tmp/gitaly/_build/deps/libgit2/install/include/git2/indexer.h
#7 199.7 -- Installing: /tmp/gitaly/_build/deps/libgit2/install/include/git2/merge.h
#7 199.7 -- Installing: /tmp/gitaly/_build/deps/libgit2/install/include/git2/checkout.h
#7 199.7 -- Installing: /tmp/gitaly/_build/deps/libgit2/install/include/git2/apply.h
#7 199.7 -- Installing: /tmp/gitaly/_build/deps/libgit2/install/include/git2/credential_helpers.h
#7 199.7 -- Installing: /tmp/gitaly/_build/deps/libgit2/install/include/git2/annotated_commit.h
#7 199.7 -- Installing: /tmp/gitaly/_build/deps/libgit2/install/include/git2/refdb.h
#7 199.7 -- Installing: /tmp/gitaly/_build/deps/libgit2/install/include/git2/patch.h
#7 199.7 -- Installing: /tmp/gitaly/_build/deps/libgit2/install/include/git2/cert.h
#7 199.7 -- Installing: /tmp/gitaly/_build/deps/libgit2/install/include/git2/describe.h
#7 199.7 -- Installing: /tmp/gitaly/_build/deps/libgit2/install/include/git2/stash.h
#7 199.7 -- Installing: /tmp/gitaly/_build/deps/libgit2/install/include/git2/transport.h
#7 199.7 -- Installing: /tmp/gitaly/_build/deps/libgit2/install/include/git2/cherrypick.h
#7 199.7 -- Installing: /tmp/gitaly/_build/deps/libgit2/install/include/git2/commit.h
#7 199.7 -- Installing: /tmp/gitaly/_build/deps/libgit2/install/include/git2/mailmap.h
#7 199.7 -- Installing: /tmp/gitaly/_build/deps/libgit2/install/include/git2/revwalk.h
#7 199.7 -- Installing: /tmp/gitaly/_build/deps/libgit2/install/include/git2/signature.h
#7 199.7 -- Installing: /tmp/gitaly/_build/deps/libgit2/install/include/git2/tag.h
#7 199.7 -- Installing: /tmp/gitaly/_build/deps/libgit2/install/include/git2/message.h
#7 199.7 -- Installing: /tmp/gitaly/_build/deps/libgit2/install/include/git2/repository.h
#7 199.7 -- Installing: /tmp/gitaly/_build/deps/libgit2/install/include/git2/stdint.h
#7 199.7 -- Installing: /tmp/gitaly/_build/deps/libgit2/install/include/git2/remote.h
#7 199.7 -- Installing: /tmp/gitaly/_build/deps/libgit2/install/include/git2/branch.h
#7 199.7 -- Installing: /tmp/gitaly/_build/deps/libgit2/install/include/git2/deprecated.h
#7 199.7 -- Installing: /tmp/gitaly/_build/deps/libgit2/install/include/git2/status.h
#7 199.7 -- Installing: /tmp/gitaly/_build/deps/libgit2/install/include/git2/pack.h
#7 199.7 -- Installing: /tmp/gitaly/_build/deps/libgit2/install/include/git2/reset.h
#7 199.7 -- Installing: /tmp/gitaly/_build/deps/libgit2/install/include/git2/version.h
#7 199.7 -- Installing: /tmp/gitaly/_build/deps/libgit2/install/include/git2/object.h
#7 199.7 -- Installing: /tmp/gitaly/_build/deps/libgit2/install/include/git2/types.h
#7 199.7 -- Installing: /tmp/gitaly/_build/deps/libgit2/install/include/git2/submodule.h
#7 199.7 -- Installing: /tmp/gitaly/_build/deps/libgit2/install/include/git2/tree.h
#7 199.7 -- Installing: /tmp/gitaly/_build/deps/libgit2/install/include/git2/worktree.h
#7 199.7 -- Installing: /tmp/gitaly/_build/deps/libgit2/install/include/git2/refs.h
#7 199.7 -- Installing: /tmp/gitaly/_build/deps/libgit2/install/include/git2/global.h
#7 199.7 -- Installing: /tmp/gitaly/_build/deps/libgit2/install/include/git2/rebase.h
#7 199.7 -- Installing: /tmp/gitaly/_build/deps/libgit2/install/include/git2/proxy.h
#7 199.7 -- Installing: /tmp/gitaly/_build/deps/libgit2/install/include/git2/blame.h
#7 199.7 -- Installing: /tmp/gitaly/_build/deps/libgit2/install/include/git2/credential.h
#7 199.7 -- Installing: /tmp/gitaly/_build/deps/libgit2/install/include/git2/notes.h
#7 199.7 -- Installing: /tmp/gitaly/_build/deps/libgit2/install/include/git2/clone.h
#7 199.7 -- Installing: /tmp/gitaly/_build/deps/libgit2/install/include/git2/diff.h
#7 199.7 -- Installing: /tmp/gitaly/_build/deps/libgit2/install/include/git2/index.h
#7 199.7 -- Installing: /tmp/gitaly/_build/deps/libgit2/install/include/git2/refspec.h
#7 199.7 -- Installing: /tmp/gitaly/_build/deps/libgit2/install/include/git2/strarray.h
#7 199.7 -- Installing: /tmp/gitaly/_build/deps/libgit2/install/include/git2/net.h
#7 199.7 -- Installing: /tmp/gitaly/_build/deps/libgit2/install/include/git2/common.h
#7 199.7 -- Installing: /tmp/gitaly/_build/deps/libgit2/install/include/git2/odb_backend.h
#7 199.7 -- Installing: /tmp/gitaly/_build/deps/libgit2/install/include/git2/revparse.h
#7 199.7 -- Installing: /tmp/gitaly/_build/deps/libgit2/install/include/git2/filter.h
#7 199.7 -- Installing: /tmp/gitaly/_build/deps/libgit2/install/include/git2/sys
#7 199.7 -- Installing: /tmp/gitaly/_build/deps/libgit2/install/include/git2/sys/transport.h
#7 199.7 -- Installing: /tmp/gitaly/_build/deps/libgit2/install/include/git2/sys/odb_backend.h
#7 199.7 -- Installing: /tmp/gitaly/_build/deps/libgit2/install/include/git2/sys/diff.h
#7 199.7 -- Installing: /tmp/gitaly/_build/deps/libgit2/install/include/git2/sys/repository.h
#7 199.7 -- Installing: /tmp/gitaly/_build/deps/libgit2/install/include/git2/sys/reflog.h
#7 199.7 -- Installing: /tmp/gitaly/_build/deps/libgit2/install/include/git2/sys/filter.h
#7 199.7 -- Installing: /tmp/gitaly/_build/deps/libgit2/install/include/git2/sys/refs.h
#7 199.7 -- Installing: /tmp/gitaly/_build/deps/libgit2/install/include/git2/sys/config.h
#7 199.7 -- Installing: /tmp/gitaly/_build/deps/libgit2/install/include/git2/sys/merge.h
#7 199.7 -- Installing: /tmp/gitaly/_build/deps/libgit2/install/include/git2/sys/hashsig.h
#7 199.7 -- Installing: /tmp/gitaly/_build/deps/libgit2/install/include/git2/sys/credential.h
#7 199.7 -- Installing: /tmp/gitaly/_build/deps/libgit2/install/include/git2/sys/openssl.h
#7 199.7 -- Installing: /tmp/gitaly/_build/deps/libgit2/install/include/git2/sys/mempack.h
#7 199.7 -- Installing: /tmp/gitaly/_build/deps/libgit2/install/include/git2/sys/cred.h
#7 199.7 -- Installing: /tmp/gitaly/_build/deps/libgit2/install/include/git2/sys/index.h
#7 199.7 -- Installing: /tmp/gitaly/_build/deps/libgit2/install/include/git2/sys/path.h
#7 199.7 -- Installing: /tmp/gitaly/_build/deps/libgit2/install/include/git2/sys/stream.h
#7 199.7 -- Installing: /tmp/gitaly/_build/deps/libgit2/install/include/git2/sys/commit.h
#7 199.7 -- Installing: /tmp/gitaly/_build/deps/libgit2/install/include/git2/sys/refdb_backend.h
#7 199.7 -- Installing: /tmp/gitaly/_build/deps/libgit2/install/include/git2/sys/alloc.h
#7 199.7 -- Installing: /tmp/gitaly/_build/deps/libgit2/install/include/git2/oidarray.h
#7 199.7 -- Installing: /tmp/gitaly/_build/deps/libgit2/install/include/git2/config.h
#7 199.7 -- Installing: /tmp/gitaly/_build/deps/libgit2/install/include/git2/oid.h
#7 199.7 -- Installing: /tmp/gitaly/_build/deps/libgit2/install/include/git2/attr.h
#7 199.7 -- Installing: /tmp/gitaly/_build/deps/libgit2/install/include/git2/cred_helpers.h
#7 199.7 -- Installing: /tmp/gitaly/_build/deps/libgit2/install/include/git2/graph.h
#7 199.7 -- Installing: /tmp/gitaly/_build/deps/libgit2/install/include/git2/odb.h
#7 199.7 -- Installing: /tmp/gitaly/_build/deps/libgit2/install/include/git2/transaction.h
#7 199.7 -- Installing: /tmp/gitaly/_build/deps/libgit2/install/include/git2/errors.h
#7 199.7 -- Installing: /tmp/gitaly/_build/deps/libgit2/install/include/git2/blob.h
#7 199.7 -- Installing: /tmp/gitaly/_build/deps/libgit2/install/include/git2/trace.h
#7 199.7 -- Installing: /tmp/gitaly/_build/deps/libgit2/install/include/git2/buffer.h
#7 199.7 -- Installing: /tmp/gitaly/_build/deps/libgit2/install/include/git2/reflog.h
#7 199.7 -- Installing: /tmp/gitaly/_build/deps/libgit2/install/include/git2/revert.h
#7 199.7 -- Installing: /tmp/gitaly/_build/deps/libgit2/install/include/git2/pathspec.h
#7 199.7 -- Installing: /tmp/gitaly/_build/deps/libgit2/install/include/git2.h
#7 199.7 make[1]: Leaving directory '/tmp/gitaly/_build/deps/libgit2/build'
#7 199.7 go install -a github.com/libgit2/git2go/v31
#7 199.8 go: downloading github.com/libgit2/git2go/v31 v31.4.12
#7 200.0 go: downloading github.com/libgit2/git2go v0.0.0-20190104134018-ecaeb7a21d47
#7 217.7 Settings are listed in order of priority. The top value will be used.
#7 217.7 deployment
#7 217.7 Set for your local app (/tmp/gitaly/ruby/.bundle/config): true
#7 217.7 
#7 217.8 Don't run Bundler as root. Bundler can ask for sudo if it is needed, and
#7 217.8 installing your bundle as root will break this application for all non-root
#7 217.8 users on this machine.
#7 220.4 Fetching gem metadata from https://rubygems.org/...........
#7 222.3 Fetching abstract_type 0.0.7
#7 222.4 Installing abstract_type 0.0.7
#7 222.5 Fetching concurrent-ruby 1.1.9
#7 222.7 Installing concurrent-ruby 1.1.9
#7 222.9 Fetching i18n 1.8.10
#7 223.0 Installing i18n 1.8.10
#7 223.1 Fetching minitest 5.14.4
#7 223.2 Installing minitest 5.14.4
#7 223.2 Fetching tzinfo 2.0.4
#7 223.4 Installing tzinfo 2.0.4
#7 223.4 Fetching zeitwerk 2.4.2
#7 223.5 Installing zeitwerk 2.4.2
#7 223.6 Fetching activesupport 6.1.4.1
#7 223.7 Installing activesupport 6.1.4.1
#7 224.0 Fetching builder 3.2.4
#7 224.0 Installing builder 3.2.4
#7 224.1 Fetching erubi 1.10.0
#7 224.2 Installing erubi 1.10.0
#7 224.2 Fetching mini_portile2 2.5.1
#7 224.3 Installing mini_portile2 2.5.1
#7 224.3 Fetching racc 1.5.2
#7 224.5 Installing racc 1.5.2 with native extensions
#7 225.1 Fetching nokogiri 1.11.7 (x86_64-linux)
#7 225.6 Installing nokogiri 1.11.7 (x86_64-linux)
#7 226.0 Fetching rails-dom-testing 2.0.3
#7 226.1 Installing rails-dom-testing 2.0.3
#7 226.1 Fetching crass 1.0.6
#7 226.2 Installing crass 1.0.6
#7 226.2 Fetching loofah 2.12.0
#7 226.3 Installing loofah 2.12.0
#7 226.6 Fetching rails-html-sanitizer 1.4.2
#7 226.7 Installing rails-html-sanitizer 1.4.2
#7 227.1 Fetching actionview 6.1.4.1
#7 227.2 Installing actionview 6.1.4.1
#7 227.3 Fetching rack 2.2.3
#7 227.5 Installing rack 2.2.3
#7 227.6 Fetching rack-test 1.1.0
#7 227.7 Installing rack-test 1.1.0
#7 227.7 Fetching actionpack 6.1.4.1
#7 227.8 Installing actionpack 6.1.4.1
#7 228.1 Fetching ice_nine 0.11.2
#7 228.2 Installing ice_nine 0.11.2
#7 228.3 Fetching thread_safe 0.3.6
#7 228.4 Installing thread_safe 0.3.6
#7 228.5 Fetching memoizable 0.4.2
#7 228.6 Installing memoizable 0.4.2
#7 228.6 Fetching adamantium 0.2.0
#7 228.7 Installing adamantium 0.2.0
#7 228.8 Fetching public_suffix 4.0.6
#7 228.9 Installing public_suffix 4.0.6
#7 228.9 Fetching addressable 2.7.0
#7 229.1 Installing addressable 2.7.0
#7 229.1 Fetching ast 2.4.1
#7 229.2 Installing ast 2.4.1
#7 229.2 Fetching binding_ninja 0.2.3
#7 229.3 Installing binding_ninja 0.2.3 with native extensions
#7 229.6 Using bundler 2.1.4
#7 229.6 Fetching charlock_holmes 0.7.7
#7 229.7 Installing charlock_holmes 0.7.7 with native extensions
#7 231.4 Fetching coderay 1.1.2
#7 231.5 Installing coderay 1.1.2
#7 231.9 Fetching equalizer 0.0.11
#7 232.0 Installing equalizer 0.0.11
#7 232.0 Fetching concord 0.1.5
#7 232.1 Installing concord 0.1.5
#7 232.1 Fetching diff-lcs 1.3
#7 232.2 Installing diff-lcs 1.3
#7 232.3 Fetching dotenv 2.7.6
#7 232.4 Installing dotenv 2.7.6
#7 232.4 Fetching escape_utils 1.2.1
#7 232.5 Installing escape_utils 1.2.1 with native extensions
#7 233.3 Fetching factory_bot 5.0.2
#7 233.4 Installing factory_bot 5.0.2
#7 233.5 Fetching multipart-post 2.1.1
#7 233.7 Installing multipart-post 2.1.1
#7 233.8 Fetching faraday 1.0.1
#7 233.9 Installing faraday 1.0.1
#7 234.0 Fetching ffi 1.15.3
#7 234.2 Installing ffi 1.15.3 with native extensions
#7 238.7 Fetching json 2.5.1
#7 238.8 Installing json 2.5.1 with native extensions
#7 240.3 Fetching gemojione 3.3.0
#7 241.0 Installing gemojione 3.3.0
#7 243.9 Fetching mini_mime 1.0.2
#7 244.0 Installing mini_mime 1.0.2
#7 244.0 Fetching rugged 1.1.0
#7 244.3 Installing rugged 1.1.0 with native extensions
#7 288.3 Fetching github-linguist 7.12.1
#7 288.8 Installing github-linguist 7.12.1 with native extensions
#7 289.7 Fetching github-markup 1.7.0
#7 289.8 Installing github-markup 1.7.0
#7 289.9 Fetching mime-types-data 3.2020.1104
#7 290.1 Installing mime-types-data 3.2020.1104
#7 290.1 Fetching mime-types 3.3.1
#7 290.2 Installing mime-types 3.3.1
#7 290.3 Fetching gitlab-gollum-rugged_adapter 0.4.4.4.gitlab.1
#7 290.4 Installing gitlab-gollum-rugged_adapter 0.4.4.4.gitlab.1
#7 290.4 Fetching rouge 3.26.0
#7 290.6 Installing rouge 3.26.0
#7 291.0 Fetching nokogumbo 1.5.0
#7 291.1 Installing nokogumbo 1.5.0 with native extensions
#7 294.4 Fetching sanitize 4.6.6
#7 294.6 Installing sanitize 4.6.6
#7 294.6 Fetching stringex 2.8.5
#7 294.7 Installing stringex 2.8.5
#7 294.9 Fetching gitlab-gollum-lib 4.2.7.10.gitlab.1
#7 295.1 Installing gitlab-gollum-lib 4.2.7.10.gitlab.1
#7 295.1 Fetching google-protobuf 3.17.3 (x86_64-linux)
#7 295.3 Installing google-protobuf 3.17.3 (x86_64-linux)
#7 295.4 Fetching googleapis-common-protos-types 1.1.0
#7 295.5 Installing googleapis-common-protos-types 1.1.0
#7 295.7 Fetching grpc 1.30.2 (x86_64-linux)
#7 297.3 Installing grpc 1.30.2 (x86_64-linux)
#7 298.0 Fetching opentracing 0.5.0
#7 298.1 Installing opentracing 0.5.0
#7 298.4 Fetching thrift 0.15.0
#7 298.6 Installing thrift 0.15.0 with native extensions
#7 299.8 Fetching jaeger-client 1.1.0
#7 299.9 Installing jaeger-client 1.1.0
#7 300.0 Fetching pg_query 2.1.0
#7 300.4 Installing pg_query 2.1.0 with native extensions
#7 327.4 Fetching redis 4.4.0
#7 327.5 Installing redis 4.4.0
#7 327.6 Fetching gitlab-labkit 0.21.2
#7 327.6 Installing gitlab-labkit 0.21.2
#7 327.7 Fetching gitlab-markup 1.7.1
#7 327.8 Installing gitlab-markup 1.7.1
#7 327.9 Fetching grpc-tools 1.30.2
#7 329.3 Installing grpc-tools 1.30.2
#7 330.1 Fetching sawyer 0.8.2
#7 330.2 Installing sawyer 0.8.2
#7 330.2 Fetching octokit 4.20.0
#7 330.4 Installing octokit 4.20.0
#7 330.5 Fetching reverse_markdown 1.4.0
#7 330.6 Installing reverse_markdown 1.4.0
#7 330.6 Fetching thor 1.1.0
#7 330.8 Installing thor 1.1.0
#7 330.8 Fetching licensee 9.14.1
#7 331.0 Installing licensee 9.14.1
#7 331.1 Fetching method_source 0.9.2
#7 331.2 Installing method_source 0.9.2
#7 331.2 Fetching msgpack 1.3.3
#7 331.4 Installing msgpack 1.3.3 with native extensions
#7 334.4 Fetching optimist 3.0.1
#7 334.5 Installing optimist 3.0.1
#7 334.9 Fetching parallel 1.19.2
#7 334.9 Installing parallel 1.19.2
#7 335.0 Fetching parser 2.7.2.0
#7 335.2 Installing parser 2.7.2.0
#7 335.4 Fetching procto 0.0.3
#7 335.4 Installing procto 0.0.3
#7 335.5 Fetching unparser 0.4.7
#7 335.6 Installing unparser 0.4.7
#7 335.8 Fetching proc_to_ast 0.1.0
#7 335.8 Installing proc_to_ast 0.1.0
#7 335.9 Fetching pry 0.12.2
#7 336.0 Installing pry 0.12.2
#7 336.1 Fetching rainbow 3.0.0
#7 336.2 Installing rainbow 3.0.0
#7 336.3 Fetching rbtrace 0.4.14
#7 336.4 Installing rbtrace 0.4.14 with native extensions
#7 341.3 Fetching rdoc 6.3.2
#7 341.5 Installing rdoc 6.3.2
#7 341.7 Fetching regexp_parser 1.8.1
#7 341.8 Installing regexp_parser 1.8.1
#7 342.0 Fetching rexml 3.2.4
#7 342.1 Installing rexml 3.2.4
#7 342.2 Fetching rspec-support 3.8.0
#7 342.3 Installing rspec-support 3.8.0
#7 342.3 Fetching rspec-core 3.8.0
#7 342.4 Installing rspec-core 3.8.0
#7 342.5 Fetching rspec-expectations 3.8.3
#7 342.6 Installing rspec-expectations 3.8.3
#7 342.7 Fetching rspec-mocks 3.8.0
#7 342.8 Installing rspec-mocks 3.8.0
#7 342.9 Fetching rspec 3.8.0
#7 343.0 Installing rspec 3.8.0
#7 343.0 Fetching rspec-parameterized 0.4.2
#7 343.1 Installing rspec-parameterized 0.4.2
#7 343.1 Fetching rubocop-ast 0.2.0
#7 343.2 Installing rubocop-ast 0.2.0
#7 343.3 Fetching ruby-progressbar 1.10.1
#7 343.4 Installing ruby-progressbar 1.10.1
#7 343.4 Fetching unicode-display_width 1.7.0
#7 343.5 Installing unicode-display_width 1.7.0
#7 343.5 Fetching rubocop 0.86.0
#7 343.7 Installing rubocop 0.86.0
#7 344.7 Fetching sentry-raven 3.0.4
#7 344.8 Installing sentry-raven 3.0.4
#7 344.9 Fetching timecop 0.9.1
#7 344.9 Installing timecop 0.9.1
#7 345.0 Bundle complete! 21 Gemfile dependencies, 96 gems now installed.
#7 345.0 Bundled gems are installed into `./vendor/bundle`
#7 345.0 go install -ldflags '-X gitlab.com/gitlab-org/gitaly/v14/internal/version.version=14.4.3 -X gitlab.com/gitlab-org/gitaly/v14/internal/version.buildtime=20250329.150642 -X gitlab.com/gitlab-org/gitaly/v14/internal/version.moduleVersion=v14' -tags "tracer_static,tracer_static_jaeger,tracer_static_stackdriver,continuous_profiler_stackdriver,static,system_libgit2" gitlab.com/gitlab-org/gitaly/v14/cmd/gitaly-lfs-smudge gitlab.com/gitlab-org/gitaly/v14/cmd/gitaly-blackbox gitlab.com/gitlab-org/gitaly/v14/cmd/gitaly-backup gitlab.com/gitlab-org/gitaly/v14/cmd/gitaly-debug gitlab.com/gitlab-org/gitaly/v14/cmd/gitaly-wrapper gitlab.com/gitlab-org/gitaly/v14/cmd/gitaly-git2go gitlab.com/gitlab-org/gitaly/v14/cmd/gitaly-hooks gitlab.com/gitlab-org/gitaly/v14/cmd/gitaly-ssh gitlab.com/gitlab-org/gitaly/v14/cmd/gitaly gitlab.com/gitlab-org/gitaly/v14/cmd/praefect
#7 345.1 go: downloading github.com/go-enry/go-license-detector/v4 v4.3.0
#7 345.1 go: downloading gitlab.com/gitlab-org/labkit v1.5.0
#7 345.1 go: downloading github.com/git-lfs/git-lfs v1.5.1-0.20210304194248-2e1d981afbe3
#7 345.1 go: downloading github.com/cloudflare/tableflip v1.2.2
#7 345.1 go: downloading github.com/pelletier/go-toml v1.8.1
#7 345.1 go: downloading github.com/containerd/cgroups v0.0.0-20201118023556-2819c83ced99
#7 345.1 go: downloading github.com/opencontainers/runtime-spec v1.0.2
#7 345.1 go: downloading github.com/getsentry/sentry-go v0.10.0
#7 345.1 go: downloading github.com/olekukonko/tablewriter v0.0.2
#7 345.1 go: downloading github.com/stretchr/testify v1.7.0
#7 345.1 go: downloading gitlab.com/gitlab-org/gitlab-shell v1.9.8-0.20210720163109-50da611814d2
#7 345.1 go: downloading github.com/kelseyhightower/envconfig v1.3.0
#7 345.1 go: downloading github.com/lib/pq v1.10.1
#7 345.1 go: downloading github.com/rubenv/sql-migrate v0.0.0-20191213152630-06338513c237
#7 345.3 go: downloading github.com/hashicorp/golang-lru v0.5.4
#7 345.3 go: downloading golang.org/x/sync v0.0.0-20210220032951-036812b2e83c
#7 345.3 go: downloading go.uber.org/goleak v1.1.10
#7 345.3 go: downloading cloud.google.com/go/storage v1.15.0
#7 345.4 go: downloading gopkg.in/gorp.v1 v1.7.2
#7 345.5 go: downloading github.com/mattn/go-runewidth v0.0.4
#7 345.6 go: downloading github.com/davecgh/go-spew v1.1.1
#7 345.6 go: downloading gopkg.in/yaml.v3 v3.0.0-20200313102051-9f266ea9e77c
#7 345.6 go: downloading github.com/pmezard/go-difflib v1.0.0
#7 345.7 go: downloading contrib.go.opencensus.io/exporter/stackdriver v0.13.8
#7 345.8 go: downloading github.com/godbus/dbus/v5 v5.0.4
#7 345.8 go: downloading github.com/coreos/go-systemd/v22 v22.3.1
#7 345.8 go: downloading github.com/docker/go-units v0.4.0
#7 345.8 go: downloading github.com/gogo/protobuf v1.3.2
#7 346.3 go: downloading github.com/coreos/go-systemd v0.0.0-20180511133405-39ca1b05acc7
#7 346.3 go: downloading github.com/census-instrumentation/opencensus-proto v0.3.0
#7 346.4 go: downloading github.com/go-git/go-git/v5 v5.3.0
#7 346.4 go: downloading github.com/ekzhu/minhash-lsh v0.0.0-20171225071031-5c06ee8586a1
#7 346.4 go: downloading github.com/jdkato/prose v1.1.0
#7 346.4 go: downloading github.com/sergi/go-diff v1.1.0
#7 346.4 go: downloading github.com/hhatto/gorst v0.0.0-20181029133204-ca9f730cac5b
#7 346.4 go: downloading github.com/russross/blackfriday/v2 v2.0.1
#7 346.6 go: downloading golang.org/x/exp v0.0.0-20200331195152-e8c3332aa8e5
#7 346.6 go: downloading gonum.org/v1/gonum v0.8.2
#7 346.6 go: downloading github.com/dgryski/go-minhash v0.0.0-20170608043002-7fe510aff544
#7 346.6 go: downloading github.com/russross/blackfriday v1.5.2
#7 346.8 go: downloading github.com/rubyist/tracerx v0.0.0-20170927163412-787959303086
#7 346.8 go: downloading github.com/git-lfs/wildmatch v1.0.4
#7 346.8 go: downloading github.com/git-lfs/go-netrc v0.0.0-20180525200031-e0e9ca483a18
#7 346.8 go: downloading github.com/git-lfs/gitobj/v2 v2.0.1
#7 346.8 go: downloading github.com/dpotapov/go-spnego v0.0.0-20190506202455-c2c609116ad0
#7 346.8 go: downloading github.com/ssgelm/cookiejarparser v1.0.1
#7 346.8 go: downloading github.com/mattn/go-isatty v0.0.12
#7 346.9 go: downloading github.com/olekukonko/ts v0.0.0-20171002115256-78ecb04241c0
#7 347.0 go: downloading gopkg.in/jcmturner/gokrb5.v5 v5.3.0
#7 347.2 go: downloading github.com/montanaflynn/stats v0.0.0-20151014174947-eeaced052adb
#7 347.2 go: downloading github.com/shogo82148/go-shuffle v0.0.0-20170808115208-59829097ff3b
#7 347.2 go: downloading gopkg.in/neurosnap/sentences.v1 v1.0.6
#7 347.2 go: downloading github.com/shurcooL/sanitized_anchor_name v1.0.0
#7 347.7 go: downloading github.com/mitchellh/go-homedir v1.1.0
#7 347.7 go: downloading github.com/go-git/gcfg v1.5.0
#7 347.7 go: downloading github.com/emirpasic/gods v1.12.0
#7 347.7 go: downloading github.com/go-git/go-billy/v5 v5.1.0
#7 347.7 go: downloading github.com/imdario/mergo v0.3.12
#7 347.7 go: downloading github.com/jbenet/go-context v0.0.0-20150711004518-d14ea06fba99
#7 347.7 go: downloading github.com/kevinburke/ssh_config v0.0.0-20201106050909-4977a11b4351
#7 347.7 go: downloading github.com/xanzy/ssh-agent v0.3.0
#7 348.1 go: downloading gopkg.in/warnings.v0 v0.1.2
#7 353.8 go: downloading github.com/hashicorp/go-uuid v1.0.1
#7 353.8 go: downloading github.com/jcmturner/gofork v1.0.0
#7 353.8 go: downloading gopkg.in/jcmturner/dnsutils.v1 v1.0.1
#7 353.8 go: downloading gopkg.in/jcmturner/aescts.v1 v1.0.1
#7 353.8 go: downloading gopkg.in/jcmturner/rpc.v0 v0.0.2
#7 378.8 install /tmp/gitaly/_build/bin/gitaly /tmp/gitaly/_build/bin/gitaly-backup /tmp/gitaly/_build/bin/gitaly-blackbox /tmp/gitaly/_build/bin/gitaly-debug /tmp/gitaly/_build/bin/gitaly-git2go-v14 /tmp/gitaly/_build/bin/gitaly-hooks /tmp/gitaly/_build/bin/gitaly-lfs-smudge /tmp/gitaly/_build/bin/gitaly-ssh /tmp/gitaly/_build/bin/gitaly-wrapper /tmp/gitaly/_build/bin/praefect /usr/local/bin
#7 378.9 make: Leaving directory '/tmp/gitaly'
#7 378.9 + mkdir -p /home/git/gitaly
#7 378.9 + cp -a /tmp/gitaly/ruby /home/git/gitaly/
#7 387.0 + cp -a /tmp/gitaly/config.toml.example /home/git/gitaly/config.toml
#7 387.0 + rm -rf /home/git/gitaly/ruby/vendor/bundle/ruby/2.7.0/cache
#7 387.0 + chown -R git: /home/git/gitaly
#7 387.3 + rm -rf /tmp/gitaly
#7 389.4 + go clean --modcache
#7 392.0 + rm -rf /etc/docker-gitlab/build/go1.17.4.linux-amd64.tar.gz /tmp/go
#7 392.7 + exec_as_git sed -i '/headers\['\''Strict-Transport-Security'\''\]/d' /home/git/gitlab/app/controllers/application_controller.rb
#7 392.7 ++ whoami
#7 392.7 + [[ root == \g\i\t ]]
#7 392.7 + sudo -HEu git sed -i '/headers\['\''Strict-Transport-Security'\''\]/d' /home/git/gitlab/app/controllers/application_controller.rb
#7 392.7 + exec_as_git sed -i s/db:reset/db:setup/ /home/git/gitlab/lib/tasks/gitlab/setup.rake
#7 392.7 ++ whoami
#7 392.7 + [[ root == \g\i\t ]]
#7 392.7 + sudo -HEu git sed -i s/db:reset/db:setup/ /home/git/gitlab/lib/tasks/gitlab/setup.rake
#7 392.7 + cd /home/git/gitlab
#7 392.7 + echo 'step one...'
#7 392.7 + [[ -d /etc/docker-gitlab/build/cache ]]
#7 392.7 step one...
#7 392.7 + echo 'step two...'
#7 392.7 step two...
#7 392.7 + exec_as_git bundle config set --local deployment true
#7 392.7 ++ whoami
#7 392.7 + [[ root == \g\i\t ]]
#7 392.7 + sudo -HEu git bundle config set --local deployment true
#7 392.8 step three...
#7 392.8 + echo 'step three...'
#7 392.8 + exec_as_git bundle config set --local without 'development test mysql aws'
#7 392.8 ++ whoami
#7 392.8 + [[ root == \g\i\t ]]
#7 392.8 + sudo -HEu git bundle config set --local without 'development test mysql aws'
#7 393.0 step four...
#7 393.0 + echo 'step four...'
#7 393.0 ++ nproc
#7 393.0 + exec_as_git bundle install -j20
#7 393.0 ++ whoami
#7 393.0 + [[ root == \g\i\t ]]
#7 393.0 + sudo -HEu git bundle install -j20
#7 394.1 Fetching gem metadata from https://rubygems.org/........
#7 398.0 Fetching rake 13.0.6
#7 398.1 Installing rake 13.0.6
#7 398.3 Fetching minitest 5.11.3
#7 398.3 Fetching erubi 1.9.0
#7 398.3 Fetching faraday-excon 1.1.0
#7 398.3 Fetching faraday-net_http_persistent 1.1.0
#7 398.3 Fetching concurrent-ruby 1.1.9
#7 398.3 Fetching builder 3.2.4
#7 398.3 Fetching racc 1.5.2
#7 398.3 Fetching RedCloth 4.3.2
#7 398.3 Fetching faraday-em_http 1.0.0
#7 398.3 Fetching faraday-em_synchrony 1.0.0
#7 398.3 Fetching ruby2_keywords 0.0.4
#7 398.3 Fetching zeitwerk 2.4.2
#7 398.3 Fetching faraday-net_http 1.0.1
#7 398.3 Fetching multipart-post 2.1.1
#7 398.3 Fetching mini_portile2 2.5.3
#7 398.3 Fetching crass 1.0.6
#7 398.3 Fetching rack 2.2.3
#7 398.3 Fetching nio4r 2.5.8
#7 398.3 Fetching websocket-extensions 0.1.5
#7 398.4 Installing faraday-em_http 1.0.0
#7 398.4 Installing faraday-excon 1.1.0
#7 398.4 Installing faraday-net_http_persistent 1.1.0
#7 398.4 Installing faraday-em_synchrony 1.0.0
#7 398.4 Installing faraday-net_http 1.0.1
#7 398.4 Installing erubi 1.9.0
#7 398.4 Installing ruby2_keywords 0.0.4
#7 398.4 Installing multipart-post 2.1.1
#7 398.4 Installing websocket-extensions 0.1.5
#7 398.5 Installing crass 1.0.6
#7 398.5 Installing mini_portile2 2.5.3
#7 398.5 Installing zeitwerk 2.4.2
#7 398.5 Installing builder 3.2.4
#7 398.5 Fetching marcel 1.0.1
#7 398.6 Fetching pg 1.2.3
#7 398.6 Fetching mini_mime 1.1.1
#7 398.6 Fetching public_suffix 4.0.6
#7 398.6 Fetching aes_key_wrap 1.1.0
#7 398.7 Installing minitest 5.11.3
#7 398.7 Fetching akismet 3.0.0
#7 398.7 Fetching android_key_attestation 0.3.0
#7 398.7 Fetching graphql 1.11.8
#7 398.7 Installing nio4r 2.5.8 with native extensions
#7 398.7 Installing marcel 1.0.1
#7 398.7 Installing rack 2.2.3
#7 398.8 Installing RedCloth 4.3.2 with native extensions
#7 398.8 Installing mini_mime 1.1.1
#7 398.8 Installing aes_key_wrap 1.1.0
#7 398.8 Fetching multi_json 1.14.1
#7 398.8 Fetching jwt 2.1.0
#7 398.8 Installing akismet 3.0.0
#7 398.8 Installing android_key_attestation 0.3.0
#7 398.9 Installing concurrent-ruby 1.1.9
#7 398.9 Installing public_suffix 4.0.6
#7 398.9 Installing racc 1.5.2 with native extensions
#7 398.9 Installing pg 1.2.3 with native extensions
#7 398.9 Installing multi_json 1.14.1
#7 399.0 Installing jwt 2.1.0
#7 399.1 Installing graphql 1.11.8
#7 399.1 Fetching multi_xml 0.6.0
#7 399.2 Installing multi_xml 0.6.0
#7 399.3 Fetching asciidoctor 2.0.15
#7 399.3 Fetching aws-eventstream 1.1.0
#7 399.3 Fetching encryptor 3.0.0
#7 399.3 Fetching attr_required 1.0.1
#7 399.3 Fetching execjs 2.8.1
#7 399.3 Fetching awrence 1.1.1
#7 399.3 Fetching jmespath 1.4.0
#7 399.3 Fetching aws-partitions 1.345.0
#7 399.4 Fetching connection_pool 2.2.2
#7 399.5 Installing attr_required 1.0.1
#7 399.5 Installing aws-eventstream 1.1.0
#7 399.5 Installing awrence 1.1.1
#7 399.5 Installing execjs 2.8.1
#7 399.5 Installing aws-partitions 1.345.0
#7 399.5 Installing jmespath 1.4.0
#7 399.5 Installing encryptor 3.0.0
#7 399.5 Installing connection_pool 2.2.2
#7 399.9 Installing asciidoctor 2.0.15
#7 400.1 Using bundler 2.1.4
#7 401.4 Fetching babosa 1.0.4
#7 401.4 Fetching batch-loader 2.0.1
#7 401.4 Fetching base32 0.3.2
#7 401.4 Fetching bcrypt_pbkdf 1.0.0
#7 401.4 Fetching bcrypt 3.1.16
#7 401.4 Fetching msgpack 1.3.3
#7 401.4 Fetching browser 4.2.0
#7 401.4 Fetching memory_profiler 0.9.14
#7 401.4 Fetching bindata 2.4.10
#7 401.4 Fetching mime-types-data 3.2020.0512
#7 401.5 Installing base32 0.3.2
#7 401.5 Installing batch-loader 2.0.1
#7 401.5 Installing memory_profiler 0.9.14
#7 401.5 Installing babosa 1.0.4
#7 401.5 Installing bcrypt_pbkdf 1.0.0 with native extensions
#7 401.5 Installing browser 4.2.0
#7 401.5 Installing bcrypt 3.1.16 with native extensions
#7 401.6 Installing bindata 2.4.10
#7 401.6 Installing msgpack 1.3.3 with native extensions
#7 401.6 Installing mime-types-data 3.2020.0512
#7 402.3 Fetching ssrf_filter 1.0.7
#7 402.3 Fetching cbor 0.5.9.6
#7 402.4 Installing ssrf_filter 1.0.7
#7 402.4 Installing cbor 0.5.9.6 with native extensions
#7 407.5 Fetching rbtree 0.4.4
#7 407.5 Fetching set 1.0.1
#7 407.5 Fetching chef-utils 16.10.17
#7 407.5 Fetching fuzzyurl 0.9.0
#7 407.5 Fetching charlock_holmes 0.7.7
#7 407.5 Fetching chunky_png 1.3.5
#7 407.5 Fetching tomlrb 1.3.0
#7 407.6 Installing fuzzyurl 0.9.0
#7 407.6 Installing charlock_holmes 0.7.7 with native extensions
#7 407.6 Installing set 1.0.1
#7 407.6 Installing tomlrb 1.3.0
#7 407.6 Installing chef-utils 16.10.17
#7 407.6 Installing rbtree 0.4.4 with native extensions
#7 407.7 Installing chunky_png 1.3.5
#7 408.6 Fetching citrus 3.0.2
#7 408.6 Fetching claide 1.0.3
#7 408.6 Fetching colored2 3.1.2
#7 408.7 Installing colored2 3.1.2
#7 408.7 Installing claide 1.0.3
#7 408.8 Installing citrus 3.0.2
#7 411.2 Fetching nap 1.1.0
#7 411.2 Fetching open4 1.3.4
#7 411.2 Fetching commonmarker 0.23.2
#7 411.3 Installing open4 1.3.4
#7 411.4 Installing nap 1.1.0
#7 411.4 Installing commonmarker 0.23.2 with native extensions
#7 413.4 Fetching contracts 0.11.0
#7 413.4 Fetching openssl-signature_algorithm 0.4.0
#7 413.5 Installing openssl-signature_algorithm 0.4.0
#7 413.5 Installing contracts 0.11.0
#7 415.0 Fetching i18n_data 0.8.0
#7 415.2 Installing i18n_data 0.8.0
#7 416.2 Fetching unicode_utils 1.4.0
#7 416.2 Fetching sixarm_ruby_unaccent 1.2.0
#7 416.2 Fetching safe_yaml 1.0.4
#7 416.2 Fetching creole 0.5.0
#7 416.2 Fetching rchardet 1.8.0
#7 416.2 Fetching no_proxy_fix 0.1.2
#7 416.2 Fetching rexml 3.2.5
#7 416.2 Fetching unicode-display_width 1.7.0
#7 416.2 Fetching declarative 0.0.20
#7 416.2 Fetching declarative-option 0.1.0
#7 416.2 Fetching device_detector 1.0.0
#7 416.2 Fetching declarative_policy 1.0.0
#7 416.3 Installing declarative-option 0.1.0
#7 416.3 Installing unicode-display_width 1.7.0
#7 416.3 Installing creole 0.5.0
#7 416.3 Installing declarative 0.0.20
#7 416.3 Installing no_proxy_fix 0.1.2
#7 416.3 Installing safe_yaml 1.0.4
#7 416.3 Installing sixarm_ruby_unaccent 1.2.0
#7 416.4 Installing rexml 3.2.5
#7 416.6 Installing rchardet 1.8.0
#7 416.6 Installing device_detector 1.0.0
#7 416.7 Installing unicode_utils 1.4.0
#7 420.6 Fetching thor 1.1.0
#7 420.6 Fetching orm_adapter 0.5.0
#7 420.6 Fetching method_source 1.0.0
#7 420.6 Fetching rotp 6.2.0
#7 420.6 Fetching unf_ext 0.0.7.7
#7 420.6 Fetching diffy 3.3.0
#7 420.6 Fetching diff_match_patch 0.1.0
#7 420.6 Fetching http-accept 1.7.0
#7 420.6 Fetching netrc 0.11.0
#7 420.6 Fetching docile 1.3.2
#7 420.6 Fetching dotenv 2.7.6
#7 420.6 Fetching dry-equalizer 0.3.0
#7 420.6 Fetching dry-inflector 0.2.0
#7 420.6 Fetching hashie 4.1.0
#7 420.6 Fetching regexp_parser 2.1.1
#7 420.6 Fetching ed25519 1.2.4
#7 420.6 Fetching elasticsearch-rails 6.1.1
#7 420.6 Fetching email_reply_trimmer 0.1.6
#7 420.9 Installing orm_adapter 0.5.0
#7 420.9 Installing dry-equalizer 0.3.0
#7 420.9 Installing method_source 1.0.0
#7 420.9 Installing diffy 3.3.0
#7 420.9 Installing dry-inflector 0.2.0
#7 420.9 Installing docile 1.3.2
#7 420.9 Installing dotenv 2.7.6
#7 420.9 Installing netrc 0.11.0
#7 420.9 Installing http-accept 1.7.0
#7 420.9 Installing diff_match_patch 0.1.0
#7 420.9 Installing thor 1.1.0
#7 420.9 Installing hashie 4.1.0
#7 420.9 Installing rotp 6.2.0
#7 421.0 Installing email_reply_trimmer 0.1.6
#7 421.0 Installing regexp_parser 2.1.1
#7 421.0 Installing ed25519 1.2.4 with native extensions
#7 421.1 Fetching escape_utils 1.2.1
#7 421.1 Fetching excon 0.71.1
#7 421.2 Fetching expression_parser 0.9.0
#7 421.2 Fetching fast_blank 1.0.0
#7 421.2 Fetching fast_gettext 2.1.0
#7 421.2 Fetching ffi 1.15.3
#7 421.2 Installing escape_utils 1.2.1 with native extensions
#7 421.3 Fetching libyajl2 1.2.0
#7 421.3 Fetching flipper 0.21.0
#7 421.3 Installing unf_ext 0.0.7.7 with native extensions
#7 421.4 Fetching formatador 0.2.5
#7 421.4 Installing fast_blank 1.0.0 with native extensions
#7 421.4 Installing expression_parser 0.9.0
#7 421.4 Fetching ipaddress 0.8.3
#7 421.4 Installing fast_gettext 2.1.0
#7 421.5 Installing excon 0.71.1
#7 421.5 Installing flipper 0.21.0
#7 421.5 Installing ipaddress 0.8.3
#7 421.6 Installing libyajl2 1.2.0 with native extensions
#7 421.6 Installing formatador 0.2.5
#7 421.7 Fetching memoist 0.16.2
#7 421.7 Fetching xml-simple 1.1.5
#7 421.7 Fetching os 1.1.1
#7 421.8 Fetching httpclient 2.8.3
#7 421.8 Fetching uber 0.1.0
#7 421.8 Installing xml-simple 1.1.5
#7 421.8 Installing memoist 0.16.2
#7 421.8 Installing os 1.1.1
#7 421.9 Fetching retriable 3.1.2
#7 421.9 Fetching json 2.5.1
#7 421.9 Fetching raabro 1.1.6
#7 421.9 Installing uber 0.1.0
#7 421.9 Fetching locale 2.1.3
#7 422.0 Installing retriable 3.1.2
#7 422.0 Installing raabro 1.1.6
#7 422.0 Fetching text 1.3.1
#7 422.1 Installing json 2.5.1 with native extensions
#7 422.1 Installing ffi 1.15.3 with native extensions
#7 422.2 Installing locale 2.1.3
#7 422.2 Installing httpclient 2.8.3
#7 422.3 Installing text 1.3.1
#7 422.7 Installing elasticsearch-rails 6.1.1
#7 422.8 Fetching google-protobuf 3.17.3 (x86_64-linux)
#7 423.1 Installing google-protobuf 3.17.3 (x86_64-linux)
#7 424.3 Fetching timeliness 0.3.10
#7 424.3 Fetching numerizer 0.2.0
#7 424.3 Fetching scientist 1.6.0
#7 424.3 Fetching github-markup 1.7.0
#7 424.4 Installing numerizer 0.2.0
#7 424.4 Installing scientist 1.6.0
#7 424.6 Installing github-markup 1.7.0
#7 424.6 Installing timeliness 0.3.10
#7 425.4 Fetching opentracing 0.5.0
#7 425.4 Fetching redis 4.4.0
#7 425.4 Fetching thrift 0.14.0
#7 425.4 Fetching gitlab-license 2.0.0
#7 425.4 Fetching gitlab-mail_room 0.0.9
#7 425.5 Installing gitlab-license 2.0.0
#7 425.5 Installing opentracing 0.5.0
#7 425.5 Installing gitlab-mail_room 0.0.9
#7 425.5 Installing redis 4.4.0
#7 425.5 Installing thrift 0.14.0 with native extensions
#7 426.0 Fetching gitlab-net-dns 0.9.1
#7 426.0 Fetching gitlab-markup 1.7.1
#7 426.1 Installing gitlab-markup 1.7.1
#7 426.1 Installing gitlab-net-dns 0.9.1
#7 426.7 Fetching net-ldap 0.16.3
#7 426.7 Fetching pyu-ruby-sasl 0.0.3.3
#7 426.8 Installing pyu-ruby-sasl 0.0.3.3
#7 426.8 Installing net-ldap 0.16.3
#7 430.5 Fetching rubyntlm 0.6.2
#7 430.5 Fetching tilt 2.0.10
#7 430.5 Fetching hana 1.3.7
#7 430.5 Fetching icalendar 2.4.1
#7 430.5 Fetching temple 0.8.2
#7 430.5 Fetching http-form_data 2.3.0
#7 430.5 Fetching oauth 0.5.6
#7 430.5 Fetching hangouts-chat 0.0.5
#7 430.5 Fetching htmlentities 4.3.4
#7 430.5 Fetching regexp_property_values 1.0.0
#7 430.6 Installing hangouts-chat 0.0.5
#7 430.6 Installing hana 1.3.7
#7 430.6 Installing tilt 2.0.10
#7 430.6 Installing http-form_data 2.3.0
#7 430.6 Installing regexp_property_values 1.0.0 with native extensions
#7 430.6 Installing rubyntlm 0.6.2
#7 430.6 Installing oauth 0.5.6
#7 430.6 Installing htmlentities 4.3.4
#7 430.6 Installing icalendar 2.4.1
#7 430.6 Installing temple 0.8.2
#7 432.3 Fetching rubyzip 2.0.0
#7 432.3 Fetching recursive-open-struct 1.1.3
#7 432.3 Fetching parslet 1.8.2
#7 432.3 Fetching rugged 1.1.0
#7 432.3 Fetching lockbox 0.6.2
#7 432.3 Fetching kaminari-core 1.2.1
#7 432.3 Fetching with_env 1.1.0
#7 432.4 Installing with_env 1.1.0
#7 432.4 Installing recursive-open-struct 1.1.3
#7 432.4 Installing kaminari-core 1.2.1
#7 432.4 Installing lockbox 0.6.2
#7 432.4 Installing rubyzip 2.0.0
#7 432.4 Installing parslet 1.8.2
#7 432.4 Fetching mini_magick 4.10.1
#7 432.4 Fetching mixlib-log 3.0.9
#7 432.4 Fetching mixlib-cli 2.1.8
#7 432.4 Fetching lru_redux 1.1.0
#7 432.4 Fetching murmurhash3 0.1.6
#7 432.4 Fetching net-ntp 2.1.3
#7 432.4 Fetching net-ssh 6.0.0
#7 432.4 Fetching plist 3.6.0
#7 432.4 Fetching wmi-lite 1.0.5
#7 432.4 Fetching oj 3.10.6
#7 432.5 Fetching uri_template 0.7.0
#7 432.5 Fetching timfel-krb5-auth 0.8.3
#7 432.6 Fetching optimist 3.0.1
#7 432.6 Fetching openssl 2.2.0
#7 432.6 Installing mini_magick 4.10.1
#7 432.6 Installing lru_redux 1.1.0
#7 432.6 Installing mixlib-log 3.0.9
#7 432.6 Installing net-ntp 2.1.3
#7 432.6 Installing mixlib-cli 2.1.8
#7 432.6 Installing wmi-lite 1.0.5
#7 432.6 Installing plist 3.6.0
#7 432.6 Installing murmurhash3 0.1.6 with native extensions
#7 432.6 Installing timfel-krb5-auth 0.8.3 with native extensions
#7 432.6 Installing uri_template 0.7.0
#7 432.7 Installing optimist 3.0.1
#7 432.7 Installing net-ssh 6.0.0
#7 432.8 Installing oj 3.10.6 with native extensions
#7 432.9 Installing openssl 2.2.0 with native extensions
#7 433.2 Installing rugged 1.1.0 with native extensions
#7 433.5 Fetching rubypants 0.2.0
#7 433.5 Fetching prometheus-client-mmap 0.15.0
#7 433.5 Fetching rack-timeout 0.5.2
#7 433.5 Fetching rainbow 3.0.0
#7 433.5 Fetching rdoc 6.3.2
#7 433.6 Installing rainbow 3.0.0
#7 433.6 Installing rubypants 0.2.0
#7 433.7 Installing rack-timeout 0.5.2
#7 433.7 Installing prometheus-client-mmap 0.15.0 with native extensions
#7 433.8 Fetching rinku 2.0.0
#7 433.8 Fetching re2 1.2.0
#7 433.8 Fetching rouge 3.26.1
#7 433.8 Fetching sexp_processor 4.15.1
#7 433.8 Fetching ruby-prof 1.3.1
#7 433.8 Fetching ruby-progressbar 1.11.0
#7 433.8 Installing rdoc 6.3.2
#7 433.9 Installing rinku 2.0.0 with native extensions
#7 433.9 Installing re2 1.2.0 with native extensions
#7 433.9 Installing ruby-progressbar 1.11.0
#7 434.0 Installing sexp_processor 4.15.1
#7 434.0 Installing ruby-prof 1.3.1 with native extensions
#7 434.1 Installing rouge 3.26.1
#7 452.1 Fetching settingslogic 2.0.9
#7 452.1 Fetching securecompare 1.0.0
#7 452.1 Using webrick 1.6.1
#7 452.2 Installing securecompare 1.0.0
#7 452.2 Installing settingslogic 2.0.9
#7 458.2 Fetching simplecov-html 0.12.3
#7 458.2 Fetching slack-messenger 2.3.4
#7 458.2 Fetching sshkey 2.0.0
#7 458.2 Fetching stackprof 0.2.15
#7 458.2 Fetching state_machines 0.5.0
#7 458.3 Installing slack-messenger 2.3.4
#7 458.3 Installing sshkey 2.0.0
#7 458.6 Installing stackprof 0.2.15 with native extensions
#7 458.6 Installing state_machines 0.5.0
#7 458.6 Installing simplecov-html 0.12.3
#7 461.6 Fetching u2f 0.2.1
#7 461.6 Fetching version_sorter 2.2.4
#7 461.7 Installing version_sorter 2.2.4 with native extensions
#7 461.7 Installing u2f 0.2.1
#7 463.2 Fetching vmstat 2.3.0
#7 463.3 Installing vmstat 2.3.0 with native extensions
#7 476.4 Installing declarative_policy 1.0.0
#7 506.6 Fetching yajl-ruby 1.4.1
#7 506.6 Fetching mustermann 1.1.1
#7 506.6 Fetching warning 1.2.0
#7 506.6 Fetching websocket-driver 0.7.5
#7 506.6 Fetching mail 2.7.1
#7 506.6 Fetching gpgme 2.0.20
#7 506.6 Fetching faraday 1.4.2
#7 506.9 Installing warning 1.2.0
#7 506.9 Installing websocket-driver 0.7.5 with native extensions
#7 506.9 Installing mustermann 1.1.1
#7 506.9 Installing faraday 1.4.2
#7 507.0 Installing mail 2.7.1
#7 507.2 Installing yajl-ruby 1.4.1 with native extensions
#7 507.5 Fetching ruby-magic 0.4.0
#7 507.5 Fetching jsonpath 1.1.0
#7 507.5 Fetching elasticsearch-api 6.8.2
#7 507.5 Fetching addressable 2.8.0
#7 507.5 Fetching aws-sigv4 1.2.1
#7 507.6 Installing aws-sigv4 1.2.1
#7 507.6 Installing jsonpath 1.1.0
#7 507.6 Installing elasticsearch-api 6.8.2
#7 507.6 Installing addressable 2.8.0
#7 507.7 Fetching atlassian-jwt 0.2.0
#7 507.7 Fetching safety_net_attestation 0.4.0
#7 507.8 Installing atlassian-jwt 0.2.0
#7 507.8 Installing safety_net_attestation 0.4.0
#7 507.8 Installing ruby-magic 0.4.0 with native extensions
#7 508.3 Installing gpgme 2.0.20 with native extensions
#7 510.9 Fetching autoprefixer-rails 10.2.5.1
#7 510.9 Fetching terser 1.0.2
#7 510.9 Fetching net-http-persistent 4.0.1
#7 511.0 Installing net-http-persistent 4.0.1
#7 511.0 Installing terser 1.0.2
#7 511.0 Fetching attr_encrypted 3.1.0
#7 511.0 Fetching rack-test 1.1.0
#7 511.0 Fetching warden 1.2.8
#7 511.0 Fetching request_store 1.5.0
#7 511.1 Installing autoprefixer-rails 10.2.5.1
#7 511.1 Installing request_store 1.5.0
#7 511.2 Installing warden 1.2.8
#7 511.2 Installing attr_encrypted 3.1.0
#7 511.2 Installing rack-test 1.1.0
#7 512.2 Fetching rack-accept 0.4.5
#7 512.2 Fetching rack-attack 6.3.0
#7 512.2 Fetching rack-cors 1.0.6
#7 512.2 Fetching rack-proxy 0.6.0
#7 512.2 Fetching i18n 1.8.10
#7 512.2 Fetching tzinfo 2.0.4
#7 512.3 Installing rack-proxy 0.6.0
#7 512.3 Installing rack-accept 0.4.5
#7 512.3 Installing rack-attack 6.3.0
#7 512.3 Installing i18n 1.8.10
#7 512.3 Installing rack-cors 1.0.6
#7 512.3 Installing tzinfo 2.0.4
#7 523.6 Fetching asciidoctor-include-ext 0.3.1
#7 523.7 Installing asciidoctor-include-ext 0.3.1
#7 558.4 Fetching asciidoctor-kroki 0.5.0
#7 558.4 Fetching puma 5.3.2
#7 558.4 Fetching dry-core 0.5.0
#7 558.4 Fetching asciidoctor-plantuml 0.0.12
#7 558.4 Fetching sprockets 3.7.2
#7 558.4 Fetching mime-types 3.3.1
#7 558.4 Fetching mixlib-config 3.0.9
#7 558.4 Fetching benchmark-memory 0.1.2
#7 558.4 Fetching nokogiri 1.11.7 (x86_64-linux)
#7 558.4 Fetching mixlib-shellout 3.2.5
#7 558.4 Fetching cork 0.3.0
#7 558.4 Fetching toml-rb 2.0.1
#7 558.4 Fetching rqrcode 0.7.0
#7 558.4 Fetching cose 1.0.0
#7 558.4 Fetching bootsnap 1.4.6
#7 558.4 Fetching tpm-key_attestation 0.9.0
#7 558.4 Fetching sorted_set 1.0.3
#7 558.4 Fetching snowplow-tracker 0.6.1
#7 558.5 Fetching terminal-table 1.8.0
#7 558.5 Installing dry-core 0.5.0
#7 558.5 Installing asciidoctor-kroki 0.5.0
#7 558.5 Installing asciidoctor-plantuml 0.0.12
#7 558.5 Installing mixlib-config 3.0.9
#7 558.5 Installing benchmark-memory 0.1.2
#7 558.7 Installing sorted_set 1.0.3
#7 558.7 Installing cork 0.3.0
#7 558.7 Installing cose 1.0.0
#7 558.7 Installing toml-rb 2.0.1
#7 558.7 Installing mixlib-shellout 3.2.5
#7 558.8 Installing snowplow-tracker 0.6.1
#7 558.8 Installing mime-types 3.3.1
#7 558.8 Installing rqrcode 0.7.0
#7 558.8 Installing tpm-key_attestation 0.9.0
#7 558.8 Installing bootsnap 1.4.6 with native extensions
#7 558.8 Installing terminal-table 1.8.0
#7 558.8 Installing sprockets 3.7.2
#7 558.8 Fetching crack 0.4.3
#7 558.9 Installing puma 5.3.2 with native extensions
#7 558.9 Fetching git 1.7.0
#7 558.9 Fetching kramdown 2.3.1
#7 559.0 Fetching countries 3.0.0
#7 559.0 Fetching omniauth 1.9.1
#7 559.0 Fetching hashie-forbidden_attributes 0.1.1
#7 559.1 Fetching gettext_i18n_rails 1.8.0
#7 559.1 Fetching representable 3.0.4
#7 559.1 Fetching gettext 3.3.6
#7 559.2 Installing git 1.7.0
#7 559.2 Installing hashie-forbidden_attributes 0.1.1
#7 559.2 Fetching ecma-re-validator 0.3.0
#7 559.2 Installing omniauth 1.9.1
#7 559.2 Installing gettext_i18n_rails 1.8.0
#7 559.2 Installing kramdown 2.3.1
#7 559.3 Fetching googleapis-common-protos-types 1.1.0
#7 559.3 Installing representable 3.0.4
#7 559.4 Installing ecma-re-validator 0.3.0
#7 559.4 Fetching unf 0.1.4
#7 559.4 Fetching pg_query 2.1.1
#7 559.5 Installing googleapis-common-protos-types 1.1.0
#7 559.5 Installing crack 0.4.3
#7 559.6 Fetching gitlab-chronic 0.10.5
#7 559.6 Installing gettext 3.3.6
#7 559.6 Installing unf 0.1.4
#7 559.8 Installing gitlab-chronic 0.10.5
#7 559.9 Fetching gitlab_chronic_duration 0.10.6.2
#7 559.9 Fetching redis-store 1.9.0
#7 559.9 Fetching sidekiq 6.2.2
#7 559.9 Fetching redis-namespace 1.8.1
#7 559.9 Fetching ffi-yajl 2.3.4
#7 559.9 Fetching ffi-compiler 1.0.1
#7 559.9 Fetching get_process_mem 0.2.5
#7 560.0 Fetching gssapi 1.2.0
#7 560.0 Installing redis-store 1.9.0
#7 560.0 Installing gitlab_chronic_duration 0.10.6.2
#7 560.0 Installing get_process_mem 0.2.5
#7 560.0 Installing redis-namespace 1.8.1
#7 560.0 Installing ffi-compiler 1.0.1
#7 560.1 Fetching sassc 2.0.1
#7 560.1 Installing gssapi 1.2.0
#7 560.1 Installing ffi-yajl 2.3.4 with native extensions
#7 560.2 Fetching sys-filesystem 1.1.9
#7 560.2 Fetching hamlit 2.15.0
#7 560.2 Installing sidekiq 6.2.2
#7 560.3 Installing sys-filesystem 1.1.9
#7 560.5 Installing sassc 2.0.1 with native extensions
#7 560.6 Installing countries 3.0.0
#7 560.7 Installing hamlit 2.15.0 with native extensions
#7 560.8 Installing pg_query 2.1.1 with native extensions
#7 560.9 Installing nokogiri 1.11.7 (x86_64-linux)
#7 562.0 Fetching jaeger-client 1.1.0
#7 562.0 Fetching recaptcha 4.13.1
#7 562.0 Fetching gemojione 3.3.0
#7 562.0 Fetching po_to_json 1.0.1
#7 562.0 Fetching rbtrace 0.4.14
#7 562.0 Fetching toml 0.2.0
#7 562.0 Fetching net-scp 3.0.0
#7 562.0 Fetching org-ruby 0.9.12
#7 562.0 Fetching unleash 3.2.2
#7 562.1 Installing recaptcha 4.13.1
#7 562.1 Installing toml 0.2.0
#7 562.1 Installing po_to_json 1.0.1
#7 562.2 Installing unleash 3.2.2
#7 562.2 Installing net-scp 3.0.0
#7 562.2 Installing jaeger-client 1.1.0
#7 562.2 Installing org-ruby 0.9.12
#7 562.4 Installing rbtrace 0.4.14 with native extensions
#7 562.4 Fetching ruby_parser 3.15.0
#7 562.8 Installing ruby_parser 3.15.0
#7 563.6 Installing gemojione 3.3.0
#7 564.1 Using mail-smtp_pool 0.1.0 from source at `vendor/gems/mail-smtp_pool`
#7 615.0 Fetching wikicloth 0.8.1
#7 615.0 Fetching simplecov 0.18.5
#7 615.0 Fetching mustermann-grape 1.0.1
#7 615.0 Fetching acme-client 2.0.6
#7 615.0 Fetching faraday_middleware 1.0.0
#7 615.0 Fetching oauth2 1.4.7
#7 615.1 Installing mustermann-grape 1.0.1
#7 615.1 Installing faraday_middleware 1.0.0
#7 615.1 Installing acme-client 2.0.6
#7 615.2 Installing oauth2 1.4.7
#7 615.2 Installing simplecov 0.18.5
#7 615.2 Installing wikicloth 0.8.1
#7 615.4 Fetching faraday-http-cache 2.2.0
#7 615.5 Installing faraday-http-cache 2.2.0
#7 620.0 Fetching sentry-raven 3.1.2
#7 620.0 Fetching elasticsearch-transport 6.8.2
#7 620.0 Fetching ms_rest 0.7.6
#7 620.0 Fetching google-cloud-env 1.5.0
#7 620.1 Installing google-cloud-env 1.5.0
#7 620.2 Installing elasticsearch-transport 6.8.2
#7 620.2 Installing sentry-raven 3.1.2
#7 620.2 Installing ms_rest 0.7.6
#7 646.4 Fetching faraday_middleware-aws-sigv4 0.3.0
#7 646.4 Fetching aws-sdk-core 3.104.3
#7 646.4 Fetching omniauth-multipassword 0.4.2
#7 646.4 Fetching signet 0.14.0
#7 646.4 Fetching sawyer 0.8.2
#7 646.4 Fetching activesupport 6.1.4.1
#7 646.4 Fetching css_parser 1.7.0
#7 646.4 Fetching character_set 1.4.1
#7 646.5 Fetching claide-plugins 0.9.2
#7 646.5 Fetching et-orbi 1.2.1
#7 646.5 Installing faraday_middleware-aws-sigv4 0.3.0
#7 646.6 Installing sawyer 0.8.2
#7 646.6 Installing omniauth-multipassword 0.4.2
#7 646.6 Installing et-orbi 1.2.1
#7 646.6 Installing claide-plugins 0.9.2
#7 646.6 Installing css_parser 1.7.0
#7 646.6 Installing character_set 1.4.1 with native extensions
#7 646.6 Installing signet 0.14.0
#7 646.7 Installing activesupport 6.1.4.1
#7 646.7 Installing aws-sdk-core 3.104.3
#7 646.9 Fetching dry-logic 1.1.0
#7 646.9 Fetching dry-configurable 0.12.0
#7 646.9 Fetching httparty 0.16.4
#7 646.9 Fetching fog-core 2.1.0
#7 646.9 Fetching rqrcode-rails3 0.1.7
#7 646.9 Fetching gitlab_omniauth-ldap 2.1.1
#7 646.9 Fetching chef-config 16.10.17
#7 646.9 Fetching omniauth-oauth 1.1.0
#7 646.9 Fetching json_schemer 0.2.18
#7 646.9 Fetching domain_name 0.5.20190701
#7 646.9 Fetching omniauth-shibboleth 1.3.0
#7 646.9 Fetching webauthn 2.3.0
#7 646.9 Fetching http-parser 1.2.3
#7 646.9 Fetching redis-rack 2.1.3
#7 646.9 Fetching grpc 1.30.2 (x86_64-linux)
#7 646.9 Fetching ruby-fogbugz 0.2.1
#7 647.0 Installing dry-logic 1.1.0
#7 647.0 Installing dry-configurable 0.12.0
#7 647.0 Installing gitlab_omniauth-ldap 2.1.1
#7 647.0 Installing rqrcode-rails3 0.1.7
#7 647.0 Installing omniauth-shibboleth 1.3.0
#7 647.0 Installing omniauth-oauth 1.1.0
#7 647.0 Installing json_schemer 0.2.18
#7 647.0 Installing redis-rack 2.1.3
#7 647.0 Installing webauthn 2.3.0
#7 647.0 Installing http-parser 1.2.3 with native extensions
#7 647.1 Installing ruby-fogbugz 0.2.1
#7 647.1 Installing fog-core 2.1.0
#7 647.1 Installing chef-config 16.10.17
#7 647.1 Installing httparty 0.16.4
#7 647.6 Fetching gitlab-sidekiq-fetcher 0.8.0
#7 647.6 Fetching train-core 3.4.9
#7 647.6 Fetching puma_worker_killer 0.3.1
#7 647.6 Fetching license_finder 6.0.0
#7 647.6 Fetching kramdown-parser-gfm 1.1.0
#7 647.6 Fetching loofah 2.12.0
#7 647.6 Fetching html2text 0.2.0
#7 647.6 Fetching reverse_markdown 1.4.0
#7 647.7 Installing html2text 0.2.0
#7 647.7 Installing kramdown-parser-gfm 1.1.0
#7 647.7 Installing puma_worker_killer 0.3.1
#7 647.7 Installing gitlab-sidekiq-fetcher 0.8.0
#7 647.8 Installing reverse_markdown 1.4.0
#7 647.8 Installing loofah 2.12.0
#7 647.8 Installing train-core 3.4.9
#7 647.9 Installing license_finder 6.0.0
#7 648.2 Fetching nokogumbo 2.0.2
#7 648.2 Fetching ruby-saml 1.13.0
#7 648.2 Fetching omniauth-cas3 1.1.4
#7 648.4 Fetching truncato 0.7.11
#7 648.4 Fetching faraday_middleware-multi_json 0.0.6
#7 648.4 Fetching azure-storage-common 2.0.2
#7 648.4 Fetching simplecov-cobertura 1.3.1
#7 648.4 Fetching elasticsearch 6.8.2
#7 648.4 Fetching omniauth-oauth2 1.7.1
#7 648.4 Fetching premailer 1.11.1
#7 648.4 Fetching omniauth-kerberos 0.3.0
#7 648.4 Installing omniauth-cas3 1.1.4
#7 648.5 Installing ruby-saml 1.13.0
#7 648.5 Fetching octokit 4.20.0
#7 648.5 Fetching fugit 1.2.1
#7 648.6 Fetching googleauth 0.14.0
#7 648.6 Installing nokogumbo 2.0.2 with native extensions
#7 648.6 Installing elasticsearch 6.8.2
#7 648.6 Installing truncato 0.7.11
#7 648.6 Installing simplecov-cobertura 1.3.1
#7 648.6 Installing omniauth-oauth2 1.7.1
#7 648.6 Installing faraday_middleware-multi_json 0.0.6
#7 648.6 Installing omniauth-kerberos 0.3.0
#7 648.6 Installing premailer 1.11.1
#7 648.7 Installing azure-storage-common 2.0.2
#7 648.7 Fetching dry-container 0.7.2
#7 648.7 Fetching omniauth-twitter 1.4.0
#7 648.8 Installing fugit 1.2.1
#7 648.8 Fetching js_regex 3.7.0
#7 648.8 Fetching rails-html-sanitizer 1.4.2
#7 648.8 Installing googleauth 0.14.0
#7 648.9 Fetching ohai 16.10.6
#7 648.9 Fetching gitlab 4.16.1
#7 648.9 Fetching flowdock 0.7.1
#7 648.9 Installing dry-container 0.7.2
#7 648.9 Installing omniauth-twitter 1.4.0
#7 648.9 Installing octokit 4.20.0
#7 649.0 Fetching fog-json 1.2.0
#7 649.0 Installing js_regex 3.7.0
#7 649.0 Installing rails-html-sanitizer 1.4.2
#7 649.0 Fetching fog-xml 0.1.3
#7 649.0 Installing flowdock 0.7.1
#7 649.1 Installing fog-json 1.2.0
#7 649.1 Fetching fog-local 0.6.0
#7 649.1 Installing gitlab 4.16.1
#7 649.1 Fetching asana 0.10.3
#7 649.1 Installing fog-xml 0.1.3
#7 649.1 Installing ohai 16.10.6
#7 649.2 Fetching aws-sdk-cloudformation 1.41.0
#7 649.2 Installing fog-local 0.6.0
#7 649.3 Fetching aws-sdk-kms 1.36.0
#7 649.3 Fetching omniauth-atlassian-oauth2 0.2.0
#7 649.3 Installing asana 0.10.3
#7 649.4 Fetching omniauth-auth0 2.0.0
#7 649.4 Fetching omniauth-authentiq 0.3.3
#7 649.4 Installing omniauth-atlassian-oauth2 0.2.0
#7 649.5 Installing aws-sdk-cloudformation 1.41.0
#7 649.5 Fetching omniauth-azure-activedirectory-v2 1.0.0
#7 649.5 Installing aws-sdk-kms 1.36.0
#7 649.5 Installing omniauth-auth0 2.0.0
#7 649.5 Installing omniauth-authentiq 0.3.3
#7 649.6 Fetching omniauth-azure-oauth2 0.0.10
#7 649.6 Installing omniauth-azure-activedirectory-v2 1.0.0
#7 649.7 Installing omniauth-azure-oauth2 0.0.10
#7 650.4 Installing grpc 1.30.2 (x86_64-linux)
#7 652.5 Fetching omniauth-oauth2-generic 0.2.2
#7 652.5 Fetching omniauth-github 1.4.0
#7 652.5 Fetching omniauth-facebook 4.0.0
#7 652.5 Fetching omniauth-google-oauth2 0.6.0
#7 652.5 Fetching omniauth-gitlab 1.0.3
#7 652.5 Fetching omniauth-salesforce 1.0.5
#7 652.5 Fetching omniauth-saml 1.10.0
#7 652.5 Fetching fog-aliyun 0.3.3
#7 652.5 Fetching sidekiq-cron 1.0.4
#7 652.5 Fetching dry-types 1.4.0
#7 652.5 Fetching fog-openstack 1.0.8
#7 652.5 Fetching fog-rackspace 0.1.1
#7 652.5 Fetching globalid 0.5.2
#7 652.5 Fetching aws-sdk-s3 1.75.0
#7 652.5 Fetching fog-aws 3.12.0
#7 652.5 Fetching rails-dom-testing 2.0.3
#7 652.5 Fetching activemodel 6.1.4.1
#7 652.5 Fetching html-pipeline 2.13.2
#7 652.6 Installing omniauth-github 1.4.0
#7 652.6 Installing omniauth-oauth2-generic 0.2.2
#7 652.6 Installing omniauth-gitlab 1.0.3
#7 652.6 Installing omniauth-salesforce 1.0.5
#7 652.6 Installing omniauth-google-oauth2 0.6.0
#7 652.6 Installing omniauth-facebook 4.0.0
#7 652.6 Installing omniauth-saml 1.10.0
#7 652.6 Installing globalid 0.5.2
#7 652.6 Installing rails-dom-testing 2.0.3
#7 652.7 Installing html-pipeline 2.13.2
#7 652.7 Installing dry-types 1.4.0
#7 652.7 Installing fog-aliyun 0.3.3
#7 652.7 Installing activemodel 6.1.4.1
#7 652.8 Fetching json-jwt 1.13.0
#7 652.8 Installing fog-rackspace 0.1.1
#7 652.8 Installing sidekiq-cron 1.0.4
#7 652.9 Installing fog-openstack 1.0.8
#7 652.9 Installing aws-sdk-s3 1.75.0
#7 652.9 Installing json-jwt 1.13.0
#7 653.0 Fetching flipper-active_support_cache_store 0.21.0
#7 653.0 Fetching elasticsearch-model 6.1.1
#7 653.0 Fetching swd 1.2.0
#7 653.0 Fetching gitlab-experiment 0.6.4
#7 653.1 Installing fog-aws 3.12.0
#7 653.1 Fetching webfinger 1.1.0
#7 653.1 Fetching grape-entity 0.10.0
#7 653.1 Fetching graphql-client 0.16.0
#7 653.1 Fetching jira-ruby 2.1.4
#7 653.1 Installing flipper-active_support_cache_store 0.21.0
#7 653.1 Installing swd 1.2.0
#7 653.1 Installing gitlab-experiment 0.6.4
#7 653.2 Installing elasticsearch-model 6.1.1
#7 653.2 Installing webfinger 1.1.0
#7 653.2 Installing graphql-client 0.16.0
#7 653.3 Installing grape-entity 0.10.0
#7 653.3 Fetching omniauth_crowd 2.4.0
#7 653.3 Installing jira-ruby 2.1.4
#7 653.4 Fetching google-api-client 0.50.0
#7 653.4 Fetching azure-storage-blob 2.0.1
#7 653.4 Installing omniauth_crowd 2.4.0
#7 653.5 Installing azure-storage-blob 2.0.1
#7 654.0 Fetching danger 8.3.1
#7 654.0 Fetching licensee 9.14.1
#7 654.0 Fetching gitaly 14.3.0.pre.rc2
#7 654.0 Fetching kas-grpc 0.0.2
#7 654.0 Fetching spamcheck 0.1.0
#7 654.0 Fetching activejob 6.1.4.1
#7 654.0 Fetching sanitize 5.2.1
#7 654.2 Installing kas-grpc 0.0.2
#7 654.2 Installing gitaly 14.3.0.pre.rc2
#7 654.3 Installing sanitize 5.2.1
#7 654.3 Installing danger 8.3.1
#7 654.3 Fetching deckar01-task_list 2.3.1
#7 654.3 Fetching actionview 6.1.4.1
#7 654.4 Installing licensee 9.14.1
#7 654.5 Installing deckar01-task_list 2.3.1
#7 654.5 Installing spamcheck 0.1.0
#7 654.6 Fetching rack-oauth2 1.16.0
#7 654.6 Fetching grape 1.5.2
#7 654.6 Fetching activerecord 6.1.4.1
#7 654.6 Installing activejob 6.1.4.1
#7 654.6 Installing actionview 6.1.4.1
#7 654.7 Installing rack-oauth2 1.16.0
#7 654.7 Fetching carrierwave 1.3.2
#7 654.8 Installing grape 1.5.2
#7 654.9 Installing carrierwave 1.3.2
#7 655.0 Installing activerecord 6.1.4.1
#7 655.0 Fetching validate_email 0.1.6
#7 655.0 Fetching validate_url 1.0.13
#7 655.0 Fetching state_machines-activemodel 0.8.0
#7 655.0 Fetching valid_email 0.1.3
#7 655.1 Fetching graphlient 0.4.0
#7 655.2 Installing validate_url 1.0.13
#7 655.2 Installing validate_email 0.1.6
#7 655.2 Installing state_machines-activemodel 0.8.0
#7 655.2 Installing valid_email 0.1.3
#7 655.3 Installing graphlient 0.4.0
#7 655.9 Fetching danger-gitlab 8.0.0
#7 656.0 Installing danger-gitlab 8.0.0
#7 656.0 Fetching gitlab-dangerfiles 2.3.0
#7 656.1 Fetching kaminari-actionview 1.2.1
#7 656.1 Fetching actionpack 6.1.4.1
#7 656.2 Fetching openid_connect 1.2.0
#7 656.2 Installing kaminari-actionview 1.2.1
#7 656.2 Installing gitlab-dangerfiles 2.3.0
#7 656.3 Installing openid_connect 1.2.0
#7 656.4 Installing actionpack 6.1.4.1
#7 657.0 Fetching gitlab-omniauth-openid-connect 0.8.0
#7 657.0 Installing google-api-client 0.50.0
#7 657.1 Installing gitlab-omniauth-openid-connect 0.8.0
#7 657.3 Fetching grape_logging 1.8.3
#7 657.3 Fetching grape-path-helpers 1.7.0
#7 657.4 Installing grape_logging 1.8.3
#7 657.4 Installing grape-path-helpers 1.7.0
#7 657.7 Fetching apollo_upload_server 2.1.0
#7 657.7 Fetching railties 6.1.4.1
#7 657.7 Fetching gitlab-labkit 0.21.1
#7 657.7 Fetching actioncable 6.1.4.1
#7 657.7 Fetching bootstrap_form 4.2.0
#7 657.7 Fetching redis-actionpack 5.2.0
#7 657.7 Fetching actionmailer 6.1.4.1
#7 657.7 Fetching sprockets-rails 3.2.2
#7 657.7 Fetching gon 6.4.0
#7 657.8 Installing apollo_upload_server 2.1.0
#7 657.8 Installing redis-actionpack 5.2.0
#7 657.8 Installing sprockets-rails 3.2.2
#7 657.9 Installing actionmailer 6.1.4.1
#7 657.9 Installing gitlab-labkit 0.21.1
#7 657.9 Installing actioncable 6.1.4.1
#7 658.0 Installing bootstrap_form 4.2.0
#7 658.0 Installing gon 6.4.0
#7 658.1 Installing railties 6.1.4.1
#7 658.6 Fetching acts-as-taggable-on 7.0.0
#7 658.6 Fetching default_value_for 3.4.0
#7 658.6 Fetching marginalia 1.10.0
#7 658.6 Fetching seed-fu 2.3.7
#7 658.6 Fetching activestorage 6.1.4.1
#7 658.6 Fetching activerecord-explain-analyze 0.1.0
#7 658.6 Fetching kaminari-activerecord 1.2.1
#7 658.6 Fetching premailer-rails 1.10.3
#7 658.6 Fetching flipper-active_record 0.21.0
#7 658.6 Fetching state_machines-activerecord 0.8.0
#7 658.7 Fetching validates_hostname 1.0.11
#7 658.7 Installing seed-fu 2.3.7
#7 658.7 Installing flipper-active_record 0.21.0
#7 658.7 Installing activerecord-explain-analyze 0.1.0
#7 658.7 Installing marginalia 1.10.0
#7 658.7 Installing kaminari-activerecord 1.2.1
#7 658.7 Installing premailer-rails 1.10.3
#7 658.7 Installing state_machines-activerecord 0.8.0
#7 658.7 Installing default_value_for 3.4.0
#7 658.8 Installing acts-as-taggable-on 7.0.0
#7 658.8 Installing activestorage 6.1.4.1
#7 658.8 Installing validates_hostname 1.0.11
#7 659.1 Fetching kaminari 1.2.1
#7 659.2 Installing kaminari 1.2.1
#7 659.5 Fetching actionmailbox 6.1.4.1
#7 659.5 Fetching actiontext 6.1.4.1
#7 659.6 Installing actionmailbox 6.1.4.1
#7 659.6 Installing actiontext 6.1.4.1
#7 660.5 Fetching rails-i18n 6.0.0
#7 660.5 Fetching doorkeeper 5.5.0.rc2
#7 660.5 Fetching peek 1.1.0
#7 660.5 Fetching responders 3.0.0
#7 660.5 Fetching rails 6.1.4.1
#7 660.5 Fetching graphiql-rails 1.4.10
#7 660.5 Fetching health_check 3.0.0
#7 660.5 Fetching lograge 0.11.2
#7 660.5 Fetching sassc-rails 2.1.0
#7 660.6 Installing rails 6.1.4.1
#7 660.6 Installing lograge 0.11.2
#7 660.6 Installing health_check 3.0.0
#7 660.6 Installing responders 3.0.0
#7 660.6 Installing peek 1.1.0
#7 660.6 Installing sassc-rails 2.1.0
#7 660.7 Fetching gettext_i18n_rails_js 1.3.0
#7 660.7 Fetching invisible_captcha 1.1.0
#7 660.7 Installing rails-i18n 6.0.0
#7 660.7 Installing doorkeeper 5.5.0.rc2
#7 660.8 Fetching devise 4.7.3
#7 660.9 Installing gettext_i18n_rails_js 1.3.0
#7 660.9 Installing invisible_captcha 1.1.0
#7 661.0 Installing devise 4.7.3
#7 661.8 Installing graphiql-rails 1.4.10
#7 661.8 Fetching doorkeeper-openid_connect 1.7.5
#7 661.8 Fetching devise-two-factor 4.0.0
#7 661.9 Installing doorkeeper-openid_connect 1.7.5
#7 661.9 Installing devise-two-factor 4.0.0
#7 664.2 Fetching fog-google 1.15.0
#7 664.3 Installing fog-google 1.15.0
#7 707.1 Installing domain_name 0.5.20190701
#7 707.3 Fetching http-cookie 1.0.3
#7 707.4 Installing http-cookie 1.0.3
#7 707.7 Fetching rest-client 2.1.0
#7 707.7 Fetching http 4.4.1
#7 707.7 Fetching faraday-cookie_jar 0.0.7
#7 707.8 Installing faraday-cookie_jar 0.0.7
#7 707.8 Installing http 4.4.1
#7 707.8 Installing rest-client 2.1.0
#7 708.1 Fetching ms_rest_azure 0.12.0
#7 708.1 Fetching discordrb-webhooks 3.4.2
#7 708.1 Fetching kubeclient 4.9.2
#7 708.1 Installing discordrb-webhooks 3.4.2
#7 708.2 Installing ms_rest_azure 0.12.0
#7 708.2 Installing kubeclient 4.9.2
#7 708.4 Fetching gitlab-fog-azure-rm 1.2.0
#7 708.6 Installing gitlab-fog-azure-rm 1.2.0
#7 708.9 Bundle complete! 276 Gemfile dependencies, 448 gems now installed.
#7 708.9 Gems in the groups development, test, mysql and aws were not installed.
#7 708.9 Bundled gems are installed into `./vendor/bundle`
#7 708.9 Post-install message from acts-as-taggable-on:
#7 708.9 When upgrading
#7 708.9 
#7 708.9 Re-run the migrations generator
#7 708.9 
#7 708.9     rake acts_as_taggable_on_engine:install:migrations
#7 708.9 
#7 708.9 This will create any new migrations and skip existing ones
#7 708.9 Version 3.5.0 has a migration for mysql adapter
#7 708.9 Post-install message from encryptor:
#7 708.9 
#7 708.9 
#7 708.9 
#7 708.9 Please be aware that Encryptor v2.0.0 had a major security bug when using AES-*-GCM algorithms.
#7 708.9 
#7 708.9 By default You will not be able to decrypt data that was previously encrypted using an AES-*-GCM algorithm.
#7 708.9 
#7 708.9 Please see the README and https://github.com/attr-encrypted/encryptor/pull/22 for more information.
#7 708.9 
#7 708.9 
#7 708.9 Post-install message from attr_encrypted:
#7 708.9 
#7 708.9 
#7 708.9 
#7 708.9 WARNING: Several insecure default options and features were deprecated in attr_encrypted v2.0.0.
#7 708.9 
#7 708.9 Additionally, there was a bug in Encryptor v2.0.0 that insecurely encrypted data when using an AES-*-GCM algorithm.
#7 708.9 
#7 708.9 This bug was fixed but introduced breaking changes between v2.x and v3.x.
#7 708.9 
#7 708.9 Please see the README for more information regarding upgrading to attr_encrypted v3.0.0.
#7 708.9 
#7 708.9 
#7 708.9 Post-install message from httparty:
#7 708.9 When you HTTParty, you must party hard!
#7 708.9 Post-install message from html-pipeline:
#7 708.9 -------------------------------------------------
#7 708.9 Thank you for installing html-pipeline!
#7 708.9 You must bundle Filter gem dependencies.
#7 708.9 See html-pipeline README.md for more details.
#7 708.9 https://github.com/jch/html-pipeline#dependencies
#7 708.9 -------------------------------------------------
#7 708.9 Post-install message from doorkeeper:
#7 708.9 Starting from 5.5.0.rc1 Doorkeeper requires client authentication for Resource Owner Password Grant
#7 708.9 as stated in the OAuth RFC. You have to create a new OAuth client (Doorkeeper::Application) if you didn't
#7 708.9 have it before and use client credentials in HTTP Basic auth if you previously used this grant flow without
#7 708.9 client authentication. 
#7 708.9 
#7 708.9 To opt out of this you could set the "skip_client_authentication_for_password_grant" configuration option
#7 708.9 to "true", but note that this is in violation of the OAuth spec and represents a security risk.
#7 708.9 
#7 708.9 Read https://github.com/doorkeeper-gem/doorkeeper/issues/561#issuecomment-612857163 for more details.
#7 708.9 Post-install message from gitlab-fog-azure-rm:
#7 708.9 Thanks for installing!
#7 708.9 Post-install message from icalendar:
#7 708.9 HEADS UP! iCalendar 2.0 is not backwards-compatible with 1.x. Please see the README for the new syntax
#7 708.9 
#7 708.9 HEADS UP! icalendar 2.2.0 switches to non-strict parsing as default. Please see the README if you
#7 708.9 rely on strict parsing for information on how to enable it.
#7 708.9 
#7 708.9 ActiveSupport is required for TimeWithZone support, but not required for general use.
#7 708.9 Post-install message from ruby-magic:
#7 708.9 Thank you for installing!
#7 708.9 Post-install message from sentry-raven:
#7 708.9 `sentry-raven` is deprecated! Please migrate to `sentry-ruby`
#7 708.9 
#7 708.9 See https://docs.sentry.io/platforms/ruby/migration for the migration guide.
#7 708.9 
#7 709.0 step five...
#7 709.0 + echo 'step five...'
#7 709.0 + chown -R git: /home/git
#7 711.9 + exec_as_git cp /home/git/gitlab/config/resque.yml.example /home/git/gitlab/config/resque.yml
#7 711.9 ++ whoami
#7 711.9 + [[ root == \g\i\t ]]
#7 711.9 + sudo -HEu git cp /home/git/gitlab/config/resque.yml.example /home/git/gitlab/config/resque.yml
#7 711.9 + exec_as_git cp /home/git/gitlab/config/gitlab.yml.example /home/git/gitlab/config/gitlab.yml
#7 711.9 ++ whoami
#7 711.9 + [[ root == \g\i\t ]]
#7 711.9 + sudo -HEu git cp /home/git/gitlab/config/gitlab.yml.example /home/git/gitlab/config/gitlab.yml
#7 711.9 + exec_as_git cp /home/git/gitlab/config/database.yml.postgresql /home/git/gitlab/config/database.yml
#7 711.9 ++ whoami
#7 711.9 + [[ root == \g\i\t ]]
#7 711.9 + sudo -HEu git cp /home/git/gitlab/config/database.yml.postgresql /home/git/gitlab/config/database.yml
#7 711.9 + echo 'step six...'
#7 711.9 + exec_as_git yarn install --production --pure-lockfile
#7 711.9 step six...
#7 711.9 ++ whoami
#7 711.9 + [[ root == \g\i\t ]]
#7 711.9 + sudo -HEu git yarn install --production --pure-lockfile
#7 712.0 Yarn requires Node.js 4.0 or higher to be installed.
#7 ERROR: process "/bin/sh -c bash ${GITLAB_BUILD_DIR}/install.sh" did not complete successfully: exit code: 1
------
 > [3/7] RUN bash /etc/docker-gitlab/build/install.sh:
711.9 ++ whoami
711.9 + [[ root == \g\i\t ]]
711.9 + sudo -HEu git cp /home/git/gitlab/config/database.yml.postgresql /home/git/gitlab/config/database.yml
711.9 + echo 'step six...'
711.9 + exec_as_git yarn install --production --pure-lockfile
711.9 step six...
711.9 ++ whoami
711.9 + [[ root == \g\i\t ]]
711.9 + sudo -HEu git yarn install --production --pure-lockfile
712.0 Yarn requires Node.js 4.0 or higher to be installed.
------
Dockerfile:77
--------------------
  75 |     
  76 |     COPY assets/build/ ${GITLAB_BUILD_DIR}/
  77 | >>> RUN bash ${GITLAB_BUILD_DIR}/install.sh
  78 |     COPY assets/runtime/ ${GITLAB_RUNTIME_DIR}/
  79 |     COPY entrypoint.sh /sbin/entrypoint.sh
--------------------
ERROR: failed to solve: process "/bin/sh -c bash ${GITLAB_BUILD_DIR}/install.sh" did not complete successfully: exit code: 1
