#0 building with "default" instance using docker driver

#1 [internal] load build definition from Dockerfile
#1 transferring dockerfile:
#1 transferring dockerfile: 5.70kB done
#1 DONE 1.1s

#2 [internal] load metadata for docker.io/library/astra18prepare:latest
#2 DONE 0.0s

#3 [internal] load .dockerignore
#3 transferring context:
#3 transferring context: 128B done
#3 DONE 1.1s

#4 [1/7] FROM docker.io/library/astra18prepare:latest
#4 DONE 2.7s

#5 [internal] load build context
#5 transferring context: 17.80kB done
#5 DONE 3.4s

#6 [2/7] COPY assets/build/ /etc/docker-gitlab/build/
#6 DONE 3.4s

#7 [3/7] RUN bash /etc/docker-gitlab/build/install.sh
#7 5.856 + GITLAB_CLONE_URL=https://gitlab.com/gitlab-org/gitlab-foss.git
#7 5.856 + GITLAB_SHELL_URL=https://gitlab.com/gitlab-org/gitlab-shell/-/archive/v13.21.1/gitlab-shell-v13.21.1.tar.bz2
#7 5.856 + GITLAB_PAGES_URL=https://gitlab.com/gitlab-org/gitlab-pages.git
#7 5.856 + GITLAB_GITALY_URL=https://gitlab.com/gitlab-org/gitaly.git
#7 5.856 + GITLAB_WORKHORSE_BUILD_DIR=/home/git/gitlab/workhorse
#7 5.856 + GITLAB_PAGES_BUILD_DIR=/tmp/gitlab-pages
#7 5.856 + GITLAB_GITALY_BUILD_DIR=/tmp/gitaly
#7 5.856 + RUBY_SRC_URL=https://cache.ruby-lang.org/pub/ruby/2.7/ruby-2.7.4.tar.gz
#7 5.856 + GEM_CACHE_DIR=/etc/docker-gitlab/build/cache
#7 5.856 + GOROOT=/tmp/go
#7 5.856 + PATH=/tmp/go/bin:/usr/local/sbin:/usr/local/bin:/usr/sbin:/usr/bin:/sbin:/bin
#7 5.856 + export GOROOT PATH
#7 5.856 + apt-get update
#7 6.092 Get:1 https://download.astralinux.ru/astra/frozen/1.8_x86-64/1.8.1/uu/2/main-repository 1.8_x86-64 InRelease [6714 B]
#7 6.122 Get:2 https://download.astralinux.ru/astra/frozen/1.8_x86-64/1.8.1/uu/2/extended-repository 1.8_x86-64 InRelease [6707 B]
#7 6.129 Get:3 https://dl.yarnpkg.com/debian stable InRelease [17.1 kB]
#7 6.162 Get:4 https://deb.nodesource.com/node_16.x nodistro InRelease [12.1 kB]
#7 6.783 Get:5 https://apt.postgresql.org/pub/repos/apt bookworm-pgdg InRelease [129 kB]
#7 7.392 Get:6 https://download.astralinux.ru/astra/frozen/1.8_x86-64/1.8.1/uu/2/main-repository 1.8_x86-64/main amd64 Packages [1403 kB]
#7 7.624 Get:7 https://download.astralinux.ru/astra/frozen/1.8_x86-64/1.8.1/uu/2/main-repository 1.8_x86-64/contrib amd64 Packages [934 B]
#7 7.626 Get:8 https://download.astralinux.ru/astra/frozen/1.8_x86-64/1.8.1/uu/2/main-repository 1.8_x86-64/non-free amd64 Packages [58.2 kB]
#7 8.539 Get:9 https://download.astralinux.ru/astra/frozen/1.8_x86-64/1.8.1/uu/2/extended-repository 1.8_x86-64/non-free amd64 Packages [79.3 kB]
#7 8.602 Get:10 https://download.astralinux.ru/astra/frozen/1.8_x86-64/1.8.1/uu/2/extended-repository 1.8_x86-64/contrib amd64 Packages [7906 B]
#7 8.607 Get:11 https://download.astralinux.ru/astra/frozen/1.8_x86-64/1.8.1/uu/2/extended-repository 1.8_x86-64/main amd64 Packages [5792 kB]
#7 8.673 Get:12 https://dl.yarnpkg.com/debian stable/main amd64 Packages [10.9 kB]
#7 8.702 Get:13 https://deb.nodesource.com/node_16.x nodistro/main amd64 Packages [7462 B]
#7 8.791 Get:14 https://dl.yarnpkg.com/debian stable/main all Packages [10.9 kB]
#7 9.093 Get:15 https://apt.postgresql.org/pub/repos/apt bookworm-pgdg/main amd64 Packages [360 kB]
#7 10.42 Fetched 7902 kB in 5s (1742 kB/s)
#7 10.42 Reading package lists...
#7 10.63 + DEBIAN_FRONTEND=noninteractive
#7 10.63 + apt-get install --no-install-recommends -y
#7 11.72 Reading package lists...
#7 11.92 Building dependency tree...
#7 11.95 Reading state information...
#7 12.61 0 upgraded, 0 newly installed, 0 to remove and 0 not upgraded.
#7 12.61 + echo 'Building ruby v2.7.4 from source...'
#7 12.61 + PWD_ORG=/
#7 12.61 + mkdir /tmp/ruby
#7 12.61 Building ruby v2.7.4 from source...
#7 12.61 + cd /tmp/ruby
#7 12.61 + curl --remote-name -Ss https://cache.ruby-lang.org/pub/ruby/2.7/ruby-2.7.4.tar.gz
#7 14.72 + printf '%s ruby-%s.tar.gz' 3043099089608859fc8cce7f9fdccaa1f53a462457e3838ec3b25a7d609fbc5b 2.7.4
#7 14.72 + sha256sum -c -
#7 14.78 ruby-2.7.4.tar.gz: OK
#7 14.78 + tar xzf ruby-2.7.4.tar.gz
#7 16.15 + cd ruby-2.7.4
#7 16.15 + ./configure --disable-install-rdoc --enable-shared
#7 16.25 checking for ruby... false
#7 16.26 checking build system type... x86_64-pc-linux-gnu
#7 16.31 checking host system type... x86_64-pc-linux-gnu
#7 16.31 checking target system type... x86_64-pc-linux-gnu
#7 16.31 checking for gcc... gcc
#7 16.34 checking whether the C compiler works... yes
#7 16.38 checking for C compiler default output file name... a.out
#7 16.38 checking for suffix of executables... 
#7 16.41 checking whether we are cross compiling... no
#7 16.45 checking for suffix of object files... o
#7 16.47 checking whether we are using the GNU C compiler... yes
#7 16.49 checking whether gcc accepts -g... yes
#7 16.51 checking for gcc option to accept ISO C89... none needed
#7 16.55 checking how to run the C preprocessor... gcc -E
#7 16.60 checking for grep that handles long lines and -e... /usr/bin/grep
#7 16.60 checking for egrep... /usr/bin/grep -E
#7 16.60 checking for ANSI C header files... yes
#7 16.71 checking for sys/types.h... yes
#7 16.74 checking for sys/stat.h... yes
#7 16.77 checking for stdlib.h... yes
#7 16.80 checking for string.h... yes
#7 16.83 checking for memory.h... yes
#7 16.87 checking for strings.h... yes
#7 16.90 checking for inttypes.h... yes
#7 16.93 checking for stdint.h... yes
#7 16.96 checking for unistd.h... yes
#7 16.99 checking minix/config.h usability... no
#7 17.02 checking minix/config.h presence... no
#7 17.04 checking for minix/config.h... no
#7 17.04 checking whether it is safe to define __EXTENSIONS__... yes
#7 17.07 checking for gcc option to accept ISO C99... none needed
#7 17.11 checking for g++... g++
#7 17.14 checking whether we are using the GNU C++ compiler... yes
#7 17.18 checking whether g++ accepts -g... yes
#7 17.20 checking whether gcc needs -traditional... no
#7 17.23 checking for ld... ld
#7 17.25 checking whether the linker is GNU ld... yes
#7 17.26 checking whether gcc -E accepts -o... yes
#7 17.27 checking for gcc... /usr/bin/gcc
#7 17.28 checking for ranlib... ranlib
#7 17.28 checking for ar... ar
#7 17.28 checking for ar flags... rcD
#7 17.29 checking for as... as
#7 17.29 checking for objdump... objdump
#7 17.29 checking for objcopy... objcopy
#7 17.29 checking for nm... nm
#7 17.29 checking whether ln -s works... yes
#7 17.29 checking whether make sets $(MAKE)... yes
#7 17.30 checking for a BSD-compatible install... /usr/bin/install -c
#7 17.31 checking for a thread-safe mkdir -p... /usr/bin/mkdir -p
#7 17.31 checking for dtrace... no
#7 17.31 checking for dot... no
#7 17.31 checking for doxygen... no
#7 17.31 checking for pkg-config... pkg-config
#7 17.32 checking for cd using physical directory... cd -P
#7 17.33 checking whether CFLAGS is valid... yes
#7 17.35 checking whether LDFLAGS is valid... yes
#7 17.39 checking whether -Wl,-R. is accepted as LDFLAGS... yes
#7 17.42 checking whether -Wl,-rpath,. is accepted as LDFLAGS... yes
#7 17.46 checking whether -Wdeprecated-declarations is accepted as CFLAGS... yes
#7 17.48 checking whether -Wdivision-by-zero is accepted as CFLAGS... no
#7 17.50 checking whether -Wduplicated-cond is accepted as CFLAGS... yes
#7 17.53 checking whether -Wimplicit-function-declaration is accepted as CFLAGS... yes
#7 17.55 checking whether -Wimplicit-int is accepted as CFLAGS... yes
#7 17.57 checking whether -Wmisleading-indentation is accepted as CFLAGS... yes
#7 17.59 checking whether -Wpointer-arith is accepted as CFLAGS... yes
#7 17.61 checking whether -Wshorten-64-to-32 is accepted as CFLAGS... no
#7 17.63 checking whether -Wwrite-strings is accepted as CFLAGS... yes
#7 17.66 checking whether -Wimplicit-fallthrough=0 is accepted as CFLAGS... yes
#7 17.68 checking whether -Wmissing-noreturn is accepted as CFLAGS... yes
#7 17.70 checking whether -Wno-cast-function-type is accepted as CFLAGS... yes
#7 17.72 checking whether -Wno-constant-logical-operand is accepted as CFLAGS... yes
#7 17.74 checking whether -Wno-long-long is accepted as CFLAGS... yes
#7 17.77 checking whether -Wno-missing-field-initializers is accepted as CFLAGS... yes
#7 17.79 checking whether -Wno-overlength-strings is accepted as CFLAGS... yes
#7 17.81 checking whether -Wno-packed-bitfield-compat is accepted as CFLAGS... yes
#7 17.83 checking whether -Wno-parentheses-equality is accepted as CFLAGS... yes
#7 17.85 checking whether -Wno-self-assign is accepted as CFLAGS... yes
#7 17.88 checking whether -Wno-tautological-compare is accepted as CFLAGS... yes
#7 17.90 checking whether -Wno-unused-parameter is accepted as CFLAGS... yes
#7 17.92 checking whether -Wno-unused-value is accepted as CFLAGS... yes
#7 17.94 checking whether -Wsuggest-attribute=format is accepted as CFLAGS... yes
#7 17.96 checking whether -Wsuggest-attribute=noreturn is accepted as CFLAGS... yes
#7 17.98 checking whether -Wunused-variable is accepted as CFLAGS... yes
#7 18.01 checking whether -diag-disable=175,188,1684,2259,2312 is accepted as CFLAGS... no
#7 18.04 checking whether -Wextra-tokens is accepted as CFLAGS... no
#7 18.06 checking whether -Wall -Wextra is accepted as CFLAGS... yes
#7 18.08 checking whether -Qunused-arguments is accepted as CFLAGS... no
#7 18.09 checking whether -D_FORTIFY_SOURCE=2 is accepted as CFLAGS... yes
#7 18.11 checking whether -fstack-protector-strong is accepted as CFLAGS... yes
#7 18.13 checking whether -fstack-protector-strong is accepted as LDFLAGS... yes
#7 18.17 checking whether -Wl,--compress-debug-sections=zlib is accepted as LDFLAGS... yes
#7 18.21 checking whether -std=gnu99 is accepted as CFLAGS... yes
#7 18.23 checking whether -fno-strict-overflow is accepted as CFLAGS... yes
#7 18.25 checking whether -ggdb3 is accepted as CFLAGS... yes
#7 18.27 checking whether -fvisibility=hidden is accepted as CFLAGS... yes
#7 18.29 checking whether -fno-fast-math is accepted as CFLAGS... yes
#7 18.31 checking whether -fexcess-precision=standard is accepted as CFLAGS... yes
#7 18.33 checking whether -fp-model precise is accepted as CFLAGS... no
#7 18.34 checking whether compiler has statement and declarations in expressions... yes
#7 18.36 checking for crypt in -lcrypt... yes
#7 18.40 checking for dlopen in -ldl... yes
#7 18.44 checking for shl_load in -ldld... no
#7 18.48 checking for shutdown in -lsocket... no
#7 18.51 checking for dirent.h that defines DIR... yes
#7 18.54 checking for library containing opendir... none required
#7 18.58 checking for stdbool.h that conforms to C99... yes
#7 18.60 checking for _Bool... yes
#7 18.67 checking for sys/wait.h that is POSIX.1 compatible... yes
#7 18.70 checking a.out.h usability... yes
#7 18.73 checking a.out.h presence... yes
#7 18.74 checking for a.out.h... yes
#7 18.74 checking atomic.h usability... no
#7 18.77 checking atomic.h presence... no
#7 18.79 checking for atomic.h... no
#7 18.79 checking copyfile.h usability... no
#7 18.82 checking copyfile.h presence... no
#7 18.84 checking for copyfile.h... no
#7 18.84 checking direct.h usability... no
#7 18.87 checking direct.h presence... no
#7 18.89 checking for direct.h... no
#7 18.89 checking grp.h usability... yes
#7 18.92 checking grp.h presence... yes
#7 18.93 checking for grp.h... yes
#7 18.93 checking fcntl.h usability... yes
#7 18.96 checking fcntl.h presence... yes
#7 18.97 checking for fcntl.h... yes
#7 18.98 checking float.h usability... yes
#7 19.00 checking float.h presence... yes
#7 19.01 checking for float.h... yes
#7 19.02 checking ieeefp.h usability... no
#7 19.05 checking ieeefp.h presence... no
#7 19.06 checking for ieeefp.h... no
#7 19.06 checking intrinsics.h usability... no
#7 19.10 checking intrinsics.h presence... no
#7 19.11 checking for intrinsics.h... no
#7 19.11 checking langinfo.h usability... yes
#7 19.14 checking langinfo.h presence... yes
#7 19.15 checking for langinfo.h... yes
#7 19.15 checking limits.h usability... yes
#7 19.18 checking limits.h presence... yes
#7 19.20 checking for limits.h... yes
#7 19.20 checking locale.h usability... yes
#7 19.23 checking locale.h presence... yes
#7 19.24 checking for locale.h... yes
#7 19.24 checking malloc.h usability... yes
#7 19.27 checking malloc.h presence... yes
#7 19.28 checking for malloc.h... yes
#7 19.28 checking malloc/malloc.h usability... no
#7 19.32 checking malloc/malloc.h presence... no
#7 19.33 checking for malloc/malloc.h... no
#7 19.33 checking malloc_np.h usability... no
#7 19.36 checking malloc_np.h presence... no
#7 19.38 checking for malloc_np.h... no
#7 19.38 checking net/socket.h usability... no
#7 19.41 checking net/socket.h presence... no
#7 19.43 checking for net/socket.h... no
#7 19.43 checking process.h usability... no
#7 19.46 checking process.h presence... no
#7 19.48 checking for process.h... no
#7 19.48 checking pwd.h usability... yes
#7 19.50 checking pwd.h presence... yes
#7 19.52 checking for pwd.h... yes
#7 19.52 checking sanitizer/asan_interface.h usability... yes
#7 19.55 checking sanitizer/asan_interface.h presence... yes
#7 19.56 checking for sanitizer/asan_interface.h... yes
#7 19.56 checking sanitizer/msan_interface.h usability... no
#7 19.59 checking sanitizer/msan_interface.h presence... no
#7 19.61 checking for sanitizer/msan_interface.h... no
#7 19.61 checking setjmpex.h usability... no
#7 19.64 checking setjmpex.h presence... no
#7 19.66 checking for setjmpex.h... no
#7 19.66 checking stdalign.h usability... yes
#7 19.69 checking stdalign.h presence... yes
#7 19.70 checking for stdalign.h... yes
#7 19.70 checking sys/attr.h usability... no
#7 19.73 checking sys/attr.h presence... no
#7 19.75 checking for sys/attr.h... no
#7 19.75 checking sys/eventfd.h usability... yes
#7 19.78 checking sys/eventfd.h presence... yes
#7 19.79 checking for sys/eventfd.h... yes
#7 19.79 checking sys/fcntl.h usability... yes
#7 19.82 checking sys/fcntl.h presence... yes
#7 19.83 checking for sys/fcntl.h... yes
#7 19.84 checking sys/file.h usability... yes
#7 19.87 checking sys/file.h presence... yes
#7 19.88 checking for sys/file.h... yes
#7 19.88 checking sys/id.h usability... no
#7 19.91 checking sys/id.h presence... no
#7 19.93 checking for sys/id.h... no
#7 19.93 checking sys/ioctl.h usability... yes
#7 19.96 checking sys/ioctl.h presence... yes
#7 19.97 checking for sys/ioctl.h... yes
#7 19.98 checking sys/mkdev.h usability... no
#7 20.01 checking sys/mkdev.h presence... no
#7 20.02 checking for sys/mkdev.h... no
#7 20.02 checking sys/param.h usability... yes
#7 20.06 checking sys/param.h presence... yes
#7 20.08 checking for sys/param.h... yes
#7 20.08 checking sys/prctl.h usability... yes
#7 20.11 checking sys/prctl.h presence... yes
#7 20.12 checking for sys/prctl.h... yes
#7 20.12 checking sys/resource.h usability... yes
#7 20.15 checking sys/resource.h presence... yes
#7 20.16 checking for sys/resource.h... yes
#7 20.16 checking sys/select.h usability... yes
#7 20.19 checking sys/select.h presence... yes
#7 20.21 checking for sys/select.h... yes
#7 20.21 checking sys/sendfile.h usability... yes
#7 20.24 checking sys/sendfile.h presence... yes
#7 20.25 checking for sys/sendfile.h... yes
#7 20.25 checking sys/socket.h usability... yes
#7 20.28 checking sys/socket.h presence... yes
#7 20.30 checking for sys/socket.h... yes
#7 20.30 checking sys/syscall.h usability... yes
#7 20.33 checking sys/syscall.h presence... yes
#7 20.34 checking for sys/syscall.h... yes
#7 20.34 checking sys/sysmacros.h usability... yes
#7 20.37 checking sys/sysmacros.h presence... yes
#7 20.38 checking for sys/sysmacros.h... yes
#7 20.39 checking sys/time.h usability... yes
#7 20.41 checking sys/time.h presence... yes
#7 20.43 checking for sys/time.h... yes
#7 20.43 checking sys/times.h usability... yes
#7 20.46 checking sys/times.h presence... yes
#7 20.47 checking for sys/times.h... yes
#7 20.47 checking sys/uio.h usability... yes
#7 20.50 checking sys/uio.h presence... yes
#7 20.51 checking for sys/uio.h... yes
#7 20.52 checking sys/utime.h usability... no
#7 20.55 checking sys/utime.h presence... no
#7 20.56 checking for sys/utime.h... no
#7 20.56 checking syscall.h usability... yes
#7 20.59 checking syscall.h presence... yes
#7 20.61 checking for syscall.h... yes
#7 20.61 checking time.h usability... yes
#7 20.64 checking time.h presence... yes
#7 20.65 checking for time.h... yes
#7 20.65 checking ucontext.h usability... yes
#7 20.68 checking ucontext.h presence... yes
#7 20.69 checking for ucontext.h... yes
#7 20.69 checking utime.h usability... yes
#7 20.72 checking utime.h presence... yes
#7 20.74 checking for utime.h... yes
#7 20.74 checking gmp.h usability... no
#7 20.77 checking gmp.h presence... no
#7 20.79 checking for gmp.h... no
#7 20.79 checking for special C compiler options needed for large files... no
#7 20.79 checking for _FILE_OFFSET_BITS value needed for large files... no
#7 20.82 checking whether byte ordering is bigendian... no
#7 20.89 checking for an ANSI C-conforming const... yes
#7 20.91 checking whether char is unsigned... no
#7 20.95 checking for inline... inline
#7 20.96 checking for working volatile... yes
#7 20.98 checking for typeof syntax and keyword spelling... typeof
#7 21.00 checking for C/C++ restrict keyword... __restrict
#7 21.02 checking for long long... yes
#7 21.09 checking for off_t... yes
#7 21.16 checking char bit... 8
#7 21.21 checking size of int... 4
#7 21.27 checking size of short... 2
#7 21.33 checking size of long... 8
#7 21.39 checking size of long long... 8
#7 21.45 checking size of __int64... 0
#7 21.48 checking size of __int128... 16
#7 21.54 checking size of off_t... 8
#7 21.60 checking size of void*... 8
#7 21.66 checking size of float... 4
#7 21.72 checking size of double... 8
#7 21.78 checking size of time_t... 8
#7 21.83 checking size of clock_t... 8
#7 21.89 checking packed struct attribute... x __attribute__((packed))
#7 21.93 checking whether -Wno-address-of-packed-member is accepted as CFLAGS... yes
#7 21.95 checking for printf prefix for long long... ll
#7 21.97 checking for pid_t... yes
#7 22.04 checking for convertible type of pid_t... INT
#7 22.18 checking for uid_t... yes
#7 22.25 checking for convertible type of uid_t... UINT
#7 22.39 checking for gid_t... yes
#7 22.46 checking for convertible type of gid_t... UINT
#7 22.61 checking for time_t... yes
#7 22.65 checking for convertible type of time_t... LONG
#7 22.72 checking for dev_t... yes
#7 22.79 checking for convertible type of dev_t... ULONG
#7 22.90 checking for mode_t... yes
#7 22.95 checking for convertible type of mode_t... UINT
#7 23.04 checking for rlim_t... yes
#7 23.09 checking for convertible type of rlim_t... ULONG
#7 23.16 checking for off_t... (cached) yes
#7 23.17 checking for convertible type of off_t... LONG
#7 23.27 checking for clockid_t... yes
#7 23.32 checking for convertible type of clockid_t... INT
#7 23.41 checking for prototypes... yes
#7 23.43 checking token paste string... ansi
#7 23.45 checking stringization... #expr
#7 23.47 checking string literal concatenation... yes
#7 23.49 checking for variable length prototypes and stdarg.h... yes
#7 23.51 checking for variable length macro... yes
#7 23.53 checking for alignas() syntax... __attribute__((__aligned__(x)))
#7 23.63 checking for alignof() syntax... alignof
#7 23.65 checking for CONSTFUNC function attribute... __attribute__ ((__const__)) x
#7 23.67 checking for PUREFUNC function attribute... __attribute__ ((__pure__)) x
#7 23.68 checking for NORETURN function attribute... __attribute__ ((__noreturn__)) x
#7 23.70 checking for DEPRECATED function attribute... __attribute__ ((__deprecated__)) x
#7 23.72 checking for DEPRECATED_BY function attribute... __attribute__ ((__deprecated__("by "#n))) x
#7 23.74 checking for DEPRECATED_TYPE type attribute... __attribute__ ((__deprecated__ mesg)) x
#7 23.76 checking for NOINLINE function attribute... __attribute__ ((__noinline__)) x
#7 23.78 checking for ALWAYS_INLINE function attribute... __attribute__ ((__always_inline__)) x
#7 23.80 checking for NO_SANITIZE function attribute... __attribute__ ((__no_sanitize__(san))) x
#7 23.82 checking for NO_SANITIZE_ADDRESS function attribute... __attribute__ ((__no_sanitize_address__)) x
#7 23.84 checking for NO_ADDRESS_SAFETY_ANALYSIS function attribute... __attribute__ ((__no_address_safety_analysis__)) x
#7 23.86 checking for WARN_UNUSED_RESULT function attribute... __attribute__ ((__warn_unused_result__)) x
#7 23.88 checking for MAYBE_UNUSED function attribute... __attribute__ ((__unused__)) x
#7 23.90 checking for ERRORFUNC function attribute... __attribute__ ((__error__ mesg)) x
#7 23.92 checking for WARNINGFUNC function attribute... __attribute__ ((__warning__ mesg)) x
#7 23.94 checking for WEAK function attribute... __attribute__ ((__weak__)) x
#7 23.96 checking for __attribute__((__depreacted__(msg))) in C++... yes
#7 23.99 checking for FUNC_STDCALL function attribute... x
#7 24.07 checking for FUNC_CDECL function attribute... x
#7 24.16 checking for FUNC_FASTCALL function attribute... x
#7 24.25 checking for FUNC_UNOPTIMIZED function attribute... __attribute__ ((__optimize__("O0"))) x
#7 24.27 checking for FUNC_MINIMIZED function attribute... __attribute__ ((__optimize__("-Os","-fomit-frame-pointer"))) x
#7 24.29 checking for function alias... alias
#7 24.33 checking for __atomic builtins... yes
#7 24.36 checking for __sync builtins... yes
#7 24.40 checking for __builtin_unreachable... yes
#7 24.44 checking for exported function attribute... __attribute__ ((__visibility__("default")))
#7 24.46 checking for RUBY_FUNC_NONNULL function attribute... __attribute__ ((__nonnull__(n))) x
#7 24.48 checking for function name string predefined identifier... __func__
#7 24.53 checking if enum over int is allowed... yes
#7 24.55 checking whether sys_nerr is declared... no
#7 24.59 checking whether getenv is declared... yes
#7 24.63 checking for size_t... yes
#7 24.72 checking size of size_t... 8
#7 24.77 checking size of ptrdiff_t... 8
#7 24.83 checking for printf prefix for size_t... z
#7 24.85 checking for printf prefix for ptrdiff_t... t
#7 24.88 checking for struct stat.st_blksize... yes
#7 24.91 checking for struct stat.st_blocks... yes
#7 24.95 checking for struct stat.st_rdev... yes
#7 24.98 checking size of struct stat.st_size... SIZEOF_OFF_T
#7 25.01 checking size of struct stat.st_blocks... SIZEOF_OFF_T
#7 25.03 checking size of struct stat.st_ino... SIZEOF_LONG
#7 25.06 checking for struct stat.st_atim... yes
#7 25.13 checking for struct stat.st_atimespec... no
#7 25.19 checking for struct stat.st_atimensec... no
#7 25.26 checking for struct stat.st_mtim... yes
#7 25.33 checking for struct stat.st_mtimespec... no
#7 25.39 checking for struct stat.st_mtimensec... no
#7 25.46 checking for struct stat.st_ctim... yes
#7 25.53 checking for struct stat.st_ctimespec... no
#7 25.59 checking for struct stat.st_ctimensec... no
#7 25.66 checking for struct stat.st_birthtimespec... no
#7 25.72 checking for struct statx.stx_btime... yes
#7 25.79 checking for struct timeval... yes
#7 25.84 checking size of struct timeval.tv_sec... SIZEOF_TIME_T
#7 25.86 checking for struct timespec... yes
#7 25.91 checking for struct timezone... yes
#7 25.95 checking for fd_mask... yes
#7 26.02 checking for int8_t... yes
#7 26.06 checking size of int8_t... 1
#7 26.11 checking for uint8_t... yes
#7 26.15 checking size of uint8_t... 1
#7 26.21 checking for int16_t... yes
#7 26.24 checking size of int16_t... 2
#7 26.30 checking for uint16_t... yes
#7 26.34 checking size of uint16_t... 2
#7 26.40 checking for int32_t... yes
#7 26.43 checking size of int32_t... 4
#7 26.49 checking for uint32_t... yes
#7 26.52 checking size of uint32_t... 4
#7 26.58 checking for int64_t... yes
#7 26.62 checking size of int64_t... 8
#7 26.68 checking for uint64_t... yes
#7 26.71 checking size of uint64_t... 8
#7 26.77 checking for int128_t... __int128
#7 26.81 checking for uint128_t... unsigned __int128
#7 26.85 checking for intptr_t... yes
#7 26.89 checking size of intptr_t... 8
#7 26.94 checking for uintptr_t... yes
#7 26.98 checking size of uintptr_t... 8
#7 27.04 checking for printf prefix for intptr_t... NONE
#7 27.13 checking for ssize_t... yes
#7 27.15 checking size of ssize_t... 8
#7 27.21 checking for printf prefix for int64_t... NONE
#7 27.28 checking for stack end address... __libc_stack_end
#7 27.32 checking for uid_t in sys/types.h... (cached) yes
#7 27.32 checking type of array argument to getgroups... gid_t
#7 27.38 checking for working alloca.h... yes
#7 27.41 checking for alloca... yes
#7 27.45 checking for dynamic size alloca... ok
#7 27.49 checking for working memcmp... yes
#7 27.55 checking for acosh... yes
#7 27.60 checking for cbrt... yes
#7 27.65 checking for crypt... yes
#7 27.69 checking for dup2... yes
#7 27.73 checking for erf... yes
#7 27.78 checking for explicit_bzero... yes
#7 27.82 checking for ffs... yes
#7 27.86 checking for flock... yes
#7 27.90 checking for hypot... yes
#7 27.95 checking for lgamma_r... yes
#7 28.00 checking for memmove... yes
#7 28.04 checking for nan... yes
#7 28.09 checking for nextafter... yes
#7 28.14 checking for setproctitle... no
#7 28.18 checking for strchr... yes
#7 28.23 checking for strerror... yes
#7 28.27 checking for strlcat... no
#7 28.31 checking for strlcpy... no
#7 28.36 checking for strstr... yes
#7 28.41 checking for tgamma... yes
#7 28.46 checking whether finite is declared... yes
#7 28.50 checking whether isinf is declared... yes
#7 28.55 checking whether isnan is declared... yes
#7 28.59 checking sys/pstat.h usability... no
#7 28.62 checking sys/pstat.h presence... no
#7 28.63 checking for sys/pstat.h... no
#7 28.63 checking for signbit... yes
#7 28.69 checking for pid_t... (cached) yes
#7 28.69 checking vfork.h usability... no
#7 28.72 checking vfork.h presence... no
#7 28.74 checking for vfork.h... no
#7 28.74 checking for fork... yes
#7 28.80 checking for vfork... yes
#7 28.84 checking for working fork... yes
#7 28.90 checking for working vfork... (cached) yes
#7 28.90 checking for __syscall... no
#7 28.94 checking for _longjmp... yes
#7 28.99 checking for arc4random_buf... yes
#7 29.03 checking for atan2l... yes
#7 29.09 checking for atan2f... yes
#7 29.14 checking for chroot... yes
#7 29.18 checking for chsize... no
#7 29.23 checking for clock_gettime... yes
#7 29.27 checking for copy_file_range... yes
#7 29.31 checking for cosh... yes
#7 29.36 checking for crypt_r... yes
#7 29.40 checking for daemon... (cached) no
#7 29.40 checking for dirfd... yes
#7 29.45 checking for dl_iterate_phdr... yes
#7 29.49 checking for dlopen... yes
#7 29.53 checking for dladdr... yes
#7 29.57 checking for dup... yes
#7 29.62 checking for dup3... yes
#7 29.66 checking for eaccess... yes
#7 29.70 checking for endgrent... yes
#7 29.74 checking for eventfd... yes
#7 29.79 checking for explicit_memset... no
#7 29.83 checking for fcopyfile... no
#7 29.88 checking for fchmod... yes
#7 29.92 checking for fchown... yes
#7 29.96 checking for fcntl... yes
#7 30.01 checking for fdatasync... yes
#7 30.05 checking for fdopendir... yes
#7 30.09 checking for fgetattrlist... no
#7 30.14 checking for fmod... yes
#7 30.18 checking for fstatat... yes
#7 30.23 checking for fsync... yes
#7 30.27 checking for ftruncate... yes
#7 30.31 checking for ftruncate64... yes
#7 30.35 checking for getattrlist... no
#7 30.40 checking for getcwd... yes
#7 30.44 checking for getgidx... no
#7 30.48 checking for getgrnam... yes
#7 30.53 checking for getgrnam_r... yes
#7 30.57 checking for getgroups... yes
#7 30.61 checking for getlogin... yes
#7 30.65 checking for getlogin_r... yes
#7 30.69 checking for getpgid... yes
#7 30.74 checking for getpgrp... yes
#7 30.78 checking for getpriority... yes
#7 30.82 checking for getpwnam... yes
#7 30.86 checking for getpwnam_r... yes
#7 30.90 checking for getpwuid... yes
#7 30.94 checking for getpwuid_r... yes
#7 30.99 checking for getrandom... yes
#7 31.03 checking for getresgid... yes
#7 31.07 checking for getresuid... yes
#7 31.11 checking for getrlimit... yes
#7 31.15 checking for getsid... yes
#7 31.20 checking for gettimeofday... yes
#7 31.24 checking for getuidx... no
#7 31.29 checking for gmtime_r... yes
#7 31.33 checking for grantpt... yes
#7 31.37 checking for initgroups... yes
#7 31.41 checking for ioctl... yes
#7 31.45 checking for isfinite... no
#7 31.50 checking for issetugid... no
#7 31.55 checking for killpg... yes
#7 31.59 checking for lchmod... yes
#7 31.63 checking for lchown... yes
#7 31.67 checking for link... yes
#7 31.71 checking for llabs... yes
#7 31.76 checking for lockf... yes
#7 31.80 checking for log2... yes
#7 31.85 checking for lstat... yes
#7 31.89 checking for lutimes... yes
#7 31.94 checking for malloc_usable_size... yes
#7 31.98 checking for malloc_size... no
#7 32.02 checking for mblen... yes
#7 32.06 checking for memalign... yes
#7 32.11 checking for memset_s... no
#7 32.15 checking for writev... yes
#7 32.19 checking for memrchr... yes
#7 32.24 checking for memmem... yes
#7 32.28 checking for mkfifo... yes
#7 32.32 checking for mknod... yes
#7 32.36 checking for mktime... yes
#7 32.40 checking for openat... yes
#7 32.45 checking for pipe2... yes
#7 32.49 checking for poll... yes
#7 32.53 checking for posix_fadvise... yes
#7 32.57 checking for posix_memalign... yes
#7 32.62 checking for ppoll... yes
#7 32.66 checking for pread... yes
#7 32.70 checking for pwrite... yes
#7 32.75 checking for qsort_r... yes
#7 32.79 checking for qsort_s... no
#7 32.84 checking for readlink... yes
#7 32.88 checking for realpath... yes
#7 32.93 checking for round... yes
#7 32.97 checking for sched_getaffinity... yes
#7 33.02 checking for seekdir... yes
#7 33.06 checking for select_large_fdset... no
#7 33.10 checking for sendfile... yes
#7 33.15 checking for setegid... yes
#7 33.19 checking for setenv... yes
#7 33.23 checking for seteuid... yes
#7 33.27 checking for setgid... yes
#7 33.31 checking for setgroups... yes
#7 33.36 checking for setpgid... yes
#7 33.40 checking for setpgrp... yes
#7 33.44 checking for setregid... yes
#7 33.48 checking for setresgid... yes
#7 33.52 checking for setresuid... yes
#7 33.56 checking for setreuid... yes
#7 33.61 checking for setrgid... no
#7 33.65 checking for setrlimit... yes
#7 33.69 checking for setruid... no
#7 33.74 checking for setsid... yes
#7 33.78 checking for setuid... yes
#7 33.82 checking for shutdown... yes
#7 33.87 checking for sigaction... yes
#7 33.91 checking for sigaltstack... yes
#7 33.95 checking for sigprocmask... yes
#7 33.99 checking for sinh... yes
#7 34.04 checking for spawnv... no
#7 34.09 checking for symlink... yes
#7 34.13 checking for syscall... yes
#7 34.17 checking for sysconf... yes
#7 34.21 checking for tanh... yes
#7 34.26 checking for telldir... yes
#7 34.30 checking for timegm... yes
#7 34.34 checking for times... yes
#7 34.39 checking for truncate... yes
#7 34.43 checking for truncate64... yes
#7 34.47 checking for unsetenv... yes
#7 34.51 checking for utimensat... yes
#7 34.55 checking for utimes... yes
#7 34.60 checking for wait4... yes
#7 34.64 checking for waitpid... yes
#7 34.68 checking for statx... yes
#7 34.72 checking if getcwd allocates buffer if NULL is given... yes
#7 34.77 checking crypt.h usability... yes
#7 34.80 checking crypt.h presence... yes
#7 34.81 checking for crypt.h... yes
#7 34.81 checking for struct crypt_data.initialized... yes
#7 34.84 checking for __builtin_alloca_with_align... yes
#7 34.87 checking for __builtin_assume_aligned... yes
#7 34.91 checking for __builtin_bswap16... yes
#7 34.95 checking for __builtin_bswap32... yes
#7 34.99 checking for __builtin_bswap64... yes
#7 35.03 checking for __builtin_popcount... yes
#7 35.07 checking for __builtin_popcountll... yes
#7 35.11 checking for __builtin_clz... yes
#7 35.14 checking for __builtin_clzl... yes
#7 35.18 checking for __builtin_clzll... yes
#7 35.22 checking for __builtin_ctz... yes
#7 35.26 checking for __builtin_ctzll... yes
#7 35.30 checking for __builtin_add_overflow... yes
#7 35.34 checking for __builtin_sub_overflow... yes
#7 35.38 checking for __builtin_mul_overflow... yes
#7 35.41 checking for __builtin_mul_overflow_p... yes
#7 35.45 checking for __builtin_constant_p... yes
#7 35.49 checking for __builtin_choose_expr... yes
#7 35.53 checking for __builtin_choose_expr_constant_p... yes
#7 35.57 checking for __builtin_types_compatible_p... yes
#7 35.61 checking for __builtin_trap... yes
#7 35.64 checking whether qsort_r is GNU version... yes
#7 35.67 checking whether qsort_r is BSD version... no
#7 35.70 checking whether atan2 handles Inf as C99... yes
#7 35.76 checking for clock_getres... yes
#7 35.80 checking for timer_create in -lrt... yes
#7 35.84 checking for timer_settime in -lrt... yes
#7 35.88 checking for unsetenv returns a value... yes
#7 35.91 checking whether struct tm is in sys/time.h or time.h... time.h
#7 35.93 checking for struct tm.tm_zone... yes
#7 35.96 checking for struct tm.tm_gmtoff... yes
#7 35.98 checking for external int daylight... yes
#7 36.03 checking for negative time_t for gmtime(3)... yes
#7 36.08 checking for localtime(3) overflow correctly... yes
#7 36.13 checking for sig_t... yes
#7 36.18 checking whether right shift preserve sign bit... yes
#7 36.20 checking whether _SC_CLK_TCK is supported... yes
#7 36.23 checking stack growing direction on x86_64... -1
#7 36.23 checking native coroutine implementation for x86_64-linux... amd64
#7 36.24 checking for pthread_create in -lthr... no
#7 36.27 checking for pthread_create in -lpthread... yes
#7 36.31 checking for pthread_np.h... no
#7 36.34 checking whether pthread_t is scalar type... yes
#7 36.37 checking for sched_yield... yes
#7 36.42 checking for pthread_attr_setinheritsched... yes
#7 36.47 checking for pthread_attr_get_np... no
#7 36.52 checking for pthread_attr_getstack... yes
#7 36.57 checking for pthread_attr_getguardsize... yes
#7 36.62 checking for pthread_get_stackaddr_np... no
#7 36.67 checking for pthread_get_stacksize_np... no
#7 36.72 checking for thr_stksegment... no
#7 36.77 checking for pthread_stackseg_np... no
#7 36.82 checking for pthread_getthrds_np... no
#7 36.87 checking for pthread_condattr_setclock... yes
#7 36.92 checking for pthread_sigmask... yes
#7 36.97 checking for pthread_setname_np... yes
#7 37.02 checking for pthread_set_name_np... no
#7 37.07 checking for pthread_getattr_np... yes
#7 37.11 checking arguments of pthread_setname_np... (pthread_self(), name)
#7 37.14 checking if mcontext_t is a pointer... no
#7 37.17 checking for getcontext... yes
#7 37.22 checking for setcontext... yes
#7 37.26 checking if fork works with pthread... yes
#7 38.33 checking whether ELF binaries are produced... yes
#7 38.38 checking elf.h usability... yes
#7 38.41 checking elf.h presence... yes
#7 38.42 checking for elf.h... yes
#7 38.43 checking elf_abi.h usability... no
#7 38.46 checking elf_abi.h presence... no
#7 38.48 checking for elf_abi.h... no
#7 38.48 checking for uncompress in -lz... yes
#7 38.52 checking mach-o/loader.h usability... no
#7 38.55 checking mach-o/loader.h presence... no
#7 38.57 checking for mach-o/loader.h... no
#7 38.57 checking whether OS depend dynamic link works... yes
#7 38.57 checking for backtrace... yes
#7 38.61 checking for broken backtrace... no
#7 38.68 checking valgrind/memcheck.h usability... no
#7 38.71 checking valgrind/memcheck.h presence... no
#7 38.73 checking for valgrind/memcheck.h... no
#7 38.73 checking for strip... strip
#7 38.75 checking whether -Wl,--no-undefined is accepted as LDFLAGS... yes
#7 38.79 checking whether wrapper for LD_LIBRARY_PATH is needed... no
#7 38.79 checking whether dtrace USDT is available... no
#7 38.80 checking for __builtin_setjmp... yes with cast ()
#7 38.84 checking for _setjmpex as a macro or function... no
#7 38.86 checking for _setjmp as a macro or function... yes
#7 38.90 checking for sigsetjmp as a macro or function... no
#7 38.93 checking for setjmp type... __builtin_setjmp
#7 38.94 checking for prefix of external symbols... NONE
#7 39.03 checking pthread.h usability... yes
#7 39.06 checking pthread.h presence... yes
#7 39.08 checking for pthread.h... yes
#7 39.08 checking if make is GNU make... yes
#7 39.13 .ext/include/x86_64-linux/ruby/config.h updated
#7 39.15 configure: ruby library version = 2.7.0
#7 39.19 configure: creating ./config.status
#7 39.27 config.status: creating GNUmakefile
#7 39.28 config.status: creating Makefile
#7 39.32 config.status: creating ruby-2.7.pc
#7 39.34 ---
#7 39.34 Configuration summary for ruby version 2.7.4
#7 39.34 
#7 39.34    * Installation prefix: /usr/local
#7 39.35    * exec prefix:         ${prefix}
#7 39.35    * arch:                x86_64-linux
#7 39.35    * site arch:           ${arch}
#7 39.36    * RUBY_BASE_NAME:      ruby
#7 39.36    * enable shared:       yes
#7 39.36    * ruby lib prefix:     ${libdir}/${RUBY_BASE_NAME}
#7 39.37    * site libraries path: ${rubylibprefix}/${sitearch}
#7 39.37    * vendor path:         ${rubylibprefix}/vendor_ruby
#7 39.37    * target OS:           linux
#7 39.38    * compiler:            gcc
#7 39.38    * with pthread:        yes
#7 39.39    * with coroutine:      amd64
#7 39.39    * enable shared libs:  yes
#7 39.39    * dynamic library ext: so
#7 39.40    * CFLAGS:              ${optflags} ${debugflags} ${warnflags}
#7 39.40    * LDFLAGS:             -L. -fstack-protector-strong -rdynamic \
#7 39.40                           -Wl,-export-dynamic
#7 39.40    * DLDFLAGS:            -Wl,--compress-debug-sections=zlib
#7 39.41    * optflags:            -O3
#7 39.41    * debugflags:          -ggdb3
#7 39.42    * warnflags:           -Wall -Wextra -Wdeprecated-declarations \
#7 39.42                           -Wduplicated-cond -Wimplicit-function-declaration \
#7 39.42                           -Wimplicit-int -Wmisleading-indentation \
#7 39.42                           -Wpointer-arith -Wwrite-strings \
#7 39.42                           -Wimplicit-fallthrough=0 -Wmissing-noreturn \
#7 39.42                           -Wno-cast-function-type \
#7 39.42                           -Wno-constant-logical-operand -Wno-long-long \
#7 39.42                           -Wno-missing-field-initializers \
#7 39.42                           -Wno-overlength-strings \
#7 39.42                           -Wno-packed-bitfield-compat \
#7 39.42                           -Wno-parentheses-equality -Wno-self-assign \
#7 39.42                           -Wno-tautological-compare -Wno-unused-parameter \
#7 39.42                           -Wno-unused-value -Wsuggest-attribute=format \
#7 39.42                           -Wsuggest-attribute=noreturn -Wunused-variable
#7 39.42    * strip command:       strip -S -x
#7 39.42    * install doc:         nodoc
#7 39.43    * JIT support:         yes
#7 39.43    * man page type:       man
#7 39.43 
#7 39.43 ---
#7 39.47 ++ nproc
#7 39.47 + make -j20
#7 39.48 	BASERUBY = echo executable host ruby is required.  use --with-baseruby option.; false
#7 39.48 	CC = gcc
#7 39.48 	LD = ld
#7 39.48 	LDSHARED = gcc -shared
#7 39.48 	CFLAGS = -g -O2 -fPIC 
#7 39.48 	XCFLAGS = -D_FORTIFY_SOURCE=2 -fstack-protector-strong -fno-strict-overflow -fvisibility=hidden -fexcess-precision=standard -DRUBY_EXPORT -DCANONICALIZATION_FOR_MATHN -I. -I.ext/include/x86_64-linux -I./include -I. -I./enc/unicode/12.1.0
#7 39.48 	CPPFLAGS =   
#7 39.48 	DLDFLAGS = -Wl,--compress-debug-sections=zlib -Wl,-soname,libruby.so.2.7  -fstack-protector-strong  
#7 39.48 	SOLIBS = -lz -lpthread -lrt -lrt -ldl -lcrypt -lm 
#7 39.48 	LANG = 
#7 39.48 	LC_ALL = 
#7 39.48 	LC_CTYPE = 
#7 39.48 	MFLAGS = -j20 --jobserver-auth=4,5
#7 39.48 gcc (Astra 12.2.0-14.astra3+b1) 12.2.0
#7 39.48 Copyright (C) 2022 Free Software Foundation, Inc.
#7 39.48 This is free software; see the source for copying conditions.  There is NO
#7 39.48 warranty; not even for MERCHANTABILITY or FITNESS FOR A PARTICULAR PURPOSE.
#7 39.48 
#7 39.48 compiling ./main.c
#7 39.48 compiling dmydln.c
#7 39.48 compiling miniinit.c
#7 39.48 compiling dmyext.c
#7 39.49 making dummy probes.h
#7 39.49 compiling ast.c
#7 39.49 compiling bignum.c
#7 39.49 compiling class.c
#7 39.49 compiling compar.c
#7 39.50 compiling compile.c
#7 39.50 compiling complex.c
#7 39.50 compiling cont.c
#7 39.50 compiling debug.c
#7 39.50 compiling debug_counter.c
#7 39.50 compiling dir.c
#7 39.50 compiling dln_find.c
#7 39.50 compiling encoding.c
#7 39.50 compiling enum.c
#7 39.51 compiling enumerator.c
#7 39.51 compiling error.c
#7 39.51 compiling eval.c
#7 39.52 compiling file.c
#7 39.58 compiling gc.c
#7 39.60 compiling hash.c
#7 39.61 compiling inits.c
#7 39.65 compiling io.c
#7 39.68 compiling iseq.c
#7 39.71 compiling load.c
#7 39.73 compiling marshal.c
#7 39.74 compiling math.c
#7 39.97 making mjit_config.h
#7 39.98 compiling mjit_compile.c
#7 40.05 compiling node.c
#7 40.13 compiling numeric.c
#7 40.21 compiling object.c
#7 40.34 compiling pack.c
#7 40.37 compiling parse.c
#7 40.37 compiling proc.c
#7 40.58 compiling process.c
#7 40.62 compiling random.c
#7 40.65 compiling range.c
#7 41.01 compiling rational.c
#7 41.02 compiling re.c
#7 41.22 compiling regcomp.c
#7 41.31 compiling regenc.c
#7 41.34 compiling regerror.c
#7 41.37 compiling regexec.c
#7 41.44 compiling regparse.c
#7 41.46 compiling regsyntax.c
#7 41.47 compiling ruby.c
#7 41.53 compiling safe.c
#7 41.53 compiling signal.c
#7 41.57 compiling sprintf.c
#7 41.58 compiling st.c
#7 41.62 compiling strftime.c
#7 41.66 compiling string.c
#7 41.71 compiling struct.c
#7 41.92 compiling symbol.c
#7 42.21 compiling thread.c
#7 42.36 compiling time.c
#7 42.38 compiling transcode.c
#7 42.39 compiling transient_heap.c
#7 42.41 compiling util.c
#7 42.46 compiling variable.c
#7 42.51 compiling vm.c
#7 42.52 compiling vm_backtrace.c
#7 42.61 compiling vm_dump.c
#7 42.66 compiling vm_trace.c
#7 42.81 compiling ./missing/setproctitle.c
#7 42.84 compiling ./missing/strlcat.c
#7 42.92 compiling ./missing/strlcpy.c
#7 42.92 compiling addr2line.c
#7 42.97 compiling dmyenc.c
#7 43.00 compiling dln.c
#7 43.03 compiling localeinit.c
#7 43.07 compiling array.c
#7 43.13 compiling mjit.c
#7 43.16 assembling coroutine/amd64/Context.S
#7 43.17 compiling enc/ascii.c
#7 43.17 ./revision.h unchanged
#7 43.17 compiling enc/us_ascii.c
#7 43.20 compiling enc/unicode.c
#7 43.27 compiling enc/utf_8.c
#7 43.28 compiling enc/trans/newline.c
#7 43.30 compiling version.c
#7 47.47 building rb_mjit_header.h
#7 47.47 linking miniruby
#7 47.55 rb_mjit_header.h updated
#7 47.65 generating encdb.h
#7 47.66 building .ext/include/x86_64-linux/rb_mjit_min_header-2.7.4.h
#7 47.66 ./miniruby -I./lib -I. -I.ext/common  ./tool/transform_mjit_header.rb "gcc  -g -O2 -fPIC " rb_mjit_header.h .ext/include/x86_64-linux/rb_mjit_min_header-2.7.4.h
#7 47.67 compiling builtin.c
#7 47.69 encdb.h updated
#7 47.85 ./tool/ifchange "--timestamp=.rbconfig.time" rbconfig.rb rbconfig.tmp
#7 47.86 rbconfig.rb updated
#7 47.86 generating enc.mk
#7 47.86 creating verconf.h
#7 47.88 verconf.h updated
#7 47.88 compiling loadpath.c
#7 47.90 making srcs under enc
#7 47.92 make[1]: Entering directory '/tmp/ruby/ruby-2.7.4'
#7 47.92 make[1]: Nothing to be done for 'srcs'.
#7 47.92 make[1]: Leaving directory '/tmp/ruby/ruby-2.7.4'
#7 47.92 generating transdb.h
#7 47.94 linking static-library libruby-static.a
#7 48.05 transdb.h updated
#7 48.31 linking shared-library libruby.so.2.7.4
#7 48.35 
#7 48.35 Transforming external functions to static:
#7 48.35 transform_mjit_header: making external definition of 'rb_vm_lvar_exposed' static inline
#7 48.35 transform_mjit_header: making external definition of 'Init_vm_stack_canary' static inline
#7 48.35 transform_mjit_header: making external definition of 'rb_vm_opt_struct_aset' static inline
#7 48.35 transform_mjit_header: making external definition of 'rb_vm_opt_struct_aref' static inline
#7 48.35 transform_mjit_header: making external definition of 'rb_find_defined_class_by_owner' static inline
#7 48.35 transform_mjit_header: making external definition of 'rb_eql_opt' static inline
#7 48.35 transform_mjit_header: changing definition of 'rb_equal_opt' to declaration
#7 48.35 transform_mjit_header: changing definition of 'rb_vm_search_method_slowpath' to declaration
#7 48.35 transform_mjit_header: making external definition of 'rb_vm_rewrite_cref' static inline
#7 48.35 transform_mjit_header: making external definition of 'rb_vm_block_ep_update' static inline
#7 48.35 transform_mjit_header: making external definition of 'rb_vm_cref_new_toplevel' static inline
#7 48.35 transform_mjit_header: making external definition of 'rb_vm_frame_block_handler' static inline
#7 48.35 transform_mjit_header: making external definition of 'rb_vm_cframe_empty_keyword_p' static inline
#7 48.35 transform_mjit_header: making external definition of 'rb_vm_cframe_keyword_p' static inline
#7 48.35 transform_mjit_header: making external definition of 'rb_vm_ep_local_ep' static inline
#7 48.35 transform_mjit_header: making declaration of 'rb_vm_lvar_exposed' static inline
#7 48.35 transform_mjit_header: making declaration of 'rb_vm_rewrite_cref' static inline
#7 48.35 transform_mjit_header: making declaration of 'rb_vm_frame_block_handler' static inline
#7 48.35 transform_mjit_header: making declaration of 'rb_vm_block_ep_update' static inline
#7 48.35 transform_mjit_header: making declaration of 'rb_vm_ep_local_ep' static inline
#7 48.35 transform_mjit_header: making declaration of 'Init_vm_stack_canary' static inline
#7 48.35 transform_mjit_header: making declaration of 'rb_eql_opt' static inline
#7 48.35 transform_mjit_header: making external definition of 'rb_scan_args_set' static inline
#7 48.35 transform_mjit_header: making declaration of 'rb_scan_args_set' static inline
#7 48.35 transform_mjit_header: SKIPPED to transform getlogin_r
#7 48.35 transform_mjit_header: SKIPPED to transform pread64
#7 48.35 transform_mjit_header: SKIPPED to transform pread
#7 48.35 transform_mjit_header: SKIPPED to transform read
#7 48.35 transform_mjit_header: SKIPPED to transform bsearch
#7 48.35 transform_mjit_header: SKIPPED to transform fread_unlocked
#7 48.35 transform_mjit_header: SKIPPED to transform fgets_unlocked
#7 48.35 transform_mjit_header: SKIPPED to transform fread
#7 48.35 transform_mjit_header: SKIPPED to transform fgets
#7 48.35 transform_mjit_header: SKIPPED to transform vdprintf
#7 48.35 transform_mjit_header: SKIPPED to transform dprintf
#7 48.35 transform_mjit_header: SKIPPED to transform vfprintf
#7 48.35 transform_mjit_header: SKIPPED to transform vprintf
#7 48.35 transform_mjit_header: SKIPPED to transform printf
#7 48.35 transform_mjit_header: SKIPPED to transform fprintf
#7 48.35 transform_mjit_header: SKIPPED to transform getline
#7 48.35 transform_mjit_header: SKIPPED to transform putchar_unlocked
#7 48.35 transform_mjit_header: SKIPPED to transform putc_unlocked
#7 48.35 transform_mjit_header: SKIPPED to transform fputc_unlocked
#7 48.35 transform_mjit_header: SKIPPED to transform putchar
#7 48.35 transform_mjit_header: SKIPPED to transform getchar_unlocked
#7 48.35 transform_mjit_header: SKIPPED to transform getc_unlocked
#7 48.35 transform_mjit_header: SKIPPED to transform fgetc_unlocked
#7 48.35 transform_mjit_header: SKIPPED to transform getchar
#7 48.45 ln -sf ../../../.ext/include/x86_64-linux/rb_mjit_min_header-2.7.4.h include/ruby-2.7.0/x86_64-linux/rb_mjit_min_header-2.7.4.h
#7 48.96 generating makefiles ext/configure-ext.mk
#7 48.96 making enc
#7 48.96 making trans
#7 48.96 make[1]: Entering directory '/tmp/ruby/ruby-2.7.4'
#7 48.96 make[1]: Entering directory '/tmp/ruby/ruby-2.7.4'
#7 48.96 compiling ./enc/trans/transdb.c
#7 48.96 compiling ./enc/encdb.c
#7 48.96 compiling ./enc/big5.c
#7 48.96 compiling ./enc/cesu_8.c
#7 48.97 compiling ./enc/trans/big5.c
#7 48.97 compiling ./enc/cp949.c
#7 48.97 compiling ./enc/trans/cesu_8.c
#7 48.97 compiling ./enc/emacs_mule.c
#7 48.97 compiling ./enc/trans/chinese.c
#7 48.97 compiling ./enc/trans/ebcdic.c
#7 48.97 compiling ./enc/euc_jp.c
#7 48.97 compiling ./enc/euc_kr.c
#7 48.97 compiling ./enc/trans/emoji.c
#7 48.97 compiling ./enc/trans/emoji_iso2022_kddi.c
#7 48.97 compiling ./enc/euc_tw.c
#7 48.97 compiling ./enc/gb2312.c
#7 48.97 compiling ./enc/trans/emoji_sjis_docomo.c
#7 48.97 compiling ./enc/trans/emoji_sjis_kddi.c
#7 48.98 ext/configure-ext.mk updated
#7 48.98 compiling ./enc/gb18030.c
#7 48.98 make[1]: Entering directory '/tmp/ruby/ruby-2.7.4'
#7 49.03 configuring sdbm
#7 49.03 compiling ./enc/gbk.c
#7 49.06 configuring strscan
#7 49.07 configuring socket
#7 49.08 compiling ./enc/trans/emoji_sjis_softbank.c
#7 49.08 compiling ./enc/iso_8859_1.c
#7 49.08 compiling ./enc/trans/escape.c
#7 49.08 compiling ./enc/iso_8859_2.c
#7 49.09 compiling ./enc/iso_8859_3.c
#7 49.10 compiling ./enc/iso_8859_4.c
#7 49.10 compiling ./enc/iso_8859_5.c
#7 49.11 configuring json
#7 49.12 configuring json/generator
#7 49.12 configuring ripper
#7 49.12 configuring json/parser
#7 49.13 compiling ./enc/iso_8859_6.c
#7 49.14 compiling ./enc/iso_8859_7.c
#7 49.16 compiling ./enc/trans/gb18030.c
#7 49.16 compiling ./enc/iso_8859_8.c
#7 49.18 compiling ./enc/trans/gbk.c
#7 49.18 compiling ./enc/iso_8859_9.c
#7 49.19 compiling ./enc/trans/iso2022.c
#7 49.19 compiling ./enc/iso_8859_10.c
#7 49.20 compiling ./enc/iso_8859_11.c
#7 49.21 configuring etc
#7 49.21 compiling ./enc/iso_8859_13.c
#7 49.27 configuring coverage
#7 49.28 compiling ./enc/iso_8859_14.c
#7 49.28 compiling ./enc/trans/japanese.c
#7 49.29 configuring dbm
#7 49.30 compiling ./enc/iso_8859_15.c
#7 49.31 compiling ./enc/iso_8859_16.c
#7 49.32 compiling ./enc/koi8_r.c
#7 49.35 configuring gdbm
#7 49.36 compiling ./enc/koi8_u.c
#7 49.36 compiling ./enc/shift_jis.c
#7 49.40 compiling ./enc/utf_16be.c
#7 49.41 compiling ./enc/utf_16le.c
#7 49.42 compiling ./enc/utf_32be.c
#7 49.43 compiling ./enc/trans/japanese_euc.c
#7 49.43 compiling ./enc/utf_32le.c
#7 49.44 compiling ./enc/trans/japanese_sjis.c
#7 49.44 compiling ./enc/windows_31j.c
#7 49.50 compiling ./enc/windows_1250.c
#7 49.52 compiling ./enc/windows_1251.c
#7 49.53 compiling ./enc/windows_1252.c
#7 49.53 compiling ./enc/trans/korean.c
#7 49.54 compiling ./enc/windows_1253.c
#7 49.58 configuring openssl
#7 49.59 configuring rbconfig/sizeof
#7 49.59 compiling ./enc/windows_1254.c
#7 49.60 compiling ./enc/trans/single_byte.c
#7 49.61 compiling ./enc/windows_1257.c
#7 49.64 linking encoding encdb.so
#7 49.66 linking encoding big5.so
#7 49.66 compiling ./enc/trans/utf8_mac.c
#7 49.67 linking encoding cesu_8.so
#7 49.69 linking encoding cp949.so
#7 49.69 configuring fiber
#7 49.70 linking encoding emacs_mule.so
#7 49.70 compiling ./enc/trans/utf_16_32.c
#7 49.72 linking encoding euc_jp.so
#7 49.72 linking encoding euc_kr.so
#7 49.74 linking encoding euc_tw.so
#7 49.74 linking encoding gb2312.so
#7 49.74 configuring pty
#7 49.75 linking encoding gb18030.so
#7 49.76 linking encoding gbk.so
#7 49.79 linking encoding iso_8859_1.so
#7 49.79 configuring pathname
#7 49.81 linking encoding iso_8859_2.so
#7 49.81 linking encoding iso_8859_3.so
#7 49.81 configuring stringio
#7 49.82 configuring date
#7 49.84 linking encoding iso_8859_4.so
#7 49.85 linking encoding iso_8859_5.so
#7 49.86 linking encoding iso_8859_6.so
#7 49.88 linking encoding iso_8859_7.so
#7 49.89 linking encoding iso_8859_8.so
#7 49.90 linking transcoder transdb.so
#7 49.90 linking encoding iso_8859_9.so
#7 49.90 linking transcoder cesu_8.so
#7 49.93 linking encoding iso_8859_10.so
#7 49.93 linking transcoder chinese.so
#7 49.93 linking encoding iso_8859_11.so
#7 49.94 linking transcoder ebcdic.so
#7 49.95 linking encoding iso_8859_13.so
#7 49.96 linking encoding iso_8859_14.so
#7 49.98 linking encoding iso_8859_15.so
#7 49.99 configuring digest
#7 49.99 configuring monitor
#7 49.99 configuring digest/bubblebabble
#7 49.99 linking encoding iso_8859_16.so
#7 49.99 configuring digest/md5
#7 49.99 configuring cgi/escape
#7 49.99 linking encoding koi8_r.so
#7 50.00 linking transcoder emoji.so
#7 50.00 linking encoding koi8_u.so
#7 50.01 linking transcoder emoji_iso2022_kddi.so
#7 50.04 configuring fiddle
#7 50.04 linking encoding shift_jis.so
#7 50.07 configuring fcntl
#7 50.08 configuring rubyvm
#7 50.08 linking encoding utf_16be.so
#7 50.08 configuring syslog
#7 50.09 linking encoding utf_16le.so
#7 50.09 linking transcoder emoji_sjis_docomo.so
#7 50.12 linking transcoder emoji_sjis_kddi.so
#7 50.12 linking encoding utf_32be.so
#7 50.13 linking encoding utf_32le.so
#7 50.14 linking encoding windows_31j.so
#7 50.15 linking transcoder emoji_sjis_softbank.so
#7 50.17 linking transcoder escape.so
#7 50.18 linking encoding windows_1250.so
#7 50.18 linking transcoder gb18030.so
#7 50.19 linking encoding windows_1251.so
#7 50.20 linking encoding windows_1252.so
#7 50.23 linking transcoder gbk.so
#7 50.23 linking encoding windows_1253.so
#7 50.26 configuring objspace
#7 50.27 configuring -test-/arith_seq/extract
#7 50.27 linking transcoder iso2022.so
#7 50.27 configuring -test-/array/resize
#7 50.27 configuring continuation
#7 50.27 configuring -test-/bignum
#7 50.27 configuring -test-/bug-14834
#7 50.28 configuring -test-/bug-3571
#7 50.28 configuring -test-/bug-5832
#7 50.28 configuring -test-/bug_reporter
#7 50.28 configuring -test-/class
#7 50.29 linking encoding windows_1254.so
#7 50.29 configuring -test-/cxxanyargs
#7 50.30 linking encoding windows_1257.so
#7 50.31 configuring zlib
#7 50.32 linking transcoder japanese.so
#7 50.33 configuring io/console
#7 50.33 make[1]: Leaving directory '/tmp/ruby/ruby-2.7.4'
#7 50.33 linking transcoder japanese_sjis.so
#7 50.36 configuring psych
#7 50.37 linking transcoder single_byte.so
#7 50.39 linking transcoder utf_16_32.so
#7 50.40 configuring bigdecimal
#7 50.42 linking transcoder korean.so
#7 50.45 configuring nkf
#7 50.46 linking transcoder utf8_mac.so
#7 50.47 configuring readline
#7 50.49 configuring racc/cparse
#7 50.54 libffi_version: 3.4.4
#7 50.65 linking transcoder japanese_euc.so
#7 50.72 configuring -test-/debug
#7 50.72 configuring -test-/dln/empty
#7 50.72 configuring -test-/enumerator_kw
#7 50.73 configuring -test-/exception
#7 50.73 configuring -test-/fatal
#7 50.73 configuring -test-/file
#7 50.83 configuring io/nonblock
#7 51.62 linking transcoder big5.so
#7 51.64 make[1]: Leaving directory '/tmp/ruby/ruby-2.7.4'
#7 51.64 making encs
#7 51.64 configuring io/wait
#7 51.68 make[1]: Entering directory '/tmp/ruby/ruby-2.7.4'
#7 51.68 make[1]: Nothing to be done for 'encs'.
#7 51.68 make[1]: Leaving directory '/tmp/ruby/ruby-2.7.4'
#7 51.72 header: db.h
#7 51.72 library: db
#7 51.80 configuring digest/rmd160
#7 52.30 configuring -test-/float
#7 52.30 configuring -test-/funcall
#7 52.30 configuring -test-/gvl/call_without_gvl
#7 52.30 configuring -test-/hash
#7 52.31 configuring -test-/integer
#7 52.31 configuring -test-/iseq_load
#7 52.31 configuring -test-/iter
#7 52.31 configuring -test-/load/dot.dot
#7 52.31 configuring -test-/load/protect
#7 52.32 configuring -test-/marshal/compat
#7 52.32 configuring -test-/marshal/internal_ivar
#7 52.32 configuring -test-/marshal/usr
#7 52.32 configuring -test-/memory_status
#7 52.32 configuring -test-/method
#7 52.32 configuring -test-/notimplement
#7 52.33 configuring -test-/num2int
#7 52.33 configuring -test-/path_to_class
#7 52.33 configuring -test-/popen_deadlock
#7 52.33 configuring -test-/postponed_job
#7 52.34 configuring -test-/printf
#7 52.34 configuring -test-/proc
#7 52.34 configuring -test-/rational
#7 52.34 configuring -test-/rb_call_super_kw
#7 52.34 configuring -test-/recursion
#7 52.34 configuring -test-/regexp
#7 52.35 configuring -test-/scan_args
#7 52.35 configuring -test-/st/foreach
#7 52.35 configuring -test-/st/numhash
#7 52.35 configuring -test-/st/update
#7 52.35 configuring -test-/string
#7 52.36 configuring -test-/struct
#7 52.36 configuring -test-/symbol
#7 52.52 configuring -test-/thread_fd_close
#7 52.53 configuring -test-/time
#7 52.53 configuring -test-/tracepoint
#7 52.53 configuring -test-/typeddata
#7 52.53 configuring -test-/vm
#7 52.53 configuring -test-/wait_for_single_fd
#7 52.58 configuring digest/sha1
#7 53.34 configuring digest/sha2
#7 66.16 make[1]: Leaving directory '/tmp/ruby/ruby-2.7.4'
#7 66.16 generating makefile exts.mk
#7 66.19 exts.mk updated
#7 66.19 make[1]: Entering directory '/tmp/ruby/ruby-2.7.4'
#7 66.20 make[2]: Entering directory '/tmp/ruby/ruby-2.7.4/ext/sdbm'
#7 66.20 make[2]: Entering directory '/tmp/ruby/ruby-2.7.4/ext/strscan'
#7 66.20 compiling _sdbm.c
#7 66.20 make[2]: Entering directory '/tmp/ruby/ruby-2.7.4/ext/json'
#7 66.20 compiling strscan.c
#7 66.20 make[2]: Entering directory '/tmp/ruby/ruby-2.7.4/ext/dbm'
#7 66.20 make[2]: Entering directory '/tmp/ruby/ruby-2.7.4/ext/etc'
#7 66.20 compiling init.c
#7 66.20 make[2]: Entering directory '/tmp/ruby/ruby-2.7.4/ext/socket'
#7 66.20 make[2]: Entering directory '/tmp/ruby/ruby-2.7.4/ext/gdbm'
#7 66.20 compiling etc.c
#7 66.20 compiling dbm.c
#7 66.20 compiling init.c
#7 66.20 compiling gdbm.c
#7 66.20 make[2]: Entering directory '/tmp/ruby/ruby-2.7.4/ext/fiber'
#7 66.20 compiling constants.c
#7 66.20 make[2]: Entering directory '/tmp/ruby/ruby-2.7.4/ext/coverage'
#7 66.20 make[2]: Entering directory '/tmp/ruby/ruby-2.7.4/ext/openssl'
#7 66.20 compiling fiber.c
#7 66.20 compiling basicsocket.c
#7 66.20 make[2]: Entering directory '/tmp/ruby/ruby-2.7.4/ext/pty'
#7 66.20 compiling coverage.c
#7 66.20 compiling openssl_missing.c
#7 66.20 make[2]: Entering directory '/tmp/ruby/ruby-2.7.4/ext/ripper'
#7 66.20 make[2]: Entering directory '/tmp/ruby/ruby-2.7.4/ext/rbconfig/sizeof'
#7 66.20 compiling ripper.c
#7 66.20 compiling pty.c
#7 66.20 make[2]: Entering directory '/tmp/ruby/ruby-2.7.4/ext/pathname'
#7 66.20 make[2]: Entering directory '/tmp/ruby/ruby-2.7.4/ext/stringio'
#7 66.20 compiling pathname.c
#7 66.20 compiling stringio.c
#7 66.20 compiling limits.c
#7 66.20 compiling sizes.c
#7 66.20 make[2]: Entering directory '/tmp/ruby/ruby-2.7.4/ext/date'
#7 66.21 compiling date_core.c
#7 66.22 linking shared-object fiber.so
#7 66.26 make[2]: Leaving directory '/tmp/ruby/ruby-2.7.4/ext/fiber'
#7 66.27 compiling date_parse.c
#7 66.27 make[2]: Leaving directory '/tmp/ruby/ruby-2.7.4/ext/json'
#7 66.28 installing default coverage libraries
#7 66.29 compiling ossl.c
#7 66.32 compiling socket.c
#7 66.34 compiling ipsocket.c
#7 66.36 linking shared-object rbconfig/sizeof.so
#7 66.39 make[2]: Leaving directory '/tmp/ruby/ruby-2.7.4/ext/rbconfig/sizeof'
#7 66.40 installing default pty libraries
#7 66.41 compiling date_strftime.c
#7 66.44 compiling ossl_asn1.c
#7 66.46 linking shared-object pty.so
#7 66.47 linking shared-object etc.so
#7 66.47 ossl.c: In function 'ossl_clear_error':
#7 66.47 ossl.c:311:9: warning: 'ERR_get_error_line_data' is deprecated: Since OpenSSL 3.0 [-Wdeprecated-declarations]
#7 66.47   311 |         while ((e = ERR_get_error_line_data(&file, &line, &data, &flags))) {
#7 66.47       |         ^~~~~
#7 66.47 In file included from ossl.h:21,
#7 66.47                  from ossl.c:10:
#7 66.47 /usr/include/openssl/err.h:425:15: note: declared here
#7 66.47   425 | unsigned long ERR_get_error_line_data(const char **file, int *line,
#7 66.47       |               ^~~~~~~~~~~~~~~~~~~~~~~
#7 66.50 make[2]: Leaving directory '/tmp/ruby/ruby-2.7.4/ext/pty'
#7 66.50 compiling tcpsocket.c
#7 66.52 make[2]: Leaving directory '/tmp/ruby/ruby-2.7.4/ext/etc'
#7 66.52 linking shared-object coverage.so
#7 66.52 compiling date_strptime.c
#7 66.55 make[2]: Leaving directory '/tmp/ruby/ruby-2.7.4/ext/coverage'
#7 66.56 make[2]: Entering directory '/tmp/ruby/ruby-2.7.4/ext/monitor'
#7 66.56 compiling monitor.c
#7 66.57 installing default pathname libraries
#7 66.58 installing default monitor libraries
#7 66.58 compiling ossl_bio.c
#7 66.59 installing default date_core libraries
#7 66.59 make[2]: Entering directory '/tmp/ruby/ruby-2.7.4/ext/cgi/escape'
#7 66.59 compiling escape.c
#7 66.62 make[2]: Entering directory '/tmp/ruby/ruby-2.7.4/ext/digest'
#7 66.63 compiling digest.c
#7 66.63 compiling tcpserver.c
#7 66.65 compiling sockssocket.c
#7 66.67 linking shared-object strscan.so
#7 66.67 linking shared-object sdbm.so
#7 66.72 linking shared-object gdbm.so
#7 66.73 linking shared-object dbm.so
#7 66.73 make[2]: Leaving directory '/tmp/ruby/ruby-2.7.4/ext/strscan'
#7 66.74 linking shared-object monitor.so
#7 66.74 checking ../.././parse.y and ../.././ext/ripper/eventids2.c
#7 66.74 make[2]: Leaving directory '/tmp/ruby/ruby-2.7.4/ext/sdbm'
#7 66.74 compiling ossl_bn.c
#7 66.75 make[2]: Leaving directory '/tmp/ruby/ruby-2.7.4/ext/gdbm'
#7 66.75 compiling udpsocket.c
#7 66.78 make[2]: Leaving directory '/tmp/ruby/ruby-2.7.4/ext/monitor'
#7 66.78 make[2]: Leaving directory '/tmp/ruby/ruby-2.7.4/ext/dbm'
#7 66.78 compiling unixsocket.c
#7 66.79 make[2]: Entering directory '/tmp/ruby/ruby-2.7.4/ext/fiddle'
#7 66.79 compiling closure.c
#7 66.80 compiling conversions.c
#7 66.82 make[2]: Entering directory '/tmp/ruby/ruby-2.7.4/ext/rubyvm'
#7 66.82 compiling unixserver.c
#7 66.83 installing default libraries
#7 66.84 make[2]: Leaving directory '/tmp/ruby/ruby-2.7.4/ext/rubyvm'
#7 66.84 compiling ossl_cipher.c
#7 66.85 linking shared-object cgi/escape.so
#7 66.86 installing default digest libraries
#7 66.86 linking shared-object digest.so
#7 66.87 compiling option.c
#7 66.88 make[2]: Leaving directory '/tmp/ruby/ruby-2.7.4/ext/cgi/escape'
#7 66.89 compiling ancdata.c
#7 66.91 installing digest libraries
#7 66.91 compiling raddrinfo.c
#7 66.91 make[2]: Leaving directory '/tmp/ruby/ruby-2.7.4/ext/digest'
#7 66.92 compiling fiddle.c
#7 66.93 compiling function.c
#7 66.93 ossl_bn.c: In function 'ossl_bn_s_pseudo_rand':
#7 66.93 ossl_bn.c:748:1: warning: 'BN_pseudo_rand' is deprecated: Since OpenSSL 3.0 [-Wdeprecated-declarations]
#7 66.93   748 | BIGNUM_RAND(pseudo_rand)
#7 66.93       | ^~~~~~~~~~~
#7 66.93 In file included from /usr/include/openssl/asn1.h:36,
#7 66.93                  from ossl.h:22,
#7 66.93                  from ossl_bn.c:11:
#7 66.93 /usr/include/openssl/bn.h:231:5: note: declared here
#7 66.93   231 | int BN_pseudo_rand(BIGNUM *rnd, int bits, int top, int bottom);
#7 66.93       |     ^~~~~~~~~~~~~~
#7 66.93 ossl_bn.c: In function 'ossl_bn_s_pseudo_rand_range':
#7 66.93 ossl_bn.c:781:1: warning: 'BN_pseudo_rand_range' is deprecated: Since OpenSSL 3.0 [-Wdeprecated-declarations]
#7 66.93   781 | BIGNUM_RAND_RANGE(pseudo_rand)
#7 66.93       | ^~~~~~~~~~~~~~~~~
#7 66.93 /usr/include/openssl/bn.h:233:5: note: declared here
#7 66.93   233 | int BN_pseudo_rand_range(BIGNUM *rnd, const BIGNUM *range);
#7 66.93       |     ^~~~~~~~~~~~~~~~~~~~
#7 66.94 ossl_bn.c: In function 'ossl_bn_is_prime':
#7 66.94 ossl_bn.c:1026:5: warning: 'BN_is_prime_ex' is deprecated: Since OpenSSL 3.0 [-Wdeprecated-declarations]
#7 66.94  1026 |     switch (BN_is_prime_ex(bn, checks, ossl_bn_ctx, NULL)) {
#7 66.94       |     ^~~~~~
#7 66.94 /usr/include/openssl/bn.h:380:5: note: declared here
#7 66.94   380 | int BN_is_prime_ex(const BIGNUM *p, int nchecks, BN_CTX *ctx, BN_GENCB *cb);
#7 66.94       |     ^~~~~~~~~~~~~~
#7 66.95 ossl_bn.c: In function 'ossl_bn_is_prime_fasttest':
#7 66.95 ossl_bn.c:1068:5: warning: 'BN_is_prime_fasttest_ex' is deprecated: Since OpenSSL 3.0 [-Wdeprecated-declarations]
#7 66.95  1068 |     switch (BN_is_prime_fasttest_ex(bn, checks, ossl_bn_ctx, do_trial_division, NULL)) {
#7 66.95       |     ^~~~~~
#7 66.95 /usr/include/openssl/bn.h:382:5: note: declared here
#7 66.95   382 | int BN_is_prime_fasttest_ex(const BIGNUM *p, int nchecks, BN_CTX *ctx,
#7 66.95       |     ^~~~~~~~~~~~~~~~~~~~~~~
#7 66.96 compiling handle.c
#7 66.98 compiling ifaddr.c
#7 66.98 compiling pointer.c
#7 67.00 installing default socket libraries
#7 67.02 linking shared-object pathname.so
#7 67.03 compiling ossl_config.c
#7 67.05 make[2]: Entering directory '/tmp/ruby/ruby-2.7.4/ext/fcntl'
#7 67.05 make[2]: Leaving directory '/tmp/ruby/ruby-2.7.4/ext/pathname'
#7 67.06 compiling fcntl.c
#7 67.06 make[2]: Entering directory '/tmp/ruby/ruby-2.7.4/ext/syslog'
#7 67.06 compiling syslog.c
#7 67.07 compiling ossl_digest.c
#7 67.09 compiling ossl_engine.c
#7 67.13 linking shared-object stringio.so
#7 67.14 linking shared-object fcntl.so
#7 67.17 make[2]: Leaving directory '/tmp/ruby/ruby-2.7.4/ext/stringio'
#7 67.17 installing default syslog libraries
#7 67.17 make[2]: Entering directory '/tmp/ruby/ruby-2.7.4/ext/objspace'
#7 67.17 compiling object_tracing.c
#7 67.18 make[2]: Entering directory '/tmp/ruby/ruby-2.7.4/ext/-test-/arith_seq/extract'
#7 67.18 compiling ossl_hmac.c
#7 67.18 make[2]: Leaving directory '/tmp/ruby/ruby-2.7.4/ext/fcntl'
#7 67.18 compiling ossl_kdf.c
#7 67.18 compiling extract.c
#7 67.21 compiling ossl_ns_spki.c
#7 67.21 make[2]: Entering directory '/tmp/ruby/ruby-2.7.4/ext/-test-/array/resize'
#7 67.22 compiling ossl_ocsp.c
#7 67.22 compiling resize.c
#7 67.22 compiling objspace.c
#7 67.23 ossl_digest.c: In function 'ossl_evp_get_digestbyname':
#7 67.23 ossl_digest.c:66:9: warning: 'EVP_MD_CTX_md' is deprecated: Since OpenSSL 3.0 [-Wdeprecated-declarations]
#7 67.23    66 |         md = EVP_MD_CTX_md(ctx);
#7 67.23       |         ^~
#7 67.23 In file included from /usr/include/openssl/x509.h:29,
#7 67.23                  from /usr/include/openssl/x509v3.h:25,
#7 67.23                  from ossl.h:23,
#7 67.23                  from ossl_digest.c:10:
#7 67.23 /usr/include/openssl/evp.h:560:15: note: declared here
#7 67.23   560 | const EVP_MD *EVP_MD_CTX_md(const EVP_MD_CTX *ctx);
#7 67.23       |               ^~~~~~~~~~~~~
#7 67.23 ossl_digest.c: In function 'ossl_digest_reset':
#7 67.23 ossl_digest.c:179:5: warning: 'EVP_MD_CTX_md' is deprecated: Since OpenSSL 3.0 [-Wdeprecated-declarations]
#7 67.23   179 |     if (EVP_DigestInit_ex(ctx, EVP_MD_CTX_md(ctx), NULL) != 1) {
#7 67.23       |     ^~
#7 67.23 /usr/include/openssl/evp.h:560:15: note: declared here
#7 67.23   560 | const EVP_MD *EVP_MD_CTX_md(const EVP_MD_CTX *ctx);
#7 67.23       |               ^~~~~~~~~~~~~
#7 67.24 ossl_digest.c: In function 'ossl_digest_name':
#7 67.24 ossl_digest.c:262:5: warning: 'EVP_MD_CTX_md' is deprecated: Since OpenSSL 3.0 [-Wdeprecated-declarations]
#7 67.24   262 |     return rb_str_new2(EVP_MD_name(EVP_MD_CTX_md(ctx)));
#7 67.24       |     ^~~~~~
#7 67.24 /usr/include/openssl/evp.h:560:15: note: declared here
#7 67.24   560 | const EVP_MD *EVP_MD_CTX_md(const EVP_MD_CTX *ctx);
#7 67.24       |               ^~~~~~~~~~~~~
#7 67.24 ossl_digest.c:262:5: warning: 'EVP_MD_CTX_md' is deprecated: Since OpenSSL 3.0 [-Wdeprecated-declarations]
#7 67.24   262 |     return rb_str_new2(EVP_MD_name(EVP_MD_CTX_md(ctx)));
#7 67.24       |     ^~~~~~
#7 67.24 /usr/include/openssl/evp.h:560:15: note: declared here
#7 67.24   560 | const EVP_MD *EVP_MD_CTX_md(const EVP_MD_CTX *ctx);
#7 67.24       |               ^~~~~~~~~~~~~
#7 67.24 ossl_digest.c:262:5: warning: 'EVP_MD_CTX_md' is deprecated: Since OpenSSL 3.0 [-Wdeprecated-declarations]
#7 67.24   262 |     return rb_str_new2(EVP_MD_name(EVP_MD_CTX_md(ctx)));
#7 67.24       |     ^~~~~~
#7 67.24 /usr/include/openssl/evp.h:560:15: note: declared here
#7 67.24   560 | const EVP_MD *EVP_MD_CTX_md(const EVP_MD_CTX *ctx);
#7 67.24       |               ^~~~~~~~~~~~~
#7 67.24 ossl_digest.c:262:5: warning: 'EVP_MD_CTX_md' is deprecated: Since OpenSSL 3.0 [-Wdeprecated-declarations]
#7 67.24   262 |     return rb_str_new2(EVP_MD_name(EVP_MD_CTX_md(ctx)));
#7 67.24       |     ^~~~~~
#7 67.24 /usr/include/openssl/evp.h:560:15: note: declared here
#7 67.24   560 | const EVP_MD *EVP_MD_CTX_md(const EVP_MD_CTX *ctx);
#7 67.24       |               ^~~~~~~~~~~~~
#7 67.27 ossl_engine.c: In function 'ossl_engine_free':
#7 67.27 ossl_engine.c:72:5: warning: 'ENGINE_free' is deprecated: Since OpenSSL 3.0 [-Wdeprecated-declarations]
#7 67.27    72 |     ENGINE_free(engine);
#7 67.27       |     ^~~~~~~~~~~
#7 67.27 In file included from ossl.h:32,
#7 67.27                  from ossl_engine.c:10:
#7 67.27 /usr/include/openssl/engine.h:493:27: note: declared here
#7 67.27   493 | OSSL_DEPRECATEDIN_3_0 int ENGINE_free(ENGINE *e);
#7 67.27       |                           ^~~~~~~~~~~
#7 67.27 ossl_engine.c: In function 'ossl_engine_s_engines':
#7 67.27 ossl_engine.c:194:5: warning: 'ENGINE_get_first' is deprecated: Since OpenSSL 3.0 [-Wdeprecated-declarations]
#7 67.27   194 |     for(e = ENGINE_get_first(); e; e = ENGINE_get_next(e)){
#7 67.27       |     ^~~
#7 67.27 /usr/include/openssl/engine.h:318:31: note: declared here
#7 67.27   318 | OSSL_DEPRECATEDIN_3_0 ENGINE *ENGINE_get_first(void);
#7 67.27       |                               ^~~~~~~~~~~~~~~~
#7 67.27 ossl_engine.c:194:5: warning: 'ENGINE_get_next' is deprecated: Since OpenSSL 3.0 [-Wdeprecated-declarations]
#7 67.27   194 |     for(e = ENGINE_get_first(); e; e = ENGINE_get_next(e)){
#7 67.27       |     ^~~
#7 67.27 /usr/include/openssl/engine.h:323:31: note: declared here
#7 67.27   323 | OSSL_DEPRECATEDIN_3_0 ENGINE *ENGINE_get_next(ENGINE *e);
#7 67.27       |                               ^~~~~~~~~~~~~~~
#7 67.27 ossl_engine.c:199:9: warning: 'ENGINE_up_ref' is deprecated: Since OpenSSL 3.0 [-Wdeprecated-declarations]
#7 67.27   199 |         ENGINE_up_ref(e);
#7 67.27       |         ^~~~~~~~~~~~~
#7 67.27 /usr/include/openssl/engine.h:494:27: note: declared here
#7 67.27   494 | OSSL_DEPRECATEDIN_3_0 int ENGINE_up_ref(ENGINE *e);
#7 67.27       |                           ^~~~~~~~~~~~~
#7 67.27 ossl_engine.c: In function 'ossl_engine_s_by_id':
#7 67.27 ossl_engine.c:227:5: warning: 'ENGINE_by_id' is deprecated: Since OpenSSL 3.0 [-Wdeprecated-declarations]
#7 67.27   227 |     if(!(e = ENGINE_by_id(RSTRING_PTR(id))))
#7 67.27       |     ^~
#7 67.27 /usr/include/openssl/engine.h:336:31: note: declared here
#7 67.27   336 | OSSL_DEPRECATEDIN_3_0 ENGINE *ENGINE_by_id(const char *id);
#7 67.27       |                               ^~~~~~~~~~~~
#7 67.27 ossl_engine.c:231:5: warning: 'ENGINE_init' is deprecated: Since OpenSSL 3.0 [-Wdeprecated-declarations]
#7 67.27   231 |     if(!ENGINE_init(e))
#7 67.27       |     ^~
#7 67.27 /usr/include/openssl/engine.h:620:27: note: declared here
#7 67.27   620 | OSSL_DEPRECATEDIN_3_0 int ENGINE_init(ENGINE *e);
#7 67.27       |                           ^~~~~~~~~~~
#7 67.27 ossl_engine.c:233:5: warning: 'ENGINE_ctrl' is deprecated: Since OpenSSL 3.0 [-Wdeprecated-declarations]
#7 67.27   233 |     ENGINE_ctrl(e, ENGINE_CTRL_SET_PASSWORD_CALLBACK,
#7 67.27       |     ^~~~~~~~~~~
#7 67.27 /usr/include/openssl/engine.h:429:27: note: declared here
#7 67.27   429 | OSSL_DEPRECATEDIN_3_0 int ENGINE_ctrl(ENGINE *e, int cmd, long i, void *p,
#7 67.27       |                           ^~~~~~~~~~~
#7 67.27 ossl_engine.c: In function 'ossl_engine_get_id':
#7 67.27 ossl_engine.c:256:5: warning: 'ENGINE_get_id' is deprecated: Since OpenSSL 3.0 [-Wdeprecated-declarations]
#7 67.27   256 |     return rb_str_new2(ENGINE_get_id(e));
#7 67.27       |     ^~~~~~
#7 67.27 /usr/include/openssl/engine.h:552:35: note: declared here
#7 67.27   552 | OSSL_DEPRECATEDIN_3_0 const char *ENGINE_get_id(const ENGINE *e);
#7 67.27       |                                   ^~~~~~~~~~~~~
#7 67.27 ossl_engine.c:256:5: warning: 'ENGINE_get_id' is deprecated: Since OpenSSL 3.0 [-Wdeprecated-declarations]
#7 67.27   256 |     return rb_str_new2(ENGINE_get_id(e));
#7 67.27       |     ^~~~~~
#7 67.27 /usr/include/openssl/engine.h:552:35: note: declared here
#7 67.27   552 | OSSL_DEPRECATEDIN_3_0 const char *ENGINE_get_id(const ENGINE *e);
#7 67.27       |                                   ^~~~~~~~~~~~~
#7 67.27 ossl_engine.c:256:5: warning: 'ENGINE_get_id' is deprecated: Since OpenSSL 3.0 [-Wdeprecated-declarations]
#7 67.27   256 |     return rb_str_new2(ENGINE_get_id(e));
#7 67.27       |     ^~~~~~
#7 67.27 /usr/include/openssl/engine.h:552:35: note: declared here
#7 67.27   552 | OSSL_DEPRECATEDIN_3_0 const char *ENGINE_get_id(const ENGINE *e);
#7 67.27       |                                   ^~~~~~~~~~~~~
#7 67.27 ossl_engine.c:256:5: warning: 'ENGINE_get_id' is deprecated: Since OpenSSL 3.0 [-Wdeprecated-declarations]
#7 67.27   256 |     return rb_str_new2(ENGINE_get_id(e));
#7 67.27       |     ^~~~~~
#7 67.27 /usr/include/openssl/engine.h:552:35: note: declared here
#7 67.27   552 | OSSL_DEPRECATEDIN_3_0 const char *ENGINE_get_id(const ENGINE *e);
#7 67.27       |                                   ^~~~~~~~~~~~~
#7 67.27 ossl_engine.c: In function 'ossl_engine_get_name':
#7 67.27 ossl_engine.c:276:5: warning: 'ENGINE_get_name' is deprecated: Since OpenSSL 3.0 [-Wdeprecated-declarations]
#7 67.27   276 |     return rb_str_new2(ENGINE_get_name(e));
#7 67.27       |     ^~~~~~
#7 67.27 /usr/include/openssl/engine.h:553:35: note: declared here
#7 67.27   553 | OSSL_DEPRECATEDIN_3_0 const char *ENGINE_get_name(const ENGINE *e);
#7 67.27       |                                   ^~~~~~~~~~~~~~~
#7 67.27 ossl_engine.c:276:5: warning: 'ENGINE_get_name' is deprecated: Since OpenSSL 3.0 [-Wdeprecated-declarations]
#7 67.27   276 |     return rb_str_new2(ENGINE_get_name(e));
#7 67.27       |     ^~~~~~
#7 67.27 /usr/include/openssl/engine.h:553:35: note: declared here
#7 67.27   553 | OSSL_DEPRECATEDIN_3_0 const char *ENGINE_get_name(const ENGINE *e);
#7 67.27       |                                   ^~~~~~~~~~~~~~~
#7 67.27 ossl_engine.c:276:5: warning: 'ENGINE_get_name' is deprecated: Since OpenSSL 3.0 [-Wdeprecated-declarations]
#7 67.27   276 |     return rb_str_new2(ENGINE_get_name(e));
#7 67.27       |     ^~~~~~
#7 67.27 /usr/include/openssl/engine.h:553:35: note: declared here
#7 67.27   553 | OSSL_DEPRECATEDIN_3_0 const char *ENGINE_get_name(const ENGINE *e);
#7 67.27       |                                   ^~~~~~~~~~~~~~~
#7 67.27 ossl_engine.c:276:5: warning: 'ENGINE_get_name' is deprecated: Since OpenSSL 3.0 [-Wdeprecated-declarations]
#7 67.27   276 |     return rb_str_new2(ENGINE_get_name(e));
#7 67.27       |     ^~~~~~
#7 67.27 /usr/include/openssl/engine.h:553:35: note: declared here
#7 67.27   553 | OSSL_DEPRECATEDIN_3_0 const char *ENGINE_get_name(const ENGINE *e);
#7 67.27       |                                   ^~~~~~~~~~~~~~~
#7 67.27 ossl_engine.c: In function 'ossl_engine_finish':
#7 67.27 ossl_engine.c:293:5: warning: 'ENGINE_finish' is deprecated: Since OpenSSL 3.0 [-Wdeprecated-declarations]
#7 67.27   293 |     if(!ENGINE_finish(e)) ossl_raise(eEngineError, NULL);
#7 67.27       |     ^~
#7 67.27 /usr/include/openssl/engine.h:628:27: note: declared here
#7 67.27   628 | OSSL_DEPRECATEDIN_3_0 int ENGINE_finish(ENGINE *e);
#7 67.27       |                           ^~~~~~~~~~~~~
#7 67.27 ossl_engine.c: In function 'ossl_engine_get_cipher':
#7 67.27 ossl_engine.c:324:5: warning: 'ENGINE_get_cipher' is deprecated: Since OpenSSL 3.0 [-Wdeprecated-declarations]
#7 67.27   324 |     ciph = ENGINE_get_cipher(e, nid);
#7 67.27       |     ^~~~
#7 67.27 /usr/include/openssl/engine.h:582:19: note: declared here
#7 67.27   582 | const EVP_CIPHER *ENGINE_get_cipher(ENGINE *e, int nid);
#7 67.27       |                   ^~~~~~~~~~~~~~~~~
#7 67.27 ossl_engine.c: In function 'ossl_engine_get_digest':
#7 67.27 ossl_engine.c:356:5: warning: 'ENGINE_get_digest' is deprecated: Since OpenSSL 3.0 [-Wdeprecated-declarations]
#7 67.27   356 |     md = ENGINE_get_digest(e, nid);
#7 67.27       |     ^~
#7 67.27 /usr/include/openssl/engine.h:584:15: note: declared here
#7 67.27   584 | const EVP_MD *ENGINE_get_digest(ENGINE *e, int nid);
#7 67.27       |               ^~~~~~~~~~~~~~~~~
#7 67.27 compiling objspace_dump.c
#7 67.28 ossl_engine.c: In function 'ossl_engine_load_privkey':
#7 67.28 ossl_engine.c:383:5: warning: 'ENGINE_load_private_key' is deprecated: Since OpenSSL 3.0 [-Wdeprecated-declarations]
#7 67.28   383 |     pkey = ENGINE_load_private_key(e, sid, NULL, sdata);
#7 67.28       |     ^~~~
#7 67.28 /usr/include/openssl/engine.h:638:11: note: declared here
#7 67.28   638 | EVP_PKEY *ENGINE_load_private_key(ENGINE *e, const char *key_id,
#7 67.28       |           ^~~~~~~~~~~~~~~~~~~~~~~
#7 67.28 linking shared-object -test-/arith_seq/extract.so
#7 67.28 linking shared-object syslog.so
#7 67.28 ossl_engine.c: In function 'ossl_engine_load_pubkey':
#7 67.28 ossl_engine.c:412:5: warning: 'ENGINE_load_public_key' is deprecated: Since OpenSSL 3.0 [-Wdeprecated-declarations]
#7 67.28   412 |     pkey = ENGINE_load_public_key(e, sid, NULL, sdata);
#7 67.28       |     ^~~~
#7 67.28 /usr/include/openssl/engine.h:641:11: note: declared here
#7 67.28   641 | EVP_PKEY *ENGINE_load_public_key(ENGINE *e, const char *key_id,
#7 67.28       |           ^~~~~~~~~~~~~~~~~~~~~~
#7 67.28 ossl_engine.c: In function 'ossl_engine_set_default':
#7 67.28 ossl_engine.c:441:5: warning: 'ENGINE_set_default' is deprecated: Since OpenSSL 3.0 [-Wdeprecated-declarations]
#7 67.28   441 |     ENGINE_set_default(e, f);
#7 67.28       |     ^~~~~~~~~~~~~~~~~~
#7 67.28 /usr/include/openssl/engine.h:708:27: note: declared here
#7 67.28   708 | OSSL_DEPRECATEDIN_3_0 int ENGINE_set_default(ENGINE *e, unsigned int flags);
#7 67.28       |                           ^~~~~~~~~~~~~~~~~~
#7 67.29 ossl_engine.c: In function 'ossl_engine_ctrl_cmd':
#7 67.29 ossl_engine.c:463:5: warning: 'ENGINE_ctrl_cmd_string' is deprecated: Since OpenSSL 3.0 [-Wdeprecated-declarations]
#7 67.29   463 |     ret = ENGINE_ctrl_cmd_string(e, StringValueCStr(cmd),
#7 67.29       |     ^~~
#7 67.29 /usr/include/openssl/engine.h:479:5: note: declared here
#7 67.29   479 | int ENGINE_ctrl_cmd_string(ENGINE *e, const char *cmd_name, const char *arg,
#7 67.29       |     ^~~~~~~~~~~~~~~~~~~~~~
#7 67.29 ossl_engine.c: In function 'ossl_engine_get_cmds':
#7 67.29 ossl_engine.c:497:5: warning: 'ENGINE_get_cmd_defns' is deprecated: Since OpenSSL 3.0 [-Wdeprecated-declarations]
#7 67.29   497 |     if ((defn = ENGINE_get_cmd_defns(e)) != NULL){
#7 67.29       |     ^~
#7 67.29 /usr/include/openssl/engine.h:597:24: note: declared here
#7 67.29   597 | const ENGINE_CMD_DEFN *ENGINE_get_cmd_defns(const ENGINE *e);
#7 67.29       |                        ^~~~~~~~~~~~~~~~~~~~
#7 67.29 ossl_engine.c: In function 'ossl_engine_inspect':
#7 67.29 ossl_engine.c:523:23: warning: 'ENGINE_get_id' is deprecated: Since OpenSSL 3.0 [-Wdeprecated-declarations]
#7 67.29   523 |                       rb_obj_class(self), ENGINE_get_id(e), ENGINE_get_name(e));
#7 67.29       |                       ^~~~~~~~~~~~
#7 67.29 /usr/include/openssl/engine.h:552:35: note: declared here
#7 67.29   552 | OSSL_DEPRECATEDIN_3_0 const char *ENGINE_get_id(const ENGINE *e);
#7 67.29       |                                   ^~~~~~~~~~~~~
#7 67.29 ossl_engine.c:523:23: warning: 'ENGINE_get_name' is deprecated: Since OpenSSL 3.0 [-Wdeprecated-declarations]
#7 67.29   523 |                       rb_obj_class(self), ENGINE_get_id(e), ENGINE_get_name(e));
#7 67.29       |                       ^~~~~~~~~~~~
#7 67.29 /usr/include/openssl/engine.h:553:35: note: declared here
#7 67.29   553 | OSSL_DEPRECATEDIN_3_0 const char *ENGINE_get_name(const ENGINE *e);
#7 67.29       |                                   ^~~~~~~~~~~~~~~
#7 67.31 make[2]: Leaving directory '/tmp/ruby/ruby-2.7.4/ext/-test-/arith_seq/extract'
#7 67.31 make[2]: Entering directory '/tmp/ruby/ruby-2.7.4/ext/-test-/bignum'
#7 67.31 compiling bigzero.c
#7 67.32 make[2]: Leaving directory '/tmp/ruby/ruby-2.7.4/ext/syslog'
#7 67.33 compiling ossl_pkcs12.c
#7 67.33 compiling ossl_pkcs7.c
#7 67.34 linking shared-object -test-/array/resize.so
#7 67.35 ossl_hmac.c: In function 'ossl_hmac_free':
#7 67.35 ossl_hmac.c:39:5: warning: 'HMAC_CTX_free' is deprecated: Since OpenSSL 3.0 [-Wdeprecated-declarations]
#7 67.35    39 |     HMAC_CTX_free(ctx);
#7 67.35       |     ^~~~~~~~~~~~~
#7 67.35 In file included from /usr/include/openssl/ssl.h:38,
#7 67.35                  from ossl.h:24,
#7 67.35                  from ossl_hmac.c:12:
#7 67.35 /usr/include/openssl/hmac.h:35:28: note: declared here
#7 67.35    35 | OSSL_DEPRECATEDIN_3_0 void HMAC_CTX_free(HMAC_CTX *ctx);
#7 67.35       |                            ^~~~~~~~~~~~~
#7 67.35 ossl_hmac.c: In function 'ossl_hmac_alloc':
#7 67.35 ossl_hmac.c:57:5: warning: 'HMAC_CTX_new' is deprecated: Since OpenSSL 3.0 [-Wdeprecated-declarations]
#7 67.35    57 |     ctx = HMAC_CTX_new();
#7 67.35       |     ^~~
#7 67.35 /usr/include/openssl/hmac.h:33:33: note: declared here
#7 67.35    33 | OSSL_DEPRECATEDIN_3_0 HMAC_CTX *HMAC_CTX_new(void);
#7 67.35       |                                 ^~~~~~~~~~~~
#7 67.35 ossl_hmac.c: In function 'ossl_hmac_initialize':
#7 67.35 ossl_hmac.c:108:5: warning: 'HMAC_Init_ex' is deprecated: Since OpenSSL 3.0 [-Wdeprecated-declarations]
#7 67.35   108 |     HMAC_Init_ex(ctx, RSTRING_PTR(key), RSTRING_LENINT(key),
#7 67.35       |     ^~~~~~~~~~~~
#7 67.35 /usr/include/openssl/hmac.h:43:27: note: declared here
#7 67.35    43 | OSSL_DEPRECATEDIN_3_0 int HMAC_Init_ex(HMAC_CTX *ctx, const void *key, int len,
#7 67.35       |                           ^~~~~~~~~~~~
#7 67.35 ossl_hmac.c: In function 'ossl_hmac_copy':
#7 67.35 ossl_hmac.c:125:5: warning: 'HMAC_CTX_copy' is deprecated: Since OpenSSL 3.0 [-Wdeprecated-declarations]
#7 67.35   125 |     if (!HMAC_CTX_copy(ctx1, ctx2))
#7 67.35       |     ^~
#7 67.35 /usr/include/openssl/hmac.h:49:34: note: declared here
#7 67.35    49 | OSSL_DEPRECATEDIN_3_0 __owur int HMAC_CTX_copy(HMAC_CTX *dctx, HMAC_CTX *sctx);
#7 67.35       |                                  ^~~~~~~~~~~~~
#7 67.35 ossl_hmac.c: In function 'ossl_hmac_update':
#7 67.35 ossl_hmac.c:155:5: warning: 'HMAC_Update' is deprecated: Since OpenSSL 3.0 [-Wdeprecated-declarations]
#7 67.35   155 |     HMAC_Update(ctx, (unsigned char *)RSTRING_PTR(data), RSTRING_LEN(data));
#7 67.35       |     ^~~~~~~~~~~
#7 67.35 /usr/include/openssl/hmac.h:45:27: note: declared here
#7 67.35    45 | OSSL_DEPRECATEDIN_3_0 int HMAC_Update(HMAC_CTX *ctx, const unsigned char *data,
#7 67.35       |                           ^~~~~~~~~~~
#7 67.35 ossl_hmac.c: In function 'hmac_final':
#7 67.35 ossl_hmac.c:165:5: warning: 'HMAC_CTX_new' is deprecated: Since OpenSSL 3.0 [-Wdeprecated-declarations]
#7 67.35   165 |     final = HMAC_CTX_new();
#7 67.35       |     ^~~~~
#7 67.35 /usr/include/openssl/hmac.h:33:33: note: declared here
#7 67.35    33 | OSSL_DEPRECATEDIN_3_0 HMAC_CTX *HMAC_CTX_new(void);
#7 67.35       |                                 ^~~~~~~~~~~~
#7 67.35 ossl_hmac.c:169:5: warning: 'HMAC_CTX_copy' is deprecated: Since OpenSSL 3.0 [-Wdeprecated-declarations]
#7 67.35   169 |     if (!HMAC_CTX_copy(final, ctx)) {
#7 67.35       |     ^~
#7 67.35 /usr/include/openssl/hmac.h:49:34: note: declared here
#7 67.35    49 | OSSL_DEPRECATEDIN_3_0 __owur int HMAC_CTX_copy(HMAC_CTX *dctx, HMAC_CTX *sctx);
#7 67.35       |                                  ^~~~~~~~~~~~~
#7 67.35 ossl_hmac.c:170:9: warning: 'HMAC_CTX_free' is deprecated: Since OpenSSL 3.0 [-Wdeprecated-declarations]
#7 67.35   170 |         HMAC_CTX_free(final);
#7 67.35       |         ^~~~~~~~~~~~~
#7 67.35 /usr/include/openssl/hmac.h:35:28: note: declared here
#7 67.35    35 | OSSL_DEPRECATEDIN_3_0 void HMAC_CTX_free(HMAC_CTX *ctx);
#7 67.35       |                            ^~~~~~~~~~~~~
#7 67.35 ossl_hmac.c:174:5: warning: 'HMAC_Final' is deprecated: Since OpenSSL 3.0 [-Wdeprecated-declarations]
#7 67.35   174 |     HMAC_Final(final, buf, buf_len);
#7 67.35       |     ^~~~~~~~~~
#7 67.35 /usr/include/openssl/hmac.h:47:27: note: declared here
#7 67.35    47 | OSSL_DEPRECATEDIN_3_0 int HMAC_Final(HMAC_CTX *ctx, unsigned char *md,
#7 67.35       |                           ^~~~~~~~~~
#7 67.35 ossl_hmac.c:175:5: warning: 'HMAC_CTX_free' is deprecated: Since OpenSSL 3.0 [-Wdeprecated-declarations]
#7 67.35   175 |     HMAC_CTX_free(final);
#7 67.35       |     ^~~~~~~~~~~~~
#7 67.35 /usr/include/openssl/hmac.h:35:28: note: declared here
#7 67.35    35 | OSSL_DEPRECATEDIN_3_0 void HMAC_CTX_free(HMAC_CTX *ctx);
#7 67.35       |                            ^~~~~~~~~~~~~
#7 67.35 ossl_hmac.c: In function 'ossl_hmac_reset':
#7 67.35 ossl_hmac.c:254:5: warning: 'HMAC_Init_ex' is deprecated: Since OpenSSL 3.0 [-Wdeprecated-declarations]
#7 67.35   254 |     HMAC_Init_ex(ctx, NULL, 0, NULL, NULL);
#7 67.35       |     ^~~~~~~~~~~~
#7 67.35 /usr/include/openssl/hmac.h:43:27: note: declared here
#7 67.35    43 | OSSL_DEPRECATEDIN_3_0 int HMAC_Init_ex(HMAC_CTX *ctx, const void *key, int len,
#7 67.35       |                           ^~~~~~~~~~~~
#7 67.36 compiling big2str.c
#7 67.36 make[2]: Leaving directory '/tmp/ruby/ruby-2.7.4/ext/-test-/array/resize'
#7 67.36 compiling div.c
#7 67.39 compiling ossl_pkey.c
#7 67.39 compiling ossl_pkey_dh.c
#7 67.45 linking shared-object fiddle.so
#7 67.45 compiling mul.c
#7 67.45 make[2]: Entering directory '/tmp/ruby/ruby-2.7.4/ext/-test-/bug-14834'
#7 67.45 compiling bug-14384.c
#7 67.47 compiling intpack.c
#7 67.48 make[2]: Entering directory '/tmp/ruby/ruby-2.7.4/ext/-test-/bug-3571'
#7 67.48 compiling bug.c
#7 67.48 compiling init.c
#7 67.48 compiling ossl_pkey_dsa.c
#7 67.50 compiling str2big.c
#7 67.50 make[2]: Leaving directory '/tmp/ruby/ruby-2.7.4/ext/fiddle'
#7 67.51 compiling ossl_pkey_ec.c
#7 67.51 make[2]: Entering directory '/tmp/ruby/ruby-2.7.4/ext/-test-/bug-5832'
#7 67.51 compiling bug.c
#7 67.56 compiling ossl_pkey_rsa.c
#7 67.57 linking shared-object -test-/bug_14834.so
#7 67.57 ossl_pkey_dh.c: In function 'dh_instance':
#7 67.57 ossl_pkey_dh.c:48:5: warning: 'EVP_PKEY_assign' is deprecated: Since OpenSSL 3.0 [-Wdeprecated-declarations]
#7 67.57    48 |     if (!EVP_PKEY_assign_DH(pkey, dh)) {
#7 67.57       |     ^~
#7 67.57 In file included from /usr/include/openssl/x509.h:29,
#7 67.57                  from /usr/include/openssl/x509v3.h:25,
#7 67.57                  from ossl.h:23,
#7 67.57                  from ossl_pkey_dh.c:10:
#7 67.57 /usr/include/openssl/evp.h:1336:5: note: declared here
#7 67.57  1336 | int EVP_PKEY_assign(EVP_PKEY *pkey, int type, void *key);
#7 67.57       |     ^~~~~~~~~~~~~~~
#7 67.58 ossl_pkey_dh.c: In function 'ossl_dh_new':
#7 67.58 ossl_pkey_dh.c:63:9: warning: 'DH_new' is deprecated: Since OpenSSL 3.0 [-Wdeprecated-declarations]
#7 67.58    63 |         obj = dh_instance(cDH, DH_new());
#7 67.58       |         ^~~
#7 67.58 In file included from /usr/include/openssl/dsa.h:31,
#7 67.58                  from /usr/include/openssl/x509.h:37:
#7 67.58 /usr/include/openssl/dh.h:206:27: note: declared here
#7 67.58   206 | OSSL_DEPRECATEDIN_3_0 DH *DH_new(void);
#7 67.58       |                           ^~~~~~
#7 67.58 ossl_pkey_dh.c: In function 'dh_blocking_gen':
#7 67.58 ossl_pkey_dh.c:93:5: warning: 'DH_generate_parameters_ex' is deprecated: Since OpenSSL 3.0 [-Wdeprecated-declarations]
#7 67.58    93 |     gen->result = DH_generate_parameters_ex(gen->dh, gen->size, gen->gen, gen->cb);
#7 67.58       |     ^~~
#7 67.58 /usr/include/openssl/dh.h:219:27: note: declared here
#7 67.58   219 | OSSL_DEPRECATEDIN_3_0 int DH_generate_parameters_ex(DH *dh, int prime_len,
#7 67.58       |                           ^~~~~~~~~~~~~~~~~~~~~~~~~
#7 67.58 ossl_pkey_dh.c: In function 'dh_generate':
#7 67.58 ossl_pkey_dh.c:102:5: warning: 'DH_new' is deprecated: Since OpenSSL 3.0 [-Wdeprecated-declarations]
#7 67.58   102 |     DH *dh = DH_new();
#7 67.58       |     ^~
#7 67.58 /usr/include/openssl/dh.h:206:27: note: declared here
#7 67.58   206 | OSSL_DEPRECATEDIN_3_0 DH *DH_new(void);
#7 67.58       |                           ^~~~~~
#7 67.58 ossl_pkey_dh.c:106:9: warning: 'DH_free' is deprecated: Since OpenSSL 3.0 [-Wdeprecated-declarations]
#7 67.58   106 |         DH_free(dh);
#7 67.58       |         ^~~~~~~
#7 67.58 /usr/include/openssl/dh.h:207:28: note: declared here
#7 67.58   207 | OSSL_DEPRECATEDIN_3_0 void DH_free(DH *dh);
#7 67.58       |                            ^~~~~~~
#7 67.58 ossl_pkey_dh.c:128:9: warning: 'DH_free' is deprecated: Since OpenSSL 3.0 [-Wdeprecated-declarations]
#7 67.58   128 |         DH_free(dh);
#7 67.58       |         ^~~~~~~
#7 67.58 /usr/include/openssl/dh.h:207:28: note: declared here
#7 67.58   207 | OSSL_DEPRECATEDIN_3_0 void DH_free(DH *dh);
#7 67.58       |                            ^~~~~~~
#7 67.58 ossl_pkey_dh.c:137:5: warning: 'DH_generate_key' is deprecated: Since OpenSSL 3.0 [-Wdeprecated-declarations]
#7 67.58   137 |     if (!DH_generate_key(dh)) {
#7 67.58       |     ^~
#7 67.58 /usr/include/openssl/dh.h:230:27: note: declared here
#7 67.58   230 | OSSL_DEPRECATEDIN_3_0 int DH_generate_key(DH *dh);
#7 67.58       |                           ^~~~~~~~~~~~~~~
#7 67.58 ossl_pkey_dh.c:138:9: warning: 'DH_free' is deprecated: Since OpenSSL 3.0 [-Wdeprecated-declarations]
#7 67.58   138 |         DH_free(dh);
#7 67.58       |         ^~~~~~~
#7 67.58 /usr/include/openssl/dh.h:207:28: note: declared here
#7 67.58   207 | OSSL_DEPRECATEDIN_3_0 void DH_free(DH *dh);
#7 67.58       |                            ^~~~~~~
#7 67.58 compiling ossl_rand.c
#7 67.58 make[2]: Entering directory '/tmp/ruby/ruby-2.7.4/ext/-test-/bug_reporter'
#7 67.58 ossl_pkey.c: In function 'ossl_pkey_check_public_key':
#7 67.58 ossl_pkey.c:198:5: warning: 'EVP_PKEY_get0' is deprecated: Since OpenSSL 3.0 [-Wdeprecated-declarations]
#7 67.58   198 |     ptr = EVP_PKEY_get0((EVP_PKEY *)pkey);
#7 67.58       |     ^~~
#7 67.58 In file included from /usr/include/openssl/x509.h:29,
#7 67.58                  from /usr/include/openssl/x509v3.h:25,
#7 67.58                  from ossl.h:23,
#7 67.58                  from ossl_pkey.c:10:
#7 67.58 /usr/include/openssl/evp.h:1338:7: note: declared here
#7 67.58  1338 | void *EVP_PKEY_get0(const EVP_PKEY *pkey);
#7 67.58       |       ^~~~~~~~~~~~~
#7 67.58 ossl_pkey.c:201:9: warning: 'RSA_get0_key' is deprecated: Since OpenSSL 3.0 [-Wdeprecated-declarations]
#7 67.58   201 |         RSA_get0_key(ptr, &n, &e, NULL);
#7 67.58       |         ^~~~~~~~~~~~
#7 67.58 In file included from /usr/include/openssl/x509.h:36:
#7 67.58 /usr/include/openssl/rsa.h:228:28: note: declared here
#7 67.58   228 | OSSL_DEPRECATEDIN_3_0 void RSA_get0_key(const RSA *r,
#7 67.58       |                            ^~~~~~~~~~~~
#7 67.58 ossl_pkey.c:206:9: warning: 'DSA_get0_key' is deprecated: Since OpenSSL 3.0 [-Wdeprecated-declarations]
#7 67.58   206 |         DSA_get0_key(ptr, &pubkey, NULL);
#7 67.58       |         ^~~~~~~~~~~~
#7 67.58 In file included from /usr/include/openssl/x509.h:37:
#7 67.58 /usr/include/openssl/dsa.h:209:28: note: declared here
#7 67.58   209 | OSSL_DEPRECATEDIN_3_0 void DSA_get0_key(const DSA *d, const BIGNUM **pub_key,
#7 67.58       |                            ^~~~~~~~~~~~
#7 67.58 ossl_pkey.c:211:9: warning: 'DH_get0_key' is deprecated: Since OpenSSL 3.0 [-Wdeprecated-declarations]
#7 67.58   211 |         DH_get0_key(ptr, &pubkey, NULL);
#7 67.58       |         ^~~~~~~~~~~
#7 67.58 In file included from /usr/include/openssl/dsa.h:31:
#7 67.58 /usr/include/openssl/dh.h:263:28: note: declared here
#7 67.58   263 | OSSL_DEPRECATEDIN_3_0 void DH_get0_key(const DH *dh, const BIGNUM **pub_key,
#7 67.58       |                            ^~~~~~~~~~~
#7 67.58 ossl_pkey_dh.c: In function 'ossl_dh_s_generate':
#7 67.58 ossl_pkey_dh.c:170:9: warning: 'DH_free' is deprecated: Since OpenSSL 3.0 [-Wdeprecated-declarations]
#7 67.58   170 |         DH_free(dh);
#7 67.58       |         ^~~~~~~
#7 67.58 ossl_pkey.c:217:9: warning: 'EC_KEY_get0_public_key' is deprecated: Since OpenSSL 3.0 [-Wdeprecated-declarations]
#7 67.58   217 |         if (EC_KEY_get0_public_key(ptr))
#7 67.58       |         ^~
#7 67.58 /usr/include/openssl/dh.h:207:28: note: declared here
#7 67.58   207 | OSSL_DEPRECATEDIN_3_0 void DH_free(DH *dh);
#7 67.58       |                            ^~~~~~~
#7 67.58 In file included from /usr/include/openssl/x509.h:33:
#7 67.58 /usr/include/openssl/ec.h:1081:39: note: declared here
#7 67.58  1081 | OSSL_DEPRECATEDIN_3_0 const EC_POINT *EC_KEY_get0_public_key(const EC_KEY *key);
#7 67.58       |                                       ^~~~~~~~~~~~~~~~~~~~~~
#7 67.58 compiling bug_reporter.c
#7 67.59 ossl_pkey_dh.c: In function 'ossl_dh_initialize':
#7 67.59 ossl_pkey_dh.c:213:7: warning: 'DH_new' is deprecated: Since OpenSSL 3.0 [-Wdeprecated-declarations]
#7 67.59   213 |       dh = DH_new();
#7 67.59       |       ^~
#7 67.59 /usr/include/openssl/dh.h:206:27: note: declared here
#7 67.59   206 | OSSL_DEPRECATEDIN_3_0 DH *DH_new(void);
#7 67.59       |                           ^~~~~~
#7 67.59 ossl_pkey_dh.c:226:9: warning: 'PEM_read_bio_DHparams' is deprecated: Since OpenSSL 3.0 [-Wdeprecated-declarations]
#7 67.59   226 |         dh = PEM_read_bio_DHparams(in, NULL, NULL, NULL);
#7 67.59       |         ^~
#7 67.59 In file included from /usr/include/openssl/ssl.h:37,
#7 67.59                  from ossl.h:24:
#7 67.59 /usr/include/openssl/pem.h:473:1: note: declared here
#7 67.59   473 | DECLARE_PEM_rw_attr(OSSL_DEPRECATEDIN_3_0, DHparams, DH)
#7 67.59       | ^~~~~~~~~~~~~~~~~~~
#7 67.59 ossl_pkey_dh.c:229:13: warning: 'DH_new' is deprecated: Since OpenSSL 3.0 [-Wdeprecated-declarations]
#7 67.59   229 |             dh = d2i_DHparams_bio(in, NULL);
#7 67.59       |             ^~
#7 67.59 /usr/include/openssl/dh.h:206:27: note: declared here
#7 67.59   206 | OSSL_DEPRECATEDIN_3_0 DH *DH_new(void);
#7 67.59       |                           ^~~~~~
#7 67.59 ossl_pkey_dh.c:229:13: warning: 'd2i_DHparams' is deprecated: Since OpenSSL 3.0 [-Wdeprecated-declarations]
#7 67.59   229 |             dh = d2i_DHparams_bio(in, NULL);
#7 67.59       |             ^~
#7 67.59 In file included from ossl.h:22:
#7 67.59 /usr/include/openssl/dh.h:236:1: note: declared here
#7 67.59   236 | DECLARE_ASN1_ENCODE_FUNCTIONS_only_attr(OSSL_DEPRECATEDIN_3_0, DH, DHparams)
#7 67.59       | ^~~~~~~~~~~~~~~~~~~~~~~~~~~~~~~~~~~~~~~
#7 67.59 ossl_pkey_dh.c:236:5: warning: 'EVP_PKEY_assign' is deprecated: Since OpenSSL 3.0 [-Wdeprecated-declarations]
#7 67.59   236 |     if (!EVP_PKEY_assign_DH(pkey, dh)) {
#7 67.59       |     ^~
#7 67.59 /usr/include/openssl/evp.h:1336:5: note: declared here
#7 67.59  1336 | int EVP_PKEY_assign(EVP_PKEY *pkey, int type, void *key);
#7 67.59       |     ^~~~~~~~~~~~~~~
#7 67.59 ossl_pkey_dh.c:237:9: warning: 'DH_free' is deprecated: Since OpenSSL 3.0 [-Wdeprecated-declarations]
#7 67.59   237 |         DH_free(dh);
#7 67.59       |         ^~~~~~~
#7 67.59 /usr/include/openssl/dh.h:207:28: note: declared here
#7 67.59   207 | OSSL_DEPRECATEDIN_3_0 void DH_free(DH *dh);
#7 67.59       |                            ^~~~~~~
#7 67.59 ossl_pkey_dh.c: In function 'ossl_dh_initialize_copy':
#7 67.59 ossl_pkey_dh.c:253:5: warning: 'EVP_PKEY_get0_DH' is deprecated: Since OpenSSL 3.0 [-Wdeprecated-declarations]
#7 67.59   253 |     GetDH(other, dh_other);
#7 67.59       |     ^~~~~
#7 67.59 /usr/include/openssl/evp.h:1371:43: note: declared here
#7 67.59  1371 | OSSL_DEPRECATEDIN_3_0 const struct dh_st *EVP_PKEY_get0_DH(const EVP_PKEY *pkey);
#7 67.59       |                                           ^~~~~~~~~~~~~~~~
#7 67.59 ossl_pkey_dh.c:23:10: warning: assignment discards 'const' qualifier from pointer target type [-Wdiscarded-qualifiers]
#7 67.59    23 |     (dh) = EVP_PKEY_get0_DH(_pkey); \
#7 67.59       |          ^
#7 67.59 ossl_pkey_dh.c:253:5: note: in expansion of macro 'GetDH'
#7 67.59   253 |     GetDH(other, dh_other);
#7 67.59       |     ^~~~~
#7 67.59 ossl_pkey_dh.c:255:5: warning: 'DHparams_dup' is deprecated: Since OpenSSL 3.0 [-Wdeprecated-declarations]
#7 67.59   255 |     dh = DHparams_dup(dh_other);
#7 67.59       |     ^~
#7 67.59 /usr/include/openssl/dh.h:197:1: note: declared here
#7 67.59   197 | DECLARE_ASN1_DUP_FUNCTION_name_attr(OSSL_DEPRECATEDIN_3_0, DH, DHparams)
#7 67.59       | ^~~~~~~~~~~~~~~~~~~~~~~~~~~~~~~~~~~
#7 67.59 ossl_pkey_dh.c:258:5: warning: 'EVP_PKEY_assign' is deprecated: Since OpenSSL 3.0 [-Wdeprecated-declarations]
#7 67.59   258 |     EVP_PKEY_assign_DH(pkey, dh);
#7 67.59       |     ^~~~~~~~~~~~~~~~~~
#7 67.59 /usr/include/openssl/evp.h:1336:5: note: declared here
#7 67.59  1336 | int EVP_PKEY_assign(EVP_PKEY *pkey, int type, void *key);
#7 67.59       |     ^~~~~~~~~~~~~~~
#7 67.59 ossl_pkey_dh.c:260:5: warning: 'DH_get0_key' is deprecated: Since OpenSSL 3.0 [-Wdeprecated-declarations]
#7 67.59   260 |     DH_get0_key(dh_other, &pub, &priv);
#7 67.59       |     ^~~~~~~~~~~
#7 67.59 /usr/include/openssl/dh.h:263:28: note: declared here
#7 67.59   263 | OSSL_DEPRECATEDIN_3_0 void DH_get0_key(const DH *dh, const BIGNUM **pub_key,
#7 67.59       |                            ^~~~~~~~~~~
#7 67.59 ossl_pkey_dh.c:270:9: warning: 'DH_set0_key' is deprecated: Since OpenSSL 3.0 [-Wdeprecated-declarations]
#7 67.59   270 |         DH_set0_key(dh, pub2, priv2);
#7 67.59       |         ^~~~~~~~~~~
#7 67.59 /usr/include/openssl/dh.h:265:27: note: declared here
#7 67.59   265 | OSSL_DEPRECATEDIN_3_0 int DH_set0_key(DH *dh, BIGNUM *pub_key, BIGNUM *priv_key);
#7 67.59       |                           ^~~~~~~~~~~
#7 67.59 ossl_pkey_dh.c: In function 'ossl_dh_is_public':
#7 67.59 ossl_pkey_dh.c:289:5: warning: 'EVP_PKEY_get0_DH' is deprecated: Since OpenSSL 3.0 [-Wdeprecated-declarations]
#7 67.59   289 |     GetDH(self, dh);
#7 67.59       |     ^~~~~
#7 67.59 /usr/include/openssl/evp.h:1371:43: note: declared here
#7 67.59  1371 | OSSL_DEPRECATEDIN_3_0 const struct dh_st *EVP_PKEY_get0_DH(const EVP_PKEY *pkey);
#7 67.59       |                                           ^~~~~~~~~~~~~~~~
#7 67.59 ossl_pkey_dh.c:23:10: warning: assignment discards 'const' qualifier from pointer target type [-Wdiscarded-qualifiers]
#7 67.59    23 |     (dh) = EVP_PKEY_get0_DH(_pkey); \
#7 67.59       |          ^
#7 67.59 ossl_pkey_dh.c:289:5: note: in expansion of macro 'GetDH'
#7 67.59   289 |     GetDH(self, dh);
#7 67.59       |     ^~~~~
#7 67.59 ossl_pkey_dh.c:290:5: warning: 'DH_get0_key' is deprecated: Since OpenSSL 3.0 [-Wdeprecated-declarations]
#7 67.59   290 |     DH_get0_key(dh, &bn, NULL);
#7 67.59       |     ^~~~~~~~~~~
#7 67.59 /usr/include/openssl/dh.h:263:28: note: declared here
#7 67.59   263 | OSSL_DEPRECATEDIN_3_0 void DH_get0_key(const DH *dh, const BIGNUM **pub_key,
#7 67.59       |                            ^~~~~~~~~~~
#7 67.59 ossl_pkey_dh.c: In function 'ossl_dh_is_private':
#7 67.59 ossl_pkey_dh.c:308:5: warning: 'EVP_PKEY_get0_DH' is deprecated: Since OpenSSL 3.0 [-Wdeprecated-declarations]
#7 67.59   308 |     GetDH(self, dh);
#7 67.59       |     ^~~~~
#7 67.59 /usr/include/openssl/evp.h:1371:43: note: declared here
#7 67.59  1371 | OSSL_DEPRECATEDIN_3_0 const struct dh_st *EVP_PKEY_get0_DH(const EVP_PKEY *pkey);
#7 67.59       |                                           ^~~~~~~~~~~~~~~~
#7 67.59 ossl_pkey_dh.c:23:10: warning: assignment discards 'const' qualifier from pointer target type [-Wdiscarded-qualifiers]
#7 67.59    23 |     (dh) = EVP_PKEY_get0_DH(_pkey); \
#7 67.59       |          ^
#7 67.59 ossl_pkey_dh.c:308:5: note: in expansion of macro 'GetDH'
#7 67.59   308 |     GetDH(self, dh);
#7 67.59       |     ^~~~~
#7 67.59 ossl_pkey_dh.c:309:5: warning: 'DH_get0_key' is deprecated: Since OpenSSL 3.0 [-Wdeprecated-declarations]
#7 67.59   309 |     DH_get0_key(dh, NULL, &bn);
#7 67.59       |     ^~~~~~~~~~~
#7 67.59 /usr/include/openssl/dh.h:263:28: note: declared here
#7 67.59   263 | OSSL_DEPRECATEDIN_3_0 void DH_get0_key(const DH *dh, const BIGNUM **pub_key,
#7 67.59       |                            ^~~~~~~~~~~
#7 67.59 ossl_pkey_dh.c:312:5: warning: 'DH_get0_engine' is deprecated: Since OpenSSL 3.0 [-Wdeprecated-declarations]
#7 67.59   312 |     return (bn || DH_get0_engine(dh)) ? Qtrue : Qfalse;
#7 67.59       |     ^~~~~~
#7 67.59 /usr/include/openssl/dh.h:274:31: note: declared here
#7 67.59   274 | OSSL_DEPRECATEDIN_3_0 ENGINE *DH_get0_engine(DH *d);
#7 67.59       |                               ^~~~~~~~~~~~~~
#7 67.59 ossl_pkey_dh.c: In function 'ossl_dh_export':
#7 67.59 ossl_pkey_dh.c:335:5: warning: 'EVP_PKEY_get0_DH' is deprecated: Since OpenSSL 3.0 [-Wdeprecated-declarations]
#7 67.59   335 |     GetDH(self, dh);
#7 67.59       |     ^~~~~
#7 67.59 /usr/include/openssl/evp.h:1371:43: note: declared here
#7 67.59  1371 | OSSL_DEPRECATEDIN_3_0 const struct dh_st *EVP_PKEY_get0_DH(const EVP_PKEY *pkey);
#7 67.59       |                                           ^~~~~~~~~~~~~~~~
#7 67.59 ossl_pkey_dh.c:23:10: warning: assignment discards 'const' qualifier from pointer target type [-Wdiscarded-qualifiers]
#7 67.59    23 |     (dh) = EVP_PKEY_get0_DH(_pkey); \
#7 67.59       |          ^
#7 67.59 ossl_pkey_dh.c:335:5: note: in expansion of macro 'GetDH'
#7 67.59   335 |     GetDH(self, dh);
#7 67.59       |     ^~~~~
#7 67.59 ossl_pkey_dh.c:339:5: warning: 'PEM_write_bio_DHparams' is deprecated: Since OpenSSL 3.0 [-Wdeprecated-declarations]
#7 67.59   339 |     if (!PEM_write_bio_DHparams(out, dh)) {
#7 67.59       |     ^~
#7 67.59 /usr/include/openssl/pem.h:473:1: note: declared here
#7 67.59   473 | DECLARE_PEM_rw_attr(OSSL_DEPRECATEDIN_3_0, DHparams, DH)
#7 67.59       | ^~~~~~~~~~~~~~~~~~~
#7 67.59 ossl_pkey_dh.c: In function 'ossl_dh_to_der':
#7 67.59 ossl_pkey_dh.c:365:5: warning: 'EVP_PKEY_get0_DH' is deprecated: Since OpenSSL 3.0 [-Wdeprecated-declarations]
#7 67.59   365 |     GetDH(self, dh);
#7 67.59       |     ^~~~~
#7 67.59 /usr/include/openssl/evp.h:1371:43: note: declared here
#7 67.59  1371 | OSSL_DEPRECATEDIN_3_0 const struct dh_st *EVP_PKEY_get0_DH(const EVP_PKEY *pkey);
#7 67.59       |                                           ^~~~~~~~~~~~~~~~
#7 67.59 ossl_pkey_dh.c:23:10: warning: assignment discards 'const' qualifier from pointer target type [-Wdiscarded-qualifiers]
#7 67.59    23 |     (dh) = EVP_PKEY_get0_DH(_pkey); \
#7 67.59       |          ^
#7 67.59 ossl_pkey_dh.c:365:5: note: in expansion of macro 'GetDH'
#7 67.59   365 |     GetDH(self, dh);
#7 67.59       |     ^~~~~
#7 67.59 ossl_pkey_dh.c:366:5: warning: 'i2d_DHparams' is deprecated: Since OpenSSL 3.0 [-Wdeprecated-declarations]
#7 67.59   366 |     if((len = i2d_DHparams(dh, NULL)) <= 0)
#7 67.59       |     ^~
#7 67.59 /usr/include/openssl/dh.h:236:1: note: declared here
#7 67.59   236 | DECLARE_ASN1_ENCODE_FUNCTIONS_only_attr(OSSL_DEPRECATEDIN_3_0, DH, DHparams)
#7 67.59       | ^~~~~~~~~~~~~~~~~~~~~~~~~~~~~~~~~~~~~~~
#7 67.59 ossl_pkey_dh.c:370:5: warning: 'i2d_DHparams' is deprecated: Since OpenSSL 3.0 [-Wdeprecated-declarations]
#7 67.59   370 |     if(i2d_DHparams(dh, &p) < 0)
#7 67.59       |     ^~
#7 67.59 /usr/include/openssl/dh.h:236:1: note: declared here
#7 67.59   236 | DECLARE_ASN1_ENCODE_FUNCTIONS_only_attr(OSSL_DEPRECATEDIN_3_0, DH, DHparams)
#7 67.59       | ^~~~~~~~~~~~~~~~~~~~~~~~~~~~~~~~~~~~~~~
#7 67.59 ossl_pkey_dh.c: In function 'ossl_dh_get_params':
#7 67.59 ossl_pkey_dh.c:392:5: warning: 'EVP_PKEY_get0_DH' is deprecated: Since OpenSSL 3.0 [-Wdeprecated-declarations]
#7 67.59   392 |     GetDH(self, dh);
#7 67.59       |     ^~~~~
#7 67.59 /usr/include/openssl/evp.h:1371:43: note: declared here
#7 67.59  1371 | OSSL_DEPRECATEDIN_3_0 const struct dh_st *EVP_PKEY_get0_DH(const EVP_PKEY *pkey);
#7 67.59       |                                           ^~~~~~~~~~~~~~~~
#7 67.59 ossl_pkey_dh.c:23:10: warning: assignment discards 'const' qualifier from pointer target type [-Wdiscarded-qualifiers]
#7 67.59    23 |     (dh) = EVP_PKEY_get0_DH(_pkey); \
#7 67.59       |          ^
#7 67.59 ossl_pkey_dh.c:392:5: note: in expansion of macro 'GetDH'
#7 67.59   392 |     GetDH(self, dh);
#7 67.59       |     ^~~~~
#7 67.60 ossl_pkey_dh.c:393:5: warning: 'DH_get0_pqg' is deprecated: Since OpenSSL 3.0 [-Wdeprecated-declarations]
#7 67.60   393 |     DH_get0_pqg(dh, &p, &q, &g);
#7 67.60       |     ^~~~~~~~~~~
#7 67.60 /usr/include/openssl/dh.h:260:28: note: declared here
#7 67.60   260 | OSSL_DEPRECATEDIN_3_0 void DH_get0_pqg(const DH *dh, const BIGNUM **p,
#7 67.60       |                            ^~~~~~~~~~~
#7 67.60 ossl_pkey_dh.c:394:5: warning: 'DH_get0_key' is deprecated: Since OpenSSL 3.0 [-Wdeprecated-declarations]
#7 67.60   394 |     DH_get0_key(dh, &pub_key, &priv_key);
#7 67.60       |     ^~~~~~~~~~~
#7 67.60 /usr/include/openssl/dh.h:263:28: note: declared here
#7 67.60   263 | OSSL_DEPRECATEDIN_3_0 void DH_get0_key(const DH *dh, const BIGNUM **pub_key,
#7 67.60       |                            ^~~~~~~~~~~
#7 67.60 ossl_pkey_dh.c: In function 'ossl_dh_to_text':
#7 67.60 ossl_pkey_dh.c:421:5: warning: 'EVP_PKEY_get0_DH' is deprecated: Since OpenSSL 3.0 [-Wdeprecated-declarations]
#7 67.60   421 |     GetDH(self, dh);
#7 67.60       |     ^~~~~
#7 67.60 /usr/include/openssl/evp.h:1371:43: note: declared here
#7 67.60  1371 | OSSL_DEPRECATEDIN_3_0 const struct dh_st *EVP_PKEY_get0_DH(const EVP_PKEY *pkey);
#7 67.60       |                                           ^~~~~~~~~~~~~~~~
#7 67.60 ossl_pkey_dh.c:23:10: warning: assignment discards 'const' qualifier from pointer target type [-Wdiscarded-qualifiers]
#7 67.60    23 |     (dh) = EVP_PKEY_get0_DH(_pkey); \
#7 67.60       |          ^
#7 67.60 ossl_pkey_dh.c:421:5: note: in expansion of macro 'GetDH'
#7 67.60   421 |     GetDH(self, dh);
#7 67.60       |     ^~~~~
#7 67.60 ossl_pkey_dh.c:425:5: warning: 'DHparams_print' is deprecated: Since OpenSSL 3.0 [-Wdeprecated-declarations]
#7 67.60   425 |     if (!DHparams_print(out, dh)) {
#7 67.60       |     ^~
#7 67.60 /usr/include/openssl/dh.h:242:27: note: declared here
#7 67.60   242 | OSSL_DEPRECATEDIN_3_0 int DHparams_print(BIO *bp, const DH *x);
#7 67.60       |                           ^~~~~~~~~~~~~~
#7 67.60 ossl_pkey_dh.c: In function 'ossl_dh_to_public_key':
#7 67.60 ossl_pkey_dh.c:461:5: warning: 'EVP_PKEY_get0_DH' is deprecated: Since OpenSSL 3.0 [-Wdeprecated-declarations]
#7 67.60   461 |     GetDH(self, orig_dh);
#7 67.60       |     ^~~~~
#7 67.60 /usr/include/openssl/evp.h:1371:43: note: declared here
#7 67.60  1371 | OSSL_DEPRECATEDIN_3_0 const struct dh_st *EVP_PKEY_get0_DH(const EVP_PKEY *pkey);
#7 67.60       |                                           ^~~~~~~~~~~~~~~~
#7 67.60 ossl_pkey_dh.c:23:10: warning: assignment discards 'const' qualifier from pointer target type [-Wdiscarded-qualifiers]
#7 67.60    23 |     (dh) = EVP_PKEY_get0_DH(_pkey); \
#7 67.60       |          ^
#7 67.60 ossl_pkey_dh.c:461:5: note: in expansion of macro 'GetDH'
#7 67.60   461 |     GetDH(self, orig_dh);
#7 67.60       |     ^~~~~
#7 67.60 ossl_pkey_dh.c:462:5: warning: 'DHparams_dup' is deprecated: Since OpenSSL 3.0 [-Wdeprecated-declarations]
#7 67.60   462 |     dh = DHparams_dup(orig_dh); /* err check perfomed by dh_instance */
#7 67.60       |     ^~
#7 67.60 /usr/include/openssl/dh.h:197:1: note: declared here
#7 67.60   197 | DECLARE_ASN1_DUP_FUNCTION_name_attr(OSSL_DEPRECATEDIN_3_0, DH, DHparams)
#7 67.60       | ^~~~~~~~~~~~~~~~~~~~~~~~~~~~~~~~~~~
#7 67.60 ossl_pkey_dh.c:465:9: warning: 'DH_free' is deprecated: Since OpenSSL 3.0 [-Wdeprecated-declarations]
#7 67.60   465 |         DH_free(dh);
#7 67.60       |         ^~~~~~~
#7 67.60 /usr/include/openssl/dh.h:207:28: note: declared here
#7 67.60   207 | OSSL_DEPRECATEDIN_3_0 void DH_free(DH *dh);
#7 67.60       |                            ^~~~~~~
#7 67.60 ossl_pkey_dh.c: In function 'ossl_dh_check_params':
#7 67.60 ossl_pkey_dh.c:486:5: warning: 'EVP_PKEY_get0_DH' is deprecated: Since OpenSSL 3.0 [-Wdeprecated-declarations]
#7 67.60   486 |     GetDH(self, dh);
#7 67.60       |     ^~~~~
#7 67.60 /usr/include/openssl/evp.h:1371:43: note: declared here
#7 67.60  1371 | OSSL_DEPRECATEDIN_3_0 const struct dh_st *EVP_PKEY_get0_DH(const EVP_PKEY *pkey);
#7 67.60       |                                           ^~~~~~~~~~~~~~~~
#7 67.60 ossl_pkey_dh.c:23:10: warning: assignment discards 'const' qualifier from pointer target type [-Wdiscarded-qualifiers]
#7 67.60    23 |     (dh) = EVP_PKEY_get0_DH(_pkey); \
#7 67.60       |          ^
#7 67.60 ossl_pkey_dh.c:486:5: note: in expansion of macro 'GetDH'
#7 67.60   486 |     GetDH(self, dh);
#7 67.60       |     ^~~~~
#7 67.60 ossl_pkey_dh.c:487:5: warning: 'DH_check' is deprecated: Since OpenSSL 3.0 [-Wdeprecated-declarations]
#7 67.60   487 |     if (!DH_check(dh, &codes)) {
#7 67.60       |     ^~
#7 67.60 /usr/include/openssl/dh.h:227:27: note: declared here
#7 67.60   227 | OSSL_DEPRECATEDIN_3_0 int DH_check(const DH *dh, int *codes);
#7 67.60       |                           ^~~~~~~~
#7 67.60 make[2]: Entering directory '/tmp/ruby/ruby-2.7.4/ext/-test-/class'
#7 67.60 ossl_pkey_dh.c: In function 'ossl_dh_generate_key':
#7 67.60 ossl_pkey_dh.c:515:5: warning: 'EVP_PKEY_get0_DH' is deprecated: Since OpenSSL 3.0 [-Wdeprecated-declarations]
#7 67.60   515 |     GetDH(self, dh);
#7 67.60       |     ^~~~~
#7 67.60 /usr/include/openssl/evp.h:1371:43: note: declared here
#7 67.60  1371 | OSSL_DEPRECATEDIN_3_0 const struct dh_st *EVP_PKEY_get0_DH(const EVP_PKEY *pkey);
#7 67.60       |                                           ^~~~~~~~~~~~~~~~
#7 67.60 ossl_pkey_dh.c:23:10: warning: assignment discards 'const' qualifier from pointer target type [-Wdiscarded-qualifiers]
#7 67.60    23 |     (dh) = EVP_PKEY_get0_DH(_pkey); \
#7 67.60       |          ^
#7 67.60 ossl_pkey_dh.c:515:5: note: in expansion of macro 'GetDH'
#7 67.60   515 |     GetDH(self, dh);
#7 67.60       |     ^~~~~
#7 67.60 ossl_pkey_dh.c:516:5: warning: 'DH_generate_key' is deprecated: Since OpenSSL 3.0 [-Wdeprecated-declarations]
#7 67.60   516 |     if (!DH_generate_key(dh))
#7 67.60       |     ^~
#7 67.60 /usr/include/openssl/dh.h:230:27: note: declared here
#7 67.60   230 | OSSL_DEPRECATEDIN_3_0 int DH_generate_key(DH *dh);
#7 67.60       |                           ^~~~~~~~~~~~~~~
#7 67.60 ossl_pkey_dh.c: In function 'ossl_dh_compute_key':
#7 67.60 ossl_pkey_dh.c:540:5: warning: 'EVP_PKEY_get0_DH' is deprecated: Since OpenSSL 3.0 [-Wdeprecated-declarations]
#7 67.60   540 |     GetDH(self, dh);
#7 67.60       |     ^~~~~
#7 67.60 /usr/include/openssl/evp.h:1371:43: note: declared here
#7 67.60  1371 | OSSL_DEPRECATEDIN_3_0 const struct dh_st *EVP_PKEY_get0_DH(const EVP_PKEY *pkey);
#7 67.60       |                                           ^~~~~~~~~~~~~~~~
#7 67.60 linking shared-object -test-/bug_3571.so
#7 67.60 ossl_pkey_dh.c:23:10: warning: assignment discards 'const' qualifier from pointer target type [-Wdiscarded-qualifiers]
#7 67.60    23 |     (dh) = EVP_PKEY_get0_DH(_pkey); \
#7 67.60       |          ^
#7 67.60 ossl_pkey_dh.c:540:5: note: in expansion of macro 'GetDH'
#7 67.60   540 |     GetDH(self, dh);
#7 67.60       |     ^~~~~
#7 67.60 compiling class2name.c
#7 67.60 ossl_pkey_dh.c:541:5: warning: 'DH_get0_pqg' is deprecated: Since OpenSSL 3.0 [-Wdeprecated-declarations]
#7 67.60   541 |     DH_get0_pqg(dh, &dh_p, NULL, NULL);
#7 67.60       |     ^~~~~~~~~~~
#7 67.60 /usr/include/openssl/dh.h:260:28: note: declared here
#7 67.60   260 | OSSL_DEPRECATEDIN_3_0 void DH_get0_pqg(const DH *dh, const BIGNUM **p,
#7 67.60       |                            ^~~~~~~~~~~
#7 67.60 ossl_pkey_dh.c:545:5: warning: 'DH_size' is deprecated: Since OpenSSL 3.0 [-Wdeprecated-declarations]
#7 67.60   545 |     len = DH_size(dh);
#7 67.60       |     ^~~
#7 67.60 /usr/include/openssl/dh.h:210:27: note: declared here
#7 67.60   210 | OSSL_DEPRECATEDIN_3_0 int DH_size(const DH *dh);
#7 67.60       |                           ^~~~~~~
#7 67.60 ossl_pkey_dh.c:547:5: warning: 'DH_compute_key' is deprecated: Since OpenSSL 3.0 [-Wdeprecated-declarations]
#7 67.60   547 |     if ((len = DH_compute_key((unsigned char *)RSTRING_PTR(str), pub_key, dh)) < 0) {
#7 67.60       |     ^~
#7 67.60 /usr/include/openssl/dh.h:231:27: note: declared here
#7 67.60   231 | OSSL_DEPRECATEDIN_3_0 int DH_compute_key(unsigned char *key,
#7 67.60       |                           ^~~~~~~~~~~~~~
#7 67.60 ossl_pkey_dh.c: In function 'ossl_dh_get_p':
#7 67.60 ossl_pkey_dh.c:562:1: warning: 'EVP_PKEY_get0_DH' is deprecated: Since OpenSSL 3.0 [-Wdeprecated-declarations]
#7 67.60   562 | OSSL_PKEY_BN_DEF3(dh, DH, pqg, p, q, g)
#7 67.60       | ^~~~~~~~~~~~~~~~~
#7 67.60 /usr/include/openssl/evp.h:1371:43: note: declared here
#7 67.60  1371 | OSSL_DEPRECATEDIN_3_0 const struct dh_st *EVP_PKEY_get0_DH(const EVP_PKEY *pkey);
#7 67.60       |                                           ^~~~~~~~~~~~~~~~
#7 67.60 ossl_pkey_dh.c:23:10: warning: assignment discards 'const' qualifier from pointer target type [-Wdiscarded-qualifiers]
#7 67.60    23 |     (dh) = EVP_PKEY_get0_DH(_pkey); \
#7 67.60       |          ^
#7 67.60 ossl_pkey.h:102:9: note: in expansion of macro 'GetDH'
#7 67.60   102 |         Get##_type(self, obj);                                          \
#7 67.60       |         ^~~
#7 67.60 ossl_pkey.h:110:9: note: in expansion of macro 'OSSL_PKEY_BN_DEF_GETTER0'
#7 67.60   110 |         OSSL_PKEY_BN_DEF_GETTER0(_keytype, _type, a1,                   \
#7 67.60       |         ^~~~~~~~~~~~~~~~~~~~~~~~
#7 67.60 ossl_pkey.h:211:9: note: in expansion of macro 'OSSL_PKEY_BN_DEF_GETTER3'
#7 67.60   211 |         OSSL_PKEY_BN_DEF_GETTER3(_keytype, _type, _group, a1, a2, a3)   \
#7 67.60       |         ^~~~~~~~~~~~~~~~~~~~~~~~
#7 67.60 ossl_pkey_dh.c:562:1: note: in expansion of macro 'OSSL_PKEY_BN_DEF3'
#7 67.60   562 | OSSL_PKEY_BN_DEF3(dh, DH, pqg, p, q, g)
#7 67.60       | ^~~~~~~~~~~~~~~~~
#7 67.60 ossl_pkey_dh.c:562:1: warning: 'DH_get0_pqg' is deprecated: Since OpenSSL 3.0 [-Wdeprecated-declarations]
#7 67.60 /usr/include/openssl/dh.h:260:28: note: declared here
#7 67.60   260 | OSSL_DEPRECATEDIN_3_0 void DH_get0_pqg(const DH *dh, const BIGNUM **p,
#7 67.60       |                            ^~~~~~~~~~~
#7 67.60 ossl_pkey_dh.c: In function 'ossl_dh_get_q':
#7 67.60 ossl_pkey_dh.c:562:1: warning: 'EVP_PKEY_get0_DH' is deprecated: Since OpenSSL 3.0 [-Wdeprecated-declarations]
#7 67.60   562 | OSSL_PKEY_BN_DEF3(dh, DH, pqg, p, q, g)
#7 67.60       | ^~~~~~~~~~~~~~~~~
#7 67.60 /usr/include/openssl/evp.h:1371:43: note: declared here
#7 67.60  1371 | OSSL_DEPRECATEDIN_3_0 const struct dh_st *EVP_PKEY_get0_DH(const EVP_PKEY *pkey);
#7 67.60       |                                           ^~~~~~~~~~~~~~~~
#7 67.60 ossl_pkey_dh.c:23:10: warning: assignment discards 'const' qualifier from pointer target type [-Wdiscarded-qualifiers]
#7 67.60    23 |     (dh) = EVP_PKEY_get0_DH(_pkey); \
#7 67.60       |          ^
#7 67.60 ossl_pkey.h:102:9: note: in expansion of macro 'GetDH'
#7 67.60   102 |         Get##_type(self, obj);                                          \
#7 67.60       |         ^~~
#7 67.60 ossl_pkey.h:112:9: note: in expansion of macro 'OSSL_PKEY_BN_DEF_GETTER0'
#7 67.60   112 |         OSSL_PKEY_BN_DEF_GETTER0(_keytype, _type, a2,                   \
#7 67.60       |         ^~~~~~~~~~~~~~~~~~~~~~~~
#7 67.60 ossl_pkey.h:211:9: note: in expansion of macro 'OSSL_PKEY_BN_DEF_GETTER3'
#7 67.60   211 |         OSSL_PKEY_BN_DEF_GETTER3(_keytype, _type, _group, a1, a2, a3)   \
#7 67.60       |         ^~~~~~~~~~~~~~~~~~~~~~~~
#7 67.60 ossl_pkey_dh.c:562:1: note: in expansion of macro 'OSSL_PKEY_BN_DEF3'
#7 67.60   562 | OSSL_PKEY_BN_DEF3(dh, DH, pqg, p, q, g)
#7 67.60       | ^~~~~~~~~~~~~~~~~
#7 67.60 ossl_pkey_dh.c:562:1: warning: 'DH_get0_pqg' is deprecated: Since OpenSSL 3.0 [-Wdeprecated-declarations]
#7 67.60 /usr/include/openssl/dh.h:260:28: note: declared here
#7 67.60   260 | OSSL_DEPRECATEDIN_3_0 void DH_get0_pqg(const DH *dh, const BIGNUM **p,
#7 67.60       |                            ^~~~~~~~~~~
#7 67.60 ossl_pkey_dh.c: In function 'ossl_dh_get_g':
#7 67.60 ossl_pkey_dh.c:562:1: warning: 'EVP_PKEY_get0_DH' is deprecated: Since OpenSSL 3.0 [-Wdeprecated-declarations]
#7 67.60   562 | OSSL_PKEY_BN_DEF3(dh, DH, pqg, p, q, g)
#7 67.60       | ^~~~~~~~~~~~~~~~~
#7 67.60 /usr/include/openssl/evp.h:1371:43: note: declared here
#7 67.60  1371 | OSSL_DEPRECATEDIN_3_0 const struct dh_st *EVP_PKEY_get0_DH(const EVP_PKEY *pkey);
#7 67.60       |                                           ^~~~~~~~~~~~~~~~
#7 67.60 ossl_pkey_dh.c:23:10: warning: assignment discards 'const' qualifier from pointer target type [-Wdiscarded-qualifiers]
#7 67.60    23 |     (dh) = EVP_PKEY_get0_DH(_pkey); \
#7 67.60       |          ^
#7 67.60 ossl_pkey.h:102:9: note: in expansion of macro 'GetDH'
#7 67.60   102 |         Get##_type(self, obj);                                          \
#7 67.60       |         ^~~
#7 67.60 ossl_pkey.h:114:9: note: in expansion of macro 'OSSL_PKEY_BN_DEF_GETTER0'
#7 67.60   114 |         OSSL_PKEY_BN_DEF_GETTER0(_keytype, _type, a3,                   \
#7 67.60       |         ^~~~~~~~~~~~~~~~~~~~~~~~
#7 67.60 ossl_pkey.h:211:9: note: in expansion of macro 'OSSL_PKEY_BN_DEF_GETTER3'
#7 67.60   211 |         OSSL_PKEY_BN_DEF_GETTER3(_keytype, _type, _group, a1, a2, a3)   \
#7 67.60       |         ^~~~~~~~~~~~~~~~~~~~~~~~
#7 67.60 ossl_pkey_dh.c:562:1: note: in expansion of macro 'OSSL_PKEY_BN_DEF3'
#7 67.60   562 | OSSL_PKEY_BN_DEF3(dh, DH, pqg, p, q, g)
#7 67.60       | ^~~~~~~~~~~~~~~~~
#7 67.60 ossl_pkey_dh.c:562:1: warning: 'DH_get0_pqg' is deprecated: Since OpenSSL 3.0 [-Wdeprecated-declarations]
#7 67.60 /usr/include/openssl/dh.h:260:28: note: declared here
#7 67.60   260 | OSSL_DEPRECATEDIN_3_0 void DH_get0_pqg(const DH *dh, const BIGNUM **p,
#7 67.60       |                            ^~~~~~~~~~~
#7 67.60 ossl_pkey_dh.c: In function 'ossl_dh_set_pqg':
#7 67.60 ossl_pkey_dh.c:562:1: warning: 'EVP_PKEY_get0_DH' is deprecated: Since OpenSSL 3.0 [-Wdeprecated-declarations]
#7 67.60   562 | OSSL_PKEY_BN_DEF3(dh, DH, pqg, p, q, g)
#7 67.60       | ^~~~~~~~~~~~~~~~~
#7 67.60 /usr/include/openssl/evp.h:1371:43: note: declared here
#7 67.60  1371 | OSSL_DEPRECATEDIN_3_0 const struct dh_st *EVP_PKEY_get0_DH(const EVP_PKEY *pkey);
#7 67.60       |                                           ^~~~~~~~~~~~~~~~
#7 67.60 ossl_pkey_dh.c:23:10: warning: assignment discards 'const' qualifier from pointer target type [-Wdiscarded-qualifiers]
#7 67.60    23 |     (dh) = EVP_PKEY_get0_DH(_pkey); \
#7 67.60       |          ^
#7 67.60 ossl_pkey.h:135:9: note: in expansion of macro 'GetDH'
#7 67.60   135 |         Get##_type(self, obj);                                          \
#7 67.60       |         ^~~
#7 67.60 ossl_pkey.h:212:9: note: in expansion of macro 'OSSL_PKEY_BN_DEF_SETTER3'
#7 67.60   212 |         OSSL_PKEY_BN_DEF_SETTER3(_keytype, _type, _group, a1, a2, a3)
#7 67.60       |         ^~~~~~~~~~~~~~~~~~~~~~~~
#7 67.60 ossl_pkey_dh.c:562:1: note: in expansion of macro 'OSSL_PKEY_BN_DEF3'
#7 67.60   562 | OSSL_PKEY_BN_DEF3(dh, DH, pqg, p, q, g)
#7 67.60       | ^~~~~~~~~~~~~~~~~
#7 67.60 ossl_pkey_dh.c:562:1: warning: 'DH_set0_pqg' is deprecated: Since OpenSSL 3.0 [-Wdeprecated-declarations]
#7 67.60 /usr/include/openssl/dh.h:262:27: note: declared here
#7 67.60   262 | OSSL_DEPRECATEDIN_3_0 int DH_set0_pqg(DH *dh, BIGNUM *p, BIGNUM *q, BIGNUM *g);
#7 67.60       |                           ^~~~~~~~~~~
#7 67.60 ossl_pkey_dh.c: In function 'ossl_dh_get_pub_key':
#7 67.60 ossl_pkey_dh.c:570:1: warning: 'EVP_PKEY_get0_DH' is deprecated: Since OpenSSL 3.0 [-Wdeprecated-declarations]
#7 67.60   570 | OSSL_PKEY_BN_DEF2(dh, DH, key, pub_key, priv_key)
#7 67.60       | ^~~~~~~~~~~~~~~~~
#7 67.60 /usr/include/openssl/evp.h:1371:43: note: declared here
#7 67.60  1371 | OSSL_DEPRECATEDIN_3_0 const struct dh_st *EVP_PKEY_get0_DH(const EVP_PKEY *pkey);
#7 67.60       |                                           ^~~~~~~~~~~~~~~~
#7 67.60 ossl_pkey_dh.c:23:10: warning: assignment discards 'const' qualifier from pointer target type [-Wdiscarded-qualifiers]
#7 67.60    23 |     (dh) = EVP_PKEY_get0_DH(_pkey); \
#7 67.60       |          ^
#7 67.60 ossl_pkey.h:102:9: note: in expansion of macro 'GetDH'
#7 67.60   102 |         Get##_type(self, obj);                                          \
#7 67.60       |         ^~~
#7 67.60 ossl_pkey.h:118:9: note: in expansion of macro 'OSSL_PKEY_BN_DEF_GETTER0'
#7 67.60   118 |         OSSL_PKEY_BN_DEF_GETTER0(_keytype, _type, a1,                   \
#7 67.60       |         ^~~~~~~~~~~~~~~~~~~~~~~~
#7 67.60 ossl_pkey.h:215:9: note: in expansion of macro 'OSSL_PKEY_BN_DEF_GETTER2'
#7 67.60   215 |         OSSL_PKEY_BN_DEF_GETTER2(_keytype, _type, _group, a1, a2)       \
#7 67.60       |         ^~~~~~~~~~~~~~~~~~~~~~~~
#7 67.60 ossl_pkey_dh.c:570:1: note: in expansion of macro 'OSSL_PKEY_BN_DEF2'
#7 67.60   570 | OSSL_PKEY_BN_DEF2(dh, DH, key, pub_key, priv_key)
#7 67.60       | ^~~~~~~~~~~~~~~~~
#7 67.60 ossl_pkey_dh.c:570:1: warning: 'DH_get0_key' is deprecated: Since OpenSSL 3.0 [-Wdeprecated-declarations]
#7 67.60 /usr/include/openssl/dh.h:263:28: note: declared here
#7 67.60   263 | OSSL_DEPRECATEDIN_3_0 void DH_get0_key(const DH *dh, const BIGNUM **pub_key,
#7 67.60       |                            ^~~~~~~~~~~
#7 67.60 ossl_pkey_dh.c: In function 'ossl_dh_get_priv_key':
#7 67.60 ossl_pkey_dh.c:570:1: warning: 'EVP_PKEY_get0_DH' is deprecated: Since OpenSSL 3.0 [-Wdeprecated-declarations]
#7 67.60   570 | OSSL_PKEY_BN_DEF2(dh, DH, key, pub_key, priv_key)
#7 67.60       | ^~~~~~~~~~~~~~~~~
#7 67.60 /usr/include/openssl/evp.h:1371:43: note: declared here
#7 67.60  1371 | OSSL_DEPRECATEDIN_3_0 const struct dh_st *EVP_PKEY_get0_DH(const EVP_PKEY *pkey);
#7 67.60       |                                           ^~~~~~~~~~~~~~~~
#7 67.60 ossl_pkey_dh.c:23:10: warning: assignment discards 'const' qualifier from pointer target type [-Wdiscarded-qualifiers]
#7 67.60    23 |     (dh) = EVP_PKEY_get0_DH(_pkey); \
#7 67.60       |          ^
#7 67.60 ossl_pkey.h:102:9: note: in expansion of macro 'GetDH'
#7 67.60   102 |         Get##_type(self, obj);                                          \
#7 67.60       |         ^~~
#7 67.60 ossl_pkey.h:120:9: note: in expansion of macro 'OSSL_PKEY_BN_DEF_GETTER0'
#7 67.60   120 |         OSSL_PKEY_BN_DEF_GETTER0(_keytype, _type, a2,                   \
#7 67.60       |         ^~~~~~~~~~~~~~~~~~~~~~~~
#7 67.60 ossl_pkey.h:215:9: note: in expansion of macro 'OSSL_PKEY_BN_DEF_GETTER2'
#7 67.60   215 |         OSSL_PKEY_BN_DEF_GETTER2(_keytype, _type, _group, a1, a2)       \
#7 67.60       |         ^~~~~~~~~~~~~~~~~~~~~~~~
#7 67.60 ossl_pkey_dh.c:570:1: note: in expansion of macro 'OSSL_PKEY_BN_DEF2'
#7 67.60   570 | OSSL_PKEY_BN_DEF2(dh, DH, key, pub_key, priv_key)
#7 67.60       | ^~~~~~~~~~~~~~~~~
#7 67.60 ossl_pkey_dh.c:570:1: warning: 'DH_get0_key' is deprecated: Since OpenSSL 3.0 [-Wdeprecated-declarations]
#7 67.60 /usr/include/openssl/dh.h:263:28: note: declared here
#7 67.60   263 | OSSL_DEPRECATEDIN_3_0 void DH_get0_key(const DH *dh, const BIGNUM **pub_key,
#7 67.60       |                            ^~~~~~~~~~~
#7 67.60 ossl_pkey_dh.c: In function 'ossl_dh_set_key':
#7 67.60 ossl_pkey_dh.c:570:1: warning: 'EVP_PKEY_get0_DH' is deprecated: Since OpenSSL 3.0 [-Wdeprecated-declarations]
#7 67.60   570 | OSSL_PKEY_BN_DEF2(dh, DH, key, pub_key, priv_key)
#7 67.60       | ^~~~~~~~~~~~~~~~~
#7 67.60 /usr/include/openssl/evp.h:1371:43: note: declared here
#7 67.60  1371 | OSSL_DEPRECATEDIN_3_0 const struct dh_st *EVP_PKEY_get0_DH(const EVP_PKEY *pkey);
#7 67.60       |                                           ^~~~~~~~~~~~~~~~
#7 67.60 ossl_pkey_dh.c:23:10: warning: assignment discards 'const' qualifier from pointer target type [-Wdiscarded-qualifiers]
#7 67.60    23 |     (dh) = EVP_PKEY_get0_DH(_pkey); \
#7 67.60       |          ^
#7 67.60 ossl_pkey.h:165:9: note: in expansion of macro 'GetDH'
#7 67.60   165 |         Get##_type(self, obj);                                          \
#7 67.60       |         ^~~
#7 67.60 ossl_pkey.h:216:9: note: in expansion of macro 'OSSL_PKEY_BN_DEF_SETTER2'
#7 67.60   216 |         OSSL_PKEY_BN_DEF_SETTER2(_keytype, _type, _group, a1, a2)
#7 67.60       |         ^~~~~~~~~~~~~~~~~~~~~~~~
#7 67.60 ossl_pkey_dh.c:570:1: note: in expansion of macro 'OSSL_PKEY_BN_DEF2'
#7 67.60   570 | OSSL_PKEY_BN_DEF2(dh, DH, key, pub_key, priv_key)
#7 67.60       | ^~~~~~~~~~~~~~~~~
#7 67.60 ossl_pkey_dh.c:570:1: warning: 'DH_set0_key' is deprecated: Since OpenSSL 3.0 [-Wdeprecated-declarations]
#7 67.60 /usr/include/openssl/dh.h:265:27: note: declared here
#7 67.60   265 | OSSL_DEPRECATEDIN_3_0 int DH_set0_key(DH *dh, BIGNUM *pub_key, BIGNUM *priv_key);
#7 67.60       |                           ^~~~~~~~~~~
#7 67.61 make[2]: Leaving directory '/tmp/ruby/ruby-2.7.4/ext/-test-/bug-14834'
#7 67.61 make[2]: Entering directory '/tmp/ruby/ruby-2.7.4/ext/-test-/cxxanyargs'
#7 67.62 compiling cxxanyargs.cpp
#7 67.62 linking shared-object -test-/bug_5832.so
#7 67.63 make[2]: Leaving directory '/tmp/ruby/ruby-2.7.4/ext/-test-/bug-3571'
#7 67.64 linking shared-object -test-/bignum.so
#7 67.65 compiling init.c
#7 67.65 ossl_pkey_dsa.c: In function 'DSA_HAS_PRIVATE':
#7 67.65 ossl_pkey_dsa.c:30:5: warning: 'DSA_get0_key' is deprecated: Since OpenSSL 3.0 [-Wdeprecated-declarations]
#7 67.65    30 |     DSA_get0_key(dsa, NULL, &bn);
#7 67.65       |     ^~~~~~~~~~~~
#7 67.65 In file included from /usr/include/openssl/x509.h:37,
#7 67.65                  from /usr/include/openssl/x509v3.h:25,
#7 67.65                  from ossl.h:23,
#7 67.65                  from ossl_pkey_dsa.c:10:
#7 67.65 /usr/include/openssl/dsa.h:209:28: note: declared here
#7 67.65   209 | OSSL_DEPRECATEDIN_3_0 void DSA_get0_key(const DSA *d, const BIGNUM **pub_key,
#7 67.65       |                            ^~~~~~~~~~~~
#7 67.65 ossl_pkey_dsa.c: In function 'dsa_instance':
#7 67.65 ossl_pkey_dsa.c:62:5: warning: 'EVP_PKEY_assign' is deprecated: Since OpenSSL 3.0 [-Wdeprecated-declarations]
#7 67.65    62 |     if (!EVP_PKEY_assign_DSA(pkey, dsa)) {
#7 67.65       |     ^~
#7 67.65 In file included from /usr/include/openssl/x509.h:29:
#7 67.65 /usr/include/openssl/evp.h:1336:5: note: declared here
#7 67.65  1336 | int EVP_PKEY_assign(EVP_PKEY *pkey, int type, void *key);
#7 67.65       |     ^~~~~~~~~~~~~~~
#7 67.65 ossl_pkey_dsa.c: In function 'ossl_dsa_new':
#7 67.65 ossl_pkey_dsa.c:77:9: warning: 'DSA_new' is deprecated: Since OpenSSL 3.0 [-Wdeprecated-declarations]
#7 67.65    77 |         obj = dsa_instance(cDSA, DSA_new());
#7 67.65       |         ^~~
#7 67.65 /usr/include/openssl/dsa.h:130:28: note: declared here
#7 67.65   130 | OSSL_DEPRECATEDIN_3_0 DSA *DSA_new(void);
#7 67.65       |                            ^~~~~~~
#7 67.65 ossl_pkey_dsa.c: In function 'dsa_blocking_gen':
#7 67.65 ossl_pkey_dsa.c:108:5: warning: 'DSA_generate_parameters_ex' is deprecated: Since OpenSSL 3.0 [-Wdeprecated-declarations]
#7 67.65   108 |     gen->result = DSA_generate_parameters_ex(gen->dsa, gen->size, NULL, 0,
#7 67.65       |     ^~~
#7 67.65 /usr/include/openssl/dsa.h:172:27: note: declared here
#7 67.65   172 | OSSL_DEPRECATEDIN_3_0 int DSA_generate_parameters_ex(DSA *dsa, int bits,
#7 67.65       |                           ^~~~~~~~~~~~~~~~~~~~~~~~~~
#7 67.65 ossl_pkey_dsa.c: In function 'dsa_generate':
#7 67.65 ossl_pkey_dsa.c:118:5: warning: 'DSA_new' is deprecated: Since OpenSSL 3.0 [-Wdeprecated-declarations]
#7 67.65   118 |     DSA *dsa = DSA_new();
#7 67.65       |     ^~~
#7 67.65 /usr/include/openssl/dsa.h:130:28: note: declared here
#7 67.65   130 | OSSL_DEPRECATEDIN_3_0 DSA *DSA_new(void);
#7 67.65       |                            ^~~~~~~
#7 67.65 ossl_pkey_dsa.c:124:9: warning: 'DSA_free' is deprecated: Since OpenSSL 3.0 [-Wdeprecated-declarations]
#7 67.65   124 |         DSA_free(dsa);
#7 67.65       |         ^~~~~~~~
#7 67.65 /usr/include/openssl/dsa.h:132:28: note: declared here
#7 67.65   132 | OSSL_DEPRECATEDIN_3_0 void DSA_free(DSA *r);
#7 67.65       |                            ^~~~~~~~
#7 67.65 ossl_pkey_dsa.c:147:9: warning: 'DSA_free' is deprecated: Since OpenSSL 3.0 [-Wdeprecated-declarations]
#7 67.65   147 |         DSA_free(dsa);
#7 67.65       |         ^~~~~~~~
#7 67.65 /usr/include/openssl/dsa.h:132:28: note: declared here
#7 67.65   132 | OSSL_DEPRECATEDIN_3_0 void DSA_free(DSA *r);
#7 67.65       |                            ^~~~~~~~
#7 67.65 ossl_pkey_dsa.c:159:5: warning: 'DSA_generate_key' is deprecated: Since OpenSSL 3.0 [-Wdeprecated-declarations]
#7 67.65   159 |     if (!DSA_generate_key(dsa)) {
#7 67.65       |     ^~
#7 67.65 /usr/include/openssl/dsa.h:179:27: note: declared here
#7 67.65   179 | OSSL_DEPRECATEDIN_3_0 int DSA_generate_key(DSA *a);
#7 67.65       |                           ^~~~~~~~~~~~~~~~
#7 67.65 ossl_pkey_dsa.c:160:9: warning: 'DSA_free' is deprecated: Since OpenSSL 3.0 [-Wdeprecated-declarations]
#7 67.65   160 |         DSA_free(dsa);
#7 67.65       |         ^~~~~~~~
#7 67.65 /usr/include/openssl/dsa.h:132:28: note: declared here
#7 67.65   132 | OSSL_DEPRECATEDIN_3_0 void DSA_free(DSA *r);
#7 67.65       |                            ^~~~~~~~
#7 67.65 ossl_pkey_dsa.c: In function 'ossl_dsa_s_generate':
#7 67.65 ossl_pkey_dsa.c:185:9: warning: 'DSA_free' is deprecated: Since OpenSSL 3.0 [-Wdeprecated-declarations]
#7 67.65   185 |         DSA_free(dsa);
#7 67.65       |         ^~~~~~~~
#7 67.65 /usr/include/openssl/dsa.h:132:28: note: declared here
#7 67.65   132 | OSSL_DEPRECATEDIN_3_0 void DSA_free(DSA *r);
#7 67.65       |                            ^~~~~~~~
#7 67.66 ossl_pkey_dsa.c: In function 'ossl_dsa_initialize':
#7 67.66 ossl_pkey_dsa.c:222:9: warning: 'DSA_new' is deprecated: Since OpenSSL 3.0 [-Wdeprecated-declarations]
#7 67.66   222 |         dsa = DSA_new();
#7 67.66       |         ^~~
#7 67.66 /usr/include/openssl/dsa.h:130:28: note: declared here
#7 67.66   130 | OSSL_DEPRECATEDIN_3_0 DSA *DSA_new(void);
#7 67.66       |                            ^~~~~~~
#7 67.66 ossl_pkey_dsa.c:233:9: warning: 'PEM_read_bio_DSAPrivateKey' is deprecated: Since OpenSSL 3.0 [-Wdeprecated-declarations]
#7 67.66   233 |         dsa = PEM_read_bio_DSAPrivateKey(in, NULL, ossl_pem_passwd_cb, (void *)pass);
#7 67.66       |         ^~~
#7 67.66 In file included from /usr/include/openssl/ssl.h:37,
#7 67.66                  from ossl.h:24:
#7 67.66 /usr/include/openssl/pem.h:457:1: note: declared here
#7 67.66   457 | DECLARE_PEM_rw_cb_attr(OSSL_DEPRECATEDIN_3_0, DSAPrivateKey, DSA)
#7 67.66       | ^~~~~~~~~~~~~~~~~~~~~~
#7 67.66 ossl_pkey_dsa.c:236:13: warning: 'PEM_read_bio_DSA_PUBKEY' is deprecated: Since OpenSSL 3.0 [-Wdeprecated-declarations]
#7 67.66   236 |             dsa = PEM_read_bio_DSA_PUBKEY(in, NULL, NULL, NULL);
#7 67.66       |             ^~~
#7 67.66 /usr/include/openssl/pem.h:458:1: note: declared here
#7 67.66   458 | DECLARE_PEM_rw_attr(OSSL_DEPRECATEDIN_3_0, DSA_PUBKEY, DSA)
#7 67.66       | ^~~~~~~~~~~~~~~~~~~
#7 67.66 ossl_pkey_dsa.c:240:13: warning: 'd2i_DSAPrivateKey_bio' is deprecated: Since OpenSSL 3.0 [-Wdeprecated-declarations]
#7 67.66   240 |             dsa = d2i_DSAPrivateKey_bio(in, NULL);
#7 67.66       |             ^~~
#7 67.66 /usr/include/openssl/x509.h:632:28: note: declared here
#7 67.66   632 | OSSL_DEPRECATEDIN_3_0 DSA *d2i_DSAPrivateKey_bio(BIO *bp, DSA **dsa);
#7 67.66       |                            ^~~~~~~~~~~~~~~~~~~~~
#7 67.66 ossl_pkey_dsa.c:244:13: warning: 'd2i_DSA_PUBKEY_bio' is deprecated: Since OpenSSL 3.0 [-Wdeprecated-declarations]
#7 67.66   244 |             dsa = d2i_DSA_PUBKEY_bio(in, NULL);
#7 67.66       |             ^~~
#7 67.66 /usr/include/openssl/x509.h:630:28: note: declared here
#7 67.66   630 | OSSL_DEPRECATEDIN_3_0 DSA *d2i_DSA_PUBKEY_bio(BIO *bp, DSA **dsa);
#7 67.66       |                            ^~~~~~~~~~~~~~~~~~
#7 67.66 ossl_pkey_dsa.c:250:13: warning: 'd2i_DSAPublicKey' is deprecated: Since OpenSSL 3.0 [-Wdeprecated-declarations]
#7 67.66   250 |             dsa = PEM_read_bio_DSAPublicKey(in, NULL, NULL, NULL);
#7 67.66       |             ^~~
#7 67.66 In file included from ossl.h:22:
#7 67.66 /usr/include/openssl/dsa.h:153:1: note: declared here
#7 67.66   153 | DECLARE_ASN1_ENCODE_FUNCTIONS_only_attr(OSSL_DEPRECATEDIN_3_0,
#7 67.66       | ^~~~~~~~~~~~~~~~~~~~~~~~~~~~~~~~~~~~~~~
#7 67.66 ossl_pkey_dsa.c:259:5: warning: 'EVP_PKEY_assign' is deprecated: Since OpenSSL 3.0 [-Wdeprecated-declarations]
#7 67.66   259 |     if (!EVP_PKEY_assign_DSA(pkey, dsa)) {
#7 67.66       |     ^~
#7 67.66 /usr/include/openssl/evp.h:1336:5: note: declared here
#7 67.66  1336 | int EVP_PKEY_assign(EVP_PKEY *pkey, int type, void *key);
#7 67.66       |     ^~~~~~~~~~~~~~~
#7 67.66 ossl_pkey_dsa.c:260:9: warning: 'DSA_free' is deprecated: Since OpenSSL 3.0 [-Wdeprecated-declarations]
#7 67.66   260 |         DSA_free(dsa);
#7 67.66       |         ^~~~~~~~
#7 67.66 /usr/include/openssl/dsa.h:132:28: note: declared here
#7 67.66   132 | OSSL_DEPRECATEDIN_3_0 void DSA_free(DSA *r);
#7 67.66       |                            ^~~~~~~~
#7 67.66 make[2]: Leaving directory '/tmp/ruby/ruby-2.7.4/ext/-test-/bug-5832'
#7 67.66 ossl_pkey_dsa.c: In function 'ossl_dsa_initialize_copy':
#7 67.66 ossl_pkey_dsa.c:276:5: warning: 'EVP_PKEY_get0_DSA' is deprecated: Since OpenSSL 3.0 [-Wdeprecated-declarations]
#7 67.66   276 |     GetDSA(other, dsa);
#7 67.66       |     ^~~~~~
#7 67.66 /usr/include/openssl/evp.h:1363:22: note: declared here
#7 67.66  1363 | const struct dsa_st *EVP_PKEY_get0_DSA(const EVP_PKEY *pkey);
#7 67.66       |                      ^~~~~~~~~~~~~~~~~
#7 67.66 ossl_pkey_dsa.c:23:11: warning: assignment discards 'const' qualifier from pointer target type [-Wdiscarded-qualifiers]
#7 67.66    23 |     (dsa) = EVP_PKEY_get0_DSA(_pkey); \
#7 67.66       |           ^
#7 67.66 ossl_pkey_dsa.c:276:5: note: in expansion of macro 'GetDSA'
#7 67.66   276 |     GetDSA(other, dsa);
#7 67.66       |     ^~~~~~
#7 67.66 ossl_pkey_dsa.c:278:5: warning: 'i2d_DSAPrivateKey' is deprecated: Since OpenSSL 3.0 [-Wdeprecated-declarations]
#7 67.66   278 |     dsa_new = ASN1_dup((i2d_of_void *)i2d_DSAPrivateKey, (d2i_of_void *)d2i_DSAPrivateKey, (char *)dsa);
#7 67.66       |     ^~~~~~~
#7 67.66 /usr/include/openssl/dsa.h:155:1: note: declared here
#7 67.66   155 | DECLARE_ASN1_ENCODE_FUNCTIONS_only_attr(OSSL_DEPRECATEDIN_3_0,
#7 67.66       | ^~~~~~~~~~~~~~~~~~~~~~~~~~~~~~~~~~~~~~~
#7 67.66 ossl_pkey_dsa.c:278:5: warning: 'd2i_DSAPrivateKey' is deprecated: Since OpenSSL 3.0 [-Wdeprecated-declarations]
#7 67.66   278 |     dsa_new = ASN1_dup((i2d_of_void *)i2d_DSAPrivateKey, (d2i_of_void *)d2i_DSAPrivateKey, (char *)dsa);
#7 67.66       |     ^~~~~~~
#7 67.66 /usr/include/openssl/dsa.h:155:1: note: declared here
#7 67.66   155 | DECLARE_ASN1_ENCODE_FUNCTIONS_only_attr(OSSL_DEPRECATEDIN_3_0,
#7 67.66       | ^~~~~~~~~~~~~~~~~~~~~~~~~~~~~~~~~~~~~~~
#7 67.66 ossl_pkey_dsa.c:282:5: warning: 'EVP_PKEY_assign' is deprecated: Since OpenSSL 3.0 [-Wdeprecated-declarations]
#7 67.66   282 |     EVP_PKEY_assign_DSA(pkey, dsa_new);
#7 67.66       |     ^~~~~~~~~~~~~~~~~~~
#7 67.66 /usr/include/openssl/evp.h:1336:5: note: declared here
#7 67.66  1336 | int EVP_PKEY_assign(EVP_PKEY *pkey, int type, void *key);
#7 67.66       |     ^~~~~~~~~~~~~~~
#7 67.66 ossl_pkey_dsa.c: In function 'ossl_dsa_is_public':
#7 67.66 ossl_pkey_dsa.c:300:5: warning: 'EVP_PKEY_get0_DSA' is deprecated: Since OpenSSL 3.0 [-Wdeprecated-declarations]
#7 67.66   300 |     GetDSA(self, dsa);
#7 67.66       |     ^~~~~~
#7 67.66 /usr/include/openssl/evp.h:1363:22: note: declared here
#7 67.66  1363 | const struct dsa_st *EVP_PKEY_get0_DSA(const EVP_PKEY *pkey);
#7 67.66       |                      ^~~~~~~~~~~~~~~~~
#7 67.66 ossl_pkey_dsa.c:23:11: warning: assignment discards 'const' qualifier from pointer target type [-Wdiscarded-qualifiers]
#7 67.66    23 |     (dsa) = EVP_PKEY_get0_DSA(_pkey); \
#7 67.66       |           ^
#7 67.66 ossl_pkey_dsa.c:300:5: note: in expansion of macro 'GetDSA'
#7 67.66   300 |     GetDSA(self, dsa);
#7 67.66       |     ^~~~~~
#7 67.66 ossl_pkey_dsa.c:301:5: warning: 'DSA_get0_key' is deprecated: Since OpenSSL 3.0 [-Wdeprecated-declarations]
#7 67.66   301 |     DSA_get0_key(dsa, &bn, NULL);
#7 67.66       |     ^~~~~~~~~~~~
#7 67.66 /usr/include/openssl/dsa.h:209:28: note: declared here
#7 67.66   209 | OSSL_DEPRECATEDIN_3_0 void DSA_get0_key(const DSA *d, const BIGNUM **pub_key,
#7 67.66       |                            ^~~~~~~~~~~~
#7 67.66 ossl_pkey_dsa.c: In function 'ossl_dsa_is_private':
#7 67.66 ossl_pkey_dsa.c:318:5: warning: 'EVP_PKEY_get0_DSA' is deprecated: Since OpenSSL 3.0 [-Wdeprecated-declarations]
#7 67.66   318 |     GetDSA(self, dsa);
#7 67.66       |     ^~~~~~
#7 67.66 /usr/include/openssl/evp.h:1363:22: note: declared here
#7 67.66  1363 | const struct dsa_st *EVP_PKEY_get0_DSA(const EVP_PKEY *pkey);
#7 67.66       |                      ^~~~~~~~~~~~~~~~~
#7 67.66 ossl_pkey_dsa.c:23:11: warning: assignment discards 'const' qualifier from pointer target type [-Wdiscarded-qualifiers]
#7 67.66    23 |     (dsa) = EVP_PKEY_get0_DSA(_pkey); \
#7 67.66       |           ^
#7 67.66 ossl_pkey_dsa.c:318:5: note: in expansion of macro 'GetDSA'
#7 67.66   318 |     GetDSA(self, dsa);
#7 67.66       |     ^~~~~~
#7 67.66 ossl_pkey_dsa.c: In function 'ossl_dsa_export':
#7 67.66 ossl_pkey_dsa.c:348:5: warning: 'EVP_PKEY_get0_DSA' is deprecated: Since OpenSSL 3.0 [-Wdeprecated-declarations]
#7 67.66   348 |     GetDSA(self, dsa);
#7 67.66       |     ^~~~~~
#7 67.66 /usr/include/openssl/evp.h:1363:22: note: declared here
#7 67.66  1363 | const struct dsa_st *EVP_PKEY_get0_DSA(const EVP_PKEY *pkey);
#7 67.66       |                      ^~~~~~~~~~~~~~~~~
#7 67.66 ossl_pkey_dsa.c:23:11: warning: assignment discards 'const' qualifier from pointer target type [-Wdiscarded-qualifiers]
#7 67.66    23 |     (dsa) = EVP_PKEY_get0_DSA(_pkey); \
#7 67.66       |           ^
#7 67.66 ossl_pkey_dsa.c:348:5: note: in expansion of macro 'GetDSA'
#7 67.66   348 |     GetDSA(self, dsa);
#7 67.66       |     ^~~~~~
#7 67.67 make[2]: Entering directory '/tmp/ruby/ruby-2.7.4/ext/-test-/debug'
#7 67.67 ossl_pkey_dsa.c:358:9: warning: 'PEM_write_bio_DSAPrivateKey' is deprecated: Since OpenSSL 3.0 [-Wdeprecated-declarations]
#7 67.67   358 |         if (!PEM_write_bio_DSAPrivateKey(out, dsa, ciph, NULL, 0,
#7 67.67       |         ^~
#7 67.67 /usr/include/openssl/pem.h:457:1: note: declared here
#7 67.67   457 | DECLARE_PEM_rw_cb_attr(OSSL_DEPRECATEDIN_3_0, DSAPrivateKey, DSA)
#7 67.67       | ^~~~~~~~~~~~~~~~~~~~~~
#7 67.67 ossl_pkey_dsa.c:364:9: warning: 'PEM_write_bio_DSA_PUBKEY' is deprecated: Since OpenSSL 3.0 [-Wdeprecated-declarations]
#7 67.67   364 |         if (!PEM_write_bio_DSA_PUBKEY(out, dsa)) {
#7 67.67       |         ^~
#7 67.67 /usr/include/openssl/pem.h:458:1: note: declared here
#7 67.67   458 | DECLARE_PEM_rw_attr(OSSL_DEPRECATEDIN_3_0, DSA_PUBKEY, DSA)
#7 67.67       | ^~~~~~~~~~~~~~~~~~~
#7 67.67 ossl_pkey_dsa.c: In function 'ossl_dsa_to_der':
#7 67.67 ossl_pkey_dsa.c:390:5: warning: 'EVP_PKEY_get0_DSA' is deprecated: Since OpenSSL 3.0 [-Wdeprecated-declarations]
#7 67.67   390 |     GetDSA(self, dsa);
#7 67.67       |     ^~~~~~
#7 67.67 /usr/include/openssl/evp.h:1363:22: note: declared here
#7 67.67  1363 | const struct dsa_st *EVP_PKEY_get0_DSA(const EVP_PKEY *pkey);
#7 67.67       |                      ^~~~~~~~~~~~~~~~~
#7 67.67 ossl_pkey_dsa.c:23:11: warning: assignment discards 'const' qualifier from pointer target type [-Wdiscarded-qualifiers]
#7 67.67    23 |     (dsa) = EVP_PKEY_get0_DSA(_pkey); \
#7 67.67       |           ^
#7 67.67 ossl_pkey_dsa.c:390:5: note: in expansion of macro 'GetDSA'
#7 67.67   390 |     GetDSA(self, dsa);
#7 67.67       |     ^~~~~~
#7 67.67 ossl_pkey_dsa.c:392:9: warning: 'i2d_DSAPrivateKey' is deprecated: Since OpenSSL 3.0 [-Wdeprecated-declarations]
#7 67.67   392 |         i2d_func = (int (*)(DSA *,unsigned char **))i2d_DSAPrivateKey;
#7 67.67       |         ^~~~~~~~
#7 67.67 /usr/include/openssl/dsa.h:155:1: note: declared here
#7 67.67   155 | DECLARE_ASN1_ENCODE_FUNCTIONS_only_attr(OSSL_DEPRECATEDIN_3_0,
#7 67.67       | ^~~~~~~~~~~~~~~~~~~~~~~~~~~~~~~~~~~~~~~
#7 67.67 ossl_pkey_dsa.c:394:9: warning: 'i2d_DSA_PUBKEY' is deprecated: Since OpenSSL 3.0 [-Wdeprecated-declarations]
#7 67.67   394 |         i2d_func = i2d_DSA_PUBKEY;
#7 67.67       |         ^~~~~~~~
#7 67.67 /usr/include/openssl/x509.h:721:1: note: declared here
#7 67.67   721 | DECLARE_ASN1_ENCODE_FUNCTIONS_only_attr(OSSL_DEPRECATEDIN_3_0,DSA, DSA_PUBKEY)
#7 67.67       | ^~~~~~~~~~~~~~~~~~~~~~~~~~~~~~~~~~~~~~~
#7 67.67 ossl_pkey_dsa.c:394:18: warning: assignment to 'int (*)(DSA *, unsigned char **)' {aka 'int (*)(struct dsa_st *, unsigned char **)'} from incompatible pointer type 'int (*)(const DSA *, unsigned char **)' {aka 'int (*)(const struct dsa_st *, unsigned char **)'} [-Wincompatible-pointer-types]
#7 67.67   394 |         i2d_func = i2d_DSA_PUBKEY;
#7 67.67       |                  ^
#7 67.67 ossl_pkey_dsa.c: In function 'ossl_dsa_get_params':
#7 67.67 ossl_pkey_dsa.c:422:5: warning: 'EVP_PKEY_get0_DSA' is deprecated: Since OpenSSL 3.0 [-Wdeprecated-declarations]
#7 67.67   422 |     GetDSA(self, dsa);
#7 67.67       |     ^~~~~~
#7 67.67 /usr/include/openssl/evp.h:1363:22: note: declared here
#7 67.67  1363 | const struct dsa_st *EVP_PKEY_get0_DSA(const EVP_PKEY *pkey);
#7 67.67       |                      ^~~~~~~~~~~~~~~~~
#7 67.67 ossl_pkey_dsa.c:23:11: warning: assignment discards 'const' qualifier from pointer target type [-Wdiscarded-qualifiers]
#7 67.67    23 |     (dsa) = EVP_PKEY_get0_DSA(_pkey); \
#7 67.67       |           ^
#7 67.67 ossl_pkey_dsa.c:422:5: note: in expansion of macro 'GetDSA'
#7 67.67   422 |     GetDSA(self, dsa);
#7 67.67       |     ^~~~~~
#7 67.67 ossl_pkey_dsa.c:423:5: warning: 'DSA_get0_pqg' is deprecated: Since OpenSSL 3.0 [-Wdeprecated-declarations]
#7 67.67   423 |     DSA_get0_pqg(dsa, &p, &q, &g);
#7 67.67       |     ^~~~~~~~~~~~
#7 67.67 /usr/include/openssl/dsa.h:206:28: note: declared here
#7 67.67   206 | OSSL_DEPRECATEDIN_3_0 void DSA_get0_pqg(const DSA *d, const BIGNUM **p,
#7 67.67       |                            ^~~~~~~~~~~~
#7 67.67 ossl_pkey_dsa.c:424:5: warning: 'DSA_get0_key' is deprecated: Since OpenSSL 3.0 [-Wdeprecated-declarations]
#7 67.67   424 |     DSA_get0_key(dsa, &pub_key, &priv_key);
#7 67.67       |     ^~~~~~~~~~~~
#7 67.67 /usr/include/openssl/dsa.h:209:28: note: declared here
#7 67.67   209 | OSSL_DEPRECATEDIN_3_0 void DSA_get0_key(const DSA *d, const BIGNUM **pub_key,
#7 67.67       |                            ^~~~~~~~~~~~
#7 67.67 ossl_pkey_dsa.c: In function 'ossl_dsa_to_text':
#7 67.67 ossl_pkey_dsa.c:451:5: warning: 'EVP_PKEY_get0_DSA' is deprecated: Since OpenSSL 3.0 [-Wdeprecated-declarations]
#7 67.67   451 |     GetDSA(self, dsa);
#7 67.67       |     ^~~~~~
#7 67.67 /usr/include/openssl/evp.h:1363:22: note: declared here
#7 67.67  1363 | const struct dsa_st *EVP_PKEY_get0_DSA(const EVP_PKEY *pkey);
#7 67.67       |                      ^~~~~~~~~~~~~~~~~
#7 67.67 ossl_pkey_dsa.c:23:11: warning: assignment discards 'const' qualifier from pointer target type [-Wdiscarded-qualifiers]
#7 67.67    23 |     (dsa) = EVP_PKEY_get0_DSA(_pkey); \
#7 67.67       |           ^
#7 67.67 ossl_pkey_dsa.c:451:5: note: in expansion of macro 'GetDSA'
#7 67.67   451 |     GetDSA(self, dsa);
#7 67.67       |     ^~~~~~
#7 67.67 ossl_pkey_dsa.c:455:5: warning: 'DSA_print' is deprecated: Since OpenSSL 3.0 [-Wdeprecated-declarations]
#7 67.67   455 |     if (!DSA_print(out, dsa, 0)) { /* offset = 0 */
#7 67.67       |     ^~
#7 67.67 /usr/include/openssl/dsa.h:182:27: note: declared here
#7 67.67   182 | OSSL_DEPRECATEDIN_3_0 int DSA_print(BIO *bp, const DSA *x, int off);
#7 67.67       |                           ^~~~~~~~~
#7 67.67 compiling inspector.c
#7 67.67 ossl_pkey_dsa.c: In function 'ossl_dsa_to_public_key':
#7 67.67 ossl_pkey_dsa.c:492:5: warning: 'i2d_DSAPublicKey' is deprecated: Since OpenSSL 3.0 [-Wdeprecated-declarations]
#7 67.67   492 |     dsa = DSAPublicKey_dup(EVP_PKEY_get0_DSA(pkey));
#7 67.67       |     ^~~
#7 67.67 /usr/include/openssl/dsa.h:153:1: note: declared here
#7 67.67   153 | DECLARE_ASN1_ENCODE_FUNCTIONS_only_attr(OSSL_DEPRECATEDIN_3_0,
#7 67.67       | ^~~~~~~~~~~~~~~~~~~~~~~~~~~~~~~~~~~~~~~
#7 67.67 ossl_pkey_dsa.c:492:5: warning: 'd2i_DSAPublicKey' is deprecated: Since OpenSSL 3.0 [-Wdeprecated-declarations]
#7 67.67   492 |     dsa = DSAPublicKey_dup(EVP_PKEY_get0_DSA(pkey));
#7 67.67       |     ^~~
#7 67.67 /usr/include/openssl/dsa.h:153:1: note: declared here
#7 67.67   153 | DECLARE_ASN1_ENCODE_FUNCTIONS_only_attr(OSSL_DEPRECATEDIN_3_0,
#7 67.67       | ^~~~~~~~~~~~~~~~~~~~~~~~~~~~~~~~~~~~~~~
#7 67.67 ossl_pkey_dsa.c:492:5: warning: 'EVP_PKEY_get0_DSA' is deprecated: Since OpenSSL 3.0 [-Wdeprecated-declarations]
#7 67.67   492 |     dsa = DSAPublicKey_dup(EVP_PKEY_get0_DSA(pkey));
#7 67.67       |     ^~~
#7 67.67 /usr/include/openssl/evp.h:1363:22: note: declared here
#7 67.67  1363 | const struct dsa_st *EVP_PKEY_get0_DSA(const EVP_PKEY *pkey);
#7 67.67       |                      ^~~~~~~~~~~~~~~~~
#7 67.67 ossl_pkey_dsa.c:496:9: warning: 'DSA_free' is deprecated: Since OpenSSL 3.0 [-Wdeprecated-declarations]
#7 67.67   496 |         DSA_free(dsa);
#7 67.67       |         ^~~~~~~~
#7 67.67 /usr/include/openssl/dsa.h:132:28: note: declared here
#7 67.67   132 | OSSL_DEPRECATEDIN_3_0 void DSA_free(DSA *r);
#7 67.67       |                            ^~~~~~~~
#7 67.67 ossl_pkey_dsa.c: In function 'ossl_dsa_sign':
#7 67.67 ossl_pkey_dsa.c:529:5: warning: 'EVP_PKEY_get0_DSA' is deprecated: Since OpenSSL 3.0 [-Wdeprecated-declarations]
#7 67.67   529 |     GetDSA(self, dsa);
#7 67.67       |     ^~~~~~
#7 67.67 /usr/include/openssl/evp.h:1363:22: note: declared here
#7 67.67  1363 | const struct dsa_st *EVP_PKEY_get0_DSA(const EVP_PKEY *pkey);
#7 67.67       |                      ^~~~~~~~~~~~~~~~~
#7 67.67 ossl_pkey_dsa.c:23:11: warning: assignment discards 'const' qualifier from pointer target type [-Wdiscarded-qualifiers]
#7 67.67    23 |     (dsa) = EVP_PKEY_get0_DSA(_pkey); \
#7 67.67       |           ^
#7 67.67 ossl_pkey_dsa.c:529:5: note: in expansion of macro 'GetDSA'
#7 67.67   529 |     GetDSA(self, dsa);
#7 67.67       |     ^~~~~~
#7 67.67 ossl_pkey_dsa.c:530:5: warning: 'DSA_get0_pqg' is deprecated: Since OpenSSL 3.0 [-Wdeprecated-declarations]
#7 67.67   530 |     DSA_get0_pqg(dsa, NULL, &dsa_q, NULL);
#7 67.67       |     ^~~~~~~~~~~~
#7 67.67 /usr/include/openssl/dsa.h:206:28: note: declared here
#7 67.67   206 | OSSL_DEPRECATEDIN_3_0 void DSA_get0_pqg(const DSA *d, const BIGNUM **p,
#7 67.67       |                            ^~~~~~~~~~~~
#7 67.67 ossl_pkey_dsa.c:536:5: warning: 'DSA_size' is deprecated: Since OpenSSL 3.0 [-Wdeprecated-declarations]
#7 67.67   536 |     str = rb_str_new(0, DSA_size(dsa));
#7 67.67       |     ^~~
#7 67.67 /usr/include/openssl/dsa.h:135:27: note: declared here
#7 67.67   135 | OSSL_DEPRECATEDIN_3_0 int DSA_size(const DSA *);
#7 67.67       |                           ^~~~~~~~
#7 67.68 make[2]: Leaving directory '/tmp/ruby/ruby-2.7.4/ext/-test-/bignum'
#7 67.68 compiling init.c
#7 67.68 ossl_pkey_dsa.c:536:5: warning: 'DSA_size' is deprecated: Since OpenSSL 3.0 [-Wdeprecated-declarations]
#7 67.68   536 |     str = rb_str_new(0, DSA_size(dsa));
#7 67.68       |     ^~~
#7 67.68 /usr/include/openssl/dsa.h:135:27: note: declared here
#7 67.68   135 | OSSL_DEPRECATEDIN_3_0 int DSA_size(const DSA *);
#7 67.68       |                           ^~~~~~~~
#7 67.68 ossl_pkey_dsa.c:536:5: warning: 'DSA_size' is deprecated: Since OpenSSL 3.0 [-Wdeprecated-declarations]
#7 67.68   536 |     str = rb_str_new(0, DSA_size(dsa));
#7 67.68       |     ^~~
#7 67.68 /usr/include/openssl/dsa.h:135:27: note: declared here
#7 67.68   135 | OSSL_DEPRECATEDIN_3_0 int DSA_size(const DSA *);
#7 67.68       |                           ^~~~~~~~
#7 67.68 ossl_pkey_dsa.c:537:5: warning: 'DSA_sign' is deprecated: Since OpenSSL 3.0 [-Wdeprecated-declarations]
#7 67.68   537 |     if (!DSA_sign(0, (unsigned char *)RSTRING_PTR(data), RSTRING_LENINT(data),
#7 67.68       |     ^~
#7 67.68 /usr/include/openssl/dsa.h:141:27: note: declared here
#7 67.68   141 | OSSL_DEPRECATEDIN_3_0 int DSA_sign(int type, const unsigned char *dgst,
#7 67.68       |                           ^~~~~~~~
#7 67.68 ossl_pkey_dsa.c: In function 'ossl_dsa_verify':
#7 67.68 ossl_pkey_dsa.c:572:5: warning: 'EVP_PKEY_get0_DSA' is deprecated: Since OpenSSL 3.0 [-Wdeprecated-declarations]
#7 67.68   572 |     GetDSA(self, dsa);
#7 67.68       |     ^~~~~~
#7 67.68 /usr/include/openssl/evp.h:1363:22: note: declared here
#7 67.68  1363 | const struct dsa_st *EVP_PKEY_get0_DSA(const EVP_PKEY *pkey);
#7 67.68       |                      ^~~~~~~~~~~~~~~~~
#7 67.68 ossl_pkey_dsa.c:23:11: warning: assignment discards 'const' qualifier from pointer target type [-Wdiscarded-qualifiers]
#7 67.68    23 |     (dsa) = EVP_PKEY_get0_DSA(_pkey); \
#7 67.68       |           ^
#7 67.68 ossl_pkey_dsa.c:572:5: note: in expansion of macro 'GetDSA'
#7 67.68   572 |     GetDSA(self, dsa);
#7 67.68       |     ^~~~~~
#7 67.68 ossl_pkey_dsa.c:576:5: warning: 'DSA_verify' is deprecated: Since OpenSSL 3.0 [-Wdeprecated-declarations]
#7 67.68   576 |     ret = DSA_verify(0, (unsigned char *)RSTRING_PTR(digest), RSTRING_LENINT(digest),
#7 67.68       |     ^~~
#7 67.68 /usr/include/openssl/dsa.h:144:27: note: declared here
#7 67.68   144 | OSSL_DEPRECATEDIN_3_0 int DSA_verify(int type, const unsigned char *dgst,
#7 67.68       |                           ^~~~~~~~~~
#7 67.68 ossl_pkey_dsa.c: In function 'ossl_dsa_get_p':
#7 67.68 ossl_pkey_dsa.c:595:1: warning: 'EVP_PKEY_get0_DSA' is deprecated: Since OpenSSL 3.0 [-Wdeprecated-declarations]
#7 67.68   595 | OSSL_PKEY_BN_DEF3(dsa, DSA, pqg, p, q, g)
#7 67.68       | ^~~~~~~~~~~~~~~~~
#7 67.68 /usr/include/openssl/evp.h:1363:22: note: declared here
#7 67.68  1363 | const struct dsa_st *EVP_PKEY_get0_DSA(const EVP_PKEY *pkey);
#7 67.68       |                      ^~~~~~~~~~~~~~~~~
#7 67.68 ossl_pkey_dsa.c:23:11: warning: assignment discards 'const' qualifier from pointer target type [-Wdiscarded-qualifiers]
#7 67.68    23 |     (dsa) = EVP_PKEY_get0_DSA(_pkey); \
#7 67.68       |           ^
#7 67.68 ossl_pkey.h:102:9: note: in expansion of macro 'GetDSA'
#7 67.68   102 |         Get##_type(self, obj);                                          \
#7 67.68       |         ^~~
#7 67.68 ossl_pkey.h:110:9: note: in expansion of macro 'OSSL_PKEY_BN_DEF_GETTER0'
#7 67.68   110 |         OSSL_PKEY_BN_DEF_GETTER0(_keytype, _type, a1,                   \
#7 67.68       |         ^~~~~~~~~~~~~~~~~~~~~~~~
#7 67.68 ossl_pkey.h:211:9: note: in expansion of macro 'OSSL_PKEY_BN_DEF_GETTER3'
#7 67.68   211 |         OSSL_PKEY_BN_DEF_GETTER3(_keytype, _type, _group, a1, a2, a3)   \
#7 67.68       |         ^~~~~~~~~~~~~~~~~~~~~~~~
#7 67.68 ossl_pkey_dsa.c:595:1: note: in expansion of macro 'OSSL_PKEY_BN_DEF3'
#7 67.68   595 | OSSL_PKEY_BN_DEF3(dsa, DSA, pqg, p, q, g)
#7 67.68       | ^~~~~~~~~~~~~~~~~
#7 67.68 ossl_pkey_dsa.c:595:1: warning: 'DSA_get0_pqg' is deprecated: Since OpenSSL 3.0 [-Wdeprecated-declarations]
#7 67.68 /usr/include/openssl/dsa.h:206:28: note: declared here
#7 67.68   206 | OSSL_DEPRECATEDIN_3_0 void DSA_get0_pqg(const DSA *d, const BIGNUM **p,
#7 67.68       |                            ^~~~~~~~~~~~
#7 67.68 ossl_pkey_dsa.c: In function 'ossl_dsa_get_q':
#7 67.68 ossl_pkey_dsa.c:595:1: warning: 'EVP_PKEY_get0_DSA' is deprecated: Since OpenSSL 3.0 [-Wdeprecated-declarations]
#7 67.68   595 | OSSL_PKEY_BN_DEF3(dsa, DSA, pqg, p, q, g)
#7 67.68       | ^~~~~~~~~~~~~~~~~
#7 67.68 /usr/include/openssl/evp.h:1363:22: note: declared here
#7 67.68  1363 | const struct dsa_st *EVP_PKEY_get0_DSA(const EVP_PKEY *pkey);
#7 67.68       |                      ^~~~~~~~~~~~~~~~~
#7 67.68 ossl_pkey_dsa.c:23:11: warning: assignment discards 'const' qualifier from pointer target type [-Wdiscarded-qualifiers]
#7 67.68    23 |     (dsa) = EVP_PKEY_get0_DSA(_pkey); \
#7 67.68       |           ^
#7 67.68 ossl_pkey.h:102:9: note: in expansion of macro 'GetDSA'
#7 67.68   102 |         Get##_type(self, obj);                                          \
#7 67.68       |         ^~~
#7 67.68 ossl_pkey.h:112:9: note: in expansion of macro 'OSSL_PKEY_BN_DEF_GETTER0'
#7 67.68   112 |         OSSL_PKEY_BN_DEF_GETTER0(_keytype, _type, a2,                   \
#7 67.68       |         ^~~~~~~~~~~~~~~~~~~~~~~~
#7 67.68 ossl_pkey.h:211:9: note: in expansion of macro 'OSSL_PKEY_BN_DEF_GETTER3'
#7 67.68   211 |         OSSL_PKEY_BN_DEF_GETTER3(_keytype, _type, _group, a1, a2, a3)   \
#7 67.68       |         ^~~~~~~~~~~~~~~~~~~~~~~~
#7 67.68 ossl_pkey_dsa.c:595:1: note: in expansion of macro 'OSSL_PKEY_BN_DEF3'
#7 67.68   595 | OSSL_PKEY_BN_DEF3(dsa, DSA, pqg, p, q, g)
#7 67.68       | ^~~~~~~~~~~~~~~~~
#7 67.68 ossl_pkey_dsa.c:595:1: warning: 'DSA_get0_pqg' is deprecated: Since OpenSSL 3.0 [-Wdeprecated-declarations]
#7 67.68 /usr/include/openssl/dsa.h:206:28: note: declared here
#7 67.68   206 | OSSL_DEPRECATEDIN_3_0 void DSA_get0_pqg(const DSA *d, const BIGNUM **p,
#7 67.68       |                            ^~~~~~~~~~~~
#7 67.68 ossl_pkey_dsa.c: In function 'ossl_dsa_get_g':
#7 67.68 ossl_pkey_dsa.c:595:1: warning: 'EVP_PKEY_get0_DSA' is deprecated: Since OpenSSL 3.0 [-Wdeprecated-declarations]
#7 67.68   595 | OSSL_PKEY_BN_DEF3(dsa, DSA, pqg, p, q, g)
#7 67.68       | ^~~~~~~~~~~~~~~~~
#7 67.68 /usr/include/openssl/evp.h:1363:22: note: declared here
#7 67.68  1363 | const struct dsa_st *EVP_PKEY_get0_DSA(const EVP_PKEY *pkey);
#7 67.68       |                      ^~~~~~~~~~~~~~~~~
#7 67.68 ossl_pkey_dsa.c:23:11: warning: assignment discards 'const' qualifier from pointer target type [-Wdiscarded-qualifiers]
#7 67.68    23 |     (dsa) = EVP_PKEY_get0_DSA(_pkey); \
#7 67.68       |           ^
#7 67.68 ossl_pkey.h:102:9: note: in expansion of macro 'GetDSA'
#7 67.68   102 |         Get##_type(self, obj);                                          \
#7 67.68       |         ^~~
#7 67.68 ossl_pkey.h:114:9: note: in expansion of macro 'OSSL_PKEY_BN_DEF_GETTER0'
#7 67.68   114 |         OSSL_PKEY_BN_DEF_GETTER0(_keytype, _type, a3,                   \
#7 67.68       |         ^~~~~~~~~~~~~~~~~~~~~~~~
#7 67.68 ossl_pkey.h:211:9: note: in expansion of macro 'OSSL_PKEY_BN_DEF_GETTER3'
#7 67.68   211 |         OSSL_PKEY_BN_DEF_GETTER3(_keytype, _type, _group, a1, a2, a3)   \
#7 67.68       |         ^~~~~~~~~~~~~~~~~~~~~~~~
#7 67.68 ossl_pkey_dsa.c:595:1: note: in expansion of macro 'OSSL_PKEY_BN_DEF3'
#7 67.68   595 | OSSL_PKEY_BN_DEF3(dsa, DSA, pqg, p, q, g)
#7 67.68       | ^~~~~~~~~~~~~~~~~
#7 67.68 ossl_pkey_dsa.c:595:1: warning: 'DSA_get0_pqg' is deprecated: Since OpenSSL 3.0 [-Wdeprecated-declarations]
#7 67.68 /usr/include/openssl/dsa.h:206:28: note: declared here
#7 67.68   206 | OSSL_DEPRECATEDIN_3_0 void DSA_get0_pqg(const DSA *d, const BIGNUM **p,
#7 67.68       |                            ^~~~~~~~~~~~
#7 67.68 ossl_pkey_dsa.c: In function 'ossl_dsa_set_pqg':
#7 67.68 ossl_pkey_dsa.c:595:1: warning: 'EVP_PKEY_get0_DSA' is deprecated: Since OpenSSL 3.0 [-Wdeprecated-declarations]
#7 67.68   595 | OSSL_PKEY_BN_DEF3(dsa, DSA, pqg, p, q, g)
#7 67.68       | ^~~~~~~~~~~~~~~~~
#7 67.68 /usr/include/openssl/evp.h:1363:22: note: declared here
#7 67.68  1363 | const struct dsa_st *EVP_PKEY_get0_DSA(const EVP_PKEY *pkey);
#7 67.68       |                      ^~~~~~~~~~~~~~~~~
#7 67.68 ossl_pkey_dsa.c:23:11: warning: assignment discards 'const' qualifier from pointer target type [-Wdiscarded-qualifiers]
#7 67.68    23 |     (dsa) = EVP_PKEY_get0_DSA(_pkey); \
#7 67.68       |           ^
#7 67.68 ossl_pkey.h:135:9: note: in expansion of macro 'GetDSA'
#7 67.68   135 |         Get##_type(self, obj);                                          \
#7 67.68       |         ^~~
#7 67.68 ossl_pkey.h:212:9: note: in expansion of macro 'OSSL_PKEY_BN_DEF_SETTER3'
#7 67.68   212 |         OSSL_PKEY_BN_DEF_SETTER3(_keytype, _type, _group, a1, a2, a3)
#7 67.68       |         ^~~~~~~~~~~~~~~~~~~~~~~~
#7 67.68 ossl_pkey_dsa.c:595:1: note: in expansion of macro 'OSSL_PKEY_BN_DEF3'
#7 67.68   595 | OSSL_PKEY_BN_DEF3(dsa, DSA, pqg, p, q, g)
#7 67.68       | ^~~~~~~~~~~~~~~~~
#7 67.68 ossl_pkey_dsa.c:595:1: warning: 'DSA_set0_pqg' is deprecated: Since OpenSSL 3.0 [-Wdeprecated-declarations]
#7 67.68 /usr/include/openssl/dsa.h:208:27: note: declared here
#7 67.68   208 | OSSL_DEPRECATEDIN_3_0 int DSA_set0_pqg(DSA *d, BIGNUM *p, BIGNUM *q, BIGNUM *g);
#7 67.68       |                           ^~~~~~~~~~~~
#7 67.68 ossl_pkey_dsa.c: In function 'ossl_dsa_get_pub_key':
#7 67.68 ossl_pkey_dsa.c:603:1: warning: 'EVP_PKEY_get0_DSA' is deprecated: Since OpenSSL 3.0 [-Wdeprecated-declarations]
#7 67.68   603 | OSSL_PKEY_BN_DEF2(dsa, DSA, key, pub_key, priv_key)
#7 67.68       | ^~~~~~~~~~~~~~~~~
#7 67.68 /usr/include/openssl/evp.h:1363:22: note: declared here
#7 67.68  1363 | const struct dsa_st *EVP_PKEY_get0_DSA(const EVP_PKEY *pkey);
#7 67.68       |                      ^~~~~~~~~~~~~~~~~
#7 67.68 ossl_pkey_dsa.c:23:11: warning: assignment discards 'const' qualifier from pointer target type [-Wdiscarded-qualifiers]
#7 67.68    23 |     (dsa) = EVP_PKEY_get0_DSA(_pkey); \
#7 67.68       |           ^
#7 67.68 ossl_pkey.h:102:9: note: in expansion of macro 'GetDSA'
#7 67.68   102 |         Get##_type(self, obj);                                          \
#7 67.68       |         ^~~
#7 67.68 ossl_pkey.h:118:9: note: in expansion of macro 'OSSL_PKEY_BN_DEF_GETTER0'
#7 67.68   118 |         OSSL_PKEY_BN_DEF_GETTER0(_keytype, _type, a1,                   \
#7 67.68       |         ^~~~~~~~~~~~~~~~~~~~~~~~
#7 67.68 ossl_pkey.h:215:9: note: in expansion of macro 'OSSL_PKEY_BN_DEF_GETTER2'
#7 67.68   215 |         OSSL_PKEY_BN_DEF_GETTER2(_keytype, _type, _group, a1, a2)       \
#7 67.68       |         ^~~~~~~~~~~~~~~~~~~~~~~~
#7 67.68 ossl_pkey_dsa.c:603:1: note: in expansion of macro 'OSSL_PKEY_BN_DEF2'
#7 67.68   603 | OSSL_PKEY_BN_DEF2(dsa, DSA, key, pub_key, priv_key)
#7 67.68       | ^~~~~~~~~~~~~~~~~
#7 67.68 ossl_pkey_dsa.c:603:1: warning: 'DSA_get0_key' is deprecated: Since OpenSSL 3.0 [-Wdeprecated-declarations]
#7 67.68 /usr/include/openssl/dsa.h:209:28: note: declared here
#7 67.68   209 | OSSL_DEPRECATEDIN_3_0 void DSA_get0_key(const DSA *d, const BIGNUM **pub_key,
#7 67.68       |                            ^~~~~~~~~~~~
#7 67.68 ossl_pkey_dsa.c: In function 'ossl_dsa_get_priv_key':
#7 67.68 ossl_pkey_dsa.c:603:1: warning: 'EVP_PKEY_get0_DSA' is deprecated: Since OpenSSL 3.0 [-Wdeprecated-declarations]
#7 67.68   603 | OSSL_PKEY_BN_DEF2(dsa, DSA, key, pub_key, priv_key)
#7 67.68       | ^~~~~~~~~~~~~~~~~
#7 67.68 /usr/include/openssl/evp.h:1363:22: note: declared here
#7 67.68  1363 | const struct dsa_st *EVP_PKEY_get0_DSA(const EVP_PKEY *pkey);
#7 67.68       |                      ^~~~~~~~~~~~~~~~~
#7 67.68 ossl_pkey_dsa.c:23:11: warning: assignment discards 'const' qualifier from pointer target type [-Wdiscarded-qualifiers]
#7 67.68    23 |     (dsa) = EVP_PKEY_get0_DSA(_pkey); \
#7 67.68       |           ^
#7 67.68 ossl_pkey.h:102:9: note: in expansion of macro 'GetDSA'
#7 67.68   102 |         Get##_type(self, obj);                                          \
#7 67.68       |         ^~~
#7 67.68 ossl_pkey.h:120:9: note: in expansion of macro 'OSSL_PKEY_BN_DEF_GETTER0'
#7 67.68   120 |         OSSL_PKEY_BN_DEF_GETTER0(_keytype, _type, a2,                   \
#7 67.68       |         ^~~~~~~~~~~~~~~~~~~~~~~~
#7 67.68 ossl_pkey.h:215:9: note: in expansion of macro 'OSSL_PKEY_BN_DEF_GETTER2'
#7 67.68   215 |         OSSL_PKEY_BN_DEF_GETTER2(_keytype, _type, _group, a1, a2)       \
#7 67.68       |         ^~~~~~~~~~~~~~~~~~~~~~~~
#7 67.68 ossl_pkey_dsa.c:603:1: note: in expansion of macro 'OSSL_PKEY_BN_DEF2'
#7 67.68   603 | OSSL_PKEY_BN_DEF2(dsa, DSA, key, pub_key, priv_key)
#7 67.68       | ^~~~~~~~~~~~~~~~~
#7 67.68 ossl_pkey_dsa.c:603:1: warning: 'DSA_get0_key' is deprecated: Since OpenSSL 3.0 [-Wdeprecated-declarations]
#7 67.68 /usr/include/openssl/dsa.h:209:28: note: declared here
#7 67.68   209 | OSSL_DEPRECATEDIN_3_0 void DSA_get0_key(const DSA *d, const BIGNUM **pub_key,
#7 67.68       |                            ^~~~~~~~~~~~
#7 67.68 ossl_pkey_dsa.c: In function 'ossl_dsa_set_key':
#7 67.68 ossl_pkey_dsa.c:603:1: warning: 'EVP_PKEY_get0_DSA' is deprecated: Since OpenSSL 3.0 [-Wdeprecated-declarations]
#7 67.68   603 | OSSL_PKEY_BN_DEF2(dsa, DSA, key, pub_key, priv_key)
#7 67.68       | ^~~~~~~~~~~~~~~~~
#7 67.68 /usr/include/openssl/evp.h:1363:22: note: declared here
#7 67.68  1363 | const struct dsa_st *EVP_PKEY_get0_DSA(const EVP_PKEY *pkey);
#7 67.68       |                      ^~~~~~~~~~~~~~~~~
#7 67.68 ossl_pkey_dsa.c:23:11: warning: assignment discards 'const' qualifier from pointer target type [-Wdiscarded-qualifiers]
#7 67.68    23 |     (dsa) = EVP_PKEY_get0_DSA(_pkey); \
#7 67.68       |           ^
#7 67.68 ossl_pkey.h:165:9: note: in expansion of macro 'GetDSA'
#7 67.68   165 |         Get##_type(self, obj);                                          \
#7 67.68       |         ^~~
#7 67.68 ossl_pkey.h:216:9: note: in expansion of macro 'OSSL_PKEY_BN_DEF_SETTER2'
#7 67.68   216 |         OSSL_PKEY_BN_DEF_SETTER2(_keytype, _type, _group, a1, a2)
#7 67.68       |         ^~~~~~~~~~~~~~~~~~~~~~~~
#7 67.68 ossl_pkey_dsa.c:603:1: note: in expansion of macro 'OSSL_PKEY_BN_DEF2'
#7 67.68   603 | OSSL_PKEY_BN_DEF2(dsa, DSA, key, pub_key, priv_key)
#7 67.68       | ^~~~~~~~~~~~~~~~~
#7 67.68 ossl_pkey_dsa.c:603:1: warning: 'DSA_set0_key' is deprecated: Since OpenSSL 3.0 [-Wdeprecated-declarations]
#7 67.68 /usr/include/openssl/dsa.h:211:27: note: declared here
#7 67.68   211 | OSSL_DEPRECATEDIN_3_0 int DSA_set0_key(DSA *d, BIGNUM *pub_key,
#7 67.68       |                           ^~~~~~~~~~~~
#7 67.68 ossl_pkey_ec.c: In function 'ec_instance':
#7 67.69 ossl_pkey_ec.c:78:5: warning: 'EVP_PKEY_assign' is deprecated: Since OpenSSL 3.0 [-Wdeprecated-declarations]
#7 67.69    78 |     if (!EVP_PKEY_assign_EC_KEY(pkey, ec)) {
#7 67.69       |     ^~
#7 67.69 In file included from /usr/include/openssl/x509.h:29,
#7 67.69                  from /usr/include/openssl/x509v3.h:25,
#7 67.69                  from ossl.h:23,
#7 67.69                  from ossl_pkey_ec.c:5:
#7 67.69 /usr/include/openssl/evp.h:1336:5: note: declared here
#7 67.69  1336 | int EVP_PKEY_assign(EVP_PKEY *pkey, int type, void *key);
#7 67.69       |     ^~~~~~~~~~~~~~~
#7 67.69 ossl_pkey_ec.c: In function 'ossl_ec_new':
#7 67.69 ossl_pkey_ec.c:92:9: warning: 'EC_KEY_new' is deprecated: Since OpenSSL 3.0 [-Wdeprecated-declarations]
#7 67.69    92 |         obj = ec_instance(cEC, EC_KEY_new());
#7 67.69       |         ^~~
#7 67.69 In file included from /usr/include/openssl/x509.h:33:
#7 67.69 /usr/include/openssl/ec.h:987:31: note: declared here
#7 67.69   987 | OSSL_DEPRECATEDIN_3_0 EC_KEY *EC_KEY_new(void);
#7 67.69       |                               ^~~~~~~~~~
#7 67.69 ossl_pkey_ec.c: In function 'ec_key_new_from_group':
#7 67.69 ossl_pkey_ec.c:120:9: warning: 'EC_KEY_new' is deprecated: Since OpenSSL 3.0 [-Wdeprecated-declarations]
#7 67.69   120 |         if (!(ec = EC_KEY_new()))
#7 67.69       |         ^~
#7 67.69 /usr/include/openssl/ec.h:987:31: note: declared here
#7 67.69   987 | OSSL_DEPRECATEDIN_3_0 EC_KEY *EC_KEY_new(void);
#7 67.69       |                               ^~~~~~~~~~
#7 67.69 ossl_pkey_ec.c:123:9: warning: 'EC_KEY_set_group' is deprecated: Since OpenSSL 3.0 [-Wdeprecated-declarations]
#7 67.69   123 |         if (!EC_KEY_set_group(ec, group)) {
#7 67.69       |         ^~
#7 67.69 /usr/include/openssl/ec.h:1061:27: note: declared here
#7 67.69  1061 | OSSL_DEPRECATEDIN_3_0 int EC_KEY_set_group(EC_KEY *key, const EC_GROUP *group);
#7 67.69       |                           ^~~~~~~~~~~~~~~~
#7 67.69 ossl_pkey_ec.c:124:13: warning: 'EC_KEY_free' is deprecated: Since OpenSSL 3.0 [-Wdeprecated-declarations]
#7 67.69   124 |             EC_KEY_free(ec);
#7 67.69       |             ^~~~~~~~~~~
#7 67.69 /usr/include/openssl/ec.h:1022:28: note: declared here
#7 67.69  1022 | OSSL_DEPRECATEDIN_3_0 void EC_KEY_free(EC_KEY *key);
#7 67.69       |                            ^~~~~~~~~~~
#7 67.69 ossl_pkey_ec.c:133:9: warning: 'EC_KEY_new_by_curve_name' is deprecated: Since OpenSSL 3.0 [-Wdeprecated-declarations]
#7 67.69   133 |         if (!(ec = EC_KEY_new_by_curve_name(nid)))
#7 67.69       |         ^~
#7 67.69 /usr/include/openssl/ec.h:1017:31: note: declared here
#7 67.69  1017 | OSSL_DEPRECATEDIN_3_0 EC_KEY *EC_KEY_new_by_curve_name(int nid);
#7 67.69       |                               ^~~~~~~~~~~~~~~~~~~~~~~~
#7 67.69 ossl_pkey_ec.c:136:9: warning: 'EC_KEY_set_asn1_flag' is deprecated: Since OpenSSL 3.0 [-Wdeprecated-declarations]
#7 67.69   136 |         EC_KEY_set_asn1_flag(ec, OPENSSL_EC_NAMED_CURVE);
#7 67.69       |         ^~~~~~~~~~~~~~~~~~~~
#7 67.69 /usr/include/openssl/ec.h:1106:28: note: declared here
#7 67.69  1106 | OSSL_DEPRECATEDIN_3_0 void EC_KEY_set_asn1_flag(EC_KEY *eckey, int asn1_flag);
#7 67.69       |                            ^~~~~~~~~~~~~~~~~~~~
#7 67.69 ossl_pkey_ec.c:137:9: warning: 'EC_KEY_set_conv_form' is deprecated: Since OpenSSL 3.0 [-Wdeprecated-declarations]
#7 67.69   137 |         EC_KEY_set_conv_form(ec, POINT_CONVERSION_UNCOMPRESSED);
#7 67.69       |         ^~~~~~~~~~~~~~~~~~~~
#7 67.69 /usr/include/openssl/ec.h:1094:28: note: declared here
#7 67.69  1094 | OSSL_DEPRECATEDIN_3_0 void EC_KEY_set_conv_form(EC_KEY *eckey,
#7 67.69       |                            ^~~~~~~~~~~~~~~~~~~~
#7 67.69 ossl_pkey_ec.c: In function 'ossl_ec_key_s_generate':
#7 67.69 ossl_pkey_ec.c:160:9: warning: 'EC_KEY_free' is deprecated: Since OpenSSL 3.0 [-Wdeprecated-declarations]
#7 67.69   160 |         EC_KEY_free(ec);
#7 67.69       |         ^~~~~~~~~~~
#7 67.69 /usr/include/openssl/ec.h:1022:28: note: declared here
#7 67.69  1022 | OSSL_DEPRECATEDIN_3_0 void EC_KEY_free(EC_KEY *key);
#7 67.69       |                            ^~~~~~~~~~~
#7 67.69 ossl_pkey_ec.c:164:5: warning: 'EC_KEY_generate_key' is deprecated: Since OpenSSL 3.0 [-Wdeprecated-declarations]
#7 67.69   164 |     if (!EC_KEY_generate_key(ec))
#7 67.69       |     ^~
#7 67.69 /usr/include/openssl/ec.h:1120:27: note: declared here
#7 67.69  1120 | OSSL_DEPRECATEDIN_3_0 int EC_KEY_generate_key(EC_KEY *key);
#7 67.69       |                           ^~~~~~~~~~~~~~~~~~~
#7 67.69 ossl_pkey_ec.c: In function 'ossl_ec_key_initialize':
#7 67.69 ossl_pkey_ec.c:194:9: warning: 'EC_KEY_new' is deprecated: Since OpenSSL 3.0 [-Wdeprecated-declarations]
#7 67.69   194 |         if (!(ec = EC_KEY_new()))
#7 67.69       |         ^~
#7 67.69 /usr/include/openssl/ec.h:987:31: note: declared here
#7 67.69   987 | OSSL_DEPRECATEDIN_3_0 EC_KEY *EC_KEY_new(void);
#7 67.69       |                               ^~~~~~~~~~
#7 67.69 linking shared-object objspace.so
#7 67.69 ossl_pkey_ec.c:199:9: warning: 'EVP_PKEY_get0_EC_KEY' is deprecated: Since OpenSSL 3.0 [-Wdeprecated-declarations]
#7 67.69   199 |         GetEC(arg, other_ec);
#7 67.69       |         ^~~~~
#7 67.69 /usr/include/openssl/evp.h:1380:25: note: declared here
#7 67.69  1380 | const struct ec_key_st *EVP_PKEY_get0_EC_KEY(const EVP_PKEY *pkey);
#7 67.69       |                         ^~~~~~~~~~~~~~~~~~~~
#7 67.69 ossl_pkey_ec.c:24:11: warning: assignment discards 'const' qualifier from pointer target type [-Wdiscarded-qualifiers]
#7 67.69    24 |     (key) = EVP_PKEY_get0_EC_KEY(_pkey); \
#7 67.69       |           ^
#7 67.69 ossl_pkey_ec.c:199:9: note: in expansion of macro 'GetEC'
#7 67.69   199 |         GetEC(arg, other_ec);
#7 67.69       |         ^~~~~
#7 67.69 ossl_pkey_ec.c:200:9: warning: 'EC_KEY_dup' is deprecated: Since OpenSSL 3.0 [-Wdeprecated-declarations]
#7 67.69   200 |         if (!(ec = EC_KEY_dup(other_ec)))
#7 67.69       |         ^~
#7 67.69 /usr/include/openssl/ec.h:1035:31: note: declared here
#7 67.69  1035 | OSSL_DEPRECATEDIN_3_0 EC_KEY *EC_KEY_dup(const EC_KEY *src);
#7 67.69       |                               ^~~~~~~~~~
#7 67.69 ossl_pkey_ec.c:210:9: warning: 'PEM_read_bio_ECPrivateKey' is deprecated: Since OpenSSL 3.0 [-Wdeprecated-declarations]
#7 67.69   210 |         ec = PEM_read_bio_ECPrivateKey(in, NULL, ossl_pem_passwd_cb, (void *)pass);
#7 67.69       |         ^~
#7 67.69 In file included from /usr/include/openssl/ssl.h:37,
#7 67.69                  from ossl.h:24:
#7 67.69 /usr/include/openssl/pem.h:466:1: note: declared here
#7 67.69   466 | DECLARE_PEM_rw_cb_attr(OSSL_DEPRECATEDIN_3_0, ECPrivateKey, EC_KEY)
#7 67.69       | ^~~~~~~~~~~~~~~~~~~~~~
#7 67.69 ossl_pkey_ec.c:213:13: warning: 'PEM_read_bio_EC_PUBKEY' is deprecated: Since OpenSSL 3.0 [-Wdeprecated-declarations]
#7 67.69   213 |             ec = PEM_read_bio_EC_PUBKEY(in, NULL, ossl_pem_passwd_cb, (void *)pass);
#7 67.69       |             ^~
#7 67.69 /usr/include/openssl/pem.h:467:1: note: declared here
#7 67.69   467 | DECLARE_PEM_rw_attr(OSSL_DEPRECATEDIN_3_0, EC_PUBKEY, EC_KEY)
#7 67.69       | ^~~~~~~~~~~~~~~~~~~
#7 67.69 ossl_pkey_ec.c:217:13: warning: 'd2i_ECPrivateKey_bio' is deprecated: Since OpenSSL 3.0 [-Wdeprecated-declarations]
#7 67.69   217 |             ec = d2i_ECPrivateKey_bio(in, NULL);
#7 67.69       |             ^~
#7 67.69 /usr/include/openssl/x509.h:641:31: note: declared here
#7 67.69   641 | OSSL_DEPRECATEDIN_3_0 EC_KEY *d2i_ECPrivateKey_bio(BIO *bp, EC_KEY **eckey);
#7 67.69       |                               ^~~~~~~~~~~~~~~~~~~~
#7 67.69 ossl_pkey_ec.c:221:13: warning: 'd2i_EC_PUBKEY_bio' is deprecated: Since OpenSSL 3.0 [-Wdeprecated-declarations]
#7 67.69   221 |             ec = d2i_EC_PUBKEY_bio(in, NULL);
#7 67.69       |             ^~
#7 67.69 /usr/include/openssl/x509.h:639:31: note: declared here
#7 67.69   639 | OSSL_DEPRECATEDIN_3_0 EC_KEY *d2i_EC_PUBKEY_bio(BIO *bp, EC_KEY **eckey);
#7 67.69       |                               ^~~~~~~~~~~~~~~~~
#7 67.69 ossl_pkey_ec.c:231:5: warning: 'EVP_PKEY_assign' is deprecated: Since OpenSSL 3.0 [-Wdeprecated-declarations]
#7 67.69   231 |     if (!EVP_PKEY_assign_EC_KEY(pkey, ec)) {
#7 67.69       |     ^~
#7 67.69 /usr/include/openssl/evp.h:1336:5: note: declared here
#7 67.69  1336 | int EVP_PKEY_assign(EVP_PKEY *pkey, int type, void *key);
#7 67.69       |     ^~~~~~~~~~~~~~~
#7 67.69 ossl_pkey_ec.c:232:9: warning: 'EC_KEY_free' is deprecated: Since OpenSSL 3.0 [-Wdeprecated-declarations]
#7 67.69   232 |         EC_KEY_free(ec);
#7 67.69       |         ^~~~~~~~~~~
#7 67.69 /usr/include/openssl/ec.h:1022:28: note: declared here
#7 67.69  1022 | OSSL_DEPRECATEDIN_3_0 void EC_KEY_free(EC_KEY *key);
#7 67.69       |                            ^~~~~~~~~~~
#7 67.69 ossl_pkey_ec.c: In function 'ossl_ec_key_initialize_copy':
#7 67.69 ossl_pkey_ec.c:248:5: warning: 'EVP_PKEY_get0_EC_KEY' is deprecated: Since OpenSSL 3.0 [-Wdeprecated-declarations]
#7 67.69   248 |     GetEC(other, ec);
#7 67.69       |     ^~~~~
#7 67.69 /usr/include/openssl/evp.h:1380:25: note: declared here
#7 67.69  1380 | const struct ec_key_st *EVP_PKEY_get0_EC_KEY(const EVP_PKEY *pkey);
#7 67.69       |                         ^~~~~~~~~~~~~~~~~~~~
#7 67.69 ossl_pkey_ec.c:24:11: warning: assignment discards 'const' qualifier from pointer target type [-Wdiscarded-qualifiers]
#7 67.69    24 |     (key) = EVP_PKEY_get0_EC_KEY(_pkey); \
#7 67.69       |           ^
#7 67.69 ossl_pkey_ec.c:248:5: note: in expansion of macro 'GetEC'
#7 67.69   248 |     GetEC(other, ec);
#7 67.69       |     ^~~~~
#7 67.69 ossl_pkey_ec.c:250:5: warning: 'EC_KEY_dup' is deprecated: Since OpenSSL 3.0 [-Wdeprecated-declarations]
#7 67.69   250 |     ec_new = EC_KEY_dup(ec);
#7 67.69       |     ^~~~~~
#7 67.69 /usr/include/openssl/ec.h:1035:31: note: declared here
#7 67.69  1035 | OSSL_DEPRECATEDIN_3_0 EC_KEY *EC_KEY_dup(const EC_KEY *src);
#7 67.69       |                               ^~~~~~~~~~
#7 67.69 ossl_pkey_ec.c:253:5: warning: 'EVP_PKEY_assign' is deprecated: Since OpenSSL 3.0 [-Wdeprecated-declarations]
#7 67.69   253 |     if (!EVP_PKEY_assign_EC_KEY(pkey, ec_new)) {
#7 67.69       |     ^~
#7 67.69 /usr/include/openssl/evp.h:1336:5: note: declared here
#7 67.69  1336 | int EVP_PKEY_assign(EVP_PKEY *pkey, int type, void *key);
#7 67.69       |     ^~~~~~~~~~~~~~~
#7 67.69 ossl_pkey_ec.c:254:9: warning: 'EC_KEY_free' is deprecated: Since OpenSSL 3.0 [-Wdeprecated-declarations]
#7 67.69   254 |         EC_KEY_free(ec_new);
#7 67.69       |         ^~~~~~~~~~~
#7 67.69 /usr/include/openssl/ec.h:1022:28: note: declared here
#7 67.69  1022 | OSSL_DEPRECATEDIN_3_0 void EC_KEY_free(EC_KEY *key);
#7 67.69       |                            ^~~~~~~~~~~
#7 67.69 ossl_pkey_ec.c: In function 'ossl_ec_key_get_group':
#7 67.69 ossl_pkey_ec.c:274:5: warning: 'EVP_PKEY_get0_EC_KEY' is deprecated: Since OpenSSL 3.0 [-Wdeprecated-declarations]
#7 67.69   274 |     GetEC(self, ec);
#7 67.69       |     ^~~~~
#7 67.69 /usr/include/openssl/evp.h:1380:25: note: declared here
#7 67.69  1380 | const struct ec_key_st *EVP_PKEY_get0_EC_KEY(const EVP_PKEY *pkey);
#7 67.69       |                         ^~~~~~~~~~~~~~~~~~~~
#7 67.69 ossl_pkey_ec.c:24:11: warning: assignment discards 'const' qualifier from pointer target type [-Wdiscarded-qualifiers]
#7 67.69    24 |     (key) = EVP_PKEY_get0_EC_KEY(_pkey); \
#7 67.69       |           ^
#7 67.69 ossl_pkey_ec.c:274:5: note: in expansion of macro 'GetEC'
#7 67.69   274 |     GetEC(self, ec);
#7 67.69       |     ^~~~~
#7 67.69 ossl_pkey_ec.c:275:5: warning: 'EC_KEY_get0_group' is deprecated: Since OpenSSL 3.0 [-Wdeprecated-declarations]
#7 67.69   275 |     group = EC_KEY_get0_group(ec);
#7 67.69       |     ^~~~~
#7 67.69 /usr/include/openssl/ec.h:1053:39: note: declared here
#7 67.69  1053 | OSSL_DEPRECATEDIN_3_0 const EC_GROUP *EC_KEY_get0_group(const EC_KEY *key);
#7 67.69       |                                       ^~~~~~~~~~~~~~~~~
#7 67.69 ossl_pkey_ec.c: In function 'ossl_ec_key_set_group':
#7 67.69 ossl_pkey_ec.c:295:5: warning: 'EVP_PKEY_get0_EC_KEY' is deprecated: Since OpenSSL 3.0 [-Wdeprecated-declarations]
#7 67.69   295 |     GetEC(self, ec);
#7 67.69       |     ^~~~~
#7 67.69 /usr/include/openssl/evp.h:1380:25: note: declared here
#7 67.69  1380 | const struct ec_key_st *EVP_PKEY_get0_EC_KEY(const EVP_PKEY *pkey);
#7 67.69       |                         ^~~~~~~~~~~~~~~~~~~~
#7 67.69 ossl_pkey_ec.c:24:11: warning: assignment discards 'const' qualifier from pointer target type [-Wdiscarded-qualifiers]
#7 67.69    24 |     (key) = EVP_PKEY_get0_EC_KEY(_pkey); \
#7 67.69       |           ^
#7 67.69 ossl_pkey_ec.c:295:5: note: in expansion of macro 'GetEC'
#7 67.69   295 |     GetEC(self, ec);
#7 67.69       |     ^~~~~
#7 67.69 ossl_pkey_ec.c:298:5: warning: 'EC_KEY_set_group' is deprecated: Since OpenSSL 3.0 [-Wdeprecated-declarations]
#7 67.69   298 |     if (EC_KEY_set_group(ec, group) != 1)
#7 67.69       |     ^~
#7 67.69 /usr/include/openssl/ec.h:1061:27: note: declared here
#7 67.69  1061 | OSSL_DEPRECATEDIN_3_0 int EC_KEY_set_group(EC_KEY *key, const EC_GROUP *group);
#7 67.69       |                           ^~~~~~~~~~~~~~~~
#7 67.70 ossl_pkey_ec.c: In function 'ossl_ec_key_get_private_key':
#7 67.70 ossl_pkey_ec.c:315:5: warning: 'EVP_PKEY_get0_EC_KEY' is deprecated: Since OpenSSL 3.0 [-Wdeprecated-declarations]
#7 67.70   315 |     GetEC(self, ec);
#7 67.70       |     ^~~~~
#7 67.70 /usr/include/openssl/evp.h:1380:25: note: declared here
#7 67.70  1380 | const struct ec_key_st *EVP_PKEY_get0_EC_KEY(const EVP_PKEY *pkey);
#7 67.70       |                         ^~~~~~~~~~~~~~~~~~~~
#7 67.70 ossl_pkey_ec.c:24:11: warning: assignment discards 'const' qualifier from pointer target type [-Wdiscarded-qualifiers]
#7 67.70    24 |     (key) = EVP_PKEY_get0_EC_KEY(_pkey); \
#7 67.70       |           ^
#7 67.70 ossl_pkey_ec.c:315:5: note: in expansion of macro 'GetEC'
#7 67.70   315 |     GetEC(self, ec);
#7 67.70       |     ^~~~~
#7 67.70 ossl_pkey_ec.c:316:5: warning: 'EC_KEY_get0_private_key' is deprecated: Since OpenSSL 3.0 [-Wdeprecated-declarations]
#7 67.70   316 |     if ((bn = EC_KEY_get0_private_key(ec)) == NULL)
#7 67.70       |     ^~
#7 67.70 /usr/include/openssl/ec.h:1067:37: note: declared here
#7 67.70  1067 | OSSL_DEPRECATEDIN_3_0 const BIGNUM *EC_KEY_get0_private_key(const EC_KEY *key);
#7 67.70       |                                     ^~~~~~~~~~~~~~~~~~~~~~~
#7 67.70 ossl_pkey_ec.c: In function 'ossl_ec_key_set_private_key':
#7 67.70 ossl_pkey_ec.c:333:5: warning: 'EVP_PKEY_get0_EC_KEY' is deprecated: Since OpenSSL 3.0 [-Wdeprecated-declarations]
#7 67.70   333 |     GetEC(self, ec);
#7 67.70       |     ^~~~~
#7 67.70 /usr/include/openssl/evp.h:1380:25: note: declared here
#7 67.70  1380 | const struct ec_key_st *EVP_PKEY_get0_EC_KEY(const EVP_PKEY *pkey);
#7 67.70       |                         ^~~~~~~~~~~~~~~~~~~~
#7 67.70 ossl_pkey_ec.c:24:11: warning: assignment discards 'const' qualifier from pointer target type [-Wdiscarded-qualifiers]
#7 67.70    24 |     (key) = EVP_PKEY_get0_EC_KEY(_pkey); \
#7 67.70       |           ^
#7 67.70 ossl_pkey_ec.c:333:5: note: in expansion of macro 'GetEC'
#7 67.70   333 |     GetEC(self, ec);
#7 67.70       |     ^~~~~
#7 67.70 ossl_pkey_ec.c:337:5: warning: 'EC_KEY_set_private_key' is deprecated: Since OpenSSL 3.0 [-Wdeprecated-declarations]
#7 67.70   337 |     switch (EC_KEY_set_private_key(ec, bn)) {
#7 67.70       |     ^~~~~~
#7 67.70 /usr/include/openssl/ec.h:1075:27: note: declared here
#7 67.70  1075 | OSSL_DEPRECATEDIN_3_0 int EC_KEY_set_private_key(EC_KEY *key, const BIGNUM *prv);
#7 67.70       |                           ^~~~~~~~~~~~~~~~~~~~~~
#7 67.70 ossl_pkey_ec.c: In function 'ossl_ec_key_get_public_key':
#7 67.70 ossl_pkey_ec.c:361:5: warning: 'EVP_PKEY_get0_EC_KEY' is deprecated: Since OpenSSL 3.0 [-Wdeprecated-declarations]
#7 67.70   361 |     GetEC(self, ec);
#7 67.70       |     ^~~~~
#7 67.70 /usr/include/openssl/evp.h:1380:25: note: declared here
#7 67.70  1380 | const struct ec_key_st *EVP_PKEY_get0_EC_KEY(const EVP_PKEY *pkey);
#7 67.70       |                         ^~~~~~~~~~~~~~~~~~~~
#7 67.70 ossl_pkey_ec.c:24:11: warning: assignment discards 'const' qualifier from pointer target type [-Wdiscarded-qualifiers]
#7 67.70    24 |     (key) = EVP_PKEY_get0_EC_KEY(_pkey); \
#7 67.70       |           ^
#7 67.70 ossl_pkey_ec.c:361:5: note: in expansion of macro 'GetEC'
#7 67.70   361 |     GetEC(self, ec);
#7 67.70       |     ^~~~~
#7 67.70 ossl_pkey_ec.c:362:5: warning: 'EC_KEY_get0_public_key' is deprecated: Since OpenSSL 3.0 [-Wdeprecated-declarations]
#7 67.70   362 |     if ((point = EC_KEY_get0_public_key(ec)) == NULL)
#7 67.70       |     ^~
#7 67.70 /usr/include/openssl/ec.h:1081:39: note: declared here
#7 67.70  1081 | OSSL_DEPRECATEDIN_3_0 const EC_POINT *EC_KEY_get0_public_key(const EC_KEY *key);
#7 67.70       |                                       ^~~~~~~~~~~~~~~~~~~~~~
#7 67.70 ossl_pkey_ec.c:365:5: warning: 'EC_KEY_get0_group' is deprecated: Since OpenSSL 3.0 [-Wdeprecated-declarations]
#7 67.70   365 |     return ec_point_new(point, EC_KEY_get0_group(ec));
#7 67.70       |     ^~~~~~
#7 67.70 /usr/include/openssl/ec.h:1053:39: note: declared here
#7 67.70  1053 | OSSL_DEPRECATEDIN_3_0 const EC_GROUP *EC_KEY_get0_group(const EC_KEY *key);
#7 67.70       |                                       ^~~~~~~~~~~~~~~~~
#7 67.70 ossl_pkey_ec.c: In function 'ossl_ec_key_set_public_key':
#7 67.70 ossl_pkey_ec.c:379:5: warning: 'EVP_PKEY_get0_EC_KEY' is deprecated: Since OpenSSL 3.0 [-Wdeprecated-declarations]
#7 67.70   379 |     GetEC(self, ec);
#7 67.70       |     ^~~~~
#7 67.70 /usr/include/openssl/evp.h:1380:25: note: declared here
#7 67.70  1380 | const struct ec_key_st *EVP_PKEY_get0_EC_KEY(const EVP_PKEY *pkey);
#7 67.70       |                         ^~~~~~~~~~~~~~~~~~~~
#7 67.70 ossl_pkey_ec.c:24:11: warning: assignment discards 'const' qualifier from pointer target type [-Wdiscarded-qualifiers]
#7 67.70    24 |     (key) = EVP_PKEY_get0_EC_KEY(_pkey); \
#7 67.70       |           ^
#7 67.70 ossl_pkey_ec.c:379:5: note: in expansion of macro 'GetEC'
#7 67.70   379 |     GetEC(self, ec);
#7 67.70       |     ^~~~~
#7 67.70 ossl_pkey_ec.c:383:5: warning: 'EC_KEY_set_public_key' is deprecated: Since OpenSSL 3.0 [-Wdeprecated-declarations]
#7 67.70   383 |     switch (EC_KEY_set_public_key(ec, point)) {
#7 67.70       |     ^~~~~~
#7 67.70 /usr/include/openssl/ec.h:1089:27: note: declared here
#7 67.70  1089 | OSSL_DEPRECATEDIN_3_0 int EC_KEY_set_public_key(EC_KEY *key, const EC_POINT *pub);
#7 67.70       |                           ^~~~~~~~~~~~~~~~~~~~~
#7 67.70 ossl_pkey_ec.c: In function 'ossl_ec_key_is_public':
#7 67.70 ossl_pkey_ec.c:407:5: warning: 'EVP_PKEY_get0_EC_KEY' is deprecated: Since OpenSSL 3.0 [-Wdeprecated-declarations]
#7 67.70   407 |     GetEC(self, ec);
#7 67.70       |     ^~~~~
#7 67.70 /usr/include/openssl/evp.h:1380:25: note: declared here
#7 67.70  1380 | const struct ec_key_st *EVP_PKEY_get0_EC_KEY(const EVP_PKEY *pkey);
#7 67.70       |                         ^~~~~~~~~~~~~~~~~~~~
#7 67.70 ossl_pkey_ec.c:24:11: warning: assignment discards 'const' qualifier from pointer target type [-Wdiscarded-qualifiers]
#7 67.70    24 |     (key) = EVP_PKEY_get0_EC_KEY(_pkey); \
#7 67.70       |           ^
#7 67.70 ossl_pkey_ec.c:407:5: note: in expansion of macro 'GetEC'
#7 67.70   407 |     GetEC(self, ec);
#7 67.70       |     ^~~~~
#7 67.70 ossl_pkey_ec.c:409:5: warning: 'EC_KEY_get0_public_key' is deprecated: Since OpenSSL 3.0 [-Wdeprecated-declarations]
#7 67.70   409 |     return EC_KEY_get0_public_key(ec) ? Qtrue : Qfalse;
#7 67.70       |     ^~~~~~
#7 67.70 /usr/include/openssl/ec.h:1081:39: note: declared here
#7 67.70  1081 | OSSL_DEPRECATEDIN_3_0 const EC_POINT *EC_KEY_get0_public_key(const EC_KEY *key);
#7 67.70       |                                       ^~~~~~~~~~~~~~~~~~~~~~
#7 67.70 ossl_pkey_ec.c: In function 'ossl_ec_key_is_private':
#7 67.70 ossl_pkey_ec.c:423:5: warning: 'EVP_PKEY_get0_EC_KEY' is deprecated: Since OpenSSL 3.0 [-Wdeprecated-declarations]
#7 67.70   423 |     GetEC(self, ec);
#7 67.70       |     ^~~~~
#7 67.70 /usr/include/openssl/evp.h:1380:25: note: declared here
#7 67.70  1380 | const struct ec_key_st *EVP_PKEY_get0_EC_KEY(const EVP_PKEY *pkey);
#7 67.70       |                         ^~~~~~~~~~~~~~~~~~~~
#7 67.70 ossl_pkey_ec.c:24:11: warning: assignment discards 'const' qualifier from pointer target type [-Wdiscarded-qualifiers]
#7 67.70    24 |     (key) = EVP_PKEY_get0_EC_KEY(_pkey); \
#7 67.70       |           ^
#7 67.70 ossl_pkey_ec.c:423:5: note: in expansion of macro 'GetEC'
#7 67.70   423 |     GetEC(self, ec);
#7 67.70       |     ^~~~~
#7 67.70 ossl_pkey_ec.c:425:5: warning: 'EC_KEY_get0_private_key' is deprecated: Since OpenSSL 3.0 [-Wdeprecated-declarations]
#7 67.70   425 |     return EC_KEY_get0_private_key(ec) ? Qtrue : Qfalse;
#7 67.70       |     ^~~~~~
#7 67.70 /usr/include/openssl/ec.h:1067:37: note: declared here
#7 67.70  1067 | OSSL_DEPRECATEDIN_3_0 const BIGNUM *EC_KEY_get0_private_key(const EC_KEY *key);
#7 67.70       |                                     ^~~~~~~~~~~~~~~~~~~~~~~
#7 67.70 ossl_pkey_ec.c: In function 'ossl_ec_key_to_string':
#7 67.70 ossl_pkey_ec.c:437:5: warning: 'EVP_PKEY_get0_EC_KEY' is deprecated: Since OpenSSL 3.0 [-Wdeprecated-declarations]
#7 67.70   437 |     GetEC(self, ec);
#7 67.70       |     ^~~~~
#7 67.70 /usr/include/openssl/evp.h:1380:25: note: declared here
#7 67.70  1380 | const struct ec_key_st *EVP_PKEY_get0_EC_KEY(const EVP_PKEY *pkey);
#7 67.70       |                         ^~~~~~~~~~~~~~~~~~~~
#7 67.70 ossl_pkey_ec.c:24:11: warning: assignment discards 'const' qualifier from pointer target type [-Wdiscarded-qualifiers]
#7 67.70    24 |     (key) = EVP_PKEY_get0_EC_KEY(_pkey); \
#7 67.70       |           ^
#7 67.70 ossl_pkey_ec.c:437:5: note: in expansion of macro 'GetEC'
#7 67.70   437 |     GetEC(self, ec);
#7 67.70       |     ^~~~~
#7 67.70 ossl_pkey_ec.c:439:5: warning: 'EC_KEY_get0_public_key' is deprecated: Since OpenSSL 3.0 [-Wdeprecated-declarations]
#7 67.70   439 |     if (EC_KEY_get0_public_key(ec) == NULL)
#7 67.70       |     ^~
#7 67.70 /usr/include/openssl/ec.h:1081:39: note: declared here
#7 67.70  1081 | OSSL_DEPRECATEDIN_3_0 const EC_POINT *EC_KEY_get0_public_key(const EC_KEY *key);
#7 67.70       |                                       ^~~~~~~~~~~~~~~~~~~~~~
#7 67.70 ossl_pkey_ec.c:442:5: warning: 'EC_KEY_check_key' is deprecated: Since OpenSSL 3.0 [-Wdeprecated-declarations]
#7 67.70   442 |     if (EC_KEY_check_key(ec) != 1)
#7 67.70       |     ^~
#7 67.70 /usr/include/openssl/ec.h:1126:27: note: declared here
#7 67.70  1126 | OSSL_DEPRECATEDIN_3_0 int EC_KEY_check_key(const EC_KEY *key);
#7 67.70       |                           ^~~~~~~~~~~~~~~~
#7 67.70 ossl_pkey_ec.c:445:5: warning: 'EC_KEY_get0_private_key' is deprecated: Since OpenSSL 3.0 [-Wdeprecated-declarations]
#7 67.70   445 |     if (EC_KEY_get0_private_key(ec))
#7 67.70       |     ^~
#7 67.70 /usr/include/openssl/ec.h:1067:37: note: declared here
#7 67.70  1067 | OSSL_DEPRECATEDIN_3_0 const BIGNUM *EC_KEY_get0_private_key(const EC_KEY *key);
#7 67.70       |                                     ^~~~~~~~~~~~~~~~~~~~~~~
#7 67.70 ossl_pkey_ec.c:459:13: warning: 'PEM_write_bio_ECPrivateKey' is deprecated: Since OpenSSL 3.0 [-Wdeprecated-declarations]
#7 67.70   459 |             i = PEM_write_bio_ECPrivateKey(out, ec, cipher, NULL, 0, ossl_pem_passwd_cb, (void *)pass);
#7 67.70       |             ^
#7 67.70 /usr/include/openssl/pem.h:466:1: note: declared here
#7 67.70   466 | DECLARE_PEM_rw_cb_attr(OSSL_DEPRECATEDIN_3_0, ECPrivateKey, EC_KEY)
#7 67.70       | ^~~~~~~~~~~~~~~~~~~~~~
#7 67.70 ossl_pkey_ec.c:461:13: warning: 'PEM_write_bio_EC_PUBKEY' is deprecated: Since OpenSSL 3.0 [-Wdeprecated-declarations]
#7 67.70   461 |             i = PEM_write_bio_EC_PUBKEY(out, ec);
#7 67.70       |             ^
#7 67.70 /usr/include/openssl/pem.h:467:1: note: declared here
#7 67.70   467 | DECLARE_PEM_rw_attr(OSSL_DEPRECATEDIN_3_0, EC_PUBKEY, EC_KEY)
#7 67.70       | ^~~~~~~~~~~~~~~~~~~
#7 67.70 ossl_pkey_ec.c:467:13: warning: 'i2d_ECPrivateKey_bio' is deprecated: Since OpenSSL 3.0 [-Wdeprecated-declarations]
#7 67.70   467 |             i = i2d_ECPrivateKey_bio(out, ec);
#7 67.70       |             ^
#7 67.70 /usr/include/openssl/x509.h:642:27: note: declared here
#7 67.70   642 | OSSL_DEPRECATEDIN_3_0 int i2d_ECPrivateKey_bio(BIO *bp, const EC_KEY *eckey);
#7 67.70       |                           ^~~~~~~~~~~~~~~~~~~~
#7 67.70 ossl_pkey_ec.c:469:13: warning: 'i2d_EC_PUBKEY_bio' is deprecated: Since OpenSSL 3.0 [-Wdeprecated-declarations]
#7 67.70   469 |             i = i2d_EC_PUBKEY_bio(out, ec);
#7 67.70       |             ^
#7 67.70 /usr/include/openssl/x509.h:640:27: note: declared here
#7 67.70   640 | OSSL_DEPRECATEDIN_3_0 int i2d_EC_PUBKEY_bio(BIO *bp, const EC_KEY *eckey);
#7 67.70       |                           ^~~~~~~~~~~~~~~~~
#7 67.70 linking shared-object -test-/bug_reporter.so
#7 67.71 ossl_pkey_ec.c: In function 'ossl_ec_key_to_text':
#7 67.71 ossl_pkey_ec.c:528:5: warning: 'EVP_PKEY_get0_EC_KEY' is deprecated: Since OpenSSL 3.0 [-Wdeprecated-declarations]
#7 67.71   528 |     GetEC(self, ec);
#7 67.71       |     ^~~~~
#7 67.71 /usr/include/openssl/evp.h:1380:25: note: declared here
#7 67.71  1380 | const struct ec_key_st *EVP_PKEY_get0_EC_KEY(const EVP_PKEY *pkey);
#7 67.71       |                         ^~~~~~~~~~~~~~~~~~~~
#7 67.71 ossl_pkey_ec.c:24:11: warning: assignment discards 'const' qualifier from pointer target type [-Wdiscarded-qualifiers]
#7 67.71    24 |     (key) = EVP_PKEY_get0_EC_KEY(_pkey); \
#7 67.71       |           ^
#7 67.71 ossl_pkey_ec.c:528:5: note: in expansion of macro 'GetEC'
#7 67.71   528 |     GetEC(self, ec);
#7 67.71       |     ^~~~~
#7 67.71 ossl_pkey_ec.c:532:5: warning: 'EC_KEY_print' is deprecated: Since OpenSSL 3.0 [-Wdeprecated-declarations]
#7 67.71   532 |     if (!EC_KEY_print(out, ec, 0)) {
#7 67.71       |     ^~
#7 67.71 /usr/include/openssl/ec.h:1279:27: note: declared here
#7 67.71  1279 | OSSL_DEPRECATEDIN_3_0 int EC_KEY_print(BIO *bp, const EC_KEY *key, int off);
#7 67.71       |                           ^~~~~~~~~~~~
#7 67.71 ossl_pkey_ec.c: In function 'ossl_ec_key_generate_key':
#7 67.71 ossl_pkey_ec.c:559:5: warning: 'EVP_PKEY_get0_EC_KEY' is deprecated: Since OpenSSL 3.0 [-Wdeprecated-declarations]
#7 67.71   559 |     GetEC(self, ec);
#7 67.71       |     ^~~~~
#7 67.71 /usr/include/openssl/evp.h:1380:25: note: declared here
#7 67.71  1380 | const struct ec_key_st *EVP_PKEY_get0_EC_KEY(const EVP_PKEY *pkey);
#7 67.71       |                         ^~~~~~~~~~~~~~~~~~~~
#7 67.71 ossl_pkey_ec.c:24:11: warning: assignment discards 'const' qualifier from pointer target type [-Wdiscarded-qualifiers]
#7 67.71    24 |     (key) = EVP_PKEY_get0_EC_KEY(_pkey); \
#7 67.71       |           ^
#7 67.71 ossl_pkey_ec.c:559:5: note: in expansion of macro 'GetEC'
#7 67.71   559 |     GetEC(self, ec);
#7 67.71       |     ^~~~~
#7 67.71 ossl_pkey_ec.c:560:5: warning: 'EC_KEY_generate_key' is deprecated: Since OpenSSL 3.0 [-Wdeprecated-declarations]
#7 67.71   560 |     if (EC_KEY_generate_key(ec) != 1)
#7 67.71       |     ^~
#7 67.71 /usr/include/openssl/ec.h:1120:27: note: declared here
#7 67.71  1120 | OSSL_DEPRECATEDIN_3_0 int EC_KEY_generate_key(EC_KEY *key);
#7 67.71       |                           ^~~~~~~~~~~~~~~~~~~
#7 67.71 ossl_pkey_ec.c: In function 'ossl_ec_key_check_key':
#7 67.71 ossl_pkey_ec.c:578:5: warning: 'EVP_PKEY_get0_EC_KEY' is deprecated: Since OpenSSL 3.0 [-Wdeprecated-declarations]
#7 67.71   578 |     GetEC(self, ec);
#7 67.71       |     ^~~~~
#7 67.71 /usr/include/openssl/evp.h:1380:25: note: declared here
#7 67.71  1380 | const struct ec_key_st *EVP_PKEY_get0_EC_KEY(const EVP_PKEY *pkey);
#7 67.71       |                         ^~~~~~~~~~~~~~~~~~~~
#7 67.71 ossl_pkey_ec.c:24:11: warning: assignment discards 'const' qualifier from pointer target type [-Wdiscarded-qualifiers]
#7 67.71    24 |     (key) = EVP_PKEY_get0_EC_KEY(_pkey); \
#7 67.71       |           ^
#7 67.71 ossl_pkey_ec.c:578:5: note: in expansion of macro 'GetEC'
#7 67.71   578 |     GetEC(self, ec);
#7 67.71       |     ^~~~~
#7 67.71 ossl_pkey_ec.c:579:5: warning: 'EC_KEY_check_key' is deprecated: Since OpenSSL 3.0 [-Wdeprecated-declarations]
#7 67.71   579 |     if (EC_KEY_check_key(ec) != 1)
#7 67.71       |     ^~
#7 67.71 /usr/include/openssl/ec.h:1126:27: note: declared here
#7 67.71  1126 | OSSL_DEPRECATEDIN_3_0 int EC_KEY_check_key(const EC_KEY *key);
#7 67.71       |                           ^~~~~~~~~~~~~~~~
#7 67.71 ossl_pkey_ec.c: In function 'ossl_ec_key_dh_compute_key':
#7 67.71 ossl_pkey_ec.c:598:5: warning: 'EVP_PKEY_get0_EC_KEY' is deprecated: Since OpenSSL 3.0 [-Wdeprecated-declarations]
#7 67.71   598 |     GetEC(self, ec);
#7 67.71       |     ^~~~~
#7 67.71 /usr/include/openssl/evp.h:1380:25: note: declared here
#7 67.71  1380 | const struct ec_key_st *EVP_PKEY_get0_EC_KEY(const EVP_PKEY *pkey);
#7 67.71       |                         ^~~~~~~~~~~~~~~~~~~~
#7 67.71 ossl_pkey_ec.c:24:11: warning: assignment discards 'const' qualifier from pointer target type [-Wdiscarded-qualifiers]
#7 67.71    24 |     (key) = EVP_PKEY_get0_EC_KEY(_pkey); \
#7 67.71       |           ^
#7 67.71 ossl_pkey_ec.c:598:5: note: in expansion of macro 'GetEC'
#7 67.71   598 |     GetEC(self, ec);
#7 67.71       |     ^~~~~
#7 67.71 ossl_pkey_ec.c:605:5: warning: 'ECDH_compute_key' is deprecated: Since OpenSSL 3.0 [-Wdeprecated-declarations]
#7 67.71   605 |     buf_len = ECDH_compute_key(RSTRING_PTR(str), buf_len, point, ec, NULL);
#7 67.71       |     ^~~~~~~
#7 67.71 /usr/include/openssl/ec.h:1315:27: note: declared here
#7 67.71  1315 | OSSL_DEPRECATEDIN_3_0 int ECDH_compute_key(void *out, size_t outlen,
#7 67.71       |                           ^~~~~~~~~~~~~~~~
#7 67.71 ossl_pkey_ec.c: In function 'ossl_ec_key_dsa_sign_asn1':
#7 67.71 ossl_pkey_ec.c:628:5: warning: 'EVP_PKEY_get0_EC_KEY' is deprecated: Since OpenSSL 3.0 [-Wdeprecated-declarations]
#7 67.71   628 |     GetEC(self, ec);
#7 67.71       |     ^~~~~
#7 67.71 /usr/include/openssl/evp.h:1380:25: note: declared here
#7 67.71  1380 | const struct ec_key_st *EVP_PKEY_get0_EC_KEY(const EVP_PKEY *pkey);
#7 67.71       |                         ^~~~~~~~~~~~~~~~~~~~
#7 67.71 ossl_pkey_ec.c:24:11: warning: assignment discards 'const' qualifier from pointer target type [-Wdiscarded-qualifiers]
#7 67.71    24 |     (key) = EVP_PKEY_get0_EC_KEY(_pkey); \
#7 67.71       |           ^
#7 67.71 ossl_pkey_ec.c:628:5: note: in expansion of macro 'GetEC'
#7 67.71   628 |     GetEC(self, ec);
#7 67.71       |     ^~~~~
#7 67.71 ossl_pkey_ec.c:631:5: warning: 'EC_KEY_get0_private_key' is deprecated: Since OpenSSL 3.0 [-Wdeprecated-declarations]
#7 67.71   631 |     if (EC_KEY_get0_private_key(ec) == NULL)
#7 67.71       |     ^~
#7 67.71 /usr/include/openssl/ec.h:1067:37: note: declared here
#7 67.71  1067 | OSSL_DEPRECATEDIN_3_0 const BIGNUM *EC_KEY_get0_private_key(const EC_KEY *key);
#7 67.71       |                                     ^~~~~~~~~~~~~~~~~~~~~~~
#7 67.71 ossl_pkey_ec.c:634:5: warning: 'ECDSA_size' is deprecated: Since OpenSSL 3.0 [-Wdeprecated-declarations]
#7 67.71   634 |     str = rb_str_new(0, ECDSA_size(ec));
#7 67.71       |     ^~~
#7 67.71 /usr/include/openssl/ec.h:1474:27: note: declared here
#7 67.71  1474 | OSSL_DEPRECATEDIN_3_0 int ECDSA_size(const EC_KEY *eckey);
#7 67.71       |                           ^~~~~~~~~~
#7 67.71 ossl_pkey_ec.c:634:5: warning: 'ECDSA_size' is deprecated: Since OpenSSL 3.0 [-Wdeprecated-declarations]
#7 67.71   634 |     str = rb_str_new(0, ECDSA_size(ec));
#7 67.71       |     ^~~
#7 67.71 /usr/include/openssl/ec.h:1474:27: note: declared here
#7 67.71  1474 | OSSL_DEPRECATEDIN_3_0 int ECDSA_size(const EC_KEY *eckey);
#7 67.71       |                           ^~~~~~~~~~
#7 67.71 ossl_pkey_ec.c:634:5: warning: 'ECDSA_size' is deprecated: Since OpenSSL 3.0 [-Wdeprecated-declarations]
#7 67.71   634 |     str = rb_str_new(0, ECDSA_size(ec));
#7 67.71       |     ^~~
#7 67.71 /usr/include/openssl/ec.h:1474:27: note: declared here
#7 67.71  1474 | OSSL_DEPRECATEDIN_3_0 int ECDSA_size(const EC_KEY *eckey);
#7 67.71       |                           ^~~~~~~~~~
#7 67.71 ossl_pkey_ec.c:635:5: warning: 'ECDSA_sign' is deprecated: Since OpenSSL 3.0 [-Wdeprecated-declarations]
#7 67.71   635 |     if (ECDSA_sign(0, (unsigned char *) RSTRING_PTR(data), RSTRING_LENINT(data), (unsigned char *) RSTRING_PTR(str), &buf_len, ec) != 1)
#7 67.71       |     ^~
#7 67.71 /usr/include/openssl/ec.h:1433:27: note: declared here
#7 67.71  1433 | OSSL_DEPRECATEDIN_3_0 int ECDSA_sign(int type, const unsigned char *dgst,
#7 67.71       |                           ^~~~~~~~~~
#7 67.71 ossl_pkey_ec.c: In function 'ossl_ec_key_dsa_verify_asn1':
#7 67.71 ossl_pkey_ec.c:652:5: warning: 'EVP_PKEY_get0_EC_KEY' is deprecated: Since OpenSSL 3.0 [-Wdeprecated-declarations]
#7 67.71   652 |     GetEC(self, ec);
#7 67.71       |     ^~~~~
#7 67.71 /usr/include/openssl/evp.h:1380:25: note: declared here
#7 67.71  1380 | const struct ec_key_st *EVP_PKEY_get0_EC_KEY(const EVP_PKEY *pkey);
#7 67.71       |                         ^~~~~~~~~~~~~~~~~~~~
#7 67.71 ossl_pkey_ec.c:24:11: warning: assignment discards 'const' qualifier from pointer target type [-Wdiscarded-qualifiers]
#7 67.71    24 |     (key) = EVP_PKEY_get0_EC_KEY(_pkey); \
#7 67.71       |           ^
#7 67.71 ossl_pkey_ec.c:652:5: note: in expansion of macro 'GetEC'
#7 67.71   652 |     GetEC(self, ec);
#7 67.71       |     ^~~~~
#7 67.71 ossl_pkey_ec.c:656:5: warning: 'ECDSA_verify' is deprecated: Since OpenSSL 3.0 [-Wdeprecated-declarations]
#7 67.71   656 |     switch (ECDSA_verify(0, (unsigned char *) RSTRING_PTR(data), RSTRING_LENINT(data), (unsigned char *) RSTRING_PTR(sig), (int)RSTRING_LEN(sig), ec)) {
#7 67.71       |     ^~~~~~
#7 67.71 /usr/include/openssl/ec.h:1466:27: note: declared here
#7 67.71  1466 | OSSL_DEPRECATEDIN_3_0 int ECDSA_verify(int type, const unsigned char *dgst,
#7 67.71       |                           ^~~~~~~~~~~~
#7 67.71 ossl_pkey_ec.c: In function 'ossl_ec_group_free':
#7 67.71 ossl_pkey_ec.c:673:5: warning: 'EC_GROUP_clear_free' is deprecated: Since OpenSSL 3.0 [-Wdeprecated-declarations]
#7 67.71   673 |     EC_GROUP_clear_free(ptr);
#7 67.71       |     ^~~~~~~~~~~~~~~~~~~
#7 67.71 /usr/include/openssl/ec.h:179:28: note: declared here
#7 67.71   179 | OSSL_DEPRECATEDIN_3_0 void EC_GROUP_clear_free(EC_GROUP *group);
#7 67.71       |                            ^~~~~~~~~~~~~~~~~~~
#7 67.72 ossl_pkey_ec.c: In function 'ossl_ec_group_initialize':
#7 67.72 ossl_pkey_ec.c:742:17: warning: 'EC_GFp_simple_method' is deprecated: Since OpenSSL 3.0 [-Wdeprecated-declarations]
#7 67.72   742 |                 method = EC_GFp_simple_method();
#7 67.72       |                 ^~~~~~
#7 67.72 /usr/include/openssl/ec.h:124:40: note: declared here
#7 67.72   124 | OSSL_DEPRECATEDIN_3_0 const EC_METHOD *EC_GFp_simple_method(void);
#7 67.72       |                                        ^~~~~~~~~~~~~~~~~~~~
#7 67.72 ossl_pkey_ec.c:744:17: warning: 'EC_GFp_mont_method' is deprecated: Since OpenSSL 3.0 [-Wdeprecated-declarations]
#7 67.72   744 |                 method = EC_GFp_mont_method();
#7 67.72       |                 ^~~~~~
#7 67.72 /usr/include/openssl/ec.h:129:40: note: declared here
#7 67.72   129 | OSSL_DEPRECATEDIN_3_0 const EC_METHOD *EC_GFp_mont_method(void);
#7 67.72       |                                        ^~~~~~~~~~~~~~~~~~
#7 67.72 ossl_pkey_ec.c:746:17: warning: 'EC_GFp_nist_method' is deprecated: Since OpenSSL 3.0 [-Wdeprecated-declarations]
#7 67.72   746 |                 method = EC_GFp_nist_method();
#7 67.72       |                 ^~~~~~
#7 67.72 /usr/include/openssl/ec.h:134:40: note: declared here
#7 67.72   134 | OSSL_DEPRECATEDIN_3_0 const EC_METHOD *EC_GFp_nist_method(void);
#7 67.72       |                                        ^~~~~~~~~~~~~~~~~~
#7 67.72 ossl_pkey_ec.c:749:17: warning: 'EC_GF2m_simple_method' is deprecated: Since OpenSSL 3.0 [-Wdeprecated-declarations]
#7 67.72   749 |                 method = EC_GF2m_simple_method();
#7 67.72       |                 ^~~~~~
#7 67.72 /usr/include/openssl/ec.h:161:40: note: declared here
#7 67.72   161 | OSSL_DEPRECATEDIN_3_0 const EC_METHOD *EC_GF2m_simple_method(void);
#7 67.72       |                                        ^~~~~~~~~~~~~~~~~~~~~
#7 67.72 ossl_pkey_ec.c:754:17: warning: 'EC_GROUP_new' is deprecated: Since OpenSSL 3.0 [-Wdeprecated-declarations]
#7 67.72   754 |                 if ((group = EC_GROUP_new(method)) == NULL)
#7 67.72       |                 ^~
#7 67.72 /usr/include/openssl/ec.h:174:33: note: declared here
#7 67.72   174 | OSSL_DEPRECATEDIN_3_0 EC_GROUP *EC_GROUP_new(const EC_METHOD *meth);
#7 67.72       |                                 ^~~~~~~~~~~~
#7 67.72 ossl_pkey_ec.c:768:13: warning: 'PEM_read_bio_ECPKParameters' is deprecated: Since OpenSSL 3.0 [-Wdeprecated-declarations]
#7 67.72   768 |             group = PEM_read_bio_ECPKParameters(in, NULL, NULL, NULL);
#7 67.72       |             ^~~~~
#7 67.72 /usr/include/openssl/pem.h:465:1: note: declared here
#7 67.72   465 | DECLARE_PEM_rw_attr(OSSL_DEPRECATEDIN_3_0, ECPKParameters, EC_GROUP)
#7 67.72       | ^~~~~~~~~~~~~~~~~~~
#7 67.72 compiling profile_frames.c
#7 67.72 ossl_pkey_ec.c: In function 'ossl_ec_group_to_string':
#7 67.72 ossl_pkey_ec.c:1215:9: warning: 'PEM_write_bio_ECPKParameters' is deprecated: Since OpenSSL 3.0 [-Wdeprecated-declarations]
#7 67.72  1215 |         i = PEM_write_bio_ECPKParameters(out, group);
#7 67.72       |         ^
#7 67.72 /usr/include/openssl/pem.h:465:1: note: declared here
#7 67.72   465 | DECLARE_PEM_rw_attr(OSSL_DEPRECATEDIN_3_0, ECPKParameters, EC_GROUP)
#7 67.72       | ^~~~~~~~~~~~~~~~~~~
#7 67.72 ossl_pkey_ec.c: In function 'ossl_ec_group_to_text':
#7 67.72 ossl_pkey_ec.c:1273:5: warning: 'ECPKParameters_print' is deprecated: Since OpenSSL 3.0 [-Wdeprecated-declarations]
#7 67.72  1273 |     if (!ECPKParameters_print(out, group, 0)) {
#7 67.72       |     ^~
#7 67.72 /usr/include/openssl/ec.h:945:27: note: declared here
#7 67.72   945 | OSSL_DEPRECATEDIN_3_0 int ECPKParameters_print(BIO *bp, const EC_GROUP *x,
#7 67.72       |                           ^~~~~~~~~~~~~~~~~~~~
#7 67.73 ossl_pkey_rsa.c: In function 'RSA_HAS_PRIVATE':
#7 67.73 ossl_pkey_rsa.c:31:5: warning: 'RSA_get0_factors' is deprecated: Since OpenSSL 3.0 [-Wdeprecated-declarations]
#7 67.73    31 |     RSA_get0_factors(rsa, &p, &q);
#7 67.73       |     ^~~~~~~~~~~~~~~~
#7 67.73 In file included from /usr/include/openssl/x509.h:36,
#7 67.73                  from /usr/include/openssl/x509v3.h:25,
#7 67.73                  from ossl.h:23,
#7 67.73                  from ossl_pkey_rsa.c:10:
#7 67.73 /usr/include/openssl/rsa.h:231:28: note: declared here
#7 67.73   231 | OSSL_DEPRECATEDIN_3_0 void RSA_get0_factors(const RSA *r,
#7 67.73       |                            ^~~~~~~~~~~~~~~~
#7 67.73 ossl_pkey_rsa.c: In function 'rsa_instance':
#7 67.73 ossl_pkey_rsa.c:63:5: warning: 'EVP_PKEY_assign' is deprecated: Since OpenSSL 3.0 [-Wdeprecated-declarations]
#7 67.73    63 |     if (!EVP_PKEY_assign_RSA(pkey, rsa)) {
#7 67.73       |     ^~
#7 67.73 In file included from /usr/include/openssl/x509.h:29:
#7 67.73 /usr/include/openssl/evp.h:1336:5: note: declared here
#7 67.73  1336 | int EVP_PKEY_assign(EVP_PKEY *pkey, int type, void *key);
#7 67.73       |     ^~~~~~~~~~~~~~~
#7 67.73 ossl_pkey_rsa.c: In function 'ossl_rsa_new':
#7 67.73 ossl_pkey_rsa.c:78:9: warning: 'RSA_new' is deprecated: Since OpenSSL 3.0 [-Wdeprecated-declarations]
#7 67.73    78 |         obj = rsa_instance(cRSA, RSA_new());
#7 67.73       |         ^~~
#7 67.73 /usr/include/openssl/rsa.h:212:28: note: declared here
#7 67.73   212 | OSSL_DEPRECATEDIN_3_0 RSA *RSA_new(void);
#7 67.73       |                            ^~~~~~~
#7 67.73 ossl_pkey_rsa.c: In function 'rsa_blocking_gen':
#7 67.73 ossl_pkey_rsa.c:109:5: warning: 'RSA_generate_key_ex' is deprecated: Since OpenSSL 3.0 [-Wdeprecated-declarations]
#7 67.73   109 |     gen->result = RSA_generate_key_ex(gen->rsa, gen->size, gen->e, gen->cb);
#7 67.73       |     ^~~
#7 67.73 /usr/include/openssl/rsa.h:271:27: note: declared here
#7 67.73   271 | OSSL_DEPRECATEDIN_3_0 int RSA_generate_key_ex(RSA *rsa, int bits, BIGNUM *e,
#7 67.73       |                           ^~~~~~~~~~~~~~~~~~~
#7 67.73 ossl_pkey_rsa.c: In function 'rsa_generate':
#7 67.73 ossl_pkey_rsa.c:119:5: warning: 'RSA_new' is deprecated: Since OpenSSL 3.0 [-Wdeprecated-declarations]
#7 67.73   119 |     RSA *rsa = RSA_new();
#7 67.73       |     ^~~
#7 67.73 /usr/include/openssl/rsa.h:212:28: note: declared here
#7 67.73   212 | OSSL_DEPRECATEDIN_3_0 RSA *RSA_new(void);
#7 67.73       |                            ^~~~~~~
#7 67.73 ossl_pkey_rsa.c:124:9: warning: 'RSA_free' is deprecated: Since OpenSSL 3.0 [-Wdeprecated-declarations]
#7 67.73   124 |         RSA_free(rsa);
#7 67.73       |         ^~~~~~~~
#7 67.73 /usr/include/openssl/rsa.h:304:28: note: declared here
#7 67.73   304 | OSSL_DEPRECATEDIN_3_0 void RSA_free(RSA *r);
#7 67.73       |                            ^~~~~~~~
#7 67.73 ossl_pkey_rsa.c:133:17: warning: 'RSA_free' is deprecated: Since OpenSSL 3.0 [-Wdeprecated-declarations]
#7 67.73   133 |                 RSA_free(rsa);
#7 67.73       |                 ^~~~~~~~
#7 67.73 /usr/include/openssl/rsa.h:304:28: note: declared here
#7 67.73   304 | OSSL_DEPRECATEDIN_3_0 void RSA_free(RSA *r);
#7 67.73       |                            ^~~~~~~~
#7 67.73 ossl_pkey_rsa.c:158:9: warning: 'RSA_free' is deprecated: Since OpenSSL 3.0 [-Wdeprecated-declarations]
#7 67.73   158 |         RSA_free(rsa);
#7 67.73       |         ^~~~~~~~
#7 67.73 /usr/include/openssl/rsa.h:304:28: note: declared here
#7 67.73   304 | OSSL_DEPRECATEDIN_3_0 void RSA_free(RSA *r);
#7 67.73       |                            ^~~~~~~~
#7 67.73 ossl_pkey_ec.c: In function 'ossl_ec_point_initialize':
#7 67.73 ossl_pkey_ec.c:1360:13: warning: 'EC_POINT_bn2point' is deprecated: Since OpenSSL 3.0 [-Wdeprecated-declarations]
#7 67.73  1360 |             point = EC_POINT_bn2point(group, GetBNPtr(arg2), NULL, ossl_bn_ctx);
#7 67.73       |             ^~~~~
#7 67.73 /usr/include/openssl/ec.h:793:33: note: declared here
#7 67.73   793 | OSSL_DEPRECATEDIN_3_0 EC_POINT *EC_POINT_bn2point(const EC_GROUP *,
#7 67.73       |                                 ^~~~~~~~~~~~~~~~~
#7 67.73 make[2]: Leaving directory '/tmp/ruby/ruby-2.7.4/ext/objspace'
#7 67.73 ossl_pkey_ec.c: In function 'ossl_ec_point_make_affine':
#7 67.73 ossl_pkey_ec.c:1487:5: warning: 'EC_POINT_make_affine' is deprecated: Since OpenSSL 3.0 [-Wdeprecated-declarations]
#7 67.73  1487 |     if (EC_POINT_make_affine(group, point, ossl_bn_ctx) != 1)
#7 67.73       |     ^~
#7 67.73 /usr/include/openssl/ec.h:863:27: note: declared here
#7 67.73   863 | OSSL_DEPRECATEDIN_3_0 int EC_POINT_make_affine(const EC_GROUP *group,
#7 67.73       |                           ^~~~~~~~~~~~~~~~~~~~
#7 67.73 ossl_pkey_rsa.c: In function 'ossl_rsa_s_generate':
#7 67.73 ossl_pkey_rsa.c:193:9: warning: 'RSA_free' is deprecated: Since OpenSSL 3.0 [-Wdeprecated-declarations]
#7 67.73   193 |         RSA_free(rsa);
#7 67.73       |         ^~~~~~~~
#7 67.73 /usr/include/openssl/rsa.h:304:28: note: declared here
#7 67.73   304 | OSSL_DEPRECATEDIN_3_0 void RSA_free(RSA *r);
#7 67.73       |                            ^~~~~~~~
#7 67.74 compiling ossl_ssl.c
#7 67.74 make[2]: Entering directory '/tmp/ruby/ruby-2.7.4/ext/-test-/dln/empty'
#7 67.74 compiling empty.c
#7 67.74 ossl_pkey_ec.c: In function 'ossl_ec_point_mul':
#7 67.74 ossl_pkey_ec.c:1637:9: warning: 'EC_POINTs_mul' is deprecated: Since OpenSSL 3.0 [-Wdeprecated-declarations]
#7 67.74  1637 |         if (EC_POINTs_mul(group, point_result, bn_g, num, points, bignums, ossl_bn_ctx) != 1) {
#7 67.74       |         ^~
#7 67.74 /usr/include/openssl/ec.h:878:27: note: declared here
#7 67.74   878 | OSSL_DEPRECATEDIN_3_0 int EC_POINTs_mul(const EC_GROUP *group, EC_POINT *r,
#7 67.74       |                           ^~~~~~~~~~~~~
#7 67.74 ossl_pkey_rsa.c: In function 'ossl_rsa_initialize':
#7 67.74 ossl_pkey_rsa.c:230:9: warning: 'RSA_new' is deprecated: Since OpenSSL 3.0 [-Wdeprecated-declarations]
#7 67.74   230 |         rsa = RSA_new();
#7 67.74       |         ^~~
#7 67.74 /usr/include/openssl/rsa.h:212:28: note: declared here
#7 67.74   212 | OSSL_DEPRECATEDIN_3_0 RSA *RSA_new(void);
#7 67.74       |                            ^~~~~~~
#7 67.74 ossl_pkey_rsa.c:240:9: warning: 'PEM_read_bio_RSAPrivateKey' is deprecated: Since OpenSSL 3.0 [-Wdeprecated-declarations]
#7 67.74   240 |         rsa = PEM_read_bio_RSAPrivateKey(in, NULL, ossl_pem_passwd_cb, (void *)pass);
#7 67.74       |         ^~~
#7 67.74 In file included from /usr/include/openssl/ssl.h:37,
#7 67.74                  from ossl.h:24:
#7 67.74 /usr/include/openssl/pem.h:451:1: note: declared here
#7 67.74   451 | DECLARE_PEM_rw_cb_attr(OSSL_DEPRECATEDIN_3_0, RSAPrivateKey, RSA)
#7 67.74       | ^~~~~~~~~~~~~~~~~~~~~~
#7 67.74 ossl_pkey_rsa.c:243:13: warning: 'PEM_read_bio_RSA_PUBKEY' is deprecated: Since OpenSSL 3.0 [-Wdeprecated-declarations]
#7 67.74   243 |             rsa = PEM_read_bio_RSA_PUBKEY(in, NULL, NULL, NULL);
#7 67.74       |             ^~~
#7 67.74 /usr/include/openssl/pem.h:453:1: note: declared here
#7 67.74   453 | DECLARE_PEM_rw_attr(OSSL_DEPRECATEDIN_3_0, RSA_PUBKEY, RSA)
#7 67.74       | ^~~~~~~~~~~~~~~~~~~
#7 67.74 ossl_pkey_rsa.c:247:13: warning: 'd2i_RSAPrivateKey_bio' is deprecated: Since OpenSSL 3.0 [-Wdeprecated-declarations]
#7 67.74   247 |             rsa = d2i_RSAPrivateKey_bio(in, NULL);
#7 67.74       |             ^~~
#7 67.74 /usr/include/openssl/x509.h:621:28: note: declared here
#7 67.74   621 | OSSL_DEPRECATEDIN_3_0 RSA *d2i_RSAPrivateKey_bio(BIO *bp, RSA **rsa);
#7 67.74       |                            ^~~~~~~~~~~~~~~~~~~~~
#7 67.74 ossl_pkey_rsa.c:251:13: warning: 'd2i_RSA_PUBKEY_bio' is deprecated: Since OpenSSL 3.0 [-Wdeprecated-declarations]
#7 67.74   251 |             rsa = d2i_RSA_PUBKEY_bio(in, NULL);
#7 67.74       |             ^~~
#7 67.74 /usr/include/openssl/x509.h:625:28: note: declared here
#7 67.74   625 | OSSL_DEPRECATEDIN_3_0 RSA *d2i_RSA_PUBKEY_bio(BIO *bp, RSA **rsa);
#7 67.74       |                            ^~~~~~~~~~~~~~~~~~
#7 67.74 ossl_pkey_rsa.c:255:13: warning: 'PEM_read_bio_RSAPublicKey' is deprecated: Since OpenSSL 3.0 [-Wdeprecated-declarations]
#7 67.74   255 |             rsa = PEM_read_bio_RSAPublicKey(in, NULL, NULL, NULL);
#7 67.74       |             ^~~
#7 67.74 /usr/include/openssl/pem.h:452:1: note: declared here
#7 67.74   452 | DECLARE_PEM_rw_attr(OSSL_DEPRECATEDIN_3_0, RSAPublicKey, RSA)
#7 67.74       | ^~~~~~~~~~~~~~~~~~~
#7 67.74 ossl_pkey_rsa.c:259:13: warning: 'd2i_RSAPublicKey_bio' is deprecated: Since OpenSSL 3.0 [-Wdeprecated-declarations]
#7 67.74   259 |             rsa = d2i_RSAPublicKey_bio(in, NULL);
#7 67.74       |             ^~~
#7 67.74 /usr/include/openssl/x509.h:623:28: note: declared here
#7 67.74   623 | OSSL_DEPRECATEDIN_3_0 RSA *d2i_RSAPublicKey_bio(BIO *bp, RSA **rsa);
#7 67.74       |                            ^~~~~~~~~~~~~~~~~~~~
#7 67.74 ossl_pkey_rsa.c:266:5: warning: 'EVP_PKEY_assign' is deprecated: Since OpenSSL 3.0 [-Wdeprecated-declarations]
#7 67.74   266 |     if (!EVP_PKEY_assign_RSA(pkey, rsa)) {
#7 67.74       |     ^~
#7 67.74 /usr/include/openssl/evp.h:1336:5: note: declared here
#7 67.74  1336 | int EVP_PKEY_assign(EVP_PKEY *pkey, int type, void *key);
#7 67.74       |     ^~~~~~~~~~~~~~~
#7 67.74 ossl_pkey_rsa.c:267:9: warning: 'RSA_free' is deprecated: Since OpenSSL 3.0 [-Wdeprecated-declarations]
#7 67.74   267 |         RSA_free(rsa);
#7 67.74       |         ^~~~~~~~
#7 67.74 /usr/include/openssl/rsa.h:304:28: note: declared here
#7 67.74   304 | OSSL_DEPRECATEDIN_3_0 void RSA_free(RSA *r);
#7 67.74       |                            ^~~~~~~~
#7 67.74 ossl_pkey_rsa.c: In function 'ossl_rsa_initialize_copy':
#7 67.74 ossl_pkey_rsa.c:283:5: warning: 'EVP_PKEY_get0_RSA' is deprecated: Since OpenSSL 3.0 [-Wdeprecated-declarations]
#7 67.74   283 |     GetRSA(other, rsa);
#7 67.74       |     ^~~~~~
#7 67.74 /usr/include/openssl/evp.h:1354:22: note: declared here
#7 67.74  1354 | const struct rsa_st *EVP_PKEY_get0_RSA(const EVP_PKEY *pkey);
#7 67.74       |                      ^~~~~~~~~~~~~~~~~
#7 67.74 ossl_pkey_rsa.c:23:11: warning: assignment discards 'const' qualifier from pointer target type [-Wdiscarded-qualifiers]
#7 67.74    23 |     (rsa) = EVP_PKEY_get0_RSA(_pkey); \
#7 67.74       |           ^
#7 67.74 ossl_pkey_rsa.c:283:5: note: in expansion of macro 'GetRSA'
#7 67.74   283 |     GetRSA(other, rsa);
#7 67.74       |     ^~~~~~
#7 67.74 ossl_pkey_rsa.c:285:5: warning: 'i2d_RSAPrivateKey' is deprecated: Since OpenSSL 3.0 [-Wdeprecated-declarations]
#7 67.74   285 |     rsa_new = ASN1_dup((i2d_of_void *)i2d_RSAPrivateKey, (d2i_of_void *)d2i_RSAPrivateKey, (char *)rsa);
#7 67.74       |     ^~~~~~~
#7 67.74 In file included from ossl.h:22:
#7 67.74 /usr/include/openssl/rsa.h:320:1: note: declared here
#7 67.74   320 | DECLARE_ASN1_ENCODE_FUNCTIONS_name_attr(OSSL_DEPRECATEDIN_3_0,
#7 67.74       | ^~~~~~~~~~~~~~~~~~~~~~~~~~~~~~~~~~~~~~~
#7 67.74 ossl_pkey_rsa.c:285:5: warning: 'd2i_RSAPrivateKey' is deprecated: Since OpenSSL 3.0 [-Wdeprecated-declarations]
#7 67.74   285 |     rsa_new = ASN1_dup((i2d_of_void *)i2d_RSAPrivateKey, (d2i_of_void *)d2i_RSAPrivateKey, (char *)rsa);
#7 67.74       |     ^~~~~~~
#7 67.74 /usr/include/openssl/rsa.h:320:1: note: declared here
#7 67.74   320 | DECLARE_ASN1_ENCODE_FUNCTIONS_name_attr(OSSL_DEPRECATEDIN_3_0,
#7 67.74       | ^~~~~~~~~~~~~~~~~~~~~~~~~~~~~~~~~~~~~~~
#7 67.74 ossl_pkey_rsa.c:289:5: warning: 'EVP_PKEY_assign' is deprecated: Since OpenSSL 3.0 [-Wdeprecated-declarations]
#7 67.74   289 |     EVP_PKEY_assign_RSA(pkey, rsa_new);
#7 67.74       |     ^~~~~~~~~~~~~~~~~~~
#7 67.74 /usr/include/openssl/evp.h:1336:5: note: declared here
#7 67.74  1336 | int EVP_PKEY_assign(EVP_PKEY *pkey, int type, void *key);
#7 67.74       |     ^~~~~~~~~~~~~~~
#7 67.74 ossl_pkey_rsa.c: In function 'ossl_rsa_is_public':
#7 67.74 ossl_pkey_rsa.c:306:5: warning: 'EVP_PKEY_get0_RSA' is deprecated: Since OpenSSL 3.0 [-Wdeprecated-declarations]
#7 67.74   306 |     GetRSA(self, rsa);
#7 67.74       |     ^~~~~~
#7 67.74 /usr/include/openssl/evp.h:1354:22: note: declared here
#7 67.74  1354 | const struct rsa_st *EVP_PKEY_get0_RSA(const EVP_PKEY *pkey);
#7 67.74       |                      ^~~~~~~~~~~~~~~~~
#7 67.75 ossl_pkey_rsa.c:23:11: warning: assignment discards 'const' qualifier from pointer target type [-Wdiscarded-qualifiers]
#7 67.75    23 |     (rsa) = EVP_PKEY_get0_RSA(_pkey); \
#7 67.75       |           ^
#7 67.75 ossl_pkey_rsa.c:306:5: note: in expansion of macro 'GetRSA'
#7 67.75   306 |     GetRSA(self, rsa);
#7 67.75       |     ^~~~~~
#7 67.75 ossl_pkey_rsa.c: In function 'ossl_rsa_is_private':
#7 67.75 ossl_pkey_rsa.c:325:5: warning: 'EVP_PKEY_get0_RSA' is deprecated: Since OpenSSL 3.0 [-Wdeprecated-declarations]
#7 67.75   325 |     GetRSA(self, rsa);
#7 67.75       |     ^~~~~~
#7 67.75 /usr/include/openssl/evp.h:1354:22: note: declared here
#7 67.75  1354 | const struct rsa_st *EVP_PKEY_get0_RSA(const EVP_PKEY *pkey);
#7 67.75       |                      ^~~~~~~~~~~~~~~~~
#7 67.75 ossl_pkey_rsa.c:23:11: warning: assignment discards 'const' qualifier from pointer target type [-Wdiscarded-qualifiers]
#7 67.75    23 |     (rsa) = EVP_PKEY_get0_RSA(_pkey); \
#7 67.75       |           ^
#7 67.75 ossl_pkey_rsa.c:325:5: note: in expansion of macro 'GetRSA'
#7 67.75   325 |     GetRSA(self, rsa);
#7 67.75       |     ^~~~~~
#7 67.75 ossl_pkey_rsa.c: In function 'ossl_rsa_export':
#7 67.75 ossl_pkey_rsa.c:348:5: warning: 'EVP_PKEY_get0_RSA' is deprecated: Since OpenSSL 3.0 [-Wdeprecated-declarations]
#7 67.75   348 |     GetRSA(self, rsa);
#7 67.75       |     ^~~~~~
#7 67.75 /usr/include/openssl/evp.h:1354:22: note: declared here
#7 67.75  1354 | const struct rsa_st *EVP_PKEY_get0_RSA(const EVP_PKEY *pkey);
#7 67.75       |                      ^~~~~~~~~~~~~~~~~
#7 67.75 ossl_pkey_rsa.c:23:11: warning: assignment discards 'const' qualifier from pointer target type [-Wdiscarded-qualifiers]
#7 67.75    23 |     (rsa) = EVP_PKEY_get0_RSA(_pkey); \
#7 67.75       |           ^
#7 67.75 ossl_pkey_rsa.c:348:5: note: in expansion of macro 'GetRSA'
#7 67.75   348 |     GetRSA(self, rsa);
#7 67.75       |     ^~~~~~
#7 67.75 ossl_pkey_rsa.c:360:9: warning: 'PEM_write_bio_RSAPrivateKey' is deprecated: Since OpenSSL 3.0 [-Wdeprecated-declarations]
#7 67.75   360 |         if (!PEM_write_bio_RSAPrivateKey(out, rsa, ciph, NULL, 0,
#7 67.75       |         ^~
#7 67.75 /usr/include/openssl/pem.h:451:1: note: declared here
#7 67.75   451 | DECLARE_PEM_rw_cb_attr(OSSL_DEPRECATEDIN_3_0, RSAPrivateKey, RSA)
#7 67.75       | ^~~~~~~~~~~~~~~~~~~~~~
#7 67.75 ossl_pkey_rsa.c:366:9: warning: 'PEM_write_bio_RSA_PUBKEY' is deprecated: Since OpenSSL 3.0 [-Wdeprecated-declarations]
#7 67.75   366 |         if (!PEM_write_bio_RSA_PUBKEY(out, rsa)) {
#7 67.75       |         ^~
#7 67.75 /usr/include/openssl/pem.h:453:1: note: declared here
#7 67.75   453 | DECLARE_PEM_rw_attr(OSSL_DEPRECATEDIN_3_0, RSA_PUBKEY, RSA)
#7 67.75       | ^~~~~~~~~~~~~~~~~~~
#7 67.75 ossl_pkey_rsa.c: In function 'ossl_rsa_to_der':
#7 67.75 ossl_pkey_rsa.c:391:5: warning: 'EVP_PKEY_get0_RSA' is deprecated: Since OpenSSL 3.0 [-Wdeprecated-declarations]
#7 67.75   391 |     GetRSA(self, rsa);
#7 67.75       |     ^~~~~~
#7 67.75 /usr/include/openssl/evp.h:1354:22: note: declared here
#7 67.75  1354 | const struct rsa_st *EVP_PKEY_get0_RSA(const EVP_PKEY *pkey);
#7 67.75       |                      ^~~~~~~~~~~~~~~~~
#7 67.75 ossl_pkey_rsa.c:23:11: warning: assignment discards 'const' qualifier from pointer target type [-Wdiscarded-qualifiers]
#7 67.75    23 |     (rsa) = EVP_PKEY_get0_RSA(_pkey); \
#7 67.75       |           ^
#7 67.75 ossl_pkey_rsa.c:391:5: note: in expansion of macro 'GetRSA'
#7 67.75   391 |     GetRSA(self, rsa);
#7 67.75       |     ^~~~~~
#7 67.75 ossl_pkey_rsa.c:393:9: warning: 'i2d_RSAPrivateKey' is deprecated: Since OpenSSL 3.0 [-Wdeprecated-declarations]
#7 67.75   393 |         i2d_func = i2d_RSAPrivateKey;
#7 67.75       |         ^~~~~~~~
#7 67.75 /usr/include/openssl/rsa.h:320:1: note: declared here
#7 67.75   320 | DECLARE_ASN1_ENCODE_FUNCTIONS_name_attr(OSSL_DEPRECATEDIN_3_0,
#7 67.75       | ^~~~~~~~~~~~~~~~~~~~~~~~~~~~~~~~~~~~~~~
#7 67.75 ossl_pkey_rsa.c:395:9: warning: 'i2d_RSA_PUBKEY' is deprecated: Since OpenSSL 3.0 [-Wdeprecated-declarations]
#7 67.75   395 |         i2d_func = (int (*)(const RSA *, unsigned char **))i2d_RSA_PUBKEY;
#7 67.75       |         ^~~~~~~~
#7 67.75 /usr/include/openssl/x509.h:717:1: note: declared here
#7 67.75   717 | DECLARE_ASN1_ENCODE_FUNCTIONS_only_attr(OSSL_DEPRECATEDIN_3_0,RSA, RSA_PUBKEY)
#7 67.75       | ^~~~~~~~~~~~~~~~~~~~~~~~~~~~~~~~~~~~~~~
#7 67.75 ossl_pkey_rsa.c: In function 'ossl_rsa_public_encrypt':
#7 67.75 ossl_pkey_rsa.c:423:5: warning: 'EVP_PKEY_get0_RSA' is deprecated: Since OpenSSL 3.0 [-Wdeprecated-declarations]
#7 67.75   423 |     GetRSA(self, rsa);
#7 67.75       |     ^~~~~~
#7 67.75 /usr/include/openssl/evp.h:1354:22: note: declared here
#7 67.75  1354 | const struct rsa_st *EVP_PKEY_get0_RSA(const EVP_PKEY *pkey);
#7 67.75       |                      ^~~~~~~~~~~~~~~~~
#7 67.75 ossl_pkey_rsa.c:23:11: warning: assignment discards 'const' qualifier from pointer target type [-Wdiscarded-qualifiers]
#7 67.75    23 |     (rsa) = EVP_PKEY_get0_RSA(_pkey); \
#7 67.75       |           ^
#7 67.75 ossl_pkey_rsa.c:423:5: note: in expansion of macro 'GetRSA'
#7 67.75   423 |     GetRSA(self, rsa);
#7 67.75       |     ^~~~~~
#7 67.75 ossl_pkey_rsa.c:424:5: warning: 'RSA_get0_key' is deprecated: Since OpenSSL 3.0 [-Wdeprecated-declarations]
#7 67.75   424 |     RSA_get0_key(rsa, &rsa_n, NULL, NULL);
#7 67.75       |     ^~~~~~~~~~~~
#7 67.75 /usr/include/openssl/rsa.h:228:28: note: declared here
#7 67.75   228 | OSSL_DEPRECATEDIN_3_0 void RSA_get0_key(const RSA *r,
#7 67.75       |                            ^~~~~~~~~~~~
#7 67.76 ossl_pkey_rsa.c:430:5: warning: 'RSA_size' is deprecated: Since OpenSSL 3.0 [-Wdeprecated-declarations]
#7 67.76   430 |     str = rb_str_new(0, RSA_size(rsa));
#7 67.76       |     ^~~
#7 67.76 /usr/include/openssl/rsa.h:215:27: note: declared here
#7 67.76   215 | OSSL_DEPRECATEDIN_3_0 int RSA_size(const RSA *rsa);
#7 67.76       |                           ^~~~~~~~
#7 67.76 ossl_pkey_rsa.c:430:5: warning: 'RSA_size' is deprecated: Since OpenSSL 3.0 [-Wdeprecated-declarations]
#7 67.76   430 |     str = rb_str_new(0, RSA_size(rsa));
#7 67.76       |     ^~~
#7 67.76 /usr/include/openssl/rsa.h:215:27: note: declared here
#7 67.76   215 | OSSL_DEPRECATEDIN_3_0 int RSA_size(const RSA *rsa);
#7 67.76       |                           ^~~~~~~~
#7 67.76 make[2]: Leaving directory '/tmp/ruby/ruby-2.7.4/ext/-test-/bug_reporter'
#7 67.76 ossl_pkey_rsa.c:430:5: warning: 'RSA_size' is deprecated: Since OpenSSL 3.0 [-Wdeprecated-declarations]
#7 67.76   430 |     str = rb_str_new(0, RSA_size(rsa));
#7 67.76       |     ^~~
#7 67.76 /usr/include/openssl/rsa.h:215:27: note: declared here
#7 67.76   215 | OSSL_DEPRECATEDIN_3_0 int RSA_size(const RSA *rsa);
#7 67.76       |                           ^~~~~~~~
#7 67.76 ossl_pkey_rsa.c:431:5: warning: 'RSA_public_encrypt' is deprecated: Since OpenSSL 3.0 [-Wdeprecated-declarations]
#7 67.76   431 |     buf_len = RSA_public_encrypt(RSTRING_LENINT(buffer), (unsigned char *)RSTRING_PTR(buffer),
#7 67.76       |     ^~~~~~~
#7 67.76 /usr/include/openssl/rsa.h:293:5: note: declared here
#7 67.76   293 | int RSA_public_encrypt(int flen, const unsigned char *from, unsigned char *to,
#7 67.76       |     ^~~~~~~~~~~~~~~~~~
#7 67.76 ossl_pkey_rsa.c: In function 'ossl_rsa_public_decrypt':
#7 67.76 ossl_pkey_rsa.c:455:5: warning: 'EVP_PKEY_get0_RSA' is deprecated: Since OpenSSL 3.0 [-Wdeprecated-declarations]
#7 67.76   455 |     GetRSA(self, rsa);
#7 67.76       |     ^~~~~~
#7 67.76 /usr/include/openssl/evp.h:1354:22: note: declared here
#7 67.76  1354 | const struct rsa_st *EVP_PKEY_get0_RSA(const EVP_PKEY *pkey);
#7 67.76       |                      ^~~~~~~~~~~~~~~~~
#7 67.76 ossl_pkey_rsa.c:23:11: warning: assignment discards 'const' qualifier from pointer target type [-Wdiscarded-qualifiers]
#7 67.76    23 |     (rsa) = EVP_PKEY_get0_RSA(_pkey); \
#7 67.76       |           ^
#7 67.76 ossl_pkey_rsa.c:455:5: note: in expansion of macro 'GetRSA'
#7 67.76   455 |     GetRSA(self, rsa);
#7 67.76       |     ^~~~~~
#7 67.76 ossl_pkey_rsa.c:456:5: warning: 'RSA_get0_key' is deprecated: Since OpenSSL 3.0 [-Wdeprecated-declarations]
#7 67.76   456 |     RSA_get0_key(rsa, &rsa_n, NULL, NULL);
#7 67.76       |     ^~~~~~~~~~~~
#7 67.76 /usr/include/openssl/rsa.h:228:28: note: declared here
#7 67.76   228 | OSSL_DEPRECATEDIN_3_0 void RSA_get0_key(const RSA *r,
#7 67.76       |                            ^~~~~~~~~~~~
#7 67.76 linking shared-object -test-/class.so
#7 67.77 compiling ossl_ssl_session.c
#7 67.77 ossl_pkey_rsa.c:462:5: warning: 'RSA_size' is deprecated: Since OpenSSL 3.0 [-Wdeprecated-declarations]
#7 67.77   462 |     str = rb_str_new(0, RSA_size(rsa));
#7 67.77       |     ^~~
#7 67.77 /usr/include/openssl/rsa.h:215:27: note: declared here
#7 67.77   215 | OSSL_DEPRECATEDIN_3_0 int RSA_size(const RSA *rsa);
#7 67.77       |                           ^~~~~~~~
#7 67.77 ossl_pkey_rsa.c:462:5: warning: 'RSA_size' is deprecated: Since OpenSSL 3.0 [-Wdeprecated-declarations]
#7 67.77   462 |     str = rb_str_new(0, RSA_size(rsa));
#7 67.77       |     ^~~
#7 67.77 /usr/include/openssl/rsa.h:215:27: note: declared here
#7 67.77   215 | OSSL_DEPRECATEDIN_3_0 int RSA_size(const RSA *rsa);
#7 67.77       |                           ^~~~~~~~
#7 67.77 ossl_pkey_rsa.c:462:5: warning: 'RSA_size' is deprecated: Since OpenSSL 3.0 [-Wdeprecated-declarations]
#7 67.77   462 |     str = rb_str_new(0, RSA_size(rsa));
#7 67.77       |     ^~~
#7 67.77 /usr/include/openssl/rsa.h:215:27: note: declared here
#7 67.77   215 | OSSL_DEPRECATEDIN_3_0 int RSA_size(const RSA *rsa);
#7 67.77       |                           ^~~~~~~~
#7 67.77 ossl_pkey_rsa.c:463:5: warning: 'RSA_public_decrypt' is deprecated: Since OpenSSL 3.0 [-Wdeprecated-declarations]
#7 67.77   463 |     buf_len = RSA_public_decrypt(RSTRING_LENINT(buffer), (unsigned char *)RSTRING_PTR(buffer),
#7 67.77       |     ^~~~~~~
#7 67.77 linking shared-object -test-/dln/empty.so
#7 67.77 /usr/include/openssl/rsa.h:299:5: note: declared here
#7 67.77   299 | int RSA_public_decrypt(int flen, const unsigned char *from, unsigned char *to,
#7 67.77       |     ^~~~~~~~~~~~~~~~~~
#7 67.77 ossl_pkey_rsa.c: In function 'ossl_rsa_private_encrypt':
#7 67.77 ossl_pkey_rsa.c:487:5: warning: 'EVP_PKEY_get0_RSA' is deprecated: Since OpenSSL 3.0 [-Wdeprecated-declarations]
#7 67.77   487 |     GetRSA(self, rsa);
#7 67.77       |     ^~~~~~
#7 67.77 /usr/include/openssl/evp.h:1354:22: note: declared here
#7 67.77  1354 | const struct rsa_st *EVP_PKEY_get0_RSA(const EVP_PKEY *pkey);
#7 67.77       |                      ^~~~~~~~~~~~~~~~~
#7 67.77 ossl_pkey_rsa.c:23:11: warning: assignment discards 'const' qualifier from pointer target type [-Wdiscarded-qualifiers]
#7 67.77    23 |     (rsa) = EVP_PKEY_get0_RSA(_pkey); \
#7 67.77       |           ^
#7 67.77 ossl_pkey_rsa.c:487:5: note: in expansion of macro 'GetRSA'
#7 67.77   487 |     GetRSA(self, rsa);
#7 67.77       |     ^~~~~~
#7 67.77 ossl_pkey_rsa.c:488:5: warning: 'RSA_get0_key' is deprecated: Since OpenSSL 3.0 [-Wdeprecated-declarations]
#7 67.77   488 |     RSA_get0_key(rsa, &rsa_n, NULL, NULL);
#7 67.77       |     ^~~~~~~~~~~~
#7 67.77 /usr/include/openssl/rsa.h:228:28: note: declared here
#7 67.77   228 | OSSL_DEPRECATEDIN_3_0 void RSA_get0_key(const RSA *r,
#7 67.77       |                            ^~~~~~~~~~~~
#7 67.77 ossl_pkey_rsa.c:496:5: warning: 'RSA_size' is deprecated: Since OpenSSL 3.0 [-Wdeprecated-declarations]
#7 67.77   496 |     str = rb_str_new(0, RSA_size(rsa));
#7 67.77       |     ^~~
#7 67.77 /usr/include/openssl/rsa.h:215:27: note: declared here
#7 67.77   215 | OSSL_DEPRECATEDIN_3_0 int RSA_size(const RSA *rsa);
#7 67.77       |                           ^~~~~~~~
#7 67.77 ossl_pkey_rsa.c:496:5: warning: 'RSA_size' is deprecated: Since OpenSSL 3.0 [-Wdeprecated-declarations]
#7 67.77   496 |     str = rb_str_new(0, RSA_size(rsa));
#7 67.77       |     ^~~
#7 67.77 /usr/include/openssl/rsa.h:215:27: note: declared here
#7 67.77   215 | OSSL_DEPRECATEDIN_3_0 int RSA_size(const RSA *rsa);
#7 67.77       |                           ^~~~~~~~
#7 67.77 ossl_pkey_rsa.c:496:5: warning: 'RSA_size' is deprecated: Since OpenSSL 3.0 [-Wdeprecated-declarations]
#7 67.77   496 |     str = rb_str_new(0, RSA_size(rsa));
#7 67.77       |     ^~~
#7 67.77 /usr/include/openssl/rsa.h:215:27: note: declared here
#7 67.77   215 | OSSL_DEPRECATEDIN_3_0 int RSA_size(const RSA *rsa);
#7 67.77       |                           ^~~~~~~~
#7 67.77 ossl_pkey_rsa.c:497:5: warning: 'RSA_private_encrypt' is deprecated: Since OpenSSL 3.0 [-Wdeprecated-declarations]
#7 67.77   497 |     buf_len = RSA_private_encrypt(RSTRING_LENINT(buffer), (unsigned char *)RSTRING_PTR(buffer),
#7 67.77       |     ^~~~~~~
#7 67.77 /usr/include/openssl/rsa.h:296:5: note: declared here
#7 67.77   296 | int RSA_private_encrypt(int flen, const unsigned char *from, unsigned char *to,
#7 67.77       |     ^~~~~~~~~~~~~~~~~~~
#7 67.77 ossl_pkey_rsa.c: In function 'ossl_rsa_private_decrypt':
#7 67.77 ossl_pkey_rsa.c:521:5: warning: 'EVP_PKEY_get0_RSA' is deprecated: Since OpenSSL 3.0 [-Wdeprecated-declarations]
#7 67.77   521 |     GetRSA(self, rsa);
#7 67.77       |     ^~~~~~
#7 67.77 /usr/include/openssl/evp.h:1354:22: note: declared here
#7 67.77  1354 | const struct rsa_st *EVP_PKEY_get0_RSA(const EVP_PKEY *pkey);
#7 67.77       |                      ^~~~~~~~~~~~~~~~~
#7 67.77 ossl_pkey_rsa.c:23:11: warning: assignment discards 'const' qualifier from pointer target type [-Wdiscarded-qualifiers]
#7 67.77    23 |     (rsa) = EVP_PKEY_get0_RSA(_pkey); \
#7 67.77       |           ^
#7 67.77 ossl_pkey_rsa.c:521:5: note: in expansion of macro 'GetRSA'
#7 67.77   521 |     GetRSA(self, rsa);
#7 67.77       |     ^~~~~~
#7 67.77 ossl_pkey_rsa.c:522:5: warning: 'RSA_get0_key' is deprecated: Since OpenSSL 3.0 [-Wdeprecated-declarations]
#7 67.77   522 |     RSA_get0_key(rsa, &rsa_n, NULL, NULL);
#7 67.77       |     ^~~~~~~~~~~~
#7 67.77 /usr/include/openssl/rsa.h:228:28: note: declared here
#7 67.77   228 | OSSL_DEPRECATEDIN_3_0 void RSA_get0_key(const RSA *r,
#7 67.77       |                            ^~~~~~~~~~~~
#7 67.77 make[2]: Entering directory '/tmp/ruby/ruby-2.7.4/ext/-test-/enumerator_kw'
#7 67.78 ossl_pkey_rsa.c:530:5: warning: 'RSA_size' is deprecated: Since OpenSSL 3.0 [-Wdeprecated-declarations]
#7 67.78   530 |     str = rb_str_new(0, RSA_size(rsa));
#7 67.78       |     ^~~
#7 67.78 /usr/include/openssl/rsa.h:215:27: note: declared here
#7 67.78   215 | OSSL_DEPRECATEDIN_3_0 int RSA_size(const RSA *rsa);
#7 67.78       |                           ^~~~~~~~
#7 67.78 ossl_pkey_rsa.c:530:5: warning: 'RSA_size' is deprecated: Since OpenSSL 3.0 [-Wdeprecated-declarations]
#7 67.78   530 |     str = rb_str_new(0, RSA_size(rsa));
#7 67.78       |     ^~~
#7 67.78 /usr/include/openssl/rsa.h:215:27: note: declared here
#7 67.78   215 | OSSL_DEPRECATEDIN_3_0 int RSA_size(const RSA *rsa);
#7 67.78       |                           ^~~~~~~~
#7 67.78 ossl_pkey_rsa.c:530:5: warning: 'RSA_size' is deprecated: Since OpenSSL 3.0 [-Wdeprecated-declarations]
#7 67.78   530 |     str = rb_str_new(0, RSA_size(rsa));
#7 67.78       |     ^~~
#7 67.78 /usr/include/openssl/rsa.h:215:27: note: declared here
#7 67.78   215 | OSSL_DEPRECATEDIN_3_0 int RSA_size(const RSA *rsa);
#7 67.78       |                           ^~~~~~~~
#7 67.78 ossl_pkey_rsa.c:531:5: warning: 'RSA_private_decrypt' is deprecated: Since OpenSSL 3.0 [-Wdeprecated-declarations]
#7 67.78   531 |     buf_len = RSA_private_decrypt(RSTRING_LENINT(buffer), (unsigned char *)RSTRING_PTR(buffer),
#7 67.78       |     ^~~~~~~
#7 67.78 /usr/include/openssl/rsa.h:302:5: note: declared here
#7 67.78   302 | int RSA_private_decrypt(int flen, const unsigned char *from, unsigned char *to,
#7 67.78       |     ^~~~~~~~~~~~~~~~~~~
#7 67.78 compiling enumerator_kw.c
#7 67.79 ossl_pkey_rsa.c: In function 'ossl_rsa_get_params':
#7 67.79 ossl_pkey_rsa.c:747:5: warning: 'EVP_PKEY_get0_RSA' is deprecated: Since OpenSSL 3.0 [-Wdeprecated-declarations]
#7 67.79   747 |     GetRSA(self, rsa);
#7 67.79       |     ^~~~~~
#7 67.79 /usr/include/openssl/evp.h:1354:22: note: declared here
#7 67.79  1354 | const struct rsa_st *EVP_PKEY_get0_RSA(const EVP_PKEY *pkey);
#7 67.79       |                      ^~~~~~~~~~~~~~~~~
#7 67.79 ossl_pkey_rsa.c:23:11: warning: assignment discards 'const' qualifier from pointer target type [-Wdiscarded-qualifiers]
#7 67.79    23 |     (rsa) = EVP_PKEY_get0_RSA(_pkey); \
#7 67.79       |           ^
#7 67.79 ossl_pkey_rsa.c:747:5: note: in expansion of macro 'GetRSA'
#7 67.79   747 |     GetRSA(self, rsa);
#7 67.79       |     ^~~~~~
#7 67.79 ossl_pkey_rsa.c:748:5: warning: 'RSA_get0_key' is deprecated: Since OpenSSL 3.0 [-Wdeprecated-declarations]
#7 67.79   748 |     RSA_get0_key(rsa, &n, &e, &d);
#7 67.79       |     ^~~~~~~~~~~~
#7 67.79 /usr/include/openssl/rsa.h:228:28: note: declared here
#7 67.79   228 | OSSL_DEPRECATEDIN_3_0 void RSA_get0_key(const RSA *r,
#7 67.79       |                            ^~~~~~~~~~~~
#7 67.79 ossl_pkey_rsa.c:749:5: warning: 'RSA_get0_factors' is deprecated: Since OpenSSL 3.0 [-Wdeprecated-declarations]
#7 67.79   749 |     RSA_get0_factors(rsa, &p, &q);
#7 67.79       |     ^~~~~~~~~~~~~~~~
#7 67.79 /usr/include/openssl/rsa.h:231:28: note: declared here
#7 67.79   231 | OSSL_DEPRECATEDIN_3_0 void RSA_get0_factors(const RSA *r,
#7 67.79       |                            ^~~~~~~~~~~~~~~~
#7 67.79 ossl_pkey_rsa.c:750:5: warning: 'RSA_get0_crt_params' is deprecated: Since OpenSSL 3.0 [-Wdeprecated-declarations]
#7 67.79   750 |     RSA_get0_crt_params(rsa, &dmp1, &dmq1, &iqmp);
#7 67.79       |     ^~~~~~~~~~~~~~~~~~~
#7 67.79 /usr/include/openssl/rsa.h:236:28: note: declared here
#7 67.79   236 | OSSL_DEPRECATEDIN_3_0 void RSA_get0_crt_params(const RSA *r,
#7 67.79       |                            ^~~~~~~~~~~~~~~~~~~
#7 67.79 ossl_pkey_rsa.c: In function 'ossl_rsa_to_text':
#7 67.79 ossl_pkey_rsa.c:782:5: warning: 'EVP_PKEY_get0_RSA' is deprecated: Since OpenSSL 3.0 [-Wdeprecated-declarations]
#7 67.79   782 |     GetRSA(self, rsa);
#7 67.79       |     ^~~~~~
#7 67.79 /usr/include/openssl/evp.h:1354:22: note: declared here
#7 67.79  1354 | const struct rsa_st *EVP_PKEY_get0_RSA(const EVP_PKEY *pkey);
#7 67.79       |                      ^~~~~~~~~~~~~~~~~
#7 67.79 ossl_pkey_rsa.c:23:11: warning: assignment discards 'const' qualifier from pointer target type [-Wdiscarded-qualifiers]
#7 67.79    23 |     (rsa) = EVP_PKEY_get0_RSA(_pkey); \
#7 67.79       |           ^
#7 67.79 ossl_pkey_rsa.c:782:5: note: in expansion of macro 'GetRSA'
#7 67.79   782 |     GetRSA(self, rsa);
#7 67.79       |     ^~~~~~
#7 67.79 ossl_pkey_rsa.c:786:5: warning: 'RSA_print' is deprecated: Since OpenSSL 3.0 [-Wdeprecated-declarations]
#7 67.79   786 |     if (!RSA_print(out, rsa, 0)) { /* offset = 0 */
#7 67.79       |     ^~
#7 67.79 /usr/include/openssl/rsa.h:353:27: note: declared here
#7 67.79   353 | OSSL_DEPRECATEDIN_3_0 int RSA_print(BIO *bp, const RSA *r, int offset);
#7 67.79       |                           ^~~~~~~~~
#7 67.79 ossl_pkey_rsa.c: In function 'ossl_rsa_to_public_key':
#7 67.79 ossl_pkey_rsa.c:810:5: warning: 'RSAPublicKey_dup' is deprecated: Since OpenSSL 3.0 [-Wdeprecated-declarations]
#7 67.79   810 |     rsa = RSAPublicKey_dup(EVP_PKEY_get0_RSA(pkey));
#7 67.79       |     ^~~
#7 67.79 /usr/include/openssl/rsa.h:459:1: note: declared here
#7 67.79   459 | DECLARE_ASN1_DUP_FUNCTION_name_attr(OSSL_DEPRECATEDIN_3_0, RSA, RSAPublicKey)
#7 67.79       | ^~~~~~~~~~~~~~~~~~~~~~~~~~~~~~~~~~~
#7 67.79 ossl_pkey_rsa.c:810:5: warning: 'EVP_PKEY_get0_RSA' is deprecated: Since OpenSSL 3.0 [-Wdeprecated-declarations]
#7 67.79   810 |     rsa = RSAPublicKey_dup(EVP_PKEY_get0_RSA(pkey));
#7 67.79       |     ^~~
#7 67.79 /usr/include/openssl/evp.h:1354:22: note: declared here
#7 67.79  1354 | const struct rsa_st *EVP_PKEY_get0_RSA(const EVP_PKEY *pkey);
#7 67.79       |                      ^~~~~~~~~~~~~~~~~
#7 67.79 ossl_pkey_rsa.c:813:9: warning: 'RSA_free' is deprecated: Since OpenSSL 3.0 [-Wdeprecated-declarations]
#7 67.79   813 |         RSA_free(rsa);
#7 67.79       |         ^~~~~~~~
#7 67.79 /usr/include/openssl/rsa.h:304:28: note: declared here
#7 67.79   304 | OSSL_DEPRECATEDIN_3_0 void RSA_free(RSA *r);
#7 67.79       |                            ^~~~~~~~
#7 67.79 ossl_pkey_rsa.c: In function 'ossl_rsa_get_n':
#7 67.79 ossl_pkey_rsa.c:854:1: warning: 'EVP_PKEY_get0_RSA' is deprecated: Since OpenSSL 3.0 [-Wdeprecated-declarations]
#7 67.79   854 | OSSL_PKEY_BN_DEF3(rsa, RSA, key, n, e, d)
#7 67.79       | ^~~~~~~~~~~~~~~~~
#7 67.79 /usr/include/openssl/evp.h:1354:22: note: declared here
#7 67.79  1354 | const struct rsa_st *EVP_PKEY_get0_RSA(const EVP_PKEY *pkey);
#7 67.79       |                      ^~~~~~~~~~~~~~~~~
#7 67.79 ossl_pkey_rsa.c:23:11: warning: assignment discards 'const' qualifier from pointer target type [-Wdiscarded-qualifiers]
#7 67.79    23 |     (rsa) = EVP_PKEY_get0_RSA(_pkey); \
#7 67.79       |           ^
#7 67.79 ossl_pkey.h:102:9: note: in expansion of macro 'GetRSA'
#7 67.79   102 |         Get##_type(self, obj);                                          \
#7 67.79       |         ^~~
#7 67.79 ossl_pkey.h:110:9: note: in expansion of macro 'OSSL_PKEY_BN_DEF_GETTER0'
#7 67.79   110 |         OSSL_PKEY_BN_DEF_GETTER0(_keytype, _type, a1,                   \
#7 67.79       |         ^~~~~~~~~~~~~~~~~~~~~~~~
#7 67.79 ossl_pkey.h:211:9: note: in expansion of macro 'OSSL_PKEY_BN_DEF_GETTER3'
#7 67.79   211 |         OSSL_PKEY_BN_DEF_GETTER3(_keytype, _type, _group, a1, a2, a3)   \
#7 67.79       |         ^~~~~~~~~~~~~~~~~~~~~~~~
#7 67.79 ossl_pkey_rsa.c:854:1: note: in expansion of macro 'OSSL_PKEY_BN_DEF3'
#7 67.79   854 | OSSL_PKEY_BN_DEF3(rsa, RSA, key, n, e, d)
#7 67.79       | ^~~~~~~~~~~~~~~~~
#7 67.79 ossl_pkey_rsa.c:854:1: warning: 'RSA_get0_key' is deprecated: Since OpenSSL 3.0 [-Wdeprecated-declarations]
#7 67.79 /usr/include/openssl/rsa.h:228:28: note: declared here
#7 67.79   228 | OSSL_DEPRECATEDIN_3_0 void RSA_get0_key(const RSA *r,
#7 67.79       |                            ^~~~~~~~~~~~
#7 67.79 ossl_pkey_rsa.c: In function 'ossl_rsa_get_e':
#7 67.79 ossl_pkey_rsa.c:854:1: warning: 'EVP_PKEY_get0_RSA' is deprecated: Since OpenSSL 3.0 [-Wdeprecated-declarations]
#7 67.79   854 | OSSL_PKEY_BN_DEF3(rsa, RSA, key, n, e, d)
#7 67.79       | ^~~~~~~~~~~~~~~~~
#7 67.79 /usr/include/openssl/evp.h:1354:22: note: declared here
#7 67.79  1354 | const struct rsa_st *EVP_PKEY_get0_RSA(const EVP_PKEY *pkey);
#7 67.79       |                      ^~~~~~~~~~~~~~~~~
#7 67.79 ossl_pkey_rsa.c:23:11: warning: assignment discards 'const' qualifier from pointer target type [-Wdiscarded-qualifiers]
#7 67.79    23 |     (rsa) = EVP_PKEY_get0_RSA(_pkey); \
#7 67.79       |           ^
#7 67.79 ossl_pkey.h:102:9: note: in expansion of macro 'GetRSA'
#7 67.79   102 |         Get##_type(self, obj);                                          \
#7 67.79       |         ^~~
#7 67.79 ossl_pkey.h:112:9: note: in expansion of macro 'OSSL_PKEY_BN_DEF_GETTER0'
#7 67.79   112 |         OSSL_PKEY_BN_DEF_GETTER0(_keytype, _type, a2,                   \
#7 67.79       |         ^~~~~~~~~~~~~~~~~~~~~~~~
#7 67.79 ossl_pkey.h:211:9: note: in expansion of macro 'OSSL_PKEY_BN_DEF_GETTER3'
#7 67.79   211 |         OSSL_PKEY_BN_DEF_GETTER3(_keytype, _type, _group, a1, a2, a3)   \
#7 67.79       |         ^~~~~~~~~~~~~~~~~~~~~~~~
#7 67.79 ossl_pkey_rsa.c:854:1: note: in expansion of macro 'OSSL_PKEY_BN_DEF3'
#7 67.79   854 | OSSL_PKEY_BN_DEF3(rsa, RSA, key, n, e, d)
#7 67.79       | ^~~~~~~~~~~~~~~~~
#7 67.79 ossl_pkey_rsa.c:854:1: warning: 'RSA_get0_key' is deprecated: Since OpenSSL 3.0 [-Wdeprecated-declarations]
#7 67.79 /usr/include/openssl/rsa.h:228:28: note: declared here
#7 67.79   228 | OSSL_DEPRECATEDIN_3_0 void RSA_get0_key(const RSA *r,
#7 67.79       |                            ^~~~~~~~~~~~
#7 67.79 ossl_pkey_rsa.c: In function 'ossl_rsa_get_d':
#7 67.79 ossl_pkey_rsa.c:854:1: warning: 'EVP_PKEY_get0_RSA' is deprecated: Since OpenSSL 3.0 [-Wdeprecated-declarations]
#7 67.79   854 | OSSL_PKEY_BN_DEF3(rsa, RSA, key, n, e, d)
#7 67.79       | ^~~~~~~~~~~~~~~~~
#7 67.79 /usr/include/openssl/evp.h:1354:22: note: declared here
#7 67.79  1354 | const struct rsa_st *EVP_PKEY_get0_RSA(const EVP_PKEY *pkey);
#7 67.79       |                      ^~~~~~~~~~~~~~~~~
#7 67.79 ossl_pkey_rsa.c:23:11: warning: assignment discards 'const' qualifier from pointer target type [-Wdiscarded-qualifiers]
#7 67.79    23 |     (rsa) = EVP_PKEY_get0_RSA(_pkey); \
#7 67.79       |           ^
#7 67.79 ossl_pkey.h:102:9: note: in expansion of macro 'GetRSA'
#7 67.79   102 |         Get##_type(self, obj);                                          \
#7 67.79       |         ^~~
#7 67.79 ossl_pkey.h:114:9: note: in expansion of macro 'OSSL_PKEY_BN_DEF_GETTER0'
#7 67.79   114 |         OSSL_PKEY_BN_DEF_GETTER0(_keytype, _type, a3,                   \
#7 67.79       |         ^~~~~~~~~~~~~~~~~~~~~~~~
#7 67.79 ossl_pkey.h:211:9: note: in expansion of macro 'OSSL_PKEY_BN_DEF_GETTER3'
#7 67.79   211 |         OSSL_PKEY_BN_DEF_GETTER3(_keytype, _type, _group, a1, a2, a3)   \
#7 67.79       |         ^~~~~~~~~~~~~~~~~~~~~~~~
#7 67.79 ossl_pkey_rsa.c:854:1: note: in expansion of macro 'OSSL_PKEY_BN_DEF3'
#7 67.79   854 | OSSL_PKEY_BN_DEF3(rsa, RSA, key, n, e, d)
#7 67.79       | ^~~~~~~~~~~~~~~~~
#7 67.79 ossl_pkey_rsa.c:854:1: warning: 'RSA_get0_key' is deprecated: Since OpenSSL 3.0 [-Wdeprecated-declarations]
#7 67.79 /usr/include/openssl/rsa.h:228:28: note: declared here
#7 67.79   228 | OSSL_DEPRECATEDIN_3_0 void RSA_get0_key(const RSA *r,
#7 67.79       |                            ^~~~~~~~~~~~
#7 67.79 ossl_pkey_rsa.c: In function 'ossl_rsa_set_key':
#7 67.79 ossl_pkey_rsa.c:854:1: warning: 'EVP_PKEY_get0_RSA' is deprecated: Since OpenSSL 3.0 [-Wdeprecated-declarations]
#7 67.79   854 | OSSL_PKEY_BN_DEF3(rsa, RSA, key, n, e, d)
#7 67.79       | ^~~~~~~~~~~~~~~~~
#7 67.79 /usr/include/openssl/evp.h:1354:22: note: declared here
#7 67.79  1354 | const struct rsa_st *EVP_PKEY_get0_RSA(const EVP_PKEY *pkey);
#7 67.79       |                      ^~~~~~~~~~~~~~~~~
#7 67.79 ossl_pkey_rsa.c:23:11: warning: assignment discards 'const' qualifier from pointer target type [-Wdiscarded-qualifiers]
#7 67.79    23 |     (rsa) = EVP_PKEY_get0_RSA(_pkey); \
#7 67.79       |           ^
#7 67.79 ossl_pkey.h:135:9: note: in expansion of macro 'GetRSA'
#7 67.79   135 |         Get##_type(self, obj);                                          \
#7 67.79       |         ^~~
#7 67.79 ossl_pkey.h:212:9: note: in expansion of macro 'OSSL_PKEY_BN_DEF_SETTER3'
#7 67.79   212 |         OSSL_PKEY_BN_DEF_SETTER3(_keytype, _type, _group, a1, a2, a3)
#7 67.79       |         ^~~~~~~~~~~~~~~~~~~~~~~~
#7 67.79 ossl_pkey_rsa.c:854:1: note: in expansion of macro 'OSSL_PKEY_BN_DEF3'
#7 67.79   854 | OSSL_PKEY_BN_DEF3(rsa, RSA, key, n, e, d)
#7 67.79       | ^~~~~~~~~~~~~~~~~
#7 67.79 ossl_pkey_rsa.c:854:1: warning: 'RSA_set0_key' is deprecated: Since OpenSSL 3.0 [-Wdeprecated-declarations]
#7 67.79 /usr/include/openssl/rsa.h:218:27: note: declared here
#7 67.79   218 | OSSL_DEPRECATEDIN_3_0 int RSA_set0_key(RSA *r, BIGNUM *n, BIGNUM *e, BIGNUM *d);
#7 67.79       |                           ^~~~~~~~~~~~
#7 67.79 ossl_pkey_rsa.c: In function 'ossl_rsa_get_p':
#7 67.79 ossl_pkey_rsa.c:862:1: warning: 'EVP_PKEY_get0_RSA' is deprecated: Since OpenSSL 3.0 [-Wdeprecated-declarations]
#7 67.79   862 | OSSL_PKEY_BN_DEF2(rsa, RSA, factors, p, q)
#7 67.79       | ^~~~~~~~~~~~~~~~~
#7 67.79 /usr/include/openssl/evp.h:1354:22: note: declared here
#7 67.79  1354 | const struct rsa_st *EVP_PKEY_get0_RSA(const EVP_PKEY *pkey);
#7 67.79       |                      ^~~~~~~~~~~~~~~~~
#7 67.79 ossl_pkey_rsa.c:23:11: warning: assignment discards 'const' qualifier from pointer target type [-Wdiscarded-qualifiers]
#7 67.79    23 |     (rsa) = EVP_PKEY_get0_RSA(_pkey); \
#7 67.79       |           ^
#7 67.79 ossl_pkey.h:102:9: note: in expansion of macro 'GetRSA'
#7 67.79   102 |         Get##_type(self, obj);                                          \
#7 67.79       |         ^~~
#7 67.79 ossl_pkey.h:118:9: note: in expansion of macro 'OSSL_PKEY_BN_DEF_GETTER0'
#7 67.79   118 |         OSSL_PKEY_BN_DEF_GETTER0(_keytype, _type, a1,                   \
#7 67.79       |         ^~~~~~~~~~~~~~~~~~~~~~~~
#7 67.79 ossl_pkey.h:215:9: note: in expansion of macro 'OSSL_PKEY_BN_DEF_GETTER2'
#7 67.79   215 |         OSSL_PKEY_BN_DEF_GETTER2(_keytype, _type, _group, a1, a2)       \
#7 67.79       |         ^~~~~~~~~~~~~~~~~~~~~~~~
#7 67.79 ossl_pkey_rsa.c:862:1: note: in expansion of macro 'OSSL_PKEY_BN_DEF2'
#7 67.79   862 | OSSL_PKEY_BN_DEF2(rsa, RSA, factors, p, q)
#7 67.79       | ^~~~~~~~~~~~~~~~~
#7 67.79 ossl_pkey_rsa.c:862:1: warning: 'RSA_get0_factors' is deprecated: Since OpenSSL 3.0 [-Wdeprecated-declarations]
#7 67.79 /usr/include/openssl/rsa.h:231:28: note: declared here
#7 67.79   231 | OSSL_DEPRECATEDIN_3_0 void RSA_get0_factors(const RSA *r,
#7 67.79       |                            ^~~~~~~~~~~~~~~~
#7 67.79 ossl_pkey_rsa.c: In function 'ossl_rsa_get_q':
#7 67.79 ossl_pkey_rsa.c:862:1: warning: 'EVP_PKEY_get0_RSA' is deprecated: Since OpenSSL 3.0 [-Wdeprecated-declarations]
#7 67.79   862 | OSSL_PKEY_BN_DEF2(rsa, RSA, factors, p, q)
#7 67.79       | ^~~~~~~~~~~~~~~~~
#7 67.79 /usr/include/openssl/evp.h:1354:22: note: declared here
#7 67.79  1354 | const struct rsa_st *EVP_PKEY_get0_RSA(const EVP_PKEY *pkey);
#7 67.79       |                      ^~~~~~~~~~~~~~~~~
#7 67.79 ossl_pkey_rsa.c:23:11: warning: assignment discards 'const' qualifier from pointer target type [-Wdiscarded-qualifiers]
#7 67.79    23 |     (rsa) = EVP_PKEY_get0_RSA(_pkey); \
#7 67.79       |           ^
#7 67.79 ossl_pkey.h:102:9: note: in expansion of macro 'GetRSA'
#7 67.79   102 |         Get##_type(self, obj);                                          \
#7 67.79       |         ^~~
#7 67.79 ossl_pkey.h:120:9: note: in expansion of macro 'OSSL_PKEY_BN_DEF_GETTER0'
#7 67.79   120 |         OSSL_PKEY_BN_DEF_GETTER0(_keytype, _type, a2,                   \
#7 67.79       |         ^~~~~~~~~~~~~~~~~~~~~~~~
#7 67.79 ossl_pkey.h:215:9: note: in expansion of macro 'OSSL_PKEY_BN_DEF_GETTER2'
#7 67.79   215 |         OSSL_PKEY_BN_DEF_GETTER2(_keytype, _type, _group, a1, a2)       \
#7 67.79       |         ^~~~~~~~~~~~~~~~~~~~~~~~
#7 67.79 ossl_pkey_rsa.c:862:1: note: in expansion of macro 'OSSL_PKEY_BN_DEF2'
#7 67.79   862 | OSSL_PKEY_BN_DEF2(rsa, RSA, factors, p, q)
#7 67.79       | ^~~~~~~~~~~~~~~~~
#7 67.79 ossl_pkey_rsa.c:862:1: warning: 'RSA_get0_factors' is deprecated: Since OpenSSL 3.0 [-Wdeprecated-declarations]
#7 67.80 /usr/include/openssl/rsa.h:231:28: note: declared here
#7 67.80   231 | OSSL_DEPRECATEDIN_3_0 void RSA_get0_factors(const RSA *r,
#7 67.80       |                            ^~~~~~~~~~~~~~~~
#7 67.80 make[2]: Leaving directory '/tmp/ruby/ruby-2.7.4/ext/-test-/dln/empty'
#7 67.80 ossl_pkey_rsa.c: In function 'ossl_rsa_set_factors':
#7 67.80 ossl_pkey_rsa.c:862:1: warning: 'EVP_PKEY_get0_RSA' is deprecated: Since OpenSSL 3.0 [-Wdeprecated-declarations]
#7 67.80   862 | OSSL_PKEY_BN_DEF2(rsa, RSA, factors, p, q)
#7 67.80       | ^~~~~~~~~~~~~~~~~
#7 67.80 /usr/include/openssl/evp.h:1354:22: note: declared here
#7 67.80  1354 | const struct rsa_st *EVP_PKEY_get0_RSA(const EVP_PKEY *pkey);
#7 67.80       |                      ^~~~~~~~~~~~~~~~~
#7 67.80 ossl_pkey_rsa.c:23:11: warning: assignment discards 'const' qualifier from pointer target type [-Wdiscarded-qualifiers]
#7 67.80    23 |     (rsa) = EVP_PKEY_get0_RSA(_pkey); \
#7 67.80       |           ^
#7 67.80 ossl_pkey.h:165:9: note: in expansion of macro 'GetRSA'
#7 67.80   165 |         Get##_type(self, obj);                                          \
#7 67.80       |         ^~~
#7 67.80 ossl_pkey.h:216:9: note: in expansion of macro 'OSSL_PKEY_BN_DEF_SETTER2'
#7 67.80   216 |         OSSL_PKEY_BN_DEF_SETTER2(_keytype, _type, _group, a1, a2)
#7 67.80       |         ^~~~~~~~~~~~~~~~~~~~~~~~
#7 67.80 ossl_pkey_rsa.c:862:1: note: in expansion of macro 'OSSL_PKEY_BN_DEF2'
#7 67.80   862 | OSSL_PKEY_BN_DEF2(rsa, RSA, factors, p, q)
#7 67.80       | ^~~~~~~~~~~~~~~~~
#7 67.80 ossl_pkey_rsa.c:862:1: warning: 'RSA_set0_factors' is deprecated: Since OpenSSL 3.0 [-Wdeprecated-declarations]
#7 67.80 /usr/include/openssl/rsa.h:219:27: note: declared here
#7 67.80   219 | OSSL_DEPRECATEDIN_3_0 int RSA_set0_factors(RSA *r, BIGNUM *p, BIGNUM *q);
#7 67.80       |                           ^~~~~~~~~~~~~~~~
#7 67.80 make[2]: Entering directory '/tmp/ruby/ruby-2.7.4/ext/-test-/exception'
#7 67.80 ossl_pkey_rsa.c: In function 'ossl_rsa_get_dmp1':
#7 67.80 ossl_pkey_rsa.c:872:1: warning: 'EVP_PKEY_get0_RSA' is deprecated: Since OpenSSL 3.0 [-Wdeprecated-declarations]
#7 67.80   872 | OSSL_PKEY_BN_DEF3(rsa, RSA, crt_params, dmp1, dmq1, iqmp)
#7 67.80       | ^~~~~~~~~~~~~~~~~
#7 67.80 /usr/include/openssl/evp.h:1354:22: note: declared here
#7 67.80  1354 | const struct rsa_st *EVP_PKEY_get0_RSA(const EVP_PKEY *pkey);
#7 67.80       |                      ^~~~~~~~~~~~~~~~~
#7 67.80 ossl_pkey_rsa.c:23:11: warning: assignment discards 'const' qualifier from pointer target type [-Wdiscarded-qualifiers]
#7 67.80    23 |     (rsa) = EVP_PKEY_get0_RSA(_pkey); \
#7 67.80       |           ^
#7 67.80 ossl_pkey.h:102:9: note: in expansion of macro 'GetRSA'
#7 67.80   102 |         Get##_type(self, obj);                                          \
#7 67.80       |         ^~~
#7 67.80 ossl_pkey.h:110:9: note: in expansion of macro 'OSSL_PKEY_BN_DEF_GETTER0'
#7 67.80   110 |         OSSL_PKEY_BN_DEF_GETTER0(_keytype, _type, a1,                   \
#7 67.80       |         ^~~~~~~~~~~~~~~~~~~~~~~~
#7 67.80 ossl_pkey.h:211:9: note: in expansion of macro 'OSSL_PKEY_BN_DEF_GETTER3'
#7 67.80   211 |         OSSL_PKEY_BN_DEF_GETTER3(_keytype, _type, _group, a1, a2, a3)   \
#7 67.80       |         ^~~~~~~~~~~~~~~~~~~~~~~~
#7 67.80 ossl_pkey_rsa.c:872:1: note: in expansion of macro 'OSSL_PKEY_BN_DEF3'
#7 67.80   872 | OSSL_PKEY_BN_DEF3(rsa, RSA, crt_params, dmp1, dmq1, iqmp)
#7 67.80       | ^~~~~~~~~~~~~~~~~
#7 67.80 ossl_pkey_rsa.c:872:1: warning: 'RSA_get0_crt_params' is deprecated: Since OpenSSL 3.0 [-Wdeprecated-declarations]
#7 67.80 /usr/include/openssl/rsa.h:236:28: note: declared here
#7 67.80   236 | OSSL_DEPRECATEDIN_3_0 void RSA_get0_crt_params(const RSA *r,
#7 67.80       |                            ^~~~~~~~~~~~~~~~~~~
#7 67.80 ossl_pkey_rsa.c: In function 'ossl_rsa_get_dmq1':
#7 67.80 ossl_pkey_rsa.c:872:1: warning: 'EVP_PKEY_get0_RSA' is deprecated: Since OpenSSL 3.0 [-Wdeprecated-declarations]
#7 67.80   872 | OSSL_PKEY_BN_DEF3(rsa, RSA, crt_params, dmp1, dmq1, iqmp)
#7 67.80       | ^~~~~~~~~~~~~~~~~
#7 67.80 /usr/include/openssl/evp.h:1354:22: note: declared here
#7 67.80  1354 | const struct rsa_st *EVP_PKEY_get0_RSA(const EVP_PKEY *pkey);
#7 67.80       |                      ^~~~~~~~~~~~~~~~~
#7 67.80 ossl_pkey_rsa.c:23:11: warning: assignment discards 'const' qualifier from pointer target type [-Wdiscarded-qualifiers]
#7 67.80    23 |     (rsa) = EVP_PKEY_get0_RSA(_pkey); \
#7 67.80       |           ^
#7 67.80 ossl_pkey.h:102:9: note: in expansion of macro 'GetRSA'
#7 67.80   102 |         Get##_type(self, obj);                                          \
#7 67.80       |         ^~~
#7 67.80 ossl_pkey.h:112:9: note: in expansion of macro 'OSSL_PKEY_BN_DEF_GETTER0'
#7 67.80   112 |         OSSL_PKEY_BN_DEF_GETTER0(_keytype, _type, a2,                   \
#7 67.80       |         ^~~~~~~~~~~~~~~~~~~~~~~~
#7 67.80 ossl_pkey.h:211:9: note: in expansion of macro 'OSSL_PKEY_BN_DEF_GETTER3'
#7 67.80   211 |         OSSL_PKEY_BN_DEF_GETTER3(_keytype, _type, _group, a1, a2, a3)   \
#7 67.80       |         ^~~~~~~~~~~~~~~~~~~~~~~~
#7 67.80 ossl_pkey_rsa.c:872:1: note: in expansion of macro 'OSSL_PKEY_BN_DEF3'
#7 67.80   872 | OSSL_PKEY_BN_DEF3(rsa, RSA, crt_params, dmp1, dmq1, iqmp)
#7 67.80       | ^~~~~~~~~~~~~~~~~
#7 67.80 ossl_pkey_rsa.c:872:1: warning: 'RSA_get0_crt_params' is deprecated: Since OpenSSL 3.0 [-Wdeprecated-declarations]
#7 67.80 /usr/include/openssl/rsa.h:236:28: note: declared here
#7 67.80   236 | OSSL_DEPRECATEDIN_3_0 void RSA_get0_crt_params(const RSA *r,
#7 67.80       |                            ^~~~~~~~~~~~~~~~~~~
#7 67.80 compiling dataerror.c
#7 67.80 ossl_pkey_rsa.c: In function 'ossl_rsa_get_iqmp':
#7 67.80 ossl_pkey_rsa.c:872:1: warning: 'EVP_PKEY_get0_RSA' is deprecated: Since OpenSSL 3.0 [-Wdeprecated-declarations]
#7 67.80   872 | OSSL_PKEY_BN_DEF3(rsa, RSA, crt_params, dmp1, dmq1, iqmp)
#7 67.80       | ^~~~~~~~~~~~~~~~~
#7 67.80 /usr/include/openssl/evp.h:1354:22: note: declared here
#7 67.80  1354 | const struct rsa_st *EVP_PKEY_get0_RSA(const EVP_PKEY *pkey);
#7 67.80       |                      ^~~~~~~~~~~~~~~~~
#7 67.80 ossl_pkey_rsa.c:23:11: warning: assignment discards 'const' qualifier from pointer target type [-Wdiscarded-qualifiers]
#7 67.80    23 |     (rsa) = EVP_PKEY_get0_RSA(_pkey); \
#7 67.80       |           ^
#7 67.80 ossl_pkey.h:102:9: note: in expansion of macro 'GetRSA'
#7 67.80   102 |         Get##_type(self, obj);                                          \
#7 67.80       |         ^~~
#7 67.80 ossl_pkey.h:114:9: note: in expansion of macro 'OSSL_PKEY_BN_DEF_GETTER0'
#7 67.80   114 |         OSSL_PKEY_BN_DEF_GETTER0(_keytype, _type, a3,                   \
#7 67.80       |         ^~~~~~~~~~~~~~~~~~~~~~~~
#7 67.80 ossl_pkey.h:211:9: note: in expansion of macro 'OSSL_PKEY_BN_DEF_GETTER3'
#7 67.80   211 |         OSSL_PKEY_BN_DEF_GETTER3(_keytype, _type, _group, a1, a2, a3)   \
#7 67.80       |         ^~~~~~~~~~~~~~~~~~~~~~~~
#7 67.80 ossl_pkey_rsa.c:872:1: note: in expansion of macro 'OSSL_PKEY_BN_DEF3'
#7 67.80   872 | OSSL_PKEY_BN_DEF3(rsa, RSA, crt_params, dmp1, dmq1, iqmp)
#7 67.80       | ^~~~~~~~~~~~~~~~~
#7 67.80 ossl_pkey_rsa.c:872:1: warning: 'RSA_get0_crt_params' is deprecated: Since OpenSSL 3.0 [-Wdeprecated-declarations]
#7 67.80 /usr/include/openssl/rsa.h:236:28: note: declared here
#7 67.80   236 | OSSL_DEPRECATEDIN_3_0 void RSA_get0_crt_params(const RSA *r,
#7 67.80       |                            ^~~~~~~~~~~~~~~~~~~
#7 67.80 ossl_pkey_rsa.c: In function 'ossl_rsa_set_crt_params':
#7 67.80 ossl_pkey_rsa.c:872:1: warning: 'EVP_PKEY_get0_RSA' is deprecated: Since OpenSSL 3.0 [-Wdeprecated-declarations]
#7 67.80   872 | OSSL_PKEY_BN_DEF3(rsa, RSA, crt_params, dmp1, dmq1, iqmp)
#7 67.80       | ^~~~~~~~~~~~~~~~~
#7 67.80 /usr/include/openssl/evp.h:1354:22: note: declared here
#7 67.80  1354 | const struct rsa_st *EVP_PKEY_get0_RSA(const EVP_PKEY *pkey);
#7 67.80       |                      ^~~~~~~~~~~~~~~~~
#7 67.80 make[2]: Leaving directory '/tmp/ruby/ruby-2.7.4/ext/-test-/class'
#7 67.80 compiling ossl_x509.c
#7 67.80 ossl_pkey_rsa.c:23:11: warning: assignment discards 'const' qualifier from pointer target type [-Wdiscarded-qualifiers]
#7 67.80    23 |     (rsa) = EVP_PKEY_get0_RSA(_pkey); \
#7 67.80       |           ^
#7 67.80 ossl_pkey.h:135:9: note: in expansion of macro 'GetRSA'
#7 67.80   135 |         Get##_type(self, obj);                                          \
#7 67.80       |         ^~~
#7 67.80 ossl_pkey.h:212:9: note: in expansion of macro 'OSSL_PKEY_BN_DEF_SETTER3'
#7 67.80   212 |         OSSL_PKEY_BN_DEF_SETTER3(_keytype, _type, _group, a1, a2, a3)
#7 67.80       |         ^~~~~~~~~~~~~~~~~~~~~~~~
#7 67.80 ossl_pkey_rsa.c:872:1: note: in expansion of macro 'OSSL_PKEY_BN_DEF3'
#7 67.80   872 | OSSL_PKEY_BN_DEF3(rsa, RSA, crt_params, dmp1, dmq1, iqmp)
#7 67.80       | ^~~~~~~~~~~~~~~~~
#7 67.80 ossl_pkey_rsa.c:872:1: warning: 'RSA_set0_crt_params' is deprecated: Since OpenSSL 3.0 [-Wdeprecated-declarations]
#7 67.80 /usr/include/openssl/rsa.h:220:27: note: declared here
#7 67.80   220 | OSSL_DEPRECATEDIN_3_0 int RSA_set0_crt_params(RSA *r,
#7 67.80       |                           ^~~~~~~~~~~~~~~~~~~
#7 67.80 make[2]: Entering directory '/tmp/ruby/ruby-2.7.4/ext/-test-/fatal'
#7 67.80 compiling rb_fatal.c
#7 67.83 compiling enc_raise.c
#7 67.83 In file included from ../.././include/ruby.h:33,
#7 67.83                  from ossl.h:16:
#7 67.83 ossl_pkey_rsa.c: In function 'Init_ossl_rsa':
#7 67.83 ossl_pkey_rsa.c:877:58: error: 'RSA_SSLV23_PADDING' undeclared (first use in this function); did you mean 'RSA_NO_PADDING'?
#7 67.83   877 | #define DefRSAConst(x) rb_define_const(cRSA, #x, INT2NUM(RSA_##x))
#7 67.83       |                                                          ^~~~
#7 67.83 ../.././include/ruby/ruby.h:262:33: note: in definition of macro 'RB_INT2FIX'
#7 67.83   262 | #define RB_INT2FIX(i) (((VALUE)(i))<<1 | RUBY_FIXNUM_FLAG)
#7 67.83       |                                 ^
#7 67.83 ../.././include/ruby/ruby.h:1609:20: note: in expansion of macro 'RB_INT2NUM'
#7 67.83  1609 | #define INT2NUM(x) RB_INT2NUM(x)
#7 67.83       |                    ^~~~~~~~~~
#7 67.83 ossl_pkey_rsa.c:877:50: note: in expansion of macro 'INT2NUM'
#7 67.83   877 | #define DefRSAConst(x) rb_define_const(cRSA, #x, INT2NUM(RSA_##x))
#7 67.83       |                                                  ^~~~~~~
#7 67.83 ossl_pkey_rsa.c:942:5: note: in expansion of macro 'DefRSAConst'
#7 67.83   942 |     DefRSAConst(SSLV23_PADDING);
#7 67.83       |     ^~~~~~~~~~~
#7 67.84 ossl_pkey_rsa.c:877:58: note: each undeclared identifier is reported only once for each function it appears in
#7 67.84   877 | #define DefRSAConst(x) rb_define_const(cRSA, #x, INT2NUM(RSA_##x))
#7 67.84       |                                                          ^~~~
#7 67.84 ../.././include/ruby/ruby.h:262:33: note: in definition of macro 'RB_INT2FIX'
#7 67.84   262 | #define RB_INT2FIX(i) (((VALUE)(i))<<1 | RUBY_FIXNUM_FLAG)
#7 67.84       |                                 ^
#7 67.84 ../.././include/ruby/ruby.h:1609:20: note: in expansion of macro 'RB_INT2NUM'
#7 67.84  1609 | #define INT2NUM(x) RB_INT2NUM(x)
#7 67.84       |                    ^~~~~~~~~~
#7 67.84 ossl_pkey_rsa.c:877:50: note: in expansion of macro 'INT2NUM'
#7 67.84   877 | #define DefRSAConst(x) rb_define_const(cRSA, #x, INT2NUM(RSA_##x))
#7 67.84       |                                                  ^~~~~~~
#7 67.84 ossl_pkey_rsa.c:942:5: note: in expansion of macro 'DefRSAConst'
#7 67.84   942 |     DefRSAConst(SSLV23_PADDING);
#7 67.84       |     ^~~~~~~~~~~
#7 67.85 linking shared-object -test-/debug.so
#7 67.89 make[2]: *** [Makefile:313: ossl_pkey_rsa.o] Error 1
#7 67.89 make[2]: *** Waiting for unfinished jobs....
#7 67.89 compiling ensured.c
#7 67.89 make[2]: Leaving directory '/tmp/ruby/ruby-2.7.4/ext/-test-/debug'
#7 67.89 make[2]: Entering directory '/tmp/ruby/ruby-2.7.4/ext/-test-/file'
#7 67.89 ossl_ssl.c: In function 'ossl_tmp_dh_callback':
#7 67.89 ossl_ssl.c:288:5: warning: 'EVP_PKEY_get0_DH' is deprecated: Since OpenSSL 3.0 [-Wdeprecated-declarations]
#7 67.89   288 |     return EVP_PKEY_get0_DH(pkey);
#7 67.89       |     ^~~~~~
#7 67.89 In file included from /usr/include/openssl/x509.h:29,
#7 67.89                  from /usr/include/openssl/x509v3.h:25,
#7 67.89                  from ossl.h:23,
#7 67.89                  from ossl_ssl.c:12:
#7 67.89 /usr/include/openssl/evp.h:1371:43: note: declared here
#7 67.89  1371 | OSSL_DEPRECATEDIN_3_0 const struct dh_st *EVP_PKEY_get0_DH(const EVP_PKEY *pkey);
#7 67.89       |                                           ^~~~~~~~~~~~~~~~
#7 67.89 ossl_ssl.c:288:12: warning: return discards 'const' qualifier from pointer target type [-Wdiscarded-qualifiers]
#7 67.89   288 |     return EVP_PKEY_get0_DH(pkey);
#7 67.89       |            ^~~~~~~~~~~~~~~~~~~~~~
#7 67.90 ossl_ssl.c: In function 'ossl_sslctx_setup':
#7 67.90 ossl_ssl.c:790:5: warning: 'SSL_CTX_set_tmp_dh_callback' is deprecated: Since OpenSSL 3.0 [-Wdeprecated-declarations]
#7 67.90   790 |     SSL_CTX_set_tmp_dh_callback(ctx, ossl_tmp_dh_callback);
#7 67.90       |     ^~~~~~~~~~~~~~~~~~~~~~~~~~~
#7 67.90 In file included from ossl.h:24:
#7 67.90 /usr/include/openssl/ssl.h:2264:6: note: declared here
#7 67.90  2264 | void SSL_CTX_set_tmp_dh_callback(SSL_CTX *ctx,
#7 67.90       |      ^~~~~~~~~~~~~~~~~~~~~~~~~~~
#7 67.90 compiling fs.c
#7 67.90 compiling init.c
#7 67.91 ossl_ssl.c: In function 'ossl_sslctx_add_certificate':
#7 67.91 ossl_ssl.c:1275:5: warning: 'EVP_PKEY_cmp' is deprecated: Since OpenSSL 3.0 [-Wdeprecated-declarations]
#7 67.91  1275 |     if (EVP_PKEY_cmp(pub_pkey, pkey) != 1)
#7 67.91       |     ^~
#7 67.91 /usr/include/openssl/evp.h:1426:5: note: declared here
#7 67.91  1426 | int EVP_PKEY_cmp(const EVP_PKEY *a, const EVP_PKEY *b);
#7 67.91       |     ^~~~~~~~~~~~
#7 67.91 linking shared-object -test-/fatal/rb_fatal.so
#7 67.92 linking shared-object socket.so
#7 67.93 compiling init.c
#7 67.95 make[2]: Leaving directory '/tmp/ruby/ruby-2.7.4/ext/-test-/fatal'
#7 67.95 compiling stat.c
#7 67.96 make[2]: Entering directory '/tmp/ruby/ruby-2.7.4/ext/-test-/float'
#7 67.96 make[2]: Entering directory '/tmp/ruby/ruby-2.7.4/ext/-test-/funcall'
#7 67.96 compiling init.c
#7 67.96 compiling funcall.c
#7 67.96 linking shared-object -test-/enumerator_kw.so
#7 67.96 make[2]: Entering directory '/tmp/ruby/ruby-2.7.4/ext/-test-/gvl/call_without_gvl'
#7 67.96 compiling call_without_gvl.c
#7 67.97 make[2]: Entering directory '/tmp/ruby/ruby-2.7.4/ext/-test-/hash'
#7 67.97 compiling init.c
#7 67.99 make[2]: Entering directory '/tmp/ruby/ruby-2.7.4/ext/-test-/integer'
#7 67.99 compiling delete.c
#7 68.00 compiling init.c
#7 68.00 make[2]: Leaving directory '/tmp/ruby/ruby-2.7.4/ext/-test-/enumerator_kw'
#7 68.00 compiling nextafter.c
#7 68.00 linking shared-object -test-/exception.so
#7 68.01 make[2]: Entering directory '/tmp/ruby/ruby-2.7.4/ext/-test-/iseq_load'
#7 68.01 make[2]: Leaving directory '/tmp/ruby/ruby-2.7.4/ext/socket'
#7 68.01 compiling my_integer.c
#7 68.01 compiling iseq_load.c
#7 68.03 compiling core_ext.c
#7 68.03 make[2]: Entering directory '/tmp/ruby/ruby-2.7.4/ext/-test-/iter'
#7 68.03 compiling break.c
#7 68.04 make[2]: Leaving directory '/tmp/ruby/ruby-2.7.4/ext/-test-/exception'
#7 68.04 compiling yield.c
#7 68.06 compiling init.c
#7 68.07 linking shared-object -test-/funcall.so
#7 68.07 make[2]: Entering directory '/tmp/ruby/ruby-2.7.4/ext/-test-/load/dot.dot'
#7 68.07 compiling dot.dot.c
#7 68.08 make[2]: Entering directory '/tmp/ruby/ruby-2.7.4/ext/-test-/load/protect'
#7 68.08 linking shared-object -test-/file.so
#7 68.08 compiling protect.c
#7 68.08 linking shared-object -test-/cxxanyargs.so
#7 68.09 linking shared-object -test-/hash.so
#7 68.10 make[2]: Leaving directory '/tmp/ruby/ruby-2.7.4/ext/-test-/funcall'
#7 68.10 linking shared-object -test-/gvl/call_without_gvl.so
#7 68.11 make[2]: Entering directory '/tmp/ruby/ruby-2.7.4/ext/-test-/marshal/compat'
#7 68.11 compiling usrcompat.c
#7 68.11 linking shared-object -test-/load/dot.dot.so
#7 68.12 make[2]: Entering directory '/tmp/ruby/ruby-2.7.4/ext/-test-/marshal/internal_ivar'
#7 68.12 compiling internal_ivar.c
#7 68.12 make[2]: Leaving directory '/tmp/ruby/ruby-2.7.4/ext/-test-/file'
#7 68.12 make[2]: Entering directory '/tmp/ruby/ruby-2.7.4/ext/-test-/marshal/usr'
#7 68.12 make[2]: Leaving directory '/tmp/ruby/ruby-2.7.4/ext/-test-/cxxanyargs'
#7 68.13 make[2]: Leaving directory '/tmp/ruby/ruby-2.7.4/ext/-test-/hash'
#7 68.13 compiling usrmarshal.c
#7 68.13 linking shared-object -test-/float.so
#7 68.13 make[2]: Entering directory '/tmp/ruby/ruby-2.7.4/ext/-test-/notimplement'
#7 68.13 make[2]: Entering directory '/tmp/ruby/ruby-2.7.4/ext/-test-/method'
#7 68.13 compiling bug.c
#7 68.13 make[2]: Entering directory '/tmp/ruby/ruby-2.7.4/ext/-test-/path_to_class'
#7 68.13 make[2]: Entering directory '/tmp/ruby/ruby-2.7.4/ext/-test-/popen_deadlock'
#7 68.13 compiling path_to_class.c
#7 68.13 make[2]: Entering directory '/tmp/ruby/ruby-2.7.4/ext/-test-/num2int'
#7 68.13 compiling init.c
#7 68.13 compiling infinite_loop_dlsym.c
#7 68.13 compiling num2int.c
#7 68.13 make[2]: Leaving directory '/tmp/ruby/ruby-2.7.4/ext/-test-/gvl/call_without_gvl'
#7 68.13 compiling arity.c
#7 68.14 linking shared-object -test-/iter.so
#7 68.14 linking shared-object -test-/iseq_load.so
#7 68.15 make[2]: Entering directory '/tmp/ruby/ruby-2.7.4/ext/-test-/postponed_job'
#7 68.15 make[2]: Leaving directory '/tmp/ruby/ruby-2.7.4/ext/-test-/load/dot.dot'
#7 68.15 linking shared-object -test-/integer.so
#7 68.15 compiling postponed_job.c
#7 68.16 make[2]: Entering directory '/tmp/ruby/ruby-2.7.4/ext/-test-/printf'
#7 68.16 compiling printf.c
#7 68.17 make[2]: Leaving directory '/tmp/ruby/ruby-2.7.4/ext/-test-/iseq_load'
#7 68.18 make[2]: Leaving directory '/tmp/ruby/ruby-2.7.4/ext/-test-/float'
#7 68.18 make[2]: Entering directory '/tmp/ruby/ruby-2.7.4/ext/-test-/proc'
#7 68.18 make[2]: Leaving directory '/tmp/ruby/ruby-2.7.4/ext/-test-/integer'
#7 68.18 make[2]: Leaving directory '/tmp/ruby/ruby-2.7.4/ext/-test-/iter'
#7 68.18 compiling super.c
#7 68.18 make[2]: Entering directory '/tmp/ruby/ruby-2.7.4/ext/-test-/rational'
#7 68.18 compiling rat.c
#7 68.19 make[2]: Entering directory '/tmp/ruby/ruby-2.7.4/ext/-test-/rb_call_super_kw'
#7 68.19 make[2]: Entering directory '/tmp/ruby/ruby-2.7.4/ext/-test-/recursion'
#7 68.19 compiling rb_call_super_kw.c
#7 68.19 compiling recursion.c
#7 68.20 linking shared-object -test-/load/protect.so
#7 68.22 make[2]: Entering directory '/tmp/ruby/ruby-2.7.4/ext/-test-/regexp'
#7 68.22 compiling init.c
#7 68.22 linking shared-object -test-/marshal/compat.so
#7 68.23 linking shared-object -test-/path_to_class.so
#7 68.23 linking shared-object -test-/marshal/internal_ivar.so
#7 68.24 linking shared-object -test-/popen_deadlock/infinite_loop_dlsym.so
#7 68.24 linking shared-object -test-/marshal/usr.so
#7 68.24 linking shared-object -test-/notimplement.so
#7 68.25 linking shared-object -test-/postponed_job.so
#7 68.25 make[2]: Leaving directory '/tmp/ruby/ruby-2.7.4/ext/-test-/load/protect'
#7 68.25 compiling parse_depth_limit.c
#7 68.25 linking shared-object -test-/method.so
#7 68.26 make[2]: Leaving directory '/tmp/ruby/ruby-2.7.4/ext/-test-/marshal/compat'
#7 68.26 compiling receiver.c
#7 68.26 make[2]: Entering directory '/tmp/ruby/ruby-2.7.4/ext/-test-/scan_args'
#7 68.26 make[2]: Leaving directory '/tmp/ruby/ruby-2.7.4/ext/-test-/path_to_class'
#7 68.26 compiling scan_args.c
#7 68.27 make[2]: Entering directory '/tmp/ruby/ruby-2.7.4/ext/-test-/st/foreach'
#7 68.27 make[2]: Leaving directory '/tmp/ruby/ruby-2.7.4/ext/-test-/marshal/internal_ivar'
#7 68.27 make[2]: Leaving directory '/tmp/ruby/ruby-2.7.4/ext/-test-/notimplement'
#7 68.27 compiling foreach.c
#7 68.27 compiling init.c
#7 68.27 make[2]: Entering directory '/tmp/ruby/ruby-2.7.4/ext/-test-/st/numhash'
#7 68.27 linking shared-object -test-/num2int.so
#7 68.27 compiling numhash.c
#7 68.28 make[2]: Leaving directory '/tmp/ruby/ruby-2.7.4/ext/-test-/marshal/usr'
#7 68.28 make[2]: Leaving directory '/tmp/ruby/ruby-2.7.4/ext/-test-/popen_deadlock'
#7 68.28 make[2]: Leaving directory '/tmp/ruby/ruby-2.7.4/ext/-test-/postponed_job'
#7 68.28 make[2]: Entering directory '/tmp/ruby/ruby-2.7.4/ext/-test-/st/update'
#7 68.28 compiling update.c
#7 68.28 make[2]: Leaving directory '/tmp/ruby/ruby-2.7.4/ext/-test-/method'
#7 68.29 make[2]: Entering directory '/tmp/ruby/ruby-2.7.4/ext/-test-/string'
#7 68.29 compiling enc_associate.c
#7 68.29 make[2]: Entering directory '/tmp/ruby/ruby-2.7.4/ext/-test-/symbol'
#7 68.29 make[2]: Entering directory '/tmp/ruby/ruby-2.7.4/ext/-test-/struct'
#7 68.29 compiling type.c
#7 68.29 compiling member.c
#7 68.30 linking shared-object -test-/rb_call_super_kw.so
#7 68.30 compiling init.c
#7 68.31 compiling modify.c
#7 68.31 linking shared-object -test-/recursion.so
#7 68.31 make[2]: Leaving directory '/tmp/ruby/ruby-2.7.4/ext/-test-/num2int'
#7 68.31 linking shared-object -test-/rational.so
#7 68.32 make[2]: Entering directory '/tmp/ruby/ruby-2.7.4/ext/-test-/thread_fd_close'
#7 68.32 compiling thread_fd_close.c
#7 68.34 make[2]: Leaving directory '/tmp/ruby/ruby-2.7.4/ext/-test-/rb_call_super_kw'
#7 68.34 make[2]: Leaving directory '/tmp/ruby/ruby-2.7.4/ext/-test-/recursion'
#7 68.34 compiling duplicate.c
#7 68.34 compiling init.c
#7 68.35 make[2]: Entering directory '/tmp/ruby/ruby-2.7.4/ext/-test-/time'
#7 68.36 make[2]: Leaving directory '/tmp/ruby/ruby-2.7.4/ext/-test-/rational'
#7 68.36 compiling new.c
#7 68.36 compiling fstring.c
#7 68.36 linking shared-object -test-/regexp.so
#7 68.37 linking shared-object -test-/proc.so
#7 68.38 compiling init.c
#7 68.38 make[2]: Leaving directory '/tmp/ruby/ruby-2.7.4/ext/-test-/regexp'
#7 68.39 compiling init.c
#7 68.39 compiling leap_second.c
#7 68.39 linking shared-object -test-/printf.so
#7 68.40 make[2]: Leaving directory '/tmp/ruby/ruby-2.7.4/ext/-test-/proc'
#7 68.40 compiling len.c
#7 68.40 make[2]: Entering directory '/tmp/ruby/ruby-2.7.4/ext/-test-/tracepoint'
#7 68.40 linking shared-object -test-/st/update.so
#7 68.40 compiling gc_hook.c
#7 68.40 linking shared-object -test-/st/foreach.so
#7 68.41 make[2]: Entering directory '/tmp/ruby/ruby-2.7.4/ext/-test-/typeddata'
#7 68.41 linking shared-object -test-/st/numhash.so
#7 68.41 compiling typeddata.c
#7 68.41 linking shared-object -test-/symbol.so
#7 68.42 make[2]: Leaving directory '/tmp/ruby/ruby-2.7.4/ext/-test-/printf'
#7 68.43 make[2]: Entering directory '/tmp/ruby/ruby-2.7.4/ext/-test-/vm'
#7 68.43 compiling at_exit.c
#7 68.43 make[2]: Leaving directory '/tmp/ruby/ruby-2.7.4/ext/-test-/st/update'
#7 68.43 linking shared-object -test-/thread_fd_close.so
#7 68.44 make[2]: Entering directory '/tmp/ruby/ruby-2.7.4/ext/-test-/wait_for_single_fd'
#7 68.44 compiling tracepoint.c
#7 68.44 compiling wait_for_single_fd.c
#7 68.44 make[2]: Leaving directory '/tmp/ruby/ruby-2.7.4/ext/-test-/symbol'
#7 68.44 compiling capacity.c
#7 68.44 make[2]: Leaving directory '/tmp/ruby/ruby-2.7.4/ext/-test-/st/foreach'
#7 68.45 make[2]: Leaving directory '/tmp/ruby/ruby-2.7.4/ext/-test-/st/numhash'
#7 68.45 make[2]: Entering directory '/tmp/ruby/ruby-2.7.4/ext/continuation'
#7 68.45 compiling continuation.c
#7 68.45 compiling set_len.c
#7 68.46 compiling rb_str_dup.c
#7 68.46 make[2]: Entering directory '/tmp/ruby/ruby-2.7.4/ext/zlib'
#7 68.47 compiling zlib.c
#7 68.47 make[2]: Leaving directory '/tmp/ruby/ruby-2.7.4/ext/-test-/thread_fd_close'
#7 68.48 make[2]: Entering directory '/tmp/ruby/ruby-2.7.4/ext/io/console'
#7 68.48 compiling console.c
#7 68.48 make[2]: Entering directory '/tmp/ruby/ruby-2.7.4/ext/io/nonblock'
#7 68.48 compiling nonblock.c
#7 68.49 make[2]: Entering directory '/tmp/ruby/ruby-2.7.4/ext/io/wait'
#7 68.49 compiling wait.c
#7 68.49 linking shared-object -test-/struct.so
#7 68.49 linking shared-object -test-/time.so
#7 68.49 make[2]: Entering directory '/tmp/ruby/ruby-2.7.4/ext/psych'
#7 68.50 compiling psych.c
#7 68.51 make[2]: Entering directory '/tmp/ruby/ruby-2.7.4/ext/bigdecimal'
#7 68.51 compiling bigdecimal.c
#7 68.52 linking shared-object -test-/vm/at_exit.so
#7 68.52 linking shared-object -test-/typeddata.so
#7 68.53 make[2]: Leaving directory '/tmp/ruby/ruby-2.7.4/ext/-test-/struct'
#7 68.53 compiling nofree.c
#7 68.54 make[2]: Leaving directory '/tmp/ruby/ruby-2.7.4/ext/-test-/time'
#7 68.55 linking shared-object -test-/wait_for_single_fd.so
#7 68.55 linking shared-object continuation.so
#7 68.55 installing default console libraries
#7 68.56 compiling psych_emitter.c
#7 68.56 make[2]: Leaving directory '/tmp/ruby/ruby-2.7.4/ext/-test-/typeddata'
#7 68.56 compiling coderange.c
#7 68.56 make[2]: Leaving directory '/tmp/ruby/ruby-2.7.4/ext/-test-/vm'
#7 68.56 make[2]: Entering directory '/tmp/ruby/ruby-2.7.4/ext/nkf'
#7 68.56 make[2]: Entering directory '/tmp/ruby/ruby-2.7.4/ext/readline'
#7 68.56 linking shared-object -test-/tracepoint.so
#7 68.56 compiling readline.c
#7 68.57 compiling nkf.c
#7 68.57 make[2]: Entering directory '/tmp/ruby/ruby-2.7.4/ext/racc/cparse'
#7 68.58 compiling cparse.c
#7 68.58 make[2]: Leaving directory '/tmp/ruby/ruby-2.7.4/ext/-test-/wait_for_single_fd'
#7 68.58 make[2]: Leaving directory '/tmp/ruby/ruby-2.7.4/ext/continuation'
#7 68.59 make[2]: Entering directory '/tmp/ruby/ruby-2.7.4/ext/json/generator'
#7 68.59 compiling generator.c
#7 68.59 make[2]: Leaving directory '/tmp/ruby/ruby-2.7.4/ext/-test-/tracepoint'
#7 68.59 installing default nkf libraries
#7 68.60 compiling psych_parser.c
#7 68.60 compiling ellipsize.c
#7 68.61 make[2]: Entering directory '/tmp/ruby/ruby-2.7.4/ext/json/parser'
#7 68.61 compiling psych_to_ruby.c
#7 68.61 compiling parser.c
#7 68.63 linking shared-object io/nonblock.so
#7 68.64 linking shared-object io/wait.so
#7 68.64 compiling enc_str_buf_cat.c
#7 68.66 make[2]: Leaving directory '/tmp/ruby/ruby-2.7.4/ext/io/wait'
#7 68.67 make[2]: Entering directory '/tmp/ruby/ruby-2.7.4/ext/digest/bubblebabble'
#7 68.67 compiling bubblebabble.c
#7 68.68 make[2]: Leaving directory '/tmp/ruby/ruby-2.7.4/ext/io/nonblock'
#7 68.69 make[2]: Entering directory '/tmp/ruby/ruby-2.7.4/ext/digest/md5'
#7 68.69 compiling md5init.c
#7 68.69 make[2]: Entering directory '/tmp/ruby/ruby-2.7.4/ext/digest/rmd160'
#7 68.70 make[2]: Entering directory '/tmp/ruby/ruby-2.7.4/ext/digest/sha1'
#7 68.70 compiling rmd160init.c
#7 68.70 compiling sha1init.c
#7 68.71 compiling new.c
#7 68.77 compiling psych_yaml_tree.c
#7 68.78 make[2]: Leaving directory '/tmp/ruby/ruby-2.7.4/ext/openssl'
#7 68.78 make[1]: *** [exts.mk:251: ext/openssl/all] Error 2
#7 68.78 make[1]: *** Waiting for unfinished jobs....
#7 68.78 compiling rmd160.c
#7 68.79 compiling sha1.c
#7 68.79 compiling md5.c
#7 68.81 compiling normalize.c
#7 68.82 linking shared-object digest/bubblebabble.so
#7 68.82 compiling qsort.c
#7 68.85 make[2]: Leaving directory '/tmp/ruby/ruby-2.7.4/ext/digest/bubblebabble'
#7 68.85 compiling cstr.c
#7 68.89 linking shared-object racc/cparse.so
#7 68.91 linking shared-object psych.so
#7 68.92 make[2]: Leaving directory '/tmp/ruby/ruby-2.7.4/ext/racc/cparse'
#7 68.94 make[2]: Leaving directory '/tmp/ruby/ruby-2.7.4/ext/psych'
#7 68.97 linking shared-object io/console.so
#7 69.00 linking shared-object digest/md5.so
#7 69.00 make[2]: Leaving directory '/tmp/ruby/ruby-2.7.4/ext/io/console'
#7 69.03 linking shared-object -test-/string.so
#7 69.04 make[2]: Leaving directory '/tmp/ruby/ruby-2.7.4/ext/digest/md5'
#7 69.06 make[2]: Leaving directory '/tmp/ruby/ruby-2.7.4/ext/-test-/string'
#7 69.07 linking shared-object digest/sha1.so
#7 69.08 linking shared-object digest/rmd160.so
#7 69.08 linking shared-object readline.so
#7 69.10 linking shared-object json/ext/parser.so
#7 69.11 make[2]: Leaving directory '/tmp/ruby/ruby-2.7.4/ext/readline'
#7 69.11 make[2]: Leaving directory '/tmp/ruby/ruby-2.7.4/ext/digest/sha1'
#7 69.12 make[2]: Leaving directory '/tmp/ruby/ruby-2.7.4/ext/digest/rmd160'
#7 69.13 make[2]: Leaving directory '/tmp/ruby/ruby-2.7.4/ext/json/parser'
#7 69.30 linking shared-object -test-/scan_args.so
#7 69.32 make[2]: Leaving directory '/tmp/ruby/ruby-2.7.4/ext/-test-/scan_args'
#7 69.37 linking shared-object json/ext/generator.so
#7 69.40 make[2]: Leaving directory '/tmp/ruby/ruby-2.7.4/ext/json/generator'
#7 69.78 linking shared-object zlib.so
#7 69.81 make[2]: Leaving directory '/tmp/ruby/ruby-2.7.4/ext/zlib'
#7 70.14 linking shared-object nkf.so
#7 70.17 make[2]: Leaving directory '/tmp/ruby/ruby-2.7.4/ext/nkf'
#7 70.33 linking shared-object bigdecimal.so
#7 70.37 make[2]: Leaving directory '/tmp/ruby/ruby-2.7.4/ext/bigdecimal'
#7 70.39 linking shared-object date_core.so
#7 70.45 make[2]: Leaving directory '/tmp/ruby/ruby-2.7.4/ext/date'
#7 70.71 linking shared-object ripper.so
#7 70.76 make[2]: Leaving directory '/tmp/ruby/ruby-2.7.4/ext/ripper'
#7 70.76 make[1]: Leaving directory '/tmp/ruby/ruby-2.7.4'
#7 70.76 make: *** [uncommon.mk:295: build-ext] Error 2
#7 ERROR: process "/bin/sh -c bash ${GITLAB_BUILD_DIR}/install.sh" did not complete successfully: exit code: 2
------
 > [3/7] RUN bash /etc/docker-gitlab/build/install.sh:
70.14 linking shared-object nkf.so
70.17 make[2]: Leaving directory '/tmp/ruby/ruby-2.7.4/ext/nkf'
70.33 linking shared-object bigdecimal.so
70.37 make[2]: Leaving directory '/tmp/ruby/ruby-2.7.4/ext/bigdecimal'
70.39 linking shared-object date_core.so
70.45 make[2]: Leaving directory '/tmp/ruby/ruby-2.7.4/ext/date'
70.71 linking shared-object ripper.so
70.76 make[2]: Leaving directory '/tmp/ruby/ruby-2.7.4/ext/ripper'
70.76 make[1]: Leaving directory '/tmp/ruby/ruby-2.7.4'
70.76 make: *** [uncommon.mk:295: build-ext] Error 2
------
Dockerfile:83
--------------------
  81 |     
  82 |     COPY assets/build/ ${GITLAB_BUILD_DIR}/
  83 | >>> RUN bash ${GITLAB_BUILD_DIR}/install.sh
  84 |     COPY assets/runtime/ ${GITLAB_RUNTIME_DIR}/
  85 |     COPY entrypoint.sh /sbin/entrypoint.sh
--------------------
ERROR: failed to solve: process "/bin/sh -c bash ${GITLAB_BUILD_DIR}/install.sh" did not complete successfully: exit code: 2
