#0 building with "default" instance using docker driver

#1 [internal] load build definition from Dockerfile
#1 transferring dockerfile: 4.81kB done
#1 DONE 0.2s

#2 [internal] load metadata for docker.io/library/astraprepare:latest
#2 DONE 0.0s

#3 [internal] load .dockerignore
#3 transferring context: 128B done
#3 DONE 0.1s

#4 [1/7] FROM docker.io/library/astraprepare:latest
#4 DONE 0.0s

#5 [internal] load build context
#5 transferring context: 17.48kB done
#5 DONE 0.1s

#4 [1/7] FROM docker.io/library/astraprepare:latest
#4 CACHED

#6 [2/7] COPY assets/build/ /etc/docker-gitlab/build/
#6 DONE 4.1s

#7 [3/7] RUN bash /etc/docker-gitlab/build/install.sh
#7 0.938 --2025-03-29 14:56:32--  https://archive.debian.org/debian/pool/main/p/postgresql-11/libpq5_11.16-0+deb10u1_amd64.deb
#7 0.944 Resolving archive.debian.org (archive.debian.org)... 151.101.194.132, 151.101.130.132, 151.101.66.132, ...
#7 0.946 Connecting to archive.debian.org (archive.debian.org)|151.101.194.132|:443... connected.
#7 1.025 HTTP request sent, awaiting response... 200 OK
#7 1.099 Length: 171952 (168K) [application/vnd.debian.binary-package]
#7 1.099 Saving to: 'libpq5_11.16-0+deb10u1_amd64.deb'
#7 1.100 
#7 1.100      0K .......... .......... .......... .......... .......... 29% 1.24M 0s
#7 1.139     50K .......... .......... .......... .......... .......... 59% 3.38M 0s
#7 1.153    100K .......... .......... .......... .......... .......... 89% 1.99M 0s
#7 1.178    150K .......... .......                                    100% 7.06M=0.08s
#7 1.180 
#7 1.180 2025-03-29 14:56:33 (2.03 MB/s) - 'libpq5_11.16-0+deb10u1_amd64.deb' saved [171952/171952]
#7 1.180 
#7 1.184 --2025-03-29 14:56:33--  https://archive.debian.org/debian/pool/main/p/postgresql-11/libpq-dev_11.16-0+deb10u1_amd64.deb
#7 1.190 Resolving archive.debian.org (archive.debian.org)... 151.101.194.132, 151.101.130.132, 151.101.66.132, ...
#7 1.191 Connecting to archive.debian.org (archive.debian.org)|151.101.194.132|:443... connected.
#7 1.273 HTTP request sent, awaiting response... 200 OK
#7 1.349 Length: 166636 (163K) [application/vnd.debian.binary-package]
#7 1.349 Saving to: 'libpq-dev_11.16-0+deb10u1_amd64.deb'
#7 1.350 
#7 1.350      0K .......... .......... .......... .......... .......... 30% 1.09M 0s
#7 1.394     50K .......... .......... .......... .......... .......... 61% 4.17M 0s
#7 1.406    100K .......... .......... .......... .......... .......... 92% 2.07M 0s
#7 1.430    150K .......... ..                                         100% 8.20M=0.08s
#7 1.431 
#7 1.431 2025-03-29 14:56:33 (1.95 MB/s) - 'libpq-dev_11.16-0+deb10u1_amd64.deb' saved [166636/166636]
#7 1.431 
#7 2.893 dpkg: warning: downgrading libpq5:amd64 from 1:11.21-astra.se13+ci1 to 11.16-0+deb10u1
#7 2.909 (Reading database ... 24713 files and directories currently installed.)
#7 2.909 Preparing to unpack libpq5_11.16-0+deb10u1_amd64.deb ...
#7 3.071 Unpacking libpq5:amd64 (11.16-0+deb10u1) over (1:11.21-astra.se13+ci1) ...
#7 3.960 Selecting previously unselected package libpq-dev.
#7 3.963 Preparing to unpack libpq-dev_11.16-0+deb10u1_amd64.deb ...
#7 3.983 Unpacking libpq-dev (11.16-0+deb10u1) ...
#7 4.097 Setting up libpq5:amd64 (11.16-0+deb10u1) ...
#7 4.162 Setting up libpq-dev (11.16-0+deb10u1) ...
#7 4.281 Processing triggers for libc-bin (2.28-10+deb10u3+ci202406111043+astra10) ...
#7 5.806 Building ruby v2.7.4 from source...
#7 7.538 ruby-2.7.4.tar.gz: OK
#7 9.023 checking for ruby... false
#7 9.034 checking build system type... x86_64-pc-linux-gnu
#7 9.087 checking host system type... x86_64-pc-linux-gnu
#7 9.087 checking target system type... x86_64-pc-linux-gnu
#7 9.093 checking for gcc... gcc
#7 9.122 checking whether the C compiler works... yes
#7 9.157 checking for C compiler default output file name... a.out
#7 9.158 checking for suffix of executables... 
#7 9.192 checking whether we are cross compiling... no
#7 9.229 checking for suffix of object files... o
#7 9.251 checking whether we are using the GNU C compiler... yes
#7 9.271 checking whether gcc accepts -g... yes
#7 9.293 checking for gcc option to accept ISO C89... none needed
#7 9.323 checking how to run the C preprocessor... gcc -E
#7 9.377 checking for grep that handles long lines and -e... /usr/bin/grep
#7 9.379 checking for egrep... /usr/bin/grep -E
#7 9.382 checking for ANSI C header files... yes
#7 9.490 checking for sys/types.h... yes
#7 9.526 checking for sys/stat.h... yes
#7 9.563 checking for stdlib.h... yes
#7 9.600 checking for string.h... yes
#7 9.638 checking for memory.h... yes
#7 9.677 checking for strings.h... yes
#7 9.715 checking for inttypes.h... yes
#7 9.754 checking for stdint.h... yes
#7 9.805 checking for unistd.h... yes
#7 9.845 checking minix/config.h usability... no
#7 9.878 checking minix/config.h presence... no
#7 9.894 checking for minix/config.h... no
#7 9.894 checking whether it is safe to define __EXTENSIONS__... yes
#7 9.931 checking for gcc option to accept ISO C99... none needed
#7 9.973 checking for g++... g++
#7 10.00 checking whether we are using the GNU C++ compiler... yes
#7 10.03 checking whether g++ accepts -g... yes
#7 10.05 checking whether gcc needs -traditional... no
#7 10.07 checking for ld... ld
#7 10.09 checking whether the linker is GNU ld... yes
#7 10.10 checking whether gcc -E accepts -o... yes
#7 10.11 checking for gcc... /usr/bin/gcc
#7 10.13 checking for ranlib... ranlib
#7 10.13 checking for ar... ar
#7 10.13 checking for ar flags... rcD
#7 10.13 checking for as... as
#7 10.13 checking for objdump... objdump
#7 10.13 checking for objcopy... objcopy
#7 10.13 checking for nm... nm
#7 10.13 checking whether ln -s works... yes
#7 10.13 checking whether make sets $(MAKE)... yes
#7 10.14 checking for a BSD-compatible install... /usr/bin/install -c
#7 10.15 checking for a thread-safe mkdir -p... /usr/bin/mkdir -p
#7 10.16 checking for dtrace... no
#7 10.16 checking for dot... no
#7 10.16 checking for doxygen... no
#7 10.16 checking for pkg-config... pkg-config
#7 10.17 checking for cd using physical directory... cd -P
#7 10.18 checking whether CFLAGS is valid... yes
#7 10.20 checking whether LDFLAGS is valid... yes
#7 10.24 checking whether -Wl,-R. is accepted as LDFLAGS... yes
#7 10.28 checking whether -Wl,-rpath,. is accepted as LDFLAGS... yes
#7 10.32 checking whether -Wdeprecated-declarations is accepted as CFLAGS... yes
#7 10.34 checking whether -Wdivision-by-zero is accepted as CFLAGS... no
#7 10.36 checking whether -Wduplicated-cond is accepted as CFLAGS... yes
#7 10.39 checking whether -Wimplicit-function-declaration is accepted as CFLAGS... yes
#7 10.41 checking whether -Wimplicit-int is accepted as CFLAGS... yes
#7 10.44 checking whether -Wmisleading-indentation is accepted as CFLAGS... yes
#7 10.46 checking whether -Wpointer-arith is accepted as CFLAGS... yes
#7 10.49 checking whether -Wshorten-64-to-32 is accepted as CFLAGS... no
#7 10.51 checking whether -Wwrite-strings is accepted as CFLAGS... yes
#7 10.53 checking whether -Wimplicit-fallthrough=0 is accepted as CFLAGS... yes
#7 10.56 checking whether -Wmissing-noreturn is accepted as CFLAGS... yes
#7 10.58 checking whether -Wno-cast-function-type is accepted as CFLAGS... yes
#7 10.61 checking whether -Wno-constant-logical-operand is accepted as CFLAGS... yes
#7 10.63 checking whether -Wno-long-long is accepted as CFLAGS... yes
#7 10.66 checking whether -Wno-missing-field-initializers is accepted as CFLAGS... yes
#7 10.68 checking whether -Wno-overlength-strings is accepted as CFLAGS... yes
#7 10.71 checking whether -Wno-packed-bitfield-compat is accepted as CFLAGS... yes
#7 10.73 checking whether -Wno-parentheses-equality is accepted as CFLAGS... yes
#7 10.76 checking whether -Wno-self-assign is accepted as CFLAGS... yes
#7 10.79 checking whether -Wno-tautological-compare is accepted as CFLAGS... yes
#7 10.81 checking whether -Wno-unused-parameter is accepted as CFLAGS... yes
#7 10.84 checking whether -Wno-unused-value is accepted as CFLAGS... yes
#7 10.87 checking whether -Wsuggest-attribute=format is accepted as CFLAGS... yes
#7 10.89 checking whether -Wsuggest-attribute=noreturn is accepted as CFLAGS... yes
#7 10.92 checking whether -Wunused-variable is accepted as CFLAGS... yes
#7 10.94 checking whether -diag-disable=175,188,1684,2259,2312 is accepted as CFLAGS... no
#7 10.98 checking whether -Wextra-tokens is accepted as CFLAGS... no
#7 11.00 checking whether -Wall -Wextra is accepted as CFLAGS... yes
#7 11.02 checking whether -Qunused-arguments is accepted as CFLAGS... no
#7 11.04 checking whether -D_FORTIFY_SOURCE=2 is accepted as CFLAGS... yes
#7 11.06 checking whether -fstack-protector-strong is accepted as CFLAGS... yes
#7 11.09 checking whether -fstack-protector-strong is accepted as LDFLAGS... yes
#7 11.13 checking whether -Wl,--compress-debug-sections=zlib is accepted as LDFLAGS... yes
#7 11.17 checking whether -std=gnu99 is accepted as CFLAGS... yes
#7 11.19 checking whether -fno-strict-overflow is accepted as CFLAGS... yes
#7 11.21 checking whether -ggdb3 is accepted as CFLAGS... yes
#7 11.24 checking whether -fvisibility=hidden is accepted as CFLAGS... yes
#7 11.26 checking whether -fno-fast-math is accepted as CFLAGS... yes
#7 11.29 checking whether -fexcess-precision=standard is accepted as CFLAGS... yes
#7 11.31 checking whether -fp-model precise is accepted as CFLAGS... no
#7 11.32 checking whether compiler has statement and declarations in expressions... yes
#7 11.35 checking for crypt in -lcrypt... yes
#7 11.39 checking for dlopen in -ldl... yes
#7 11.43 checking for shl_load in -ldld... no
#7 11.47 checking for shutdown in -lsocket... no
#7 11.51 checking for dirent.h that defines DIR... yes
#7 11.54 checking for library containing opendir... none required
#7 11.59 checking for stdbool.h that conforms to C99... yes
#7 11.61 checking for _Bool... yes
#7 11.68 checking for sys/wait.h that is POSIX.1 compatible... yes
#7 11.71 checking a.out.h usability... yes
#7 11.75 checking a.out.h presence... yes
#7 11.75 checking for a.out.h... yes
#7 11.76 checking atomic.h usability... no
#7 11.79 checking atomic.h presence... no
#7 11.81 checking for atomic.h... no
#7 11.81 checking copyfile.h usability... no
#7 11.84 checking copyfile.h presence... no
#7 11.86 checking for copyfile.h... no
#7 11.86 checking direct.h usability... no
#7 11.89 checking direct.h presence... no
#7 11.91 checking for direct.h... no
#7 11.91 checking grp.h usability... yes
#7 11.94 checking grp.h presence... yes
#7 11.95 checking for grp.h... yes
#7 11.95 checking fcntl.h usability... yes
#7 11.99 checking fcntl.h presence... yes
#7 12.00 checking for fcntl.h... yes
#7 12.00 checking float.h usability... yes
#7 12.03 checking float.h presence... yes
#7 12.04 checking for float.h... yes
#7 12.05 checking ieeefp.h usability... no
#7 12.08 checking ieeefp.h presence... no
#7 12.10 checking for ieeefp.h... no
#7 12.10 checking intrinsics.h usability... no
#7 12.13 checking intrinsics.h presence... no
#7 12.15 checking for intrinsics.h... no
#7 12.15 checking langinfo.h usability... yes
#7 12.18 checking langinfo.h presence... yes
#7 12.20 checking for langinfo.h... yes
#7 12.20 checking limits.h usability... yes
#7 12.23 checking limits.h presence... yes
#7 12.25 checking for limits.h... yes
#7 12.25 checking locale.h usability... yes
#7 12.28 checking locale.h presence... yes
#7 12.29 checking for locale.h... yes
#7 12.30 checking malloc.h usability... yes
#7 12.33 checking malloc.h presence... yes
#7 12.34 checking for malloc.h... yes
#7 12.34 checking malloc/malloc.h usability... no
#7 12.38 checking malloc/malloc.h presence... no
#7 12.39 checking for malloc/malloc.h... no
#7 12.39 checking malloc_np.h usability... no
#7 12.43 checking malloc_np.h presence... no
#7 12.44 checking for malloc_np.h... no
#7 12.45 checking net/socket.h usability... no
#7 12.48 checking net/socket.h presence... no
#7 12.50 checking for net/socket.h... no
#7 12.50 checking process.h usability... no
#7 12.53 checking process.h presence... no
#7 12.55 checking for process.h... no
#7 12.55 checking pwd.h usability... yes
#7 12.58 checking pwd.h presence... yes
#7 12.59 checking for pwd.h... yes
#7 12.59 checking sanitizer/asan_interface.h usability... yes
#7 12.63 checking sanitizer/asan_interface.h presence... yes
#7 12.64 checking for sanitizer/asan_interface.h... yes
#7 12.64 checking sanitizer/msan_interface.h usability... no
#7 12.68 checking sanitizer/msan_interface.h presence... no
#7 12.69 checking for sanitizer/msan_interface.h... no
#7 12.69 checking setjmpex.h usability... no
#7 12.73 checking setjmpex.h presence... no
#7 12.74 checking for setjmpex.h... no
#7 12.74 checking stdalign.h usability... yes
#7 12.78 checking stdalign.h presence... yes
#7 12.78 checking for stdalign.h... yes
#7 12.79 checking sys/attr.h usability... no
#7 12.82 checking sys/attr.h presence... no
#7 12.84 checking for sys/attr.h... no
#7 12.84 checking sys/eventfd.h usability... yes
#7 12.87 checking sys/eventfd.h presence... yes
#7 12.88 checking for sys/eventfd.h... yes
#7 12.88 checking sys/fcntl.h usability... yes
#7 12.92 checking sys/fcntl.h presence... yes
#7 12.93 checking for sys/fcntl.h... yes
#7 12.93 checking sys/file.h usability... yes
#7 12.97 checking sys/file.h presence... yes
#7 12.98 checking for sys/file.h... yes
#7 12.98 checking sys/id.h usability... no
#7 13.01 checking sys/id.h presence... no
#7 13.03 checking for sys/id.h... no
#7 13.03 checking sys/ioctl.h usability... yes
#7 13.06 checking sys/ioctl.h presence... yes
#7 13.08 checking for sys/ioctl.h... yes
#7 13.08 checking sys/mkdev.h usability... no
#7 13.11 checking sys/mkdev.h presence... no
#7 13.13 checking for sys/mkdev.h... no
#7 13.13 checking sys/param.h usability... yes
#7 13.17 checking sys/param.h presence... yes
#7 13.18 checking for sys/param.h... yes
#7 13.19 checking sys/prctl.h usability... yes
#7 13.22 checking sys/prctl.h presence... yes
#7 13.23 checking for sys/prctl.h... yes
#7 13.23 checking sys/resource.h usability... yes
#7 13.27 checking sys/resource.h presence... yes
#7 13.28 checking for sys/resource.h... yes
#7 13.28 checking sys/select.h usability... yes
#7 13.31 checking sys/select.h presence... yes
#7 13.32 checking for sys/select.h... yes
#7 13.33 checking sys/sendfile.h usability... yes
#7 13.36 checking sys/sendfile.h presence... yes
#7 13.37 checking for sys/sendfile.h... yes
#7 13.37 checking sys/socket.h usability... yes
#7 13.41 checking sys/socket.h presence... yes
#7 13.43 checking for sys/socket.h... yes
#7 13.43 checking sys/syscall.h usability... yes
#7 13.46 checking sys/syscall.h presence... yes
#7 13.47 checking for sys/syscall.h... yes
#7 13.48 checking sys/sysmacros.h usability... yes
#7 13.51 checking sys/sysmacros.h presence... yes
#7 13.52 checking for sys/sysmacros.h... yes
#7 13.52 checking sys/time.h usability... yes
#7 13.55 checking sys/time.h presence... yes
#7 13.57 checking for sys/time.h... yes
#7 13.57 checking sys/times.h usability... yes
#7 13.60 checking sys/times.h presence... yes
#7 13.61 checking for sys/times.h... yes
#7 13.61 checking sys/uio.h usability... yes
#7 13.65 checking sys/uio.h presence... yes
#7 13.66 checking for sys/uio.h... yes
#7 13.66 checking sys/utime.h usability... no
#7 13.70 checking sys/utime.h presence... no
#7 13.71 checking for sys/utime.h... no
#7 13.71 checking syscall.h usability... yes
#7 13.75 checking syscall.h presence... yes
#7 13.76 checking for syscall.h... yes
#7 13.76 checking time.h usability... yes
#7 13.79 checking time.h presence... yes
#7 13.81 checking for time.h... yes
#7 13.81 checking ucontext.h usability... yes
#7 13.84 checking ucontext.h presence... yes
#7 13.85 checking for ucontext.h... yes
#7 13.85 checking utime.h usability... yes
#7 13.89 checking utime.h presence... yes
#7 13.90 checking for utime.h... yes
#7 13.90 checking gmp.h usability... no
#7 13.93 checking gmp.h presence... no
#7 13.95 checking for gmp.h... no
#7 13.95 checking for special C compiler options needed for large files... no
#7 13.95 checking for _FILE_OFFSET_BITS value needed for large files... no
#7 13.99 checking whether byte ordering is bigendian... no
#7 14.06 checking for an ANSI C-conforming const... yes
#7 14.09 checking whether char is unsigned... no
#7 14.12 checking for inline... inline
#7 14.14 checking for working volatile... yes
#7 14.16 checking for typeof syntax and keyword spelling... typeof
#7 14.19 checking for C/C++ restrict keyword... __restrict
#7 14.21 checking for long long... yes
#7 14.28 checking for off_t... yes
#7 14.35 checking char bit... 8
#7 14.41 checking size of int... 4
#7 14.47 checking size of short... 2
#7 14.53 checking size of long... 8
#7 14.59 checking size of long long... 8
#7 14.66 checking size of __int64... 0
#7 14.69 checking size of __int128... 16
#7 14.75 checking size of off_t... 8
#7 14.81 checking size of void*... 8
#7 14.88 checking size of float... 4
#7 14.94 checking size of double... 8
#7 15.00 checking size of time_t... 8
#7 15.06 checking size of clock_t... 8
#7 15.12 checking packed struct attribute... x __attribute__((packed))
#7 15.17 checking whether -Wno-address-of-packed-member is accepted as CFLAGS... yes
#7 15.19 checking for printf prefix for long long... ll
#7 15.22 checking for pid_t... yes
#7 15.29 checking for convertible type of pid_t... INT
#7 15.43 checking for uid_t... yes
#7 15.50 checking for convertible type of uid_t... UINT
#7 15.65 checking for gid_t... yes
#7 15.73 checking for convertible type of gid_t... UINT
#7 15.87 checking for time_t... yes
#7 15.92 checking for convertible type of time_t... LONG
#7 16.00 checking for dev_t... yes
#7 16.07 checking for convertible type of dev_t... ULONG
#7 16.19 checking for mode_t... yes
#7 16.24 checking for convertible type of mode_t... UINT
#7 16.34 checking for rlim_t... yes
#7 16.39 checking for convertible type of rlim_t... ULONG
#7 16.48 checking for off_t... (cached) yes
#7 16.48 checking for convertible type of off_t... LONG
#7 16.59 checking for clockid_t... yes
#7 16.64 checking for convertible type of clockid_t... INT
#7 16.75 checking for prototypes... yes
#7 16.77 checking token paste string... ansi
#7 16.79 checking stringization... #expr
#7 16.82 checking string literal concatenation... yes
#7 16.84 checking for variable length prototypes and stdarg.h... yes
#7 16.86 checking for variable length macro... yes
#7 16.89 checking for alignas() syntax... __attribute__((__aligned__(x)))
#7 16.98 checking for alignof() syntax... alignof
#7 17.01 checking for CONSTFUNC function attribute... __attribute__ ((__const__)) x
#7 17.03 checking for PUREFUNC function attribute... __attribute__ ((__pure__)) x
#7 17.05 checking for NORETURN function attribute... __attribute__ ((__noreturn__)) x
#7 17.07 checking for DEPRECATED function attribute... __attribute__ ((__deprecated__)) x
#7 17.10 checking for DEPRECATED_BY function attribute... __attribute__ ((__deprecated__("by "#n))) x
#7 17.12 checking for DEPRECATED_TYPE type attribute... __attribute__ ((__deprecated__ mesg)) x
#7 17.14 checking for NOINLINE function attribute... __attribute__ ((__noinline__)) x
#7 17.16 checking for ALWAYS_INLINE function attribute... __attribute__ ((__always_inline__)) x
#7 17.19 checking for NO_SANITIZE function attribute... __attribute__ ((__no_sanitize__(san))) x
#7 17.21 checking for NO_SANITIZE_ADDRESS function attribute... __attribute__ ((__no_sanitize_address__)) x
#7 17.23 checking for NO_ADDRESS_SAFETY_ANALYSIS function attribute... __attribute__ ((__no_address_safety_analysis__)) x
#7 17.25 checking for WARN_UNUSED_RESULT function attribute... __attribute__ ((__warn_unused_result__)) x
#7 17.28 checking for MAYBE_UNUSED function attribute... __attribute__ ((__unused__)) x
#7 17.30 checking for ERRORFUNC function attribute... __attribute__ ((__error__ mesg)) x
#7 17.32 checking for WARNINGFUNC function attribute... __attribute__ ((__warning__ mesg)) x
#7 17.34 checking for WEAK function attribute... __attribute__ ((__weak__)) x
#7 17.37 checking for __attribute__((__depreacted__(msg))) in C++... yes
#7 17.39 checking for FUNC_STDCALL function attribute... x
#7 17.49 checking for FUNC_CDECL function attribute... x
#7 17.58 checking for FUNC_FASTCALL function attribute... x
#7 17.68 checking for FUNC_UNOPTIMIZED function attribute... __attribute__ ((__optimize__("O0"))) x
#7 17.70 checking for FUNC_MINIMIZED function attribute... __attribute__ ((__optimize__("-Os","-fomit-frame-pointer"))) x
#7 17.72 checking for function alias... alias
#7 17.77 checking for __atomic builtins... yes
#7 17.81 checking for __sync builtins... yes
#7 17.85 checking for __builtin_unreachable... yes
#7 17.89 checking for exported function attribute... __attribute__ ((__visibility__("default")))
#7 17.92 checking for RUBY_FUNC_NONNULL function attribute... __attribute__ ((__nonnull__(n))) x
#7 17.94 checking for function name string predefined identifier... __func__
#7 17.99 checking if enum over int is allowed... yes
#7 18.02 checking whether sys_nerr is declared... yes
#7 18.06 checking whether getenv is declared... yes
#7 18.10 checking for size_t... yes
#7 18.20 checking size of size_t... 8
#7 18.25 checking size of ptrdiff_t... 8
#7 18.31 checking for printf prefix for size_t... z
#7 18.34 checking for printf prefix for ptrdiff_t... t
#7 18.37 checking for struct stat.st_blksize... yes
#7 18.41 checking for struct stat.st_blocks... yes
#7 18.44 checking for struct stat.st_rdev... yes
#7 18.48 checking size of struct stat.st_size... SIZEOF_OFF_T
#7 18.51 checking size of struct stat.st_blocks... SIZEOF_OFF_T
#7 18.54 checking size of struct stat.st_ino... SIZEOF_LONG
#7 18.57 checking for struct stat.st_atim... yes
#7 18.64 checking for struct stat.st_atimespec... no
#7 18.71 checking for struct stat.st_atimensec... no
#7 18.77 checking for struct stat.st_mtim... yes
#7 18.84 checking for struct stat.st_mtimespec... no
#7 18.91 checking for struct stat.st_mtimensec... no
#7 18.98 checking for struct stat.st_ctim... yes
#7 19.05 checking for struct stat.st_ctimespec... no
#7 19.12 checking for struct stat.st_ctimensec... no
#7 19.18 checking for struct stat.st_birthtimespec... no
#7 19.25 checking for struct statx.stx_btime... yes
#7 19.32 checking for struct timeval... yes
#7 19.37 checking size of struct timeval.tv_sec... SIZEOF_TIME_T
#7 19.40 checking for struct timespec... yes
#7 19.45 checking for struct timezone... yes
#7 19.51 checking for fd_mask... yes
#7 19.57 checking for int8_t... yes
#7 19.61 checking size of int8_t... 1
#7 19.67 checking for uint8_t... yes
#7 19.71 checking size of uint8_t... 1
#7 19.77 checking for int16_t... yes
#7 19.81 checking size of int16_t... 2
#7 19.87 checking for uint16_t... yes
#7 19.91 checking size of uint16_t... 2
#7 19.98 checking for int32_t... yes
#7 20.01 checking size of int32_t... 4
#7 20.08 checking for uint32_t... yes
#7 20.11 checking size of uint32_t... 4
#7 20.17 checking for int64_t... yes
#7 20.21 checking size of int64_t... 8
#7 20.27 checking for uint64_t... yes
#7 20.31 checking size of uint64_t... 8
#7 20.37 checking for int128_t... __int128
#7 20.41 checking for uint128_t... unsigned __int128
#7 20.45 checking for intptr_t... yes
#7 20.49 checking size of intptr_t... 8
#7 20.55 checking for uintptr_t... yes
#7 20.59 checking size of uintptr_t... 8
#7 20.65 checking for printf prefix for intptr_t... NONE
#7 20.75 checking for ssize_t... yes
#7 20.77 checking size of ssize_t... 8
#7 20.83 checking for printf prefix for int64_t... NONE
#7 20.90 checking for stack end address... __libc_stack_end
#7 20.95 checking for uid_t in sys/types.h... (cached) yes
#7 20.95 checking type of array argument to getgroups... gid_t
#7 21.01 checking for working alloca.h... yes
#7 21.05 checking for alloca... yes
#7 21.09 checking for dynamic size alloca... ok
#7 21.13 checking for working memcmp... yes
#7 21.20 checking for acosh... yes
#7 21.24 checking for cbrt... yes
#7 21.29 checking for crypt... yes
#7 21.34 checking for dup2... yes
#7 21.38 checking for erf... yes
#7 21.43 checking for explicit_bzero... yes
#7 21.47 checking for ffs... yes
#7 21.52 checking for flock... yes
#7 21.57 checking for hypot... yes
#7 21.62 checking for lgamma_r... yes
#7 21.67 checking for memmove... yes
#7 21.72 checking for nan... yes
#7 21.77 checking for nextafter... yes
#7 21.82 checking for setproctitle... no
#7 21.87 checking for strchr... yes
#7 21.92 checking for strerror... yes
#7 21.96 checking for strlcat... no
#7 22.02 checking for strlcpy... no
#7 22.07 checking for strstr... yes
#7 22.12 checking for tgamma... yes
#7 22.17 checking whether finite is declared... yes
#7 22.21 checking whether isinf is declared... yes
#7 22.26 checking whether isnan is declared... yes
#7 22.29 checking sys/pstat.h usability... no
#7 22.33 checking sys/pstat.h presence... no
#7 22.34 checking for sys/pstat.h... no
#7 22.34 checking for signbit... yes
#7 22.40 checking for pid_t... (cached) yes
#7 22.40 checking vfork.h usability... no
#7 22.43 checking vfork.h presence... no
#7 22.45 checking for vfork.h... no
#7 22.45 checking for fork... yes
#7 22.51 checking for vfork... yes
#7 22.56 checking for working fork... yes
#7 22.62 checking for working vfork... (cached) yes
#7 22.62 checking for __syscall... no
#7 22.67 checking for _longjmp... yes
#7 22.72 checking for arc4random_buf... no
#7 22.77 checking for atan2l... yes
#7 22.83 checking for atan2f... yes
#7 22.88 checking for chroot... yes
#7 22.93 checking for chsize... no
#7 22.98 checking for clock_gettime... yes
#7 23.03 checking for copy_file_range... yes
#7 23.07 checking for cosh... yes
#7 23.12 checking for crypt_r... yes
#7 23.17 checking for daemon... (cached) no
#7 23.17 checking for dirfd... yes
#7 23.21 checking for dl_iterate_phdr... yes
#7 23.26 checking for dlopen... yes
#7 23.30 checking for dladdr... yes
#7 23.35 checking for dup... yes
#7 23.39 checking for dup3... yes
#7 23.44 checking for eaccess... yes
#7 23.49 checking for endgrent... yes
#7 23.53 checking for eventfd... yes
#7 23.58 checking for explicit_memset... no
#7 23.63 checking for fcopyfile... no
#7 23.68 checking for fchmod... yes
#7 23.73 checking for fchown... yes
#7 23.77 checking for fcntl... yes
#7 23.82 checking for fdatasync... yes
#7 23.86 checking for fdopendir... yes
#7 23.91 checking for fgetattrlist... no
#7 23.96 checking for fmod... yes
#7 24.01 checking for fstatat... yes
#7 24.05 checking for fsync... yes
#7 24.10 checking for ftruncate... yes
#7 24.15 checking for ftruncate64... yes
#7 24.19 checking for getattrlist... no
#7 24.24 checking for getcwd... yes
#7 24.29 checking for getgidx... no
#7 24.34 checking for getgrnam... yes
#7 24.38 checking for getgrnam_r... yes
#7 24.43 checking for getgroups... yes
#7 24.48 checking for getlogin... yes
#7 24.52 checking for getlogin_r... yes
#7 24.57 checking for getpgid... yes
#7 24.61 checking for getpgrp... yes
#7 24.66 checking for getpriority... yes
#7 24.70 checking for getpwnam... yes
#7 24.75 checking for getpwnam_r... yes
#7 24.79 checking for getpwuid... yes
#7 24.84 checking for getpwuid_r... yes
#7 24.89 checking for getrandom... yes
#7 24.93 checking for getresgid... yes
#7 24.98 checking for getresuid... yes
#7 25.02 checking for getrlimit... yes
#7 25.07 checking for getsid... yes
#7 25.12 checking for gettimeofday... yes
#7 25.17 checking for getuidx... no
#7 25.22 checking for gmtime_r... yes
#7 25.26 checking for grantpt... yes
#7 25.31 checking for initgroups... yes
#7 25.35 checking for ioctl... yes
#7 25.40 checking for isfinite... no
#7 25.45 checking for issetugid... no
#7 25.50 checking for killpg... yes
#7 25.55 checking for lchmod... no
#7 25.57 checking for lchown... yes
#7 25.62 checking for link... yes
#7 25.66 checking for llabs... yes
#7 25.71 checking for lockf... yes
#7 25.76 checking for log2... yes
#7 25.81 checking for lstat... yes
#7 25.86 checking for lutimes... yes
#7 25.90 checking for malloc_usable_size... yes
#7 25.95 checking for malloc_size... no
#7 26.00 checking for mblen... yes
#7 26.04 checking for memalign... yes
#7 26.09 checking for memset_s... no
#7 26.14 checking for writev... yes
#7 26.18 checking for memrchr... yes
#7 26.23 checking for memmem... yes
#7 26.28 checking for mkfifo... yes
#7 26.32 checking for mknod... yes
#7 26.37 checking for mktime... yes
#7 26.41 checking for openat... yes
#7 26.46 checking for pipe2... yes
#7 26.50 checking for poll... yes
#7 26.55 checking for posix_fadvise... yes
#7 26.59 checking for posix_memalign... yes
#7 26.64 checking for ppoll... yes
#7 26.69 checking for pread... yes
#7 26.74 checking for pwrite... yes
#7 26.78 checking for qsort_r... yes
#7 26.83 checking for qsort_s... no
#7 26.88 checking for readlink... yes
#7 26.92 checking for realpath... yes
#7 26.97 checking for round... yes
#7 27.02 checking for sched_getaffinity... yes
#7 27.06 checking for seekdir... yes
#7 27.11 checking for select_large_fdset... no
#7 27.16 checking for sendfile... yes
#7 27.21 checking for setegid... yes
#7 27.25 checking for setenv... yes
#7 27.30 checking for seteuid... yes
#7 27.35 checking for setgid... yes
#7 27.40 checking for setgroups... yes
#7 27.44 checking for setpgid... yes
#7 27.49 checking for setpgrp... yes
#7 27.53 checking for setregid... yes
#7 27.58 checking for setresgid... yes
#7 27.62 checking for setresuid... yes
#7 27.67 checking for setreuid... yes
#7 27.71 checking for setrgid... no
#7 27.77 checking for setrlimit... yes
#7 27.81 checking for setruid... no
#7 27.86 checking for setsid... yes
#7 27.91 checking for setuid... yes
#7 27.95 checking for shutdown... yes
#7 28.00 checking for sigaction... yes
#7 28.04 checking for sigaltstack... yes
#7 28.09 checking for sigprocmask... yes
#7 28.13 checking for sinh... yes
#7 28.18 checking for spawnv... no
#7 28.23 checking for symlink... yes
#7 28.28 checking for syscall... yes
#7 28.33 checking for sysconf... yes
#7 28.37 checking for tanh... yes
#7 28.42 checking for telldir... yes
#7 28.47 checking for timegm... yes
#7 28.51 checking for times... yes
#7 28.56 checking for truncate... yes
#7 28.60 checking for truncate64... yes
#7 28.65 checking for unsetenv... yes
#7 28.70 checking for utimensat... yes
#7 28.74 checking for utimes... yes
#7 28.79 checking for wait4... yes
#7 28.83 checking for waitpid... yes
#7 28.88 checking for statx... yes
#7 28.92 checking if getcwd allocates buffer if NULL is given... yes
#7 28.97 checking crypt.h usability... yes
#7 29.01 checking crypt.h presence... yes
#7 29.02 checking for crypt.h... yes
#7 29.02 checking for struct crypt_data.initialized... yes
#7 29.04 checking for __builtin_alloca_with_align... yes
#7 29.09 checking for __builtin_assume_aligned... yes
#7 29.13 checking for __builtin_bswap16... yes
#7 29.17 checking for __builtin_bswap32... yes
#7 29.21 checking for __builtin_bswap64... yes
#7 29.25 checking for __builtin_popcount... yes
#7 29.29 checking for __builtin_popcountll... yes
#7 29.33 checking for __builtin_clz... yes
#7 29.37 checking for __builtin_clzl... yes
#7 29.42 checking for __builtin_clzll... yes
#7 29.46 checking for __builtin_ctz... yes
#7 29.50 checking for __builtin_ctzll... yes
#7 29.54 checking for __builtin_add_overflow... yes
#7 29.58 checking for __builtin_sub_overflow... yes
#7 29.62 checking for __builtin_mul_overflow... yes
#7 29.67 checking for __builtin_mul_overflow_p... yes
#7 29.71 checking for __builtin_constant_p... yes
#7 29.75 checking for __builtin_choose_expr... yes
#7 29.79 checking for __builtin_choose_expr_constant_p... yes
#7 29.83 checking for __builtin_types_compatible_p... yes
#7 29.88 checking for __builtin_trap... yes
#7 29.92 checking whether qsort_r is GNU version... yes
#7 29.95 checking whether qsort_r is BSD version... no
#7 29.97 checking whether atan2 handles Inf as C99... yes
#7 30.03 checking for clock_getres... yes
#7 30.08 checking for timer_create in -lrt... yes
#7 30.13 checking for timer_settime in -lrt... yes
#7 30.17 checking for unsetenv returns a value... yes
#7 30.20 checking whether struct tm is in sys/time.h or time.h... time.h
#7 30.23 checking for struct tm.tm_zone... yes
#7 30.26 checking for struct tm.tm_gmtoff... yes
#7 30.29 checking for external int daylight... yes
#7 30.33 checking for negative time_t for gmtime(3)... yes
#7 30.39 checking for localtime(3) overflow correctly... yes
#7 30.44 checking for sig_t... yes
#7 30.50 checking whether right shift preserve sign bit... yes
#7 30.52 checking whether _SC_CLK_TCK is supported... yes
#7 30.55 checking stack growing direction on x86_64... -1
#7 30.55 checking native coroutine implementation for x86_64-linux... amd64
#7 30.56 checking for pthread_create in -lthr... no
#7 30.60 checking for pthread_create in -lpthread... yes
#7 30.65 checking for pthread_np.h... no
#7 30.67 checking whether pthread_t is scalar type... yes
#7 30.71 checking for sched_yield... yes
#7 30.76 checking for pthread_attr_setinheritsched... yes
#7 30.82 checking for pthread_attr_get_np... no
#7 30.87 checking for pthread_attr_getstack... yes
#7 30.93 checking for pthread_attr_getguardsize... yes
#7 30.98 checking for pthread_get_stackaddr_np... no
#7 31.04 checking for pthread_get_stacksize_np... no
#7 31.10 checking for thr_stksegment... no
#7 31.15 checking for pthread_stackseg_np... no
#7 31.21 checking for pthread_getthrds_np... no
#7 31.27 checking for pthread_condattr_setclock... yes
#7 31.33 checking for pthread_sigmask... yes
#7 31.38 checking for pthread_setname_np... yes
#7 31.44 checking for pthread_set_name_np... no
#7 31.49 checking for pthread_getattr_np... yes
#7 31.54 checking arguments of pthread_setname_np... (pthread_self(), name)
#7 31.58 checking if mcontext_t is a pointer... no
#7 31.61 checking for getcontext... yes
#7 31.66 checking for setcontext... yes
#7 31.72 checking if fork works with pthread... yes
#7 32.79 checking whether ELF binaries are produced... yes
#7 32.84 checking elf.h usability... yes
#7 32.87 checking elf.h presence... yes
#7 32.88 checking for elf.h... yes
#7 32.89 checking elf_abi.h usability... no
#7 32.93 checking elf_abi.h presence... no
#7 32.94 checking for elf_abi.h... no
#7 32.94 checking for uncompress in -lz... yes
#7 32.99 checking mach-o/loader.h usability... no
#7 33.02 checking mach-o/loader.h presence... no
#7 33.04 checking for mach-o/loader.h... no
#7 33.04 checking whether OS depend dynamic link works... yes
#7 33.04 checking for backtrace... yes
#7 33.09 checking for broken backtrace... no
#7 33.16 checking valgrind/memcheck.h usability... no
#7 33.19 checking valgrind/memcheck.h presence... no
#7 33.21 checking for valgrind/memcheck.h... no
#7 33.22 checking for strip... strip
#7 33.23 checking whether -Wl,--no-undefined is accepted as LDFLAGS... yes
#7 33.28 checking whether wrapper for LD_LIBRARY_PATH is needed... no
#7 33.28 checking whether dtrace USDT is available... no
#7 33.29 checking for __builtin_setjmp... yes with cast ()
#7 33.34 checking for _setjmpex as a macro or function... no
#7 33.36 checking for _setjmp as a macro or function... yes
#7 33.40 checking for sigsetjmp as a macro or function... no
#7 33.43 checking for setjmp type... __builtin_setjmp
#7 33.44 checking for prefix of external symbols... NONE
#7 33.46 checking pthread.h usability... yes
#7 33.50 checking pthread.h presence... yes
#7 33.51 checking for pthread.h... yes
#7 33.52 checking if make is GNU make... yes
#7 33.57 .ext/include/x86_64-linux/ruby/config.h updated
#7 33.60 configure: ruby library version = 2.7.0
#7 33.65 configure: creating ./config.status
#7 33.74 config.status: creating GNUmakefile
#7 33.75 config.status: creating Makefile
#7 33.79 config.status: creating ruby-2.7.pc
#7 33.83 ---
#7 33.83 Configuration summary for ruby version 2.7.4
#7 33.83 
#7 33.83    * Installation prefix: /usr/local
#7 33.85    * exec prefix:         ${prefix}
#7 33.86    * arch:                x86_64-linux
#7 33.88    * site arch:           ${arch}
#7 33.89    * RUBY_BASE_NAME:      ruby
#7 33.91    * enable shared:       yes
#7 33.92    * ruby lib prefix:     ${libdir}/${RUBY_BASE_NAME}
#7 33.94    * site libraries path: ${rubylibprefix}/${sitearch}
#7 33.95    * vendor path:         ${rubylibprefix}/vendor_ruby
#7 33.97    * target OS:           linux
#7 33.98    * compiler:            gcc
#7 33.99    * with pthread:        yes
#7 34.01    * with coroutine:      amd64
#7 34.02    * enable shared libs:  yes
#7 34.04    * dynamic library ext: so
#7 34.05    * CFLAGS:              ${optflags} ${debugflags} ${warnflags}
#7 34.07    * LDFLAGS:             -L. -fstack-protector-strong -rdynamic \
#7 34.08                           -Wl,-export-dynamic
#7 34.08    * DLDFLAGS:            -Wl,--compress-debug-sections=zlib
#7 34.10    * optflags:            -O3
#7 34.11    * debugflags:          -ggdb3
#7 34.13    * warnflags:           -Wall -Wextra -Wdeprecated-declarations \
#7 34.13                           -Wduplicated-cond -Wimplicit-function-declaration \
#7 34.13                           -Wimplicit-int -Wmisleading-indentation \
#7 34.13                           -Wpointer-arith -Wwrite-strings \
#7 34.13                           -Wimplicit-fallthrough=0 -Wmissing-noreturn \
#7 34.13                           -Wno-cast-function-type \
#7 34.13                           -Wno-constant-logical-operand -Wno-long-long \
#7 34.13                           -Wno-missing-field-initializers \
#7 34.13                           -Wno-overlength-strings \
#7 34.13                           -Wno-packed-bitfield-compat \
#7 34.13                           -Wno-parentheses-equality -Wno-self-assign \
#7 34.13                           -Wno-tautological-compare -Wno-unused-parameter \
#7 34.13                           -Wno-unused-value -Wsuggest-attribute=format \
#7 34.13                           -Wsuggest-attribute=noreturn -Wunused-variable
#7 34.13    * strip command:       strip -S -x
#7 34.13    * install doc:         nodoc
#7 34.14    * JIT support:         yes
#7 34.14    * man page type:       man
#7 34.15 
#7 34.15 ---
#7 34.22 	BASERUBY = echo executable host ruby is required.  use --with-baseruby option.; false
#7 34.22 	CC = gcc
#7 34.22 	LD = ld
#7 34.22 	LDSHARED = gcc -shared
#7 34.22 	CFLAGS = -g -O2 -fPIC 
#7 34.22 	XCFLAGS = -D_FORTIFY_SOURCE=2 -fstack-protector-strong -fno-strict-overflow -fvisibility=hidden -fexcess-precision=standard -DRUBY_EXPORT -DCANONICALIZATION_FOR_MATHN -I. -I.ext/include/x86_64-linux -I./include -I. -I./enc/unicode/12.1.0
#7 34.22 	CPPFLAGS =   
#7 34.22 	DLDFLAGS = -Wl,--compress-debug-sections=zlib -Wl,-soname,libruby.so.2.7  -fstack-protector-strong  
#7 34.22 	SOLIBS = -lz -lpthread -lrt -lrt -ldl -lcrypt -lm 
#7 34.22 	LANG = 
#7 34.22 	LC_ALL = 
#7 34.22 	LC_CTYPE = 
#7 34.22 	MFLAGS = -j20 --jobserver-auth=4,5
#7 34.22 gcc (AstraLinux 8.3.0-6+b1) 8.3.0
#7 34.22 Copyright (C) 2018 Free Software Foundation, Inc.
#7 34.22 This is free software; see the source for copying conditions.  There is NO
#7 34.22 warranty; not even for MERCHANTABILITY or FITNESS FOR A PARTICULAR PURPOSE.
#7 34.22 
#7 34.22 compiling ./main.c
#7 34.22 compiling dmydln.c
#7 34.22 compiling miniinit.c
#7 34.23 compiling dmyext.c
#7 34.23 making dummy probes.h
#7 34.23 compiling ast.c
#7 34.23 compiling bignum.c
#7 34.23 compiling class.c
#7 34.23 compiling compar.c
#7 34.24 compiling compile.c
#7 34.24 compiling complex.c
#7 34.24 compiling cont.c
#7 34.24 compiling debug.c
#7 34.24 compiling debug_counter.c
#7 34.24 compiling dir.c
#7 34.24 compiling dln_find.c
#7 34.24 compiling encoding.c
#7 34.24 compiling enum.c
#7 34.24 compiling enumerator.c
#7 34.24 compiling error.c
#7 34.25 compiling eval.c
#7 34.25 compiling file.c
#7 34.31 compiling gc.c
#7 34.31 compiling hash.c
#7 34.35 compiling inits.c
#7 34.36 compiling io.c
#7 34.39 compiling iseq.c
#7 34.41 compiling load.c
#7 34.42 compiling marshal.c
#7 34.45 compiling math.c
#7 34.47 making mjit_config.h
#7 34.47 compiling mjit_compile.c
#7 34.72 compiling node.c
#7 34.78 compiling numeric.c
#7 34.83 compiling object.c
#7 34.93 compiling pack.c
#7 34.96 compiling parse.c
#7 35.05 compiling proc.c
#7 35.13 compiling process.c
#7 35.21 compiling random.c
#7 35.37 compiling range.c
#7 35.40 compiling rational.c
#7 35.41 compiling re.c
#7 35.58 compiling regcomp.c
#7 35.59 compiling regenc.c
#7 35.62 compiling regerror.c
#7 35.70 compiling regexec.c
#7 35.71 compiling regparse.c
#7 35.80 compiling regsyntax.c
#7 35.84 compiling ruby.c
#7 35.84 compiling safe.c
#7 35.86 compiling signal.c
#7 35.92 compiling sprintf.c
#7 35.97 compiling st.c
#7 36.00 compiling strftime.c
#7 36.02 compiling string.c
#7 36.03 compiling struct.c
#7 36.11 compiling symbol.c
#7 36.44 compiling thread.c
#7 36.46 compiling time.c
#7 36.48 compiling transcode.c
#7 36.52 compiling transient_heap.c
#7 36.52 compiling util.c
#7 36.54 compiling variable.c
#7 36.56 compiling vm.c
#7 36.57 compiling vm_backtrace.c
#7 36.73 compiling vm_dump.c
#7 36.77 compiling vm_trace.c
#7 36.99 compiling ./missing/setproctitle.c
#7 36.99 compiling ./missing/strlcat.c
#7 37.00 compiling ./missing/strlcpy.c
#7 37.00 compiling addr2line.c
#7 37.01 compiling dmyenc.c
#7 37.06 compiling dln.c
#7 37.06 compiling localeinit.c
#7 37.08 compiling array.c
#7 37.11 compiling mjit.c
#7 37.20 assembling coroutine/amd64/Context.S
#7 37.20 compiling enc/ascii.c
#7 37.22 ./revision.h unchanged
#7 37.22 compiling enc/us_ascii.c
#7 37.23 compiling enc/unicode.c
#7 37.23 compiling enc/utf_8.c
#7 37.24 compiling enc/trans/newline.c
#7 37.27 compiling version.c
#7 40.81 building rb_mjit_header.h
#7 40.82 linking miniruby
#7 40.88 rb_mjit_header.h updated
#7 41.05 generating encdb.h
#7 41.05 building .ext/include/x86_64-linux/rb_mjit_min_header-2.7.4.h
#7 41.05 ./miniruby -I./lib -I. -I.ext/common  ./tool/transform_mjit_header.rb "gcc  -g -O2 -fPIC " rb_mjit_header.h .ext/include/x86_64-linux/rb_mjit_min_header-2.7.4.h
#7 41.07 compiling builtin.c
#7 41.09 encdb.h updated
#7 41.26 ./tool/ifchange "--timestamp=.rbconfig.time" rbconfig.rb rbconfig.tmp
#7 41.26 rbconfig.rb updated
#7 41.27 generating enc.mk
#7 41.27 creating verconf.h
#7 41.28 verconf.h updated
#7 41.29 compiling loadpath.c
#7 41.31 making srcs under enc
#7 41.32 make[1]: Entering directory '/tmp/ruby/ruby-2.7.4'
#7 41.32 make[1]: Nothing to be done for 'srcs'.
#7 41.32 make[1]: Leaving directory '/tmp/ruby/ruby-2.7.4'
#7 41.33 generating transdb.h
#7 41.34 linking static-library libruby-static.a
#7 41.45 transdb.h updated
#7 41.58 linking shared-library libruby.so.2.7.4
#7 41.70 
#7 41.70 Transforming external functions to static:
#7 41.70 transform_mjit_header: making external definition of 'rb_vm_lvar_exposed' static inline
#7 41.70 transform_mjit_header: making external definition of 'Init_vm_stack_canary' static inline
#7 41.70 transform_mjit_header: making external definition of 'rb_vm_opt_struct_aset' static inline
#7 41.70 transform_mjit_header: making external definition of 'rb_vm_opt_struct_aref' static inline
#7 41.70 transform_mjit_header: making external definition of 'rb_find_defined_class_by_owner' static inline
#7 41.70 transform_mjit_header: making external definition of 'rb_eql_opt' static inline
#7 41.70 transform_mjit_header: changing definition of 'rb_equal_opt' to declaration
#7 41.70 transform_mjit_header: changing definition of 'rb_vm_search_method_slowpath' to declaration
#7 41.70 transform_mjit_header: making external definition of 'rb_vm_rewrite_cref' static inline
#7 41.70 transform_mjit_header: making external definition of 'rb_vm_block_ep_update' static inline
#7 41.70 transform_mjit_header: making external definition of 'rb_vm_cref_new_toplevel' static inline
#7 41.70 transform_mjit_header: making external definition of 'rb_vm_frame_block_handler' static inline
#7 41.70 transform_mjit_header: making external definition of 'rb_vm_cframe_empty_keyword_p' static inline
#7 41.70 transform_mjit_header: making external definition of 'rb_vm_cframe_keyword_p' static inline
#7 41.70 transform_mjit_header: making external definition of 'rb_vm_ep_local_ep' static inline
#7 41.70 transform_mjit_header: making declaration of 'rb_vm_lvar_exposed' static inline
#7 41.70 transform_mjit_header: making declaration of 'rb_vm_rewrite_cref' static inline
#7 41.70 transform_mjit_header: making declaration of 'rb_vm_frame_block_handler' static inline
#7 41.70 transform_mjit_header: making declaration of 'rb_vm_block_ep_update' static inline
#7 41.70 transform_mjit_header: making declaration of 'rb_vm_ep_local_ep' static inline
#7 41.70 transform_mjit_header: making declaration of 'Init_vm_stack_canary' static inline
#7 41.70 transform_mjit_header: making declaration of 'rb_eql_opt' static inline
#7 41.70 transform_mjit_header: making external definition of 'rb_scan_args_set' static inline
#7 41.70 transform_mjit_header: making declaration of 'rb_scan_args_set' static inline
#7 41.70 transform_mjit_header: SKIPPED to transform getlogin_r
#7 41.70 transform_mjit_header: SKIPPED to transform pread64
#7 41.70 transform_mjit_header: SKIPPED to transform pread
#7 41.70 transform_mjit_header: SKIPPED to transform read
#7 41.70 transform_mjit_header: SKIPPED to transform bsearch
#7 41.70 transform_mjit_header: SKIPPED to transform fread_unlocked
#7 41.70 transform_mjit_header: SKIPPED to transform fgets_unlocked
#7 41.70 transform_mjit_header: SKIPPED to transform fread
#7 41.70 transform_mjit_header: SKIPPED to transform fgets
#7 41.70 transform_mjit_header: SKIPPED to transform vdprintf
#7 41.70 transform_mjit_header: SKIPPED to transform dprintf
#7 41.70 transform_mjit_header: SKIPPED to transform vfprintf
#7 41.70 transform_mjit_header: SKIPPED to transform vprintf
#7 41.70 transform_mjit_header: SKIPPED to transform printf
#7 41.70 transform_mjit_header: SKIPPED to transform fprintf
#7 41.70 transform_mjit_header: SKIPPED to transform getline
#7 41.70 transform_mjit_header: SKIPPED to transform putchar_unlocked
#7 41.70 transform_mjit_header: SKIPPED to transform putc_unlocked
#7 41.70 transform_mjit_header: SKIPPED to transform fputc_unlocked
#7 41.70 transform_mjit_header: SKIPPED to transform putchar
#7 41.70 transform_mjit_header: SKIPPED to transform getchar_unlocked
#7 41.70 transform_mjit_header: SKIPPED to transform getc_unlocked
#7 41.70 transform_mjit_header: SKIPPED to transform fgetc_unlocked
#7 41.70 transform_mjit_header: SKIPPED to transform getchar
#7 41.77 ln -sf ../../../.ext/include/x86_64-linux/rb_mjit_min_header-2.7.4.h include/ruby-2.7.0/x86_64-linux/rb_mjit_min_header-2.7.4.h
#7 42.33 generating makefiles ext/configure-ext.mk
#7 42.33 making enc
#7 42.33 making trans
#7 42.33 make[1]: Entering directory '/tmp/ruby/ruby-2.7.4'
#7 42.33 make[1]: Entering directory '/tmp/ruby/ruby-2.7.4'
#7 42.33 compiling ./enc/encdb.c
#7 42.33 compiling ./enc/trans/transdb.c
#7 42.34 compiling ./enc/big5.c
#7 42.34 compiling ./enc/cesu_8.c
#7 42.34 compiling ./enc/cp949.c
#7 42.34 compiling ./enc/trans/big5.c
#7 42.34 compiling ./enc/emacs_mule.c
#7 42.34 compiling ./enc/trans/cesu_8.c
#7 42.34 compiling ./enc/trans/chinese.c
#7 42.34 compiling ./enc/euc_jp.c
#7 42.34 compiling ./enc/trans/ebcdic.c
#7 42.34 compiling ./enc/trans/emoji.c
#7 42.34 compiling ./enc/euc_kr.c
#7 42.34 compiling ./enc/trans/emoji_iso2022_kddi.c
#7 42.34 compiling ./enc/euc_tw.c
#7 42.34 compiling ./enc/gb2312.c
#7 42.34 compiling ./enc/trans/emoji_sjis_docomo.c
#7 42.34 compiling ./enc/trans/emoji_sjis_kddi.c
#7 42.34 compiling ./enc/gb18030.c
#7 42.35 ext/configure-ext.mk updated
#7 42.35 compiling ./enc/trans/emoji_sjis_softbank.c
#7 42.40 compiling ./enc/trans/escape.c
#7 42.42 compiling ./enc/gbk.c
#7 42.42 make[1]: Entering directory '/tmp/ruby/ruby-2.7.4'
#7 42.42 compiling ./enc/iso_8859_1.c
#7 42.44 compiling ./enc/iso_8859_2.c
#7 42.44 compiling ./enc/iso_8859_3.c
#7 42.44 compiling ./enc/iso_8859_4.c
#7 42.45 compiling ./enc/iso_8859_5.c
#7 42.46 compiling ./enc/iso_8859_6.c
#7 42.46 compiling ./enc/iso_8859_7.c
#7 42.47 configuring pty
#7 42.47 configuring digest
#7 42.48 configuring digest/bubblebabble
#7 42.48 configuring pathname
#7 42.48 configuring stringio
#7 42.48 configuring digest/md5
#7 42.49 compiling ./enc/iso_8859_8.c
#7 42.51 compiling ./enc/iso_8859_9.c
#7 42.51 compiling ./enc/trans/gb18030.c
#7 42.53 compiling ./enc/iso_8859_10.c
#7 42.54 compiling ./enc/iso_8859_11.c
#7 42.54 compiling ./enc/trans/gbk.c
#7 42.54 compiling ./enc/trans/iso2022.c
#7 42.56 compiling ./enc/iso_8859_13.c
#7 42.58 configuring date
#7 42.59 configuring rubyvm
#7 42.59 configuring fiddle
#7 42.60 compiling ./enc/iso_8859_14.c
#7 42.60 compiling ./enc/iso_8859_15.c
#7 42.62 compiling ./enc/trans/japanese.c
#7 42.67 compiling ./enc/iso_8859_16.c
#7 42.68 compiling ./enc/koi8_r.c
#7 42.68 configuring rbconfig/sizeof
#7 42.68 compiling ./enc/trans/japanese_euc.c
#7 42.69 compiling ./enc/koi8_u.c
#7 42.72 compiling ./enc/trans/japanese_sjis.c
#7 42.73 configuring cgi/escape
#7 42.73 compiling ./enc/shift_jis.c
#7 42.75 compiling ./enc/trans/korean.c
#7 42.76 configuring ripper
#7 42.77 compiling ./enc/utf_16be.c
#7 42.78 configuring coverage
#7 42.79 compiling ./enc/utf_16le.c
#7 42.79 compiling ./enc/utf_32be.c
#7 42.81 configuring sdbm
#7 42.87 configuring json
#7 42.87 configuring etc
#7 42.88 configuring json/generator
#7 42.88 compiling ./enc/utf_32le.c
#7 42.88 configuring json/parser
#7 42.88 compiling ./enc/trans/single_byte.c
#7 42.88 compiling ./enc/windows_31j.c
#7 42.89 compiling ./enc/windows_1250.c
#7 42.90 compiling ./enc/windows_1251.c
#7 42.92 configuring socket
#7 42.93 compiling ./enc/trans/utf8_mac.c
#7 42.95 compiling ./enc/windows_1252.c
#7 43.00 compiling ./enc/trans/utf_16_32.c
#7 43.02 compiling ./enc/windows_1253.c
#7 43.03 compiling ./enc/windows_1254.c
#7 43.03 configuring dbm
#7 43.07 libffi_version: 3.2.1
#7 43.12 compiling ./enc/windows_1257.c
#7 43.13 linking encoding encdb.so
#7 43.14 linking transcoder transdb.so
#7 43.14 linking encoding big5.so
#7 43.14 configuring continuation
#7 43.17 linking encoding cesu_8.so
#7 43.17 linking encoding cp949.so
#7 43.18 linking encoding emacs_mule.so
#7 43.18 configuring psych
#7 43.18 linking transcoder cesu_8.so
#7 43.20 configuring gdbm
#7 43.21 linking transcoder chinese.so
#7 43.21 linking encoding euc_jp.so
#7 43.22 linking encoding euc_kr.so
#7 43.23 configuring bigdecimal
#7 43.25 linking encoding euc_tw.so
#7 43.25 configuring readline
#7 43.26 configuring openssl
#7 43.27 linking encoding gb2312.so
#7 43.30 configuring nkf
#7 43.30 linking encoding gb18030.so
#7 43.32 linking encoding gbk.so
#7 43.33 linking encoding iso_8859_1.so
#7 43.34 configuring io/console
#7 43.36 linking transcoder ebcdic.so
#7 43.37 configuring monitor
#7 43.39 linking encoding iso_8859_2.so
#7 43.40 linking transcoder emoji.so
#7 43.43 configuring racc/cparse
#7 43.43 linking encoding iso_8859_3.so
#7 43.46 linking encoding iso_8859_4.so
#7 43.47 linking transcoder emoji_iso2022_kddi.so
#7 43.48 configuring fcntl
#7 43.50 linking encoding iso_8859_5.so
#7 43.52 configuring strscan
#7 43.55 linking encoding iso_8859_6.so
#7 43.56 configuring -test-/arith_seq/extract
#7 43.57 configuring -test-/array/resize
#7 43.57 configuring -test-/bignum
#7 43.57 configuring -test-/bug-14834
#7 43.57 configuring -test-/bug-3571
#7 43.58 linking encoding iso_8859_7.so
#7 43.58 configuring -test-/bug-5832
#7 43.58 configuring -test-/bug_reporter
#7 43.58 configuring -test-/class
#7 43.58 configuring objspace
#7 43.59 configuring -test-/cxxanyargs
#7 43.59 linking encoding iso_8859_8.so
#7 43.59 linking transcoder emoji_sjis_docomo.so
#7 43.61 linking encoding iso_8859_9.so
#7 43.61 linking transcoder emoji_sjis_kddi.so
#7 43.61 linking encoding iso_8859_10.so
#7 43.63 linking encoding iso_8859_11.so
#7 43.63 linking transcoder emoji_sjis_softbank.so
#7 43.64 linking transcoder escape.so
#7 43.64 configuring syslog
#7 43.65 linking transcoder gb18030.so
#7 43.66 linking transcoder gbk.so
#7 43.66 linking transcoder iso2022.so
#7 43.67 linking encoding iso_8859_13.so
#7 43.67 linking transcoder japanese.so
#7 43.69 linking transcoder japanese_euc.so
#7 43.69 linking transcoder japanese_sjis.so
#7 43.70 linking transcoder korean.so
#7 43.71 linking transcoder single_byte.so
#7 43.72 linking encoding iso_8859_14.so
#7 43.72 linking transcoder utf8_mac.so
#7 43.73 linking transcoder utf_16_32.so
#7 43.74 linking transcoder big5.so
#7 43.75 linking encoding iso_8859_15.so
#7 43.78 configuring zlib
#7 43.79 make[1]: Leaving directory '/tmp/ruby/ruby-2.7.4'
#7 43.79 linking encoding iso_8859_16.so
#7 43.79 linking encoding koi8_r.so
#7 43.79 configuring fiber
#7 43.82 configuring io/nonblock
#7 43.84 linking encoding koi8_u.so
#7 43.85 linking encoding shift_jis.so
#7 43.85 linking encoding utf_16be.so
#7 43.87 linking encoding utf_16le.so
#7 43.87 linking encoding utf_32be.so
#7 43.88 linking encoding utf_32le.so
#7 43.89 linking encoding windows_31j.so
#7 43.90 linking encoding windows_1250.so
#7 43.90 configuring -test-/debug
#7 43.90 linking encoding windows_1251.so
#7 43.90 configuring digest/rmd160
#7 43.90 configuring -test-/dln/empty
#7 43.91 configuring -test-/enumerator_kw
#7 43.91 configuring -test-/exception
#7 43.91 configuring -test-/fatal
#7 43.91 configuring -test-/file
#7 43.91 linking encoding windows_1252.so
#7 43.92 linking encoding windows_1253.so
#7 43.94 linking encoding windows_1254.so
#7 43.94 linking encoding windows_1257.so
#7 43.98 configuring io/wait
#7 43.98 make[1]: Leaving directory '/tmp/ruby/ruby-2.7.4'
#7 43.99 making encs
#7 44.02 make[1]: Entering directory '/tmp/ruby/ruby-2.7.4'
#7 44.02 make[1]: Nothing to be done for 'encs'.
#7 44.02 make[1]: Leaving directory '/tmp/ruby/ruby-2.7.4'
#7 44.44 header: db.h
#7 44.44 library: db
#7 44.66 configuring -test-/float
#7 44.66 configuring -test-/funcall
#7 44.67 configuring -test-/gvl/call_without_gvl
#7 44.67 configuring -test-/hash
#7 44.67 configuring -test-/integer
#7 44.67 configuring -test-/iseq_load
#7 44.67 configuring -test-/iter
#7 44.68 configuring -test-/load/dot.dot
#7 44.68 configuring -test-/load/protect
#7 44.68 configuring -test-/marshal/compat
#7 44.68 configuring -test-/marshal/internal_ivar
#7 44.68 configuring -test-/marshal/usr
#7 44.69 configuring -test-/memory_status
#7 44.69 configuring -test-/method
#7 44.69 configuring -test-/notimplement
#7 44.69 configuring -test-/num2int
#7 44.69 configuring -test-/path_to_class
#7 44.70 configuring -test-/popen_deadlock
#7 44.70 configuring -test-/postponed_job
#7 44.70 configuring -test-/printf
#7 44.70 configuring -test-/proc
#7 44.70 configuring -test-/rational
#7 44.71 configuring -test-/rb_call_super_kw
#7 44.71 configuring -test-/recursion
#7 44.71 configuring digest/sha1
#7 44.71 configuring -test-/regexp
#7 44.71 configuring -test-/scan_args
#7 44.71 configuring -test-/st/foreach
#7 44.71 configuring -test-/st/numhash
#7 44.72 configuring -test-/st/update
#7 44.72 configuring -test-/string
#7 44.72 configuring -test-/struct
#7 44.72 configuring -test-/symbol
#7 44.87 configuring -test-/thread_fd_close
#7 44.87 configuring -test-/time
#7 44.87 configuring -test-/tracepoint
#7 44.87 configuring -test-/typeddata
#7 44.88 configuring -test-/vm
#7 44.88 configuring -test-/wait_for_single_fd
#7 45.44 configuring digest/sha2
#7 56.28 make[1]: Leaving directory '/tmp/ruby/ruby-2.7.4'
#7 56.28 generating makefile exts.mk
#7 56.32 exts.mk updated
#7 56.32 make[1]: Entering directory '/tmp/ruby/ruby-2.7.4'
#7 56.32 make[2]: Entering directory '/tmp/ruby/ruby-2.7.4/ext/digest'
#7 56.32 make[2]: Entering directory '/tmp/ruby/ruby-2.7.4/ext/pty'
#7 56.32 make[2]: Entering directory '/tmp/ruby/ruby-2.7.4/ext/pathname'
#7 56.32 make[2]: Entering directory '/tmp/ruby/ruby-2.7.4/ext/stringio'
#7 56.32 compiling digest.c
#7 56.32 make[2]: Entering directory '/tmp/ruby/ruby-2.7.4/ext/rubyvm'
#7 56.32 compiling pty.c
#7 56.32 compiling pathname.c
#7 56.32 make[2]: Entering directory '/tmp/ruby/ruby-2.7.4/ext/fiddle'
#7 56.32 compiling stringio.c
#7 56.32 make[2]: Entering directory '/tmp/ruby/ruby-2.7.4/ext/date'
#7 56.32 make[2]: Entering directory '/tmp/ruby/ruby-2.7.4/ext/cgi/escape'
#7 56.32 compiling closure.c
#7 56.32 compiling escape.c
#7 56.32 compiling date_core.c
#7 56.32 compiling conversions.c
#7 56.32 make[2]: Entering directory '/tmp/ruby/ruby-2.7.4/ext/coverage'
#7 56.33 make[2]: Entering directory '/tmp/ruby/ruby-2.7.4/ext/json'
#7 56.33 make[2]: Entering directory '/tmp/ruby/ruby-2.7.4/ext/sdbm'
#7 56.33 make[2]: Entering directory '/tmp/ruby/ruby-2.7.4/ext/etc'
#7 56.33 compiling coverage.c
#7 56.33 make[2]: Entering directory '/tmp/ruby/ruby-2.7.4/ext/dbm'
#7 56.33 make[2]: Entering directory '/tmp/ruby/ruby-2.7.4/ext/rbconfig/sizeof'
#7 56.33 compiling _sdbm.c
#7 56.33 compiling etc.c
#7 56.33 make[2]: Entering directory '/tmp/ruby/ruby-2.7.4/ext/socket'
#7 56.33 compiling dbm.c
#7 56.33 compiling sizes.c
#7 56.33 compiling init.c
#7 56.33 make[2]: Entering directory '/tmp/ruby/ruby-2.7.4/ext/ripper'
#7 56.33 installing default pty libraries
#7 56.33 compiling ripper.c
#7 56.33 installing default pathname libraries
#7 56.33 compiling init.c
#7 56.33 installing default libraries
#7 56.33 make[2]: Leaving directory '/tmp/ruby/ruby-2.7.4/ext/rubyvm'
#7 56.33 installing default digest libraries
#7 56.33 compiling constants.c
#7 56.34 compiling limits.c
#7 56.34 installing default coverage libraries
#7 56.36 compiling basicsocket.c
#7 56.40 make[2]: Leaving directory '/tmp/ruby/ruby-2.7.4/ext/json'
#7 56.40 compiling date_parse.c
#7 56.46 linking shared-object rbconfig/sizeof.so
#7 56.47 make[2]: Entering directory '/tmp/ruby/ruby-2.7.4/ext/continuation'
#7 56.47 compiling continuation.c
#7 56.47 installing digest libraries
#7 56.48 compiling socket.c
#7 56.49 make[2]: Leaving directory '/tmp/ruby/ruby-2.7.4/ext/rbconfig/sizeof'
#7 56.50 compiling date_strftime.c
#7 56.50 compiling date_strptime.c
#7 56.51 compiling fiddle.c
#7 56.53 linking shared-object cgi/escape.so
#7 56.53 linking shared-object pty.so
#7 56.56 make[2]: Leaving directory '/tmp/ruby/ruby-2.7.4/ext/cgi/escape'
#7 56.56 compiling function.c
#7 56.57 linking shared-object digest.so
#7 56.57 linking shared-object continuation.so
#7 56.58 make[2]: Leaving directory '/tmp/ruby/ruby-2.7.4/ext/pty'
#7 56.59 checking ../.././parse.y and ../.././ext/ripper/eventids2.c
#7 56.60 make[2]: Entering directory '/tmp/ruby/ruby-2.7.4/ext/psych'
#7 56.60 linking shared-object coverage.so
#7 56.60 compiling psych.c
#7 56.62 make[2]: Leaving directory '/tmp/ruby/ruby-2.7.4/ext/continuation'
#7 56.62 make[2]: Leaving directory '/tmp/ruby/ruby-2.7.4/ext/digest'
#7 56.63 compiling handle.c
#7 56.63 linking shared-object etc.so
#7 56.63 make[2]: Entering directory '/tmp/ruby/ruby-2.7.4/ext/gdbm'
#7 56.64 make[2]: Entering directory '/tmp/ruby/ruby-2.7.4/ext/bigdecimal'
#7 56.64 compiling bigdecimal.c
#7 56.64 compiling gdbm.c
#7 56.64 make[2]: Leaving directory '/tmp/ruby/ruby-2.7.4/ext/coverage'
#7 56.65 compiling psych_emitter.c
#7 56.66 compiling pointer.c
#7 56.68 make[2]: Leaving directory '/tmp/ruby/ruby-2.7.4/ext/etc'
#7 56.68 compiling psych_parser.c
#7 56.68 linking shared-object dbm.so
#7 56.68 compiling ipsocket.c
#7 56.68 compiling psych_to_ruby.c
#7 56.75 linking shared-object sdbm.so
#7 56.77 make[2]: Leaving directory '/tmp/ruby/ruby-2.7.4/ext/dbm'
#7 56.78 installing default ripper libraries
#7 56.78 installing default bigdecimal libraries
#7 56.78 compiling psych_yaml_tree.c
#7 56.78 compiling tcpsocket.c
#7 56.79 make[2]: Leaving directory '/tmp/ruby/ruby-2.7.4/ext/sdbm'
#7 56.81 make[2]: Entering directory '/tmp/ruby/ruby-2.7.4/ext/readline'
#7 56.81 compiling readline.c
#7 56.84 compiling tcpserver.c
#7 56.85 make[2]: Entering directory '/tmp/ruby/ruby-2.7.4/ext/openssl'
#7 56.86 compiling openssl_missing.c
#7 56.86 make[2]: Entering directory '/tmp/ruby/ruby-2.7.4/ext/nkf'
#7 56.86 compiling nkf.c
#7 56.88 installing default nkf libraries
#7 56.88 make[2]: Entering directory '/tmp/ruby/ruby-2.7.4/ext/io/console'
#7 56.88 compiling console.c
#7 56.88 compiling sockssocket.c
#7 56.89 compiling udpsocket.c
#7 56.90 compiling unixsocket.c
#7 56.94 compiling ossl.c
#7 56.96 linking shared-object fiddle.so
#7 56.96 make[2]: Entering directory '/tmp/ruby/ruby-2.7.4/ext/io/nonblock'
#7 56.96 compiling nonblock.c
#7 56.99 compiling unixserver.c
#7 57.00 linking shared-object stringio.so
#7 57.00 linking shared-object psych.so
#7 57.02 make[2]: Leaving directory '/tmp/ruby/ruby-2.7.4/ext/fiddle'
#7 57.02 compiling option.c
#7 57.02 compiling ancdata.c
#7 57.03 compiling raddrinfo.c
#7 57.05 linking shared-object gdbm.so
#7 57.06 make[2]: Leaving directory '/tmp/ruby/ruby-2.7.4/ext/stringio'
#7 57.07 linking shared-object pathname.so
#7 57.09 make[2]: Leaving directory '/tmp/ruby/ruby-2.7.4/ext/psych'
#7 57.09 make[2]: Entering directory '/tmp/ruby/ruby-2.7.4/ext/io/wait'
#7 57.09 make[2]: Leaving directory '/tmp/ruby/ruby-2.7.4/ext/gdbm'
#7 57.09 compiling wait.c
#7 57.09 compiling ossl_asn1.c
#7 57.10 make[2]: Entering directory '/tmp/ruby/ruby-2.7.4/ext/monitor'
#7 57.10 compiling monitor.c
#7 57.11 installing default monitor libraries
#7 57.12 compiling ossl_bio.c
#7 57.12 linking shared-object io/nonblock.so
#7 57.12 make[2]: Leaving directory '/tmp/ruby/ruby-2.7.4/ext/pathname'
#7 57.12 compiling ossl_bn.c
#7 57.15 compiling ossl_cipher.c
#7 57.16 compiling ifaddr.c
#7 57.16 make[2]: Leaving directory '/tmp/ruby/ruby-2.7.4/ext/io/nonblock'
#7 57.16 make[2]: Entering directory '/tmp/ruby/ruby-2.7.4/ext/racc/cparse'
#7 57.17 installing default console libraries
#7 57.17 compiling cparse.c
#7 57.17 make[2]: Entering directory '/tmp/ruby/ruby-2.7.4/ext/fcntl'
#7 57.17 compiling fcntl.c
#7 57.17 installing default socket libraries
#7 57.18 make[2]: Entering directory '/tmp/ruby/ruby-2.7.4/ext/strscan'
#7 57.18 compiling strscan.c
#7 57.19 linking shared-object io/console.so
#7 57.21 linking shared-object readline.so
#7 57.24 make[2]: Leaving directory '/tmp/ruby/ruby-2.7.4/ext/io/console'
#7 57.25 compiling ossl_config.c
#7 57.25 linking shared-object io/wait.so
#7 57.25 linking shared-object monitor.so
#7 57.26 linking shared-object fcntl.so
#7 57.27 make[2]: Entering directory '/tmp/ruby/ruby-2.7.4/ext/-test-/arith_seq/extract'
#7 57.27 compiling extract.c
#7 57.28 make[2]: Leaving directory '/tmp/ruby/ruby-2.7.4/ext/readline'
#7 57.29 make[2]: Leaving directory '/tmp/ruby/ruby-2.7.4/ext/io/wait'
#7 57.29 compiling ossl_digest.c
#7 57.30 make[2]: Entering directory '/tmp/ruby/ruby-2.7.4/ext/-test-/array/resize'
#7 57.30 compiling ossl_engine.c
#7 57.30 compiling resize.c
#7 57.30 make[2]: Leaving directory '/tmp/ruby/ruby-2.7.4/ext/monitor'
#7 57.31 make[2]: Leaving directory '/tmp/ruby/ruby-2.7.4/ext/fcntl'
#7 57.31 make[2]: Entering directory '/tmp/ruby/ruby-2.7.4/ext/-test-/bignum'
#7 57.32 make[2]: Entering directory '/tmp/ruby/ruby-2.7.4/ext/-test-/bug-14834'
#7 57.32 compiling intpack.c
#7 57.32 compiling bug-14384.c
#7 57.35 make[2]: Entering directory '/tmp/ruby/ruby-2.7.4/ext/-test-/bug-3571'
#7 57.35 compiling bug.c
#7 57.37 compiling ossl_hmac.c
#7 57.38 linking shared-object -test-/arith_seq/extract.so
#7 57.41 linking shared-object -test-/array/resize.so
#7 57.42 linking shared-object -test-/bug_14834.so
#7 57.42 compiling big2str.c
#7 57.42 linking shared-object racc/cparse.so
#7 57.42 make[2]: Leaving directory '/tmp/ruby/ruby-2.7.4/ext/-test-/arith_seq/extract'
#7 57.43 compiling mul.c
#7 57.43 linking shared-object -test-/bug_3571.so
#7 57.45 make[2]: Leaving directory '/tmp/ruby/ruby-2.7.4/ext/-test-/array/resize'
#7 57.45 make[2]: Entering directory '/tmp/ruby/ruby-2.7.4/ext/-test-/bug-5832'
#7 57.45 compiling bug.c
#7 57.46 make[2]: Leaving directory '/tmp/ruby/ruby-2.7.4/ext/racc/cparse'
#7 57.46 compiling init.c
#7 57.47 make[2]: Entering directory '/tmp/ruby/ruby-2.7.4/ext/-test-/bug_reporter'
#7 57.47 compiling bug_reporter.c
#7 57.48 make[2]: Leaving directory '/tmp/ruby/ruby-2.7.4/ext/-test-/bug-14834'
#7 57.48 make[2]: Entering directory '/tmp/ruby/ruby-2.7.4/ext/-test-/class'
#7 57.48 compiling init.c
#7 57.49 make[2]: Leaving directory '/tmp/ruby/ruby-2.7.4/ext/-test-/bug-3571'
#7 57.49 compiling ossl_kdf.c
#7 57.52 compiling ossl_ns_spki.c
#7 57.53 compiling bigzero.c
#7 57.55 compiling div.c
#7 57.55 compiling class2name.c
#7 57.55 linking shared-object strscan.so
#7 57.55 make[2]: Entering directory '/tmp/ruby/ruby-2.7.4/ext/-test-/cxxanyargs'
#7 57.55 compiling cxxanyargs.cpp
#7 57.56 compiling str2big.c
#7 57.56 linking shared-object -test-/bug_reporter.so
#7 57.56 linking shared-object -test-/bug_5832.so
#7 57.58 make[2]: Leaving directory '/tmp/ruby/ruby-2.7.4/ext/-test-/bug_reporter'
#7 57.59 make[2]: Entering directory '/tmp/ruby/ruby-2.7.4/ext/-test-/debug'
#7 57.59 compiling init.c
#7 57.60 make[2]: Leaving directory '/tmp/ruby/ruby-2.7.4/ext/strscan'
#7 57.60 make[2]: Entering directory '/tmp/ruby/ruby-2.7.4/ext/-test-/dln/empty'
#7 57.60 compiling empty.c
#7 57.61 make[2]: Leaving directory '/tmp/ruby/ruby-2.7.4/ext/-test-/bug-5832'
#7 57.61 compiling ossl_ocsp.c
#7 57.62 compiling profile_frames.c
#7 57.63 linking shared-object -test-/dln/empty.so
#7 57.64 linking shared-object -test-/class.so
#7 57.64 compiling inspector.c
#7 57.65 make[2]: Entering directory '/tmp/ruby/ruby-2.7.4/ext/-test-/enumerator_kw'
#7 57.65 compiling enumerator_kw.c
#7 57.65 linking shared-object -test-/bignum.so
#7 57.67 make[2]: Leaving directory '/tmp/ruby/ruby-2.7.4/ext/-test-/dln/empty'
#7 57.67 compiling ossl_pkcs12.c
#7 57.67 make[2]: Entering directory '/tmp/ruby/ruby-2.7.4/ext/-test-/exception'
#7 57.68 compiling enc_raise.c
#7 57.68 make[2]: Leaving directory '/tmp/ruby/ruby-2.7.4/ext/-test-/class'
#7 57.68 make[2]: Entering directory '/tmp/ruby/ruby-2.7.4/ext/-test-/fatal'
#7 57.69 make[2]: Entering directory '/tmp/ruby/ruby-2.7.4/ext/-test-/file'
#7 57.69 compiling stat.c
#7 57.69 compiling rb_fatal.c
#7 57.71 make[2]: Leaving directory '/tmp/ruby/ruby-2.7.4/ext/-test-/bignum'
#7 57.71 compiling dataerror.c
#7 57.73 compiling ossl_pkcs7.c
#7 57.74 linking shared-object -test-/debug.so
#7 57.75 compiling ossl_pkey.c
#7 57.77 compiling init.c
#7 57.78 make[2]: Entering directory '/tmp/ruby/ruby-2.7.4/ext/-test-/float'
#7 57.78 compiling fs.c
#7 57.78 linking shared-object -test-/fatal/rb_fatal.so
#7 57.78 compiling nextafter.c
#7 57.78 compiling init.c
#7 57.78 make[2]: Leaving directory '/tmp/ruby/ruby-2.7.4/ext/-test-/debug'
#7 57.79 make[2]: Entering directory '/tmp/ruby/ruby-2.7.4/ext/-test-/funcall'
#7 57.79 compiling funcall.c
#7 57.79 make[2]: Entering directory '/tmp/ruby/ruby-2.7.4/ext/-test-/gvl/call_without_gvl'
#7 57.80 linking shared-object socket.so
#7 57.80 compiling call_without_gvl.c
#7 57.80 linking shared-object -test-/enumerator_kw.so
#7 57.81 make[2]: Entering directory '/tmp/ruby/ruby-2.7.4/ext/-test-/hash'
#7 57.81 compiling delete.c
#7 57.83 make[2]: Leaving directory '/tmp/ruby/ruby-2.7.4/ext/-test-/fatal'
#7 57.83 compiling init.c
#7 57.84 linking shared-object -test-/cxxanyargs.so
#7 57.85 make[2]: Entering directory '/tmp/ruby/ruby-2.7.4/ext/-test-/integer'
#7 57.85 compiling core_ext.c
#7 57.85 make[2]: Leaving directory '/tmp/ruby/ruby-2.7.4/ext/-test-/enumerator_kw'
#7 57.86 make[2]: Entering directory '/tmp/ruby/ruby-2.7.4/ext/-test-/iseq_load'
#7 57.86 compiling iseq_load.c
#7 57.86 compiling ensured.c
#7 57.88 make[2]: Entering directory '/tmp/ruby/ruby-2.7.4/ext/-test-/iter'
#7 57.88 linking shared-object -test-/funcall.so
#7 57.88 compiling init.c
#7 57.89 make[2]: Leaving directory '/tmp/ruby/ruby-2.7.4/ext/socket'
#7 57.89 compiling init.c
#7 57.89 linking shared-object -test-/float.so
#7 57.90 compiling break.c
#7 57.90 linking shared-object -test-/gvl/call_without_gvl.so
#7 57.92 compiling yield.c
#7 57.92 make[2]: Leaving directory '/tmp/ruby/ruby-2.7.4/ext/-test-/funcall'
#7 57.92 make[2]: Leaving directory '/tmp/ruby/ruby-2.7.4/ext/-test-/float'
#7 57.92 linking shared-object -test-/file.so
#7 57.92 make[2]: Entering directory '/tmp/ruby/ruby-2.7.4/ext/-test-/load/dot.dot'
#7 57.92 compiling dot.dot.c
#7 57.93 compiling ossl_pkey_dh.c
#7 57.94 make[2]: Leaving directory '/tmp/ruby/ruby-2.7.4/ext/-test-/gvl/call_without_gvl'
#7 57.95 make[2]: Entering directory '/tmp/ruby/ruby-2.7.4/ext/-test-/load/protect'
#7 57.95 compiling protect.c
#7 57.96 linking shared-object -test-/load/dot.dot.so
#7 57.96 linking shared-object -test-/exception.so
#7 57.97 make[2]: Leaving directory '/tmp/ruby/ruby-2.7.4/ext/-test-/file'
#7 57.97 compiling init.c
#7 57.97 compiling ossl_pkey_dsa.c
#7 57.98 compiling my_integer.c
#7 57.98 linking shared-object -test-/hash.so
#7 57.99 make[2]: Leaving directory '/tmp/ruby/ruby-2.7.4/ext/-test-/cxxanyargs'
#7 57.99 compiling ossl_pkey_ec.c
#7 57.99 linking shared-object -test-/iseq_load.so
#7 57.99 make[2]: Entering directory '/tmp/ruby/ruby-2.7.4/ext/-test-/marshal/compat'
#7 57.99 make[2]: Leaving directory '/tmp/ruby/ruby-2.7.4/ext/-test-/exception'
#7 57.99 compiling usrcompat.c
#7 58.00 compiling ossl_pkey_rsa.c
#7 58.00 make[2]: Leaving directory '/tmp/ruby/ruby-2.7.4/ext/-test-/load/dot.dot'
#7 58.00 make[2]: Entering directory '/tmp/ruby/ruby-2.7.4/ext/-test-/marshal/internal_ivar'
#7 58.00 compiling internal_ivar.c
#7 58.00 compiling ossl_rand.c
#7 58.01 make[2]: Leaving directory '/tmp/ruby/ruby-2.7.4/ext/-test-/hash'
#7 58.02 make[2]: Entering directory '/tmp/ruby/ruby-2.7.4/ext/-test-/marshal/usr'
#7 58.02 compiling usrmarshal.c
#7 58.02 linking shared-object -test-/iter.so
#7 58.03 make[2]: Leaving directory '/tmp/ruby/ruby-2.7.4/ext/-test-/iseq_load'
#7 58.04 compiling ossl_ssl.c
#7 58.04 make[2]: Entering directory '/tmp/ruby/ruby-2.7.4/ext/-test-/method'
#7 58.04 compiling arity.c
#7 58.06 make[2]: Leaving directory '/tmp/ruby/ruby-2.7.4/ext/-test-/iter'
#7 58.06 compiling init.c
#7 58.07 linking shared-object -test-/load/protect.so
#7 58.07 linking shared-object -test-/integer.so
#7 58.09 linking shared-object -test-/marshal/compat.so
#7 58.09 make[2]: Entering directory '/tmp/ruby/ruby-2.7.4/ext/-test-/notimplement'
#7 58.09 compiling bug.c
#7 58.10 linking shared-object -test-/marshal/internal_ivar.so
#7 58.11 make[2]: Leaving directory '/tmp/ruby/ruby-2.7.4/ext/-test-/load/protect'
#7 58.12 make[2]: Entering directory '/tmp/ruby/ruby-2.7.4/ext/-test-/num2int'
#7 58.12 make[2]: Leaving directory '/tmp/ruby/ruby-2.7.4/ext/-test-/integer'
#7 58.12 compiling num2int.c
#7 58.12 linking shared-object -test-/marshal/usr.so
#7 58.12 make[2]: Entering directory '/tmp/ruby/ruby-2.7.4/ext/-test-/path_to_class'
#7 58.13 compiling path_to_class.c
#7 58.13 make[2]: Leaving directory '/tmp/ruby/ruby-2.7.4/ext/-test-/marshal/compat'
#7 58.13 make[2]: Leaving directory '/tmp/ruby/ruby-2.7.4/ext/-test-/marshal/internal_ivar'
#7 58.13 compiling ossl_ssl_session.c
#7 58.14 make[2]: Entering directory '/tmp/ruby/ruby-2.7.4/ext/-test-/popen_deadlock'
#7 58.14 make[2]: Entering directory '/tmp/ruby/ruby-2.7.4/ext/-test-/postponed_job'
#7 58.14 compiling infinite_loop_dlsym.c
#7 58.14 compiling postponed_job.c
#7 58.17 make[2]: Leaving directory '/tmp/ruby/ruby-2.7.4/ext/-test-/marshal/usr'
#7 58.17 linking shared-object -test-/method.so
#7 58.18 compiling ossl_x509.c
#7 58.18 compiling ossl_x509attr.c
#7 58.19 linking shared-object -test-/notimplement.so
#7 58.21 make[2]: Leaving directory '/tmp/ruby/ruby-2.7.4/ext/-test-/method'
#7 58.21 make[2]: Entering directory '/tmp/ruby/ruby-2.7.4/ext/-test-/printf'
#7 58.21 compiling printf.c
#7 58.22 make[2]: Leaving directory '/tmp/ruby/ruby-2.7.4/ext/-test-/notimplement'
#7 58.22 linking shared-object -test-/path_to_class.so
#7 58.22 compiling ossl_x509cert.c
#7 58.24 linking shared-object -test-/num2int.so
#7 58.26 linking shared-object -test-/popen_deadlock/infinite_loop_dlsym.so
#7 58.26 make[2]: Leaving directory '/tmp/ruby/ruby-2.7.4/ext/-test-/path_to_class'
#7 58.27 make[2]: Entering directory '/tmp/ruby/ruby-2.7.4/ext/-test-/proc'
#7 58.27 compiling receiver.c
#7 58.28 linking shared-object -test-/postponed_job.so
#7 58.28 make[2]: Entering directory '/tmp/ruby/ruby-2.7.4/ext/-test-/rational'
#7 58.28 compiling rat.c
#7 58.29 make[2]: Leaving directory '/tmp/ruby/ruby-2.7.4/ext/-test-/num2int'
#7 58.29 compiling init.c
#7 58.30 make[2]: Entering directory '/tmp/ruby/ruby-2.7.4/ext/-test-/rb_call_super_kw'
#7 58.30 make[2]: Leaving directory '/tmp/ruby/ruby-2.7.4/ext/-test-/popen_deadlock'
#7 58.31 compiling rb_call_super_kw.c
#7 58.31 compiling super.c
#7 58.32 make[2]: Leaving directory '/tmp/ruby/ruby-2.7.4/ext/-test-/postponed_job'
#7 58.33 compiling ossl_x509crl.c
#7 58.36 make[2]: Entering directory '/tmp/ruby/ruby-2.7.4/ext/-test-/recursion'
#7 58.36 compiling recursion.c
#7 58.37 make[2]: Entering directory '/tmp/ruby/ruby-2.7.4/ext/-test-/regexp'
#7 58.37 compiling parse_depth_limit.c
#7 58.37 make[2]: Entering directory '/tmp/ruby/ruby-2.7.4/ext/-test-/scan_args'
#7 58.37 make[2]: Entering directory '/tmp/ruby/ruby-2.7.4/ext/-test-/st/foreach'
#7 58.38 linking shared-object -test-/rational.so
#7 58.38 compiling scan_args.c
#7 58.38 compiling init.c
#7 58.38 compiling foreach.c
#7 58.40 linking shared-object -test-/printf.so
#7 58.41 linking shared-object -test-/rb_call_super_kw.so
#7 58.42 linking shared-object -test-/proc.so
#7 58.42 make[2]: Leaving directory '/tmp/ruby/ruby-2.7.4/ext/-test-/rational'
#7 58.42 linking shared-object nkf.so
#7 58.44 make[2]: Entering directory '/tmp/ruby/ruby-2.7.4/ext/-test-/st/numhash'
#7 58.44 compiling ossl_x509ext.c
#7 58.44 compiling numhash.c
#7 58.45 make[2]: Leaving directory '/tmp/ruby/ruby-2.7.4/ext/-test-/rb_call_super_kw'
#7 58.45 make[2]: Leaving directory '/tmp/ruby/ruby-2.7.4/ext/-test-/printf'
#7 58.45 compiling ossl_x509name.c
#7 58.45 make[2]: Entering directory '/tmp/ruby/ruby-2.7.4/ext/-test-/st/update'
#7 58.45 make[2]: Entering directory '/tmp/ruby/ruby-2.7.4/ext/-test-/string'
#7 58.45 compiling new.c
#7 58.45 compiling update.c
#7 58.46 make[2]: Leaving directory '/tmp/ruby/ruby-2.7.4/ext/-test-/proc'
#7 58.46 compiling ossl_x509req.c
#7 58.46 linking shared-object -test-/regexp.so
#7 58.46 make[2]: Entering directory '/tmp/ruby/ruby-2.7.4/ext/-test-/struct'
#7 58.46 linking shared-object -test-/recursion.so
#7 58.46 compiling duplicate.c
#7 58.48 make[2]: Leaving directory '/tmp/ruby/ruby-2.7.4/ext/nkf'
#7 58.49 compiling len.c
#7 58.50 linking shared-object -test-/st/foreach.so
#7 58.50 make[2]: Leaving directory '/tmp/ruby/ruby-2.7.4/ext/-test-/recursion'
#7 58.50 compiling ossl_x509revoked.c
#7 58.50 linking shared-object bigdecimal.so
#7 58.51 make[2]: Leaving directory '/tmp/ruby/ruby-2.7.4/ext/-test-/regexp'
#7 58.51 compiling ossl_x509store.c
#7 58.53 linking shared-object -test-/st/update.so
#7 58.54 make[2]: Leaving directory '/tmp/ruby/ruby-2.7.4/ext/-test-/st/foreach'
#7 58.54 compiling enc_associate.c
#7 58.56 compiling set_len.c
#7 58.56 compiling member.c
#7 58.57 linking shared-object -test-/st/numhash.so
#7 58.57 make[2]: Leaving directory '/tmp/ruby/ruby-2.7.4/ext/-test-/st/update'
#7 58.57 compiling init.c
#7 58.57 make[2]: Entering directory '/tmp/ruby/ruby-2.7.4/ext/-test-/symbol'
#7 58.57 compiling init.c
#7 58.58 make[2]: Leaving directory '/tmp/ruby/ruby-2.7.4/ext/bigdecimal'
#7 58.58 compiling type.c
#7 58.59 make[2]: Entering directory '/tmp/ruby/ruby-2.7.4/ext/-test-/thread_fd_close'
#7 58.59 compiling thread_fd_close.c
#7 58.60 make[2]: Leaving directory '/tmp/ruby/ruby-2.7.4/ext/-test-/st/numhash'
#7 58.60 compiling nofree.c
#7 58.63 installing default openssl libraries
#7 58.63 compiling enc_str_buf_cat.c
#7 58.64 make[2]: Entering directory '/tmp/ruby/ruby-2.7.4/ext/-test-/time'
#7 58.64 compiling new.c
#7 58.65 make[2]: Entering directory '/tmp/ruby/ruby-2.7.4/ext/-test-/tracepoint'
#7 58.65 compiling gc_hook.c
#7 58.65 compiling leap_second.c
#7 58.66 linking shared-object -test-/struct.so
#7 58.66 linking shared-object -test-/thread_fd_close.so
#7 58.67 compiling init.c
#7 58.69 make[2]: Entering directory '/tmp/ruby/ruby-2.7.4/ext/-test-/typeddata'
#7 58.69 compiling fstring.c
#7 58.69 compiling typeddata.c
#7 58.69 compiling modify.c
#7 58.71 make[2]: Leaving directory '/tmp/ruby/ruby-2.7.4/ext/-test-/struct'
#7 58.71 make[2]: Leaving directory '/tmp/ruby/ruby-2.7.4/ext/-test-/thread_fd_close'
#7 58.71 compiling init.c
#7 58.71 compiling tracepoint.c
#7 58.71 linking shared-object -test-/symbol.so
#7 58.72 compiling capacity.c
#7 58.74 make[2]: Entering directory '/tmp/ruby/ruby-2.7.4/ext/-test-/vm'
#7 58.74 compiling at_exit.c
#7 58.74 compiling cstr.c
#7 58.74 make[2]: Entering directory '/tmp/ruby/ruby-2.7.4/ext/-test-/wait_for_single_fd'
#7 58.74 compiling wait_for_single_fd.c
#7 58.76 make[2]: Entering directory '/tmp/ruby/ruby-2.7.4/ext/objspace'
#7 58.76 make[2]: Leaving directory '/tmp/ruby/ruby-2.7.4/ext/-test-/symbol'
#7 58.76 compiling object_tracing.c
#7 58.76 make[2]: Entering directory '/tmp/ruby/ruby-2.7.4/ext/syslog'
#7 58.76 compiling syslog.c
#7 58.76 make[2]: Entering directory '/tmp/ruby/ruby-2.7.4/ext/zlib'
#7 58.76 linking shared-object -test-/time.so
#7 58.76 compiling zlib.c
#7 58.77 compiling objspace.c
#7 58.78 compiling objspace_dump.c
#7 58.79 compiling rb_str_dup.c
#7 58.80 make[2]: Leaving directory '/tmp/ruby/ruby-2.7.4/ext/-test-/time'
#7 58.80 linking shared-object -test-/typeddata.so
#7 58.81 compiling qsort.c
#7 58.81 make[2]: Entering directory '/tmp/ruby/ruby-2.7.4/ext/fiber'
#7 58.81 compiling fiber.c
#7 58.82 compiling normalize.c
#7 58.82 linking shared-object -test-/tracepoint.so
#7 58.82 compiling ellipsize.c
#7 58.83 linking shared-object -test-/vm/at_exit.so
#7 58.84 linking shared-object -test-/wait_for_single_fd.so
#7 58.85 linking shared-object fiber.so
#7 58.85 make[2]: Leaving directory '/tmp/ruby/ruby-2.7.4/ext/-test-/typeddata'
#7 58.86 installing default syslog libraries
#7 58.87 make[2]: Leaving directory '/tmp/ruby/ruby-2.7.4/ext/-test-/tracepoint'
#7 58.87 compiling coderange.c
#7 58.87 make[2]: Leaving directory '/tmp/ruby/ruby-2.7.4/ext/-test-/vm'
#7 58.87 make[2]: Entering directory '/tmp/ruby/ruby-2.7.4/ext/digest/bubblebabble'
#7 58.88 compiling bubblebabble.c
#7 58.88 make[2]: Entering directory '/tmp/ruby/ruby-2.7.4/ext/digest/md5'
#7 58.88 compiling md5init.c
#7 58.88 make[2]: Entering directory '/tmp/ruby/ruby-2.7.4/ext/digest/rmd160'
#7 58.88 make[2]: Leaving directory '/tmp/ruby/ruby-2.7.4/ext/-test-/wait_for_single_fd'
#7 58.89 compiling rmd160init.c
#7 58.89 make[2]: Entering directory '/tmp/ruby/ruby-2.7.4/ext/digest/sha1'
#7 58.89 compiling sha1init.c
#7 58.89 make[2]: Entering directory '/tmp/ruby/ruby-2.7.4/ext/digest/sha2'
#7 58.89 compiling sha2init.c
#7 58.89 make[2]: Leaving directory '/tmp/ruby/ruby-2.7.4/ext/fiber'
#7 58.90 make[2]: Entering directory '/tmp/ruby/ruby-2.7.4/ext/json/generator'
#7 58.90 compiling generator.c
#7 58.91 make[2]: Entering directory '/tmp/ruby/ruby-2.7.4/ext/json/parser'
#7 58.91 installing default sha2 libraries
#7 58.91 compiling parser.c
#7 58.93 linking shared-object openssl.so
#7 58.94 linking shared-object syslog.so
#7 58.96 linking shared-object digest/md5.so
#7 58.96 linking shared-object -test-/string.so
#7 58.97 make[2]: Leaving directory '/tmp/ruby/ruby-2.7.4/ext/syslog'
#7 58.97 linking shared-object digest/sha2.so
#7 58.98 linking shared-object digest/rmd160.so
#7 58.99 linking shared-object digest/sha1.so
#7 58.99 linking shared-object digest/bubblebabble.so
#7 59.00 make[2]: Leaving directory '/tmp/ruby/ruby-2.7.4/ext/-test-/string'
#7 59.02 make[2]: Leaving directory '/tmp/ruby/ruby-2.7.4/ext/digest/bubblebabble'
#7 59.03 make[2]: Leaving directory '/tmp/ruby/ruby-2.7.4/ext/digest/md5'
#7 59.04 make[2]: Leaving directory '/tmp/ruby/ruby-2.7.4/ext/digest/sha2'
#7 59.05 make[2]: Leaving directory '/tmp/ruby/ruby-2.7.4/ext/digest/rmd160'
#7 59.07 make[2]: Leaving directory '/tmp/ruby/ruby-2.7.4/ext/digest/sha1'
#7 59.09 make[2]: Leaving directory '/tmp/ruby/ruby-2.7.4/ext/openssl'
#7 59.13 linking shared-object objspace.so
#7 59.16 make[2]: Leaving directory '/tmp/ruby/ruby-2.7.4/ext/objspace'
#7 59.24 linking shared-object -test-/scan_args.so
#7 59.25 linking shared-object json/ext/parser.so
#7 59.27 make[2]: Leaving directory '/tmp/ruby/ruby-2.7.4/ext/-test-/scan_args'
#7 59.27 make[2]: Leaving directory '/tmp/ruby/ruby-2.7.4/ext/json/parser'
#7 59.40 linking shared-object date_core.so
#7 59.46 linking shared-object json/ext/generator.so
#7 59.47 make[2]: Leaving directory '/tmp/ruby/ruby-2.7.4/ext/date'
#7 59.49 make[2]: Leaving directory '/tmp/ruby/ruby-2.7.4/ext/json/generator'
#7 59.74 linking shared-object zlib.so
#7 59.78 make[2]: Leaving directory '/tmp/ruby/ruby-2.7.4/ext/zlib'
#7 60.60 linking shared-object ripper.so
#7 60.64 make[2]: Leaving directory '/tmp/ruby/ruby-2.7.4/ext/ripper'
#7 60.65 make[2]: Entering directory '/tmp/ruby/ruby-2.7.4'
#7 60.68 ./revision.h unchanged
#7 60.68 linking ruby
#7 60.71 make[2]: Leaving directory '/tmp/ruby/ruby-2.7.4'
#7 60.71 make[1]: Leaving directory '/tmp/ruby/ruby-2.7.4'
#7 60.71 make[1]: Entering directory '/tmp/ruby/ruby-2.7.4'
#7 60.71 make[1]: Nothing to be done for 'note'.
#7 60.71 make[1]: Leaving directory '/tmp/ruby/ruby-2.7.4'
#7 60.74 ./revision.h unchanged
#7 60.75 generating x86_64-linux-fake.rb
#7 60.81 x86_64-linux-fake.rb updated
#7 60.81 	BASERUBY = echo executable host ruby is required.  use --with-baseruby option.; false
#7 60.81 	CC = gcc
#7 60.81 	LD = ld
#7 60.81 	LDSHARED = gcc -shared
#7 60.81 	CFLAGS = -g -O2 -fPIC 
#7 60.81 	XCFLAGS = -D_FORTIFY_SOURCE=2 -fstack-protector-strong -fno-strict-overflow -fvisibility=hidden -fexcess-precision=standard -DRUBY_EXPORT -DCANONICALIZATION_FOR_MATHN -I. -I.ext/include/x86_64-linux -I./include -I. -I./enc/unicode/12.1.0
#7 60.81 	CPPFLAGS =   
#7 60.81 	DLDFLAGS = -Wl,--compress-debug-sections=zlib -Wl,-soname,libruby.so.2.7  -fstack-protector-strong  
#7 60.81 	SOLIBS = -lz -lpthread -lrt -lrt -ldl -lcrypt -lm 
#7 60.81 	LANG = 
#7 60.81 	LC_ALL = 
#7 60.81 	LC_CTYPE = 
#7 60.81 	MFLAGS = 
#7 60.81 gcc (AstraLinux 8.3.0-6+b1) 8.3.0
#7 60.81 Copyright (C) 2018 Free Software Foundation, Inc.
#7 60.81 This is free software; see the source for copying conditions.  There is NO
#7 60.81 warranty; not even for MERCHANTABILITY or FITNESS FOR A PARTICULAR PURPOSE.
#7 60.81 
#7 60.81 generating enc.mk
#7 60.85 making srcs under enc
#7 60.87 make[1]: Entering directory '/tmp/ruby/ruby-2.7.4'
#7 60.87 make[1]: Nothing to be done for 'srcs'.
#7 60.87 make[1]: Leaving directory '/tmp/ruby/ruby-2.7.4'
#7 60.87 generating transdb.h
#7 61.00 transdb.h unchanged
#7 61.00 generating makefiles ext/configure-ext.mk
#7 61.02 ext/configure-ext.mk updated
#7 61.02 make[1]: Entering directory '/tmp/ruby/ruby-2.7.4'
#7 62.34 make[1]: Leaving directory '/tmp/ruby/ruby-2.7.4'
#7 62.34 generating makefile exts.mk
#7 62.37 exts.mk unchanged
#7 62.37 make[1]: Entering directory '/tmp/ruby/ruby-2.7.4'
#7 62.38 make[2]: Entering directory '/tmp/ruby/ruby-2.7.4/ext/pty'
#7 62.38 make[2]: Leaving directory '/tmp/ruby/ruby-2.7.4/ext/pty'
#7 62.38 make[2]: Entering directory '/tmp/ruby/ruby-2.7.4/ext/digest'
#7 62.39 make[2]: Leaving directory '/tmp/ruby/ruby-2.7.4/ext/digest'
#7 62.40 make[2]: Entering directory '/tmp/ruby/ruby-2.7.4/ext/digest/sha2'
#7 62.41 make[2]: Leaving directory '/tmp/ruby/ruby-2.7.4/ext/digest/sha2'
#7 62.41 make[2]: Entering directory '/tmp/ruby/ruby-2.7.4/ext/pathname'
#7 62.41 make[2]: Leaving directory '/tmp/ruby/ruby-2.7.4/ext/pathname'
#7 62.42 make[2]: Entering directory '/tmp/ruby/ruby-2.7.4/ext/fiddle'
#7 62.43 make[2]: Leaving directory '/tmp/ruby/ruby-2.7.4/ext/fiddle'
#7 62.43 make[2]: Entering directory '/tmp/ruby/ruby-2.7.4/ext/rubyvm'
#7 62.43 make[2]: Leaving directory '/tmp/ruby/ruby-2.7.4/ext/rubyvm'
#7 62.44 make[2]: Entering directory '/tmp/ruby/ruby-2.7.4/ext/date'
#7 62.44 make[2]: Leaving directory '/tmp/ruby/ruby-2.7.4/ext/date'
#7 62.45 make[2]: Entering directory '/tmp/ruby/ruby-2.7.4/ext/ripper'
#7 62.46 make[2]: Leaving directory '/tmp/ruby/ruby-2.7.4/ext/ripper'
#7 62.46 make[2]: Entering directory '/tmp/ruby/ruby-2.7.4/ext/coverage'
#7 62.47 make[2]: Leaving directory '/tmp/ruby/ruby-2.7.4/ext/coverage'
#7 62.47 make[2]: Entering directory '/tmp/ruby/ruby-2.7.4/ext/json'
#7 62.48 make[2]: Leaving directory '/tmp/ruby/ruby-2.7.4/ext/json'
#7 62.50 make[2]: Entering directory '/tmp/ruby/ruby-2.7.4/ext/socket'
#7 62.50 make[2]: Leaving directory '/tmp/ruby/ruby-2.7.4/ext/socket'
#7 62.51 make[2]: Entering directory '/tmp/ruby/ruby-2.7.4/ext/psych'
#7 62.53 make[2]: Leaving directory '/tmp/ruby/ruby-2.7.4/ext/psych'
#7 62.54 make[2]: Entering directory '/tmp/ruby/ruby-2.7.4/ext/bigdecimal'
#7 62.54 make[2]: Leaving directory '/tmp/ruby/ruby-2.7.4/ext/bigdecimal'
#7 62.55 make[2]: Entering directory '/tmp/ruby/ruby-2.7.4/ext/openssl'
#7 62.56 make[2]: Leaving directory '/tmp/ruby/ruby-2.7.4/ext/openssl'
#7 62.56 make[2]: Entering directory '/tmp/ruby/ruby-2.7.4/ext/nkf'
#7 62.57 make[2]: Leaving directory '/tmp/ruby/ruby-2.7.4/ext/nkf'
#7 62.57 make[2]: Entering directory '/tmp/ruby/ruby-2.7.4/ext/io/console'
#7 62.57 make[2]: Leaving directory '/tmp/ruby/ruby-2.7.4/ext/io/console'
#7 62.58 make[2]: Entering directory '/tmp/ruby/ruby-2.7.4/ext/monitor'
#7 62.59 make[2]: Leaving directory '/tmp/ruby/ruby-2.7.4/ext/monitor'
#7 62.74 make[2]: Entering directory '/tmp/ruby/ruby-2.7.4/ext/syslog'
#7 62.74 make[2]: Leaving directory '/tmp/ruby/ruby-2.7.4/ext/syslog'
#7 62.76 make[2]: Entering directory '/tmp/ruby/ruby-2.7.4'
#7 62.78 ./revision.h unchanged
#7 62.79 make[2]: Leaving directory '/tmp/ruby/ruby-2.7.4'
#7 62.79 make[1]: Leaving directory '/tmp/ruby/ruby-2.7.4'
#7 62.79 make[1]: Entering directory '/tmp/ruby/ruby-2.7.4'
#7 62.79 make[1]: Nothing to be done for 'note'.
#7 62.79 make[1]: Leaving directory '/tmp/ruby/ruby-2.7.4'
#7 62.79 making enc
#7 62.80 make[1]: Entering directory '/tmp/ruby/ruby-2.7.4'
#7 62.80 make[1]: Nothing to be done for 'enc'.
#7 62.80 make[1]: Leaving directory '/tmp/ruby/ruby-2.7.4'
#7 62.80 making trans
#7 62.82 make[1]: Entering directory '/tmp/ruby/ruby-2.7.4'
#7 62.82 make[1]: Nothing to be done for './enc/trans'.
#7 62.82 make[1]: Leaving directory '/tmp/ruby/ruby-2.7.4'
#7 62.82 making encs
#7 62.84 make[1]: Entering directory '/tmp/ruby/ruby-2.7.4'
#7 62.84 make[1]: Nothing to be done for 'encs'.
#7 62.84 make[1]: Leaving directory '/tmp/ruby/ruby-2.7.4'
#7 62.84 ./miniruby -I./lib -I. -I.ext/common  ./tool/runruby.rb --extout=.ext  -- --disable-gems -r./x86_64-linux-fake ./tool/rbinstall.rb --make="make" --dest-dir="" --extout=".ext" --mflags="" --make-flags="" --data-mode=0644 --prog-mode=0755 --installed-list .installed.list --mantype="man" --exclude=doc
#7 62.93 installing binary commands:         /usr/local/bin
#7 62.93 installing base libraries:          /usr/local/lib
#7 62.93 installing arch files:              /usr/local/lib/ruby/2.7.0/x86_64-linux
#7 62.93 installing pkgconfig data:          /usr/local/lib/pkgconfig
#7 62.93 installing extension objects:       /usr/local/lib/ruby/2.7.0/x86_64-linux
#7 62.96 installing extension objects:       /usr/local/lib/ruby/site_ruby/2.7.0/x86_64-linux
#7 62.96 installing extension objects:       /usr/local/lib/ruby/vendor_ruby/2.7.0/x86_64-linux
#7 62.96 installing extension headers:       /usr/local/include/ruby-2.7.0/x86_64-linux
#7 62.96 installing extension scripts:       /usr/local/lib/ruby/2.7.0
#7 62.99 installing extension scripts:       /usr/local/lib/ruby/site_ruby/2.7.0
#7 62.99 installing extension scripts:       /usr/local/lib/ruby/vendor_ruby/2.7.0
#7 62.99 installing extension headers:       /usr/local/include/ruby-2.7.0/ruby
#7 62.99 installing command scripts:         /usr/local/bin
#7 62.99 installing library scripts:         /usr/local/lib/ruby/2.7.0
#7 63.23 installing common headers:          /usr/local/include/ruby-2.7.0
#7 63.23 installing manpages:                /usr/local/share/man (man1, man5)
#7 63.25 installing default gems from lib:   /usr/local/lib/ruby/gems/2.7.0 (build_info, cache, doc, extensions, gems, specifications)
#7 63.30                                     benchmark 0.1.0
#7 63.30                                     bundler 2.1.4
#7 63.30                                     cgi 0.1.0
#7 63.30                                     csv 3.1.2
#7 63.30                                     delegate 0.1.0
#7 63.30                                     did_you_mean 1.4.0
#7 63.30                                     fileutils 1.4.1
#7 63.30                                     forwardable 1.3.1
#7 63.30                                     getoptlong 0.1.0
#7 63.31                                     ipaddr 1.2.2
#7 63.31                                     irb 1.2.6
#7 63.31                                     logger 1.4.2
#7 63.31                                     matrix 0.2.0
#7 63.31                                     mutex_m 0.1.0
#7 63.31                                     net-pop 0.1.0
#7 63.31                                     net-smtp 0.1.0
#7 63.31                                     observer 0.1.0
#7 63.31                                     open3 0.1.0
#7 63.31                                     ostruct 0.2.0
#7 63.31                                     prime 0.1.1
#7 63.31                                     pstore 0.1.0
#7 63.31                                     racc 1.4.16
#7 63.31                                     rdoc 6.2.1.1
#7 63.31                                     readline 0.0.2
#7 63.31                                     reline 0.1.5
#7 63.31                                     rexml 3.2.3.1
#7 63.31                                     rss 0.2.8
#7 63.31                                     singleton 0.1.0
#7 63.31                                     timeout 0.1.0
#7 63.31                                     tracer 0.1.0
#7 63.32                                     uri 0.10.0
#7 63.32                                     webrick 1.6.1
#7 63.32                                     yaml 0.1.0
#7 63.32 installing default gems from ext:   /usr/local/lib/ruby/gems/2.7.0 (build_info, cache, doc, extensions, gems, specifications)
#7 63.33                                     bigdecimal 2.0.0
#7 63.33                                     date 3.0.0
#7 63.33                                     dbm 1.1.0
#7 63.33                                     etc 1.1.0
#7 63.33                                     fcntl 1.0.0
#7 63.33                                     fiddle 1.0.0
#7 63.33                                     gdbm 2.1.0
#7 63.33                                     io-console 0.5.6
#7 63.33                                     json 2.3.0
#7 63.33                                     openssl 2.1.2
#7 63.33                                     psych 3.1.0
#7 63.33                                     readline-ext 0.1.0
#7 63.33                                     sdbm 1.0.0
#7 63.33                                     stringio 0.1.0
#7 63.33                                     strscan 1.0.3
#7 63.33                                     zlib 1.1.0
#7 63.33 installing bundled gems:            /usr/local/lib/ruby/gems/2.7.0 (build_info, cache, doc, extensions, gems, specifications)
#7 63.34                                     power_assert 1.1.7
#7 63.36                                     xmlrpc 0.3.0
#7 63.38                                     net-telnet 0.2.0
#7 63.39                                     test-unit 3.3.4
#7 63.42                                     rake 13.0.1
#7 63.47                                     minitest 5.13.0
#7 64.15 PaX control v0.9
#7 64.15 Copyright 2004,2005,2006,2007,2009,2010,2011,2012,2014 PaX Team <pageexec@freemail.hu>
#7 64.15 
#7 64.15 file /usr/local/bin/ruby had a PT_GNU_STACK program header, converted
#7 64.15 - PaX flags: -------x-e-- [/usr/local/bin/ruby]
#7 64.15 	RANDEXEC is disabled
#7 64.15 	EMUTRAMP is disabled
#7 64.16 PaX control v0.9
#7 64.16 Copyright 2004,2005,2006,2007,2009,2010,2011,2012,2014 PaX Team <pageexec@freemail.hu>
#7 64.16 
#7 66.09 file /root/.nvm/versions/node/v20.19.0/bin/node had a PT_GNU_STACK program header, converted
#7 66.09 - PaX flags: -------x-e-- [/root/.nvm/versions/node/v20.19.0/bin/node]
#7 66.09 	RANDEXEC is disabled
#7 66.09 	EMUTRAMP is disabled
#7 66.11 Adding user `git' ...
#7 66.11 Adding new group `git' (1000) ...
#7 70.32 Adding new user `git' (1000) with group `git' ...
#7 72.83 Creating home directory `/home/git' ...
#7 72.83 sh: pdpl-file: command not found
#7 72.83 Copying files from `/etc/skel' ...
#7 72.89 User git	(1000)	had 0
#7 72.93 passwd: password changed.
#7 72.98 Cloning gitlab-foss v.14.4.3...
#7 88.79 Applying patches for gitlab-foss...
#7 88.80 Downloading Go 1.17.4...
#7 101.5 2025-03-29 14:58:13 URL:https://storage.googleapis.com/golang/go1.17.4.linux-amd64.tar.gz [134807371/134807371] -> "/etc/docker-gitlab/build/go1.17.4.linux-amd64.tar.gz" [1]
#7 107.5 Downloading gitlab-shell v.13.21.1...
#7 108.1 Compiling gitlab-shell golang executables...
#7 111.1 Fetching gem metadata from https://rubygems.org/.
#7 111.2 Using bundler 2.1.4
#7 111.2 Fetching rspec-support 3.8.0
#7 111.2 Fetching diff-lcs 1.3
#7 111.4 Installing rspec-support 3.8.0
#7 111.4 Installing diff-lcs 1.3
#7 111.7 Fetching rspec-mocks 3.8.0
#7 111.7 Fetching rspec-expectations 3.8.1
#7 111.7 Fetching rspec-core 3.8.0
#7 111.8 Installing rspec-expectations 3.8.1
#7 111.8 Installing rspec-mocks 3.8.0
#7 111.8 Installing rspec-core 3.8.0
#7 112.0 Fetching rspec 3.8.0
#7 112.1 Installing rspec 3.8.0
#7 112.1 Bundle complete! 1 Gemfile dependency, 7 gems now installed.
#7 112.1 Bundled gems are installed into `./vendor/bundle`
#7 113.6 go: downloading github.com/stretchr/testify v1.7.0
#7 113.6 go: downloading github.com/prometheus/client_golang v1.10.0
#7 113.6 go: downloading gopkg.in/yaml.v2 v2.4.0
#7 113.6 go: downloading gitlab.com/gitlab-org/gitaly/v14 v14.0.0-rc1
#7 113.6 go: downloading google.golang.org/grpc v1.37.0
#7 113.6 go: downloading gitlab.com/gitlab-org/labkit v1.7.0
#7 113.6 go: downloading github.com/grpc-ecosystem/go-grpc-middleware v1.3.0
#7 113.6 go: downloading github.com/grpc-ecosystem/go-grpc-prometheus v1.2.0
#7 113.6 go: downloading github.com/pires/go-proxyproto v0.6.0
#7 113.6 go: downloading golang.org/x/crypto v0.0.0-20201221181555-eec23a3978ad
#7 113.6 go: downloading github.com/mattn/go-shellwords v1.0.11
#7 113.6 go: downloading golang.org/x/sync v0.0.0-20210220032951-036812b2e83c
#7 113.6 go: downloading github.com/otiai10/copy v1.4.2
#7 113.7 go: downloading github.com/mikesmitty/edkey v0.0.0-20170222072505-3356ea4e686a
#7 113.8 go: downloading golang.org/x/net v0.0.0-20210316092652-d523dce5a7f4
#7 113.8 go: downloading github.com/prometheus/client_model v0.2.0
#7 113.8 go: downloading github.com/prometheus/common v0.18.0
#7 113.8 go: downloading github.com/beorn7/perks v1.0.1
#7 113.8 go: downloading github.com/cespare/xxhash/v2 v2.1.1
#7 113.8 go: downloading github.com/golang/protobuf v1.5.2
#7 114.0 go: downloading github.com/prometheus/procfs v0.6.0
#7 114.0 go: downloading golang.org/x/sys v0.0.0-20210412220455-f1c623a9e750
#7 114.0 go: downloading github.com/davecgh/go-spew v1.1.1
#7 114.0 go: downloading github.com/pmezard/go-difflib v1.0.0
#7 114.0 go: downloading gopkg.in/yaml.v3 v3.0.0-20200313102051-9f266ea9e77c
#7 114.1 go: downloading github.com/oklog/ulid/v2 v2.0.2
#7 114.1 go: downloading github.com/sebest/xff v0.0.0-20210106013422-671bd2870b3a
#7 114.1 go: downloading github.com/sirupsen/logrus v1.8.1
#7 114.1 go: downloading github.com/client9/reopen v1.0.0
#7 114.1 go: downloading cloud.google.com/go v0.81.0
#7 114.3 go: downloading google.golang.org/api v0.45.0
#7 114.4 go: downloading github.com/opentracing/opentracing-go v1.2.0
#7 114.5 go: downloading google.golang.org/genproto v0.0.0-20210413151531-c14fb6ef47c3
#7 114.6 go: downloading contrib.go.opencensus.io/exporter/stackdriver v0.13.8
#7 114.6 go: downloading github.com/lightstep/lightstep-tracer-go v0.24.0
#7 114.7 go: downloading github.com/uber/jaeger-client-go v2.27.0+incompatible
#7 114.7 go: downloading go.opencensus.io v0.23.0
#7 114.7 go: downloading gopkg.in/DataDog/dd-trace-go.v1 v1.30.0
#7 114.8 go: downloading gitlab.com/gitlab-org/gitaly v1.68.0
#7 114.9 go: downloading github.com/matttproud/golang_protobuf_extensions v1.0.1
#7 114.9 go: downloading google.golang.org/protobuf v1.26.0
#7 116.4 go: downloading github.com/gogo/protobuf v1.3.2
#7 116.4 go: downloading github.com/lightstep/lightstep-tracer-common/golang/gogo v0.0.0-20210210170715-a8dfcb80d3a7
#7 116.4 go: downloading github.com/google/pprof v0.0.0-20210226084205-cbba55b83ad5
#7 116.4 go: downloading github.com/googleapis/gax-go/v2 v2.0.5
#7 116.7 go: downloading github.com/census-instrumentation/opencensus-proto v0.3.0
#7 116.8 go: downloading golang.org/x/oauth2 v0.0.0-20210413134643-5e61552d6c78
#7 117.0 go: downloading golang.org/x/text v0.3.5
#7 117.6 go: downloading github.com/shirou/gopsutil v2.20.1+incompatible
#7 117.7 go: downloading github.com/golang/groupcache v0.0.0-20210331224755-41bb18bfe9da
#7 117.7 go: downloading github.com/pkg/errors v0.9.1
#7 117.7 go: downloading github.com/uber/jaeger-lib v2.4.1+incompatible
#7 117.7 go: downloading github.com/DataDog/datadog-go v4.4.0+incompatible
#7 117.7 go: downloading github.com/tinylib/msgp v1.1.2
#7 117.7 go: downloading golang.org/x/time v0.0.0-20191024005414-555d28b269f0
#7 117.7 go: downloading golang.org/x/xerrors v0.0.0-20200804184101-5ec99f83aff1
#7 117.8 go: downloading google.golang.org/appengine v1.6.7
#7 118.1 go: downloading github.com/aws/aws-sdk-go v1.37.0
#7 118.3 go: downloading go.uber.org/atomic v1.5.0
#7 118.4 go: downloading github.com/google/uuid v1.1.2
#7 118.6 go: downloading github.com/hashicorp/yamux v0.0.0-20210316155119-a95892c5f864
#7 118.7 go: downloading github.com/Microsoft/go-winio v0.4.19
#7 118.9 go: downloading github.com/philhofer/fwd v1.0.0
#7 118.9 go: downloading golang.org/x/lint v0.0.0-20201208152925-83fdc39ff7b5
#7 119.0 go: downloading github.com/StackExchange/wmi v0.0.0-20190523213315-cbe66965904d
#7 119.1 go: downloading golang.org/x/tools v0.1.0
#7 119.1 go: downloading github.com/go-ole/go-ole v1.2.4
#7 122.3 go: downloading github.com/google/go-cmp v0.5.5
#7 126.0 go: downloading github.com/jmespath/go-jmespath v0.4.0
#7 126.8 gofmt -w -s ./vendor/google.golang.org/api/option/option.go ./vendor/google.golang.org/api/option/credentials_notgo19.go ./vendor/google.golang.org/api/option/credentials_go19.go ./vendor/google.golang.org/api/option/internaloption/internaloption.go ./vendor/google.golang.org/api/support/bundler/bundler.go ./vendor/google.golang.org/api/transport/cert/default_cert.go ./vendor/google.golang.org/api/transport/internal/dca/dca.go ./vendor/google.golang.org/api/transport/grpc/dial_appengine.go ./vendor/google.golang.org/api/transport/grpc/dial.go ./vendor/google.golang.org/api/transport/grpc/pool.go ./vendor/google.golang.org/api/transport/grpc/dial_socketopt.go ./vendor/google.golang.org/api/iterator/iterator.go ./vendor/google.golang.org/api/internal/conn_pool.go ./vendor/google.golang.org/api/internal/creds.go ./vendor/google.golang.org/api/internal/impersonate/impersonate.go ./vendor/google.golang.org/api/internal/settings.go ./vendor/google.golang.org/protobuf/runtime/protoiface/methods.go ./vendor/google.golang.org/protobuf/runtime/protoiface/legacy.go ./vendor/google.golang.org/protobuf/runtime/protoimpl/version.go ./vendor/google.golang.org/protobuf/runtime/protoimpl/impl.go ./vendor/google.golang.org/protobuf/encoding/prototext/doc.go ./vendor/google.golang.org/protobuf/encoding/prototext/encode.go ./vendor/google.golang.org/protobuf/encoding/prototext/decode.go ./vendor/google.golang.org/protobuf/encoding/protowire/wire.go ./vendor/google.golang.org/protobuf/encoding/protojson/decode.go ./vendor/google.golang.org/protobuf/encoding/protojson/encode.go ./vendor/google.golang.org/protobuf/encoding/protojson/well_known_types.go ./vendor/google.golang.org/protobuf/encoding/protojson/doc.go ./vendor/google.golang.org/protobuf/proto/reset.go ./vendor/google.golang.org/protobuf/proto/merge.go ./vendor/google.golang.org/protobuf/proto/size_gen.go ./vendor/google.golang.org/protobuf/proto/extension.go ./vendor/google.golang.org/protobuf/proto/messageset.go ./vendor/google.golang.org/protobuf/proto/proto_methods.go ./vendor/google.golang.org/protobuf/proto/checkinit.go ./vendor/google.golang.org/protobuf/proto/size.go ./vendor/google.golang.org/protobuf/proto/decode_gen.go ./vendor/google.golang.org/protobuf/proto/proto.go ./vendor/google.golang.org/protobuf/proto/wrappers.go ./vendor/google.golang.org/protobuf/proto/equal.go ./vendor/google.golang.org/protobuf/proto/proto_reflect.go ./vendor/google.golang.org/protobuf/proto/doc.go ./vendor/google.golang.org/protobuf/proto/decode.go ./vendor/google.golang.org/protobuf/proto/encode.go ./vendor/google.golang.org/protobuf/proto/encode_gen.go ./vendor/google.golang.org/protobuf/internal/descopts/options.go ./vendor/google.golang.org/protobuf/internal/encoding/text/doc.go ./vendor/google.golang.org/protobuf/internal/encoding/text/decode_token.go ./vendor/google.golang.org/protobuf/internal/encoding/text/decode_number.go ./vendor/google.golang.org/protobuf/internal/encoding/text/decode_string.go ./vendor/google.golang.org/protobuf/internal/encoding/text/decode.go ./vendor/google.golang.org/protobuf/internal/encoding/text/encode.go ./vendor/google.golang.org/protobuf/internal/encoding/messageset/messageset.go ./vendor/google.golang.org/protobuf/internal/encoding/tag/tag.go ./vendor/google.golang.org/protobuf/internal/encoding/defval/default.go ./vendor/google.golang.org/protobuf/internal/encoding/json/decode_token.go ./vendor/google.golang.org/protobuf/internal/encoding/json/encode.go ./vendor/google.golang.org/protobuf/internal/encoding/json/decode.go ./vendor/google.golang.org/protobuf/internal/encoding/json/decode_string.go ./vendor/google.golang.org/protobuf/internal/encoding/json/decode_number.go ./vendor/google.golang.org/protobuf/internal/set/ints.go ./vendor/google.golang.org/protobuf/internal/pragma/pragma.go ./vendor/google.golang.org/protobuf/internal/filedesc/desc_list_gen.go ./vendor/google.golang.org/protobuf/internal/filedesc/build.go ./vendor/google.golang.org/protobuf/internal/filedesc/desc_lazy.go ./vendor/google.golang.org/protobuf/internal/filedesc/placeholder.go ./vendor/google.golang.org/protobuf/internal/filedesc/desc_init.go ./vendor/google.golang.org/protobuf/internal/filedesc/desc_list.go ./vendor/google.golang.org/protobuf/internal/filedesc/desc.go ./vendor/google.golang.org/protobuf/internal/genid/field_mask_gen.go ./vendor/google.golang.org/protobuf/internal/genid/doc.go ./vendor/google.golang.org/protobuf/internal/genid/wrappers.go ./vendor/google.golang.org/protobuf/internal/genid/api_gen.go ./vendor/google.golang.org/protobuf/internal/genid/timestamp_gen.go ./vendor/google.golang.org/protobuf/internal/genid/any_gen.go ./vendor/google.golang.org/protobuf/internal/genid/goname.go ./vendor/google.golang.org/protobuf/internal/genid/descriptor_gen.go ./vendor/google.golang.org/protobuf/internal/genid/duration_gen.go ./vendor/google.golang.org/protobuf/internal/genid/struct_gen.go ./vendor/google.golang.org/protobuf/internal/genid/wrappers_gen.go ./vendor/google.golang.org/protobuf/internal/genid/map_entry.go ./vendor/google.golang.org/protobuf/internal/genid/source_context_gen.go ./vendor/google.golang.org/protobuf/internal/genid/empty_gen.go ./vendor/google.golang.org/protobuf/internal/genid/type_gen.go ./vendor/google.golang.org/protobuf/internal/order/order.go ./vendor/google.golang.org/protobuf/internal/order/range.go ./vendor/google.golang.org/protobuf/internal/filetype/build.go ./vendor/google.golang.org/protobuf/internal/version/version.go ./vendor/google.golang.org/protobuf/internal/flags/proto_legacy_disable.go ./vendor/google.golang.org/protobuf/internal/flags/flags.go ./vendor/google.golang.org/protobuf/internal/flags/proto_legacy_enable.go ./vendor/google.golang.org/protobuf/internal/errors/errors.go ./vendor/google.golang.org/protobuf/internal/errors/is_go112.go ./vendor/google.golang.org/protobuf/internal/errors/is_go113.go ./vendor/google.golang.org/protobuf/internal/strs/strings.go ./vendor/google.golang.org/protobuf/internal/strs/strings_unsafe.go ./vendor/google.golang.org/protobuf/internal/strs/strings_pure.go ./vendor/google.golang.org/protobuf/internal/impl/legacy_export.go ./vendor/google.golang.org/protobuf/internal/impl/checkinit.go ./vendor/google.golang.org/protobuf/internal/impl/message_reflect_gen.go ./vendor/google.golang.org/protobuf/internal/impl/merge_gen.go ./vendor/google.golang.org/protobuf/internal/impl/legacy_message.go ./vendor/google.golang.org/protobuf/internal/impl/message_reflect.go ./vendor/google.golang.org/protobuf/internal/impl/enum.go ./vendor/google.golang.org/protobuf/internal/impl/api_export.go ./vendor/google.golang.org/protobuf/internal/impl/extension.go ./vendor/google.golang.org/protobuf/internal/impl/legacy_extension.go ./vendor/google.golang.org/protobuf/internal/impl/convert.go ./vendor/google.golang.org/protobuf/internal/impl/codec_map.go ./vendor/google.golang.org/protobuf/internal/impl/codec_map_go111.go ./vendor/google.golang.org/protobuf/internal/impl/decode.go ./vendor/google.golang.org/protobuf/internal/impl/encode.go ./vendor/google.golang.org/protobuf/internal/impl/legacy_file.go ./vendor/google.golang.org/protobuf/internal/impl/convert_map.go ./vendor/google.golang.org/protobuf/internal/impl/weak.go ./vendor/google.golang.org/protobuf/internal/impl/codec_map_go112.go ./vendor/google.golang.org/protobuf/internal/impl/message_reflect_field.go ./vendor/google.golang.org/protobuf/internal/impl/convert_list.go ./vendor/google.golang.org/protobuf/internal/impl/codec_tables.go ./vendor/google.golang.org/protobuf/internal/impl/message.go ./vendor/google.golang.org/protobuf/internal/impl/codec_gen.go ./vendor/google.golang.org/protobuf/internal/impl/merge.go ./vendor/google.golang.org/protobuf/internal/impl/codec_extension.go ./vendor/google.golang.org/protobuf/internal/impl/codec_field.go ./vendor/google.golang.org/protobuf/internal/impl/codec_messageset.go ./vendor/google.golang.org/protobuf/internal/impl/legacy_enum.go ./vendor/google.golang.org/protobuf/internal/impl/codec_unsafe.go ./vendor/google.golang.org/protobuf/internal/impl/pointer_reflect.go ./vendor/google.golang.org/protobuf/internal/impl/validate.go ./vendor/google.golang.org/protobuf/internal/impl/codec_message.go ./vendor/google.golang.org/protobuf/internal/impl/codec_reflect.go ./vendor/google.golang.org/protobuf/internal/impl/pointer_unsafe.go ./vendor/google.golang.org/protobuf/internal/descfmt/stringer.go ./vendor/google.golang.org/protobuf/internal/detrand/rand.go ./vendor/google.golang.org/protobuf/reflect/protodesc/desc_resolve.go ./vendor/google.golang.org/protobuf/reflect/protodesc/desc.go ./vendor/google.golang.org/protobuf/reflect/protodesc/desc_validate.go ./vendor/google.golang.org/protobuf/reflect/protodesc/proto.go ./vendor/google.golang.org/protobuf/reflect/protodesc/desc_init.go ./vendor/google.golang.org/protobuf/reflect/protoregistry/registry.go ./vendor/google.golang.org/protobuf/reflect/protoreflect/type.go ./vendor/google.golang.org/protobuf/reflect/protoreflect/value_union.go ./vendor/google.golang.org/protobuf/reflect/protoreflect/value.go ./vendor/google.golang.org/protobuf/reflect/protoreflect/value_unsafe.go ./vendor/google.golang.org/protobuf/reflect/protoreflect/source.go ./vendor/google.golang.org/protobuf/reflect/protoreflect/source_gen.go ./vendor/google.golang.org/protobuf/reflect/protoreflect/proto.go ./vendor/google.golang.org/protobuf/reflect/protoreflect/methods.go ./vendor/google.golang.org/protobuf/reflect/protoreflect/value_pure.go ./vendor/google.golang.org/protobuf/types/known/timestamppb/timestamp.pb.go ./vendor/google.golang.org/protobuf/types/known/anypb/any.pb.go ./vendor/google.golang.org/protobuf/types/known/wrapperspb/wrappers.pb.go ./vendor/google.golang.org/protobuf/types/known/emptypb/empty.pb.go ./vendor/google.golang.org/protobuf/types/known/structpb/struct.pb.go ./vendor/google.golang.org/protobuf/types/known/fieldmaskpb/field_mask.pb.go ./vendor/google.golang.org/protobuf/types/known/durationpb/duration.pb.go ./vendor/google.golang.org/protobuf/types/descriptorpb/descriptor.pb.go ./vendor/google.golang.org/grpc/peer/peer.go ./vendor/google.golang.org/grpc/backoff/backoff.go ./vendor/google.golang.org/grpc/serviceconfig/serviceconfig.go ./vendor/google.golang.org/grpc/stats/handlers.go ./vendor/google.golang.org/grpc/stats/stats.go ./vendor/google.golang.org/grpc/pickfirst.go ./vendor/google.golang.org/grpc/stream.go ./vendor/google.golang.org/grpc/clientconn.go ./vendor/google.golang.org/grpc/version.go ./vendor/google.golang.org/grpc/codec.go ./vendor/google.golang.org/grpc/grpclog/component.go ./vendor/google.golang.org/grpc/grpclog/logger.go ./vendor/google.golang.org/grpc/grpclog/grpclog.go ./vendor/google.golang.org/grpc/grpclog/loggerv2.go ./vendor/google.golang.org/grpc/resolver/resolver.go ./vendor/google.golang.org/grpc/call.go ./vendor/google.golang.org/grpc/encoding/proto/proto.go ./vendor/google.golang.org/grpc/encoding/encoding.go ./vendor/google.golang.org/grpc/picker_wrapper.go ./vendor/google.golang.org/grpc/dialoptions.go ./vendor/google.golang.org/grpc/trace.go ./vendor/google.golang.org/grpc/internal/envconfig/envconfig.go ./vendor/google.golang.org/grpc/internal/serviceconfig/serviceconfig.go ./vendor/google.golang.org/grpc/internal/metadata/metadata.go ./vendor/google.golang.org/grpc/internal/status/status.go ./vendor/google.golang.org/grpc/internal/buffer/unbounded.go ./vendor/google.golang.org/grpc/internal/backoff/backoff.go ./vendor/google.golang.org/grpc/internal/grpcrand/grpcrand.go ./vendor/google.golang.org/grpc/internal/internal.go ./vendor/google.golang.org/grpc/internal/transport/proxy.go ./vendor/google.golang.org/grpc/internal/transport/http_util.go ./vendor/google.golang.org/grpc/internal/transport/controlbuf.go ./vendor/google.golang.org/grpc/internal/transport/transport.go ./vendor/google.golang.org/grpc/internal/transport/bdp_estimator.go ./vendor/google.golang.org/grpc/internal/transport/defaults.go ./vendor/google.golang.org/grpc/internal/transport/networktype/networktype.go ./vendor/google.golang.org/grpc/internal/transport/http2_server.go ./vendor/google.golang.org/grpc/internal/transport/flowcontrol.go ./vendor/google.golang.org/grpc/internal/transport/http2_client.go ./vendor/google.golang.org/grpc/internal/transport/handler_server.go ./vendor/google.golang.org/grpc/internal/googlecloud/googlecloud.go ./vendor/google.golang.org/grpc/internal/channelz/logging.go ./vendor/google.golang.org/grpc/internal/channelz/util_linux.go ./vendor/google.golang.org/grpc/internal/channelz/util_nonlinux.go ./vendor/google.golang.org/grpc/internal/channelz/funcs.go ./vendor/google.golang.org/grpc/internal/channelz/types_linux.go ./vendor/google.golang.org/grpc/internal/channelz/types_nonlinux.go ./vendor/google.golang.org/grpc/internal/channelz/types.go ./vendor/google.golang.org/grpc/internal/grpclog/prefixLogger.go ./vendor/google.golang.org/grpc/internal/grpclog/grpclog.go ./vendor/google.golang.org/grpc/internal/grpcsync/event.go ./vendor/google.golang.org/grpc/internal/credentials/syscallconn_appengine.go ./vendor/google.golang.org/grpc/internal/credentials/spiffe_appengine.go ./vendor/google.golang.org/grpc/internal/credentials/syscallconn.go ./vendor/google.golang.org/grpc/internal/credentials/spiffe.go ./vendor/google.golang.org/grpc/internal/credentials/util.go ./vendor/google.golang.org/grpc/internal/grpcutil/encode_duration.go ./vendor/google.golang.org/grpc/internal/grpcutil/method.go ./vendor/google.golang.org/grpc/internal/grpcutil/metadata.go ./vendor/google.golang.org/grpc/internal/grpcutil/target.go ./vendor/google.golang.org/grpc/internal/balancerload/load.go ./vendor/google.golang.org/grpc/internal/binarylog/env_config.go ./vendor/google.golang.org/grpc/internal/binarylog/sink.go ./vendor/google.golang.org/grpc/internal/binarylog/binarylog_testutil.go ./vendor/google.golang.org/grpc/internal/binarylog/binarylog.go ./vendor/google.golang.org/grpc/internal/binarylog/method_logger.go ./vendor/google.golang.org/grpc/internal/syscall/syscall_nonlinux.go ./vendor/google.golang.org/grpc/internal/syscall/syscall_linux.go ./vendor/google.golang.org/grpc/internal/resolver/unix/unix.go ./vendor/google.golang.org/grpc/internal/resolver/config_selector.go ./vendor/google.golang.org/grpc/internal/resolver/dns/dns_resolver.go ./vendor/google.golang.org/grpc/internal/resolver/dns/go113.go ./vendor/google.golang.org/grpc/internal/resolver/passthrough/passthrough.go ./vendor/google.golang.org/grpc/attributes/attributes.go ./vendor/google.golang.org/grpc/metadata/metadata.go ./vendor/google.golang.org/grpc/binarylog/grpc_binarylog_v1/binarylog.pb.go ./vendor/google.golang.org/grpc/backoff.go ./vendor/google.golang.org/grpc/balancer/grpclb/grpclb.go ./vendor/google.golang.org/grpc/balancer/grpclb/state/state.go ./vendor/google.golang.org/grpc/balancer/grpclb/grpclb_picker.go ./vendor/google.golang.org/grpc/balancer/grpclb/grpclb_config.go ./vendor/google.golang.org/grpc/balancer/grpclb/grpclb_remote_balancer.go ./vendor/google.golang.org/grpc/balancer/grpclb/grpc_lb_v1/load_balancer_grpc.pb.go ./vendor/google.golang.org/grpc/balancer/grpclb/grpc_lb_v1/load_balancer.pb.go ./vendor/google.golang.org/grpc/balancer/grpclb/grpclb_util.go ./vendor/google.golang.org/grpc/balancer/base/base.go ./vendor/google.golang.org/grpc/balancer/base/balancer.go ./vendor/google.golang.org/grpc/balancer/balancer.go ./vendor/google.golang.org/grpc/balancer/roundrobin/roundrobin.go ./vendor/google.golang.org/grpc/codes/code_string.go ./vendor/google.golang.org/grpc/codes/codes.go ./vendor/google.golang.org/grpc/tap/tap.go ./vendor/google.golang.org/grpc/credentials/alts/internal/conn/aes128gcmrekey.go ./vendor/google.golang.org/grpc/credentials/alts/internal/conn/aeadrekey.go ./vendor/google.golang.org/grpc/credentials/alts/internal/conn/record.go ./vendor/google.golang.org/grpc/credentials/alts/internal/conn/counter.go ./vendor/google.golang.org/grpc/credentials/alts/internal/conn/aes128gcm.go ./vendor/google.golang.org/grpc/credentials/alts/internal/conn/utils.go ./vendor/google.golang.org/grpc/credentials/alts/internal/conn/common.go ./vendor/google.golang.org/grpc/credentials/alts/internal/authinfo/authinfo.go ./vendor/google.golang.org/grpc/credentials/alts/internal/common.go ./vendor/google.golang.org/grpc/credentials/alts/internal/proto/grpc_gcp/handshaker.pb.go ./vendor/google.golang.org/grpc/credentials/alts/internal/proto/grpc_gcp/transport_security_common.pb.go ./vendor/google.golang.org/grpc/credentials/alts/internal/proto/grpc_gcp/altscontext.pb.go ./vendor/google.golang.org/grpc/credentials/alts/internal/proto/grpc_gcp/handshaker_grpc.pb.go ./vendor/google.golang.org/grpc/credentials/alts/internal/handshaker/handshaker.go ./vendor/google.golang.org/grpc/credentials/alts/internal/handshaker/service/service.go ./vendor/google.golang.org/grpc/credentials/alts/utils.go ./vendor/google.golang.org/grpc/credentials/alts/alts.go ./vendor/google.golang.org/grpc/credentials/credentials.go ./vendor/google.golang.org/grpc/credentials/go12.go ./vendor/google.golang.org/grpc/credentials/google/google.go ./vendor/google.golang.org/grpc/credentials/tls.go ./vendor/google.golang.org/grpc/credentials/oauth/oauth.go ./vendor/google.golang.org/grpc/keepalive/keepalive.go ./vendor/google.golang.org/grpc/interceptor.go ./vendor/google.golang.org/grpc/balancer_conn_wrappers.go ./vendor/google.golang.org/grpc/server.go ./vendor/google.golang.org/grpc/preloader.go ./vendor/google.golang.org/grpc/resolver_conn_wrapper.go ./vendor/google.golang.org/grpc/doc.go ./vendor/google.golang.org/grpc/health/grpc_health_v1/health_grpc.pb.go ./vendor/google.golang.org/grpc/health/grpc_health_v1/health.pb.go ./vendor/google.golang.org/grpc/status/status.go ./vendor/google.golang.org/grpc/rpc_util.go ./vendor/google.golang.org/grpc/connectivity/connectivity.go ./vendor/google.golang.org/grpc/service_config.go ./vendor/google.golang.org/appengine/appengine.go ./vendor/google.golang.org/appengine/urlfetch/urlfetch.go ./vendor/google.golang.org/appengine/internal/main_vm.go ./vendor/google.golang.org/appengine/internal/api.go ./vendor/google.golang.org/appengine/internal/identity.go ./vendor/google.golang.org/appengine/internal/api_classic.go ./vendor/google.golang.org/appengine/internal/net.go ./vendor/google.golang.org/appengine/internal/identity_flex.go ./vendor/google.golang.org/appengine/internal/socket/socket_service.pb.go ./vendor/google.golang.org/appengine/internal/metadata.go ./vendor/google.golang.org/appengine/internal/main.go ./vendor/google.golang.org/appengine/internal/base/api_base.pb.go ./vendor/google.golang.org/appengine/internal/api_common.go ./vendor/google.golang.org/appengine/internal/remote_api/remote_api.pb.go ./vendor/google.golang.org/appengine/internal/internal.go ./vendor/google.golang.org/appengine/internal/identity_vm.go ./vendor/google.golang.org/appengine/internal/transaction.go ./vendor/google.golang.org/appengine/internal/datastore/datastore_v3.pb.go ./vendor/google.golang.org/appengine/internal/app_identity/app_identity_service.pb.go ./vendor/google.golang.org/appengine/internal/modules/modules_service.pb.go ./vendor/google.golang.org/appengine/internal/urlfetch/urlfetch_service.pb.go ./vendor/google.golang.org/appengine/internal/main_common.go ./vendor/google.golang.org/appengine/internal/identity_classic.go ./vendor/google.golang.org/appengine/internal/app_id.go ./vendor/google.golang.org/appengine/internal/log/log_service.pb.go ./vendor/google.golang.org/appengine/errors.go ./vendor/google.golang.org/appengine/timeout.go ./vendor/google.golang.org/appengine/identity.go ./vendor/google.golang.org/appengine/socket/socket_vm.go ./vendor/google.golang.org/appengine/socket/doc.go ./vendor/google.golang.org/appengine/socket/socket_classic.go ./vendor/google.golang.org/appengine/appengine_vm.go ./vendor/google.golang.org/appengine/namespace.go ./vendor/google.golang.org/genproto/googleapis/api/launch_stage.pb.go ./vendor/google.golang.org/genproto/googleapis/api/monitoredres/monitored_resource.pb.go ./vendor/google.golang.org/genproto/googleapis/api/metric/metric.pb.go ./vendor/google.golang.org/genproto/googleapis/api/distribution/distribution.pb.go ./vendor/google.golang.org/genproto/googleapis/api/label/label.pb.go ./vendor/google.golang.org/genproto/googleapis/api/annotations/field_behavior.pb.go ./vendor/google.golang.org/genproto/googleapis/api/annotations/resource.pb.go ./vendor/google.golang.org/genproto/googleapis/api/annotations/client.pb.go ./vendor/google.golang.org/genproto/googleapis/api/annotations/annotations.pb.go ./vendor/google.golang.org/genproto/googleapis/api/annotations/http.pb.go ./vendor/google.golang.org/genproto/googleapis/devtools/cloudtrace/v2/tracing.pb.go ./vendor/google.golang.org/genproto/googleapis/devtools/cloudtrace/v2/trace.pb.go ./vendor/google.golang.org/genproto/googleapis/devtools/cloudprofiler/v2/profiler.pb.go ./vendor/google.golang.org/genproto/googleapis/rpc/status/status.pb.go ./vendor/google.golang.org/genproto/googleapis/rpc/errdetails/error_details.pb.go ./vendor/google.golang.org/genproto/googleapis/type/calendarperiod/calendar_period.pb.go ./vendor/google.golang.org/genproto/googleapis/monitoring/v3/service.pb.go ./vendor/google.golang.org/genproto/googleapis/monitoring/v3/mutation_record.pb.go ./vendor/google.golang.org/genproto/googleapis/monitoring/v3/alert.pb.go ./vendor/google.golang.org/genproto/googleapis/monitoring/v3/notification.pb.go ./vendor/google.golang.org/genproto/googleapis/monitoring/v3/dropped_labels.pb.go ./vendor/google.golang.org/genproto/googleapis/monitoring/v3/common.pb.go ./vendor/google.golang.org/genproto/googleapis/monitoring/v3/service_service.pb.go ./vendor/google.golang.org/genproto/googleapis/monitoring/v3/span_context.pb.go ./vendor/google.golang.org/genproto/googleapis/monitoring/v3/uptime.pb.go ./vendor/google.golang.org/genproto/googleapis/monitoring/v3/notification_service.pb.go ./vendor/google.golang.org/genproto/googleapis/monitoring/v3/group_service.pb.go ./vendor/google.golang.org/genproto/googleapis/monitoring/v3/metric_service.pb.go ./vendor/google.golang.org/genproto/googleapis/monitoring/v3/uptime_service.pb.go ./vendor/google.golang.org/genproto/googleapis/monitoring/v3/metric.pb.go ./vendor/google.golang.org/genproto/googleapis/monitoring/v3/alert_service.pb.go ./vendor/google.golang.org/genproto/googleapis/monitoring/v3/group.pb.go ./vendor/google.golang.org/genproto/googleapis/monitoring/v3/query_service.pb.go ./vendor/contrib.go.opencensus.io/exporter/stackdriver/resource.go ./vendor/contrib.go.opencensus.io/exporter/stackdriver/metrics_proto.go ./vendor/contrib.go.opencensus.io/exporter/stackdriver/trace_proto.go ./vendor/contrib.go.opencensus.io/exporter/stackdriver/metrics_batcher.go ./vendor/contrib.go.opencensus.io/exporter/stackdriver/trace.go ./vendor/contrib.go.opencensus.io/exporter/stackdriver/monitoredresource/aws/monitored_resources.go ./vendor/contrib.go.opencensus.io/exporter/stackdriver/monitoredresource/aws/aws_identity_doc_utils.go ./vendor/contrib.go.opencensus.io/exporter/stackdriver/monitoredresource/gcp/gcp_metadata_config.go ./vendor/contrib.go.opencensus.io/exporter/stackdriver/monitoredresource/gcp/monitored_resources.go ./vendor/contrib.go.opencensus.io/exporter/stackdriver/monitoredresource/monitored_resources.go ./vendor/contrib.go.opencensus.io/exporter/stackdriver/monitoredresource/deprecated.go ./vendor/contrib.go.opencensus.io/exporter/stackdriver/stackdriver.go ./vendor/contrib.go.opencensus.io/exporter/stackdriver/sanitize.go ./vendor/contrib.go.opencensus.io/exporter/stackdriver/label.go ./vendor/contrib.go.opencensus.io/exporter/stackdriver/stats.go ./vendor/contrib.go.opencensus.io/exporter/stackdriver/metrics.go ./vendor/gitlab.com/gitlab-org/gitaly/v14/internal/gitaly/client/dial.go ./vendor/gitlab.com/gitlab-org/gitaly/v14/internal/gitaly/client/address_parser.go ./vendor/gitlab.com/gitlab-org/gitaly/v14/internal/stream/std_stream.go ./vendor/gitlab.com/gitlab-org/gitaly/v14/internal/backchannel/insecure.go ./vendor/gitlab.com/gitlab-org/gitaly/v14/internal/backchannel/backchannel.go ./vendor/gitlab.com/gitlab-org/gitaly/v14/internal/backchannel/server.go ./vendor/gitlab.com/gitlab-org/gitaly/v14/internal/backchannel/registry.go ./vendor/gitlab.com/gitlab-org/gitaly/v14/internal/backchannel/client.go ./vendor/gitlab.com/gitlab-org/gitaly/v14/internal/x509/common.go ./vendor/gitlab.com/gitlab-org/gitaly/v14/internal/x509/pool.go ./vendor/gitlab.com/gitlab-org/gitaly/v14/internal/x509/pool_darwin.go ./vendor/gitlab.com/gitlab-org/gitaly/v14/auth/rpccredentials.go ./vendor/gitlab.com/gitlab-org/gitaly/v14/auth/token.go ./vendor/gitlab.com/gitlab-org/gitaly/v14/client/pool.go ./vendor/gitlab.com/gitlab-org/gitaly/v14/client/upload_pack.go ./vendor/gitlab.com/gitlab-org/gitaly/v14/client/upload_archive.go ./vendor/gitlab.com/gitlab-org/gitaly/v14/client/pool_options.go ./vendor/gitlab.com/gitlab-org/gitaly/v14/client/receive_pack.go ./vendor/gitlab.com/gitlab-org/gitaly/v14/client/dial.go ./vendor/gitlab.com/gitlab-org/gitaly/v14/proto/go/gitalypb/lint.pb.go ./vendor/gitlab.com/gitlab-org/gitaly/v14/proto/go/gitalypb/objectpool.pb.go ./vendor/gitlab.com/gitlab-org/gitaly/v14/proto/go/gitalypb/commit.pb.go ./vendor/gitlab.com/gitlab-org/gitaly/v14/proto/go/gitalypb/hook.pb.go ./vendor/gitlab.com/gitlab-org/gitaly/v14/proto/go/gitalypb/smarthttp.pb.go ./vendor/gitlab.com/gitlab-org/gitaly/v14/proto/go/gitalypb/diff.pb.go ./vendor/gitlab.com/gitlab-org/gitaly/v14/proto/go/gitalypb/cleanup.pb.go ./vendor/gitlab.com/gitlab-org/gitaly/v14/proto/go/gitalypb/internal.pb.go ./vendor/gitlab.com/gitlab-org/gitaly/v14/proto/go/gitalypb/ssh.pb.go ./vendor/gitlab.com/gitlab-org/gitaly/v14/proto/go/gitalypb/server.pb.go ./vendor/gitlab.com/gitlab-org/gitaly/v14/proto/go/gitalypb/praefect.pb.go ./vendor/gitlab.com/gitlab-org/gitaly/v14/proto/go/gitalypb/ref.pb.go ./vendor/gitlab.com/gitlab-org/gitaly/v14/proto/go/gitalypb/repository-service.pb.go ./vendor/gitlab.com/gitlab-org/gitaly/v14/proto/go/gitalypb/transaction.pb.go ./vendor/gitlab.com/gitlab-org/gitaly/v14/proto/go/gitalypb/remote.pb.go ./vendor/gitlab.com/gitlab-org/gitaly/v14/proto/go/gitalypb/conflicts.pb.go ./vendor/gitlab.com/gitlab-org/gitaly/v14/proto/go/gitalypb/wiki.pb.go ./vendor/gitlab.com/gitlab-org/gitaly/v14/proto/go/gitalypb/operations.pb.go ./vendor/gitlab.com/gitlab-org/gitaly/v14/proto/go/gitalypb/protolist.go ./vendor/gitlab.com/gitlab-org/gitaly/v14/proto/go/gitalypb/blob.pb.go ./vendor/gitlab.com/gitlab-org/gitaly/v14/proto/go/gitalypb/namespace.pb.go ./vendor/gitlab.com/gitlab-org/gitaly/v14/proto/go/gitalypb/shared.pb.go ./vendor/gitlab.com/gitlab-org/gitaly/v14/streamio/stream.go ./vendor/gitlab.com/gitlab-org/labkit/monitoring/profiler_opts.go ./vendor/gitlab.com/gitlab-org/labkit/monitoring/start.go ./vendor/gitlab.com/gitlab-org/labkit/monitoring/null_profiler.go ./vendor/gitlab.com/gitlab-org/labkit/monitoring/profiler.go ./vendor/gitlab.com/gitlab-org/labkit/monitoring/start_options.go ./vendor/gitlab.com/gitlab-org/labkit/monitoring/doc.go ./vendor/gitlab.com/gitlab-org/labkit/monitoring/build_info_gauge.go ./vendor/gitlab.com/gitlab-org/labkit/log/access_logger_options.go ./vendor/gitlab.com/gitlab-org/labkit/log/combined_formatter.go ./vendor/gitlab.com/gitlab-org/labkit/log/clock.go ./vendor/gitlab.com/gitlab-org/labkit/log/access_logger.go ./vendor/gitlab.com/gitlab-org/labkit/log/logrus.go ./vendor/gitlab.com/gitlab-org/labkit/log/logger_options.go ./vendor/gitlab.com/gitlab-org/labkit/log/doc.go ./vendor/gitlab.com/gitlab-org/labkit/log/access_logger_fields.go ./vendor/gitlab.com/gitlab-org/labkit/log/initialization.go ./vendor/gitlab.com/gitlab-org/labkit/log/logger.go ./vendor/gitlab.com/gitlab-org/labkit/tracing/doc.go ./vendor/gitlab.com/gitlab-org/labkit/tracing/env_extractor.go ./vendor/gitlab.com/gitlab-org/labkit/tracing/outbound_http_options.go ./vendor/gitlab.com/gitlab-org/labkit/tracing/inbound_http_options.go ./vendor/gitlab.com/gitlab-org/labkit/tracing/env_injector.go ./vendor/gitlab.com/gitlab-org/labkit/tracing/env_injector_option.go ./vendor/gitlab.com/gitlab-org/labkit/tracing/errors.go ./vendor/gitlab.com/gitlab-org/labkit/tracing/env_extractor_option.go ./vendor/gitlab.com/gitlab-org/labkit/tracing/initialization_options.go ./vendor/gitlab.com/gitlab-org/labkit/tracing/grpc/client_interceptors.go ./vendor/gitlab.com/gitlab-org/labkit/tracing/grpc/server_interceptors.go ./vendor/gitlab.com/gitlab-org/labkit/tracing/grpc/healthcheck_filter.go ./vendor/gitlab.com/gitlab-org/labkit/tracing/outbound_http.go ./vendor/gitlab.com/gitlab-org/labkit/tracing/inbound_http.go ./vendor/gitlab.com/gitlab-org/labkit/tracing/initialization.go ./vendor/gitlab.com/gitlab-org/labkit/tracing/impl/datadog_tracer.go ./vendor/gitlab.com/gitlab-org/labkit/tracing/impl/constants.go ./vendor/gitlab.com/gitlab-org/labkit/tracing/impl/errors.go ./vendor/gitlab.com/gitlab-org/labkit/tracing/impl/tracer_registry.go ./vendor/gitlab.com/gitlab-org/labkit/tracing/impl/lightstep_tracer.go ./vendor/gitlab.com/gitlab-org/labkit/tracing/impl/null_tracer.go ./vendor/gitlab.com/gitlab-org/labkit/tracing/impl/stackdriver_tracer.go ./vendor/gitlab.com/gitlab-org/labkit/tracing/impl/jaeger_tracer.go ./vendor/gitlab.com/gitlab-org/labkit/tracing/impl/static_tracer.go ./vendor/gitlab.com/gitlab-org/labkit/tracing/connstr/connection_string_parser.go ./vendor/gitlab.com/gitlab-org/labkit/correlation/inbound_http.go ./vendor/gitlab.com/gitlab-org/labkit/correlation/base62.go ./vendor/gitlab.com/gitlab-org/labkit/correlation/context.go ./vendor/gitlab.com/gitlab-org/labkit/correlation/generator.go ./vendor/gitlab.com/gitlab-org/labkit/correlation/outbound_http_options.go ./vendor/gitlab.com/gitlab-org/labkit/correlation/field.go ./vendor/gitlab.com/gitlab-org/labkit/correlation/outbound_http.go ./vendor/gitlab.com/gitlab-org/labkit/correlation/grpc/client_interceptors_options.go ./vendor/gitlab.com/gitlab-org/labkit/correlation/grpc/server_interceptors_options.go ./vendor/gitlab.com/gitlab-org/labkit/correlation/grpc/server_interceptors.go ./vendor/gitlab.com/gitlab-org/labkit/correlation/grpc/client_interceptors.go ./vendor/gitlab.com/gitlab-org/labkit/correlation/grpc/key.go ./vendor/gitlab.com/gitlab-org/labkit/correlation/doc.go ./vendor/gitlab.com/gitlab-org/labkit/correlation/inbound_http_options.go ./vendor/gitlab.com/gitlab-org/labkit/mask/sensitive.go ./vendor/gitlab.com/gitlab-org/labkit/mask/matchers.go ./vendor/gitlab.com/gitlab-org/labkit/mask/consts.go ./vendor/gitlab.com/gitlab-org/labkit/mask/doc.go ./vendor/gitlab.com/gitlab-org/labkit/mask/url.go ./vendor/cloud.google.com/go/compute/metadata/metadata.go ./vendor/cloud.google.com/go/internal/version/version.go ./vendor/cloud.google.com/go/trace/apiv2/trace_client.go ./vendor/cloud.google.com/go/trace/apiv2/path_funcs.go ./vendor/cloud.google.com/go/trace/apiv2/doc.go ./vendor/cloud.google.com/go/monitoring/apiv3/v2/service_monitoring_client.go ./vendor/cloud.google.com/go/monitoring/apiv3/v2/group_client.go ./vendor/cloud.google.com/go/monitoring/apiv3/v2/alert_policy_client.go ./vendor/cloud.google.com/go/monitoring/apiv3/v2/uptime_check_client.go ./vendor/cloud.google.com/go/monitoring/apiv3/v2/doc.go ./vendor/cloud.google.com/go/monitoring/apiv3/v2/metric_client.go ./vendor/cloud.google.com/go/monitoring/apiv3/v2/query_client.go ./vendor/cloud.google.com/go/monitoring/apiv3/v2/notification_channel_client.go ./vendor/cloud.google.com/go/profiler/heap.go ./vendor/cloud.google.com/go/profiler/profiler.go ./vendor/cloud.google.com/go/profiler/mutex.go ./vendor/go.opencensus.io/resource/resourcekeys/const.go ./vendor/go.opencensus.io/resource/resource.go ./vendor/go.opencensus.io/stats/measure.go ./vendor/go.opencensus.io/stats/internal/record.go ./vendor/go.opencensus.io/stats/measure_float64.go ./vendor/go.opencensus.io/stats/units.go ./vendor/go.opencensus.io/stats/view/aggregation.go ./vendor/go.opencensus.io/stats/view/collector.go ./vendor/go.opencensus.io/stats/view/worker.go ./vendor/go.opencensus.io/stats/view/doc.go ./vendor/go.opencensus.io/stats/view/aggregation_data.go ./vendor/go.opencensus.io/stats/view/export.go ./vendor/go.opencensus.io/stats/view/view.go ./vendor/go.opencensus.io/stats/view/view_to_metric.go ./vendor/go.opencensus.io/stats/view/worker_commands.go ./vendor/go.opencensus.io/stats/record.go ./vendor/go.opencensus.io/stats/doc.go ./vendor/go.opencensus.io/stats/measure_int64.go ./vendor/go.opencensus.io/opencensus.go ./vendor/go.opencensus.io/internal/internal.go ./vendor/go.opencensus.io/internal/tagencoding/tagencoding.go ./vendor/go.opencensus.io/internal/traceinternals.go ./vendor/go.opencensus.io/internal/sanitize.go ./vendor/go.opencensus.io/trace/internal/internal.go ./vendor/go.opencensus.io/trace/propagation/propagation.go ./vendor/go.opencensus.io/trace/spanbucket.go ./vendor/go.opencensus.io/trace/trace.go ./vendor/go.opencensus.io/trace/export.go ./vendor/go.opencensus.io/trace/status_codes.go ./vendor/go.opencensus.io/trace/config.go ./vendor/go.opencensus.io/trace/doc.go ./vendor/go.opencensus.io/trace/trace_nongo11.go ./vendor/go.opencensus.io/trace/trace_go11.go ./vendor/go.opencensus.io/trace/lrumap.go ./vendor/go.opencensus.io/trace/tracestate/tracestate.go ./vendor/go.opencensus.io/trace/basetypes.go ./vendor/go.opencensus.io/trace/evictedqueue.go ./vendor/go.opencensus.io/trace/trace_api.go ./vendor/go.opencensus.io/trace/spanstore.go ./vendor/go.opencensus.io/trace/sampling.go ./vendor/go.opencensus.io/metric/metricexport/reader.go ./vendor/go.opencensus.io/metric/metricexport/export.go ./vendor/go.opencensus.io/metric/metricexport/doc.go ./vendor/go.opencensus.io/metric/metricdata/doc.go ./vendor/go.opencensus.io/metric/metricdata/exemplar.go ./vendor/go.opencensus.io/metric/metricdata/point.go ./vendor/go.opencensus.io/metric/metricdata/unit.go ./vendor/go.opencensus.io/metric/metricdata/type_string.go ./vendor/go.opencensus.io/metric/metricdata/metric.go ./vendor/go.opencensus.io/metric/metricdata/label.go ./vendor/go.opencensus.io/metric/metricproducer/producer.go ./vendor/go.opencensus.io/metric/metricproducer/manager.go ./vendor/go.opencensus.io/tag/profile_not19.go ./vendor/go.opencensus.io/tag/map_codec.go ./vendor/go.opencensus.io/tag/context.go ./vendor/go.opencensus.io/tag/metadata.go ./vendor/go.opencensus.io/tag/map.go ./vendor/go.opencensus.io/tag/doc.go ./vendor/go.opencensus.io/tag/key.go ./vendor/go.opencensus.io/tag/validate.go ./vendor/go.opencensus.io/tag/profile_19.go ./vendor/go.opencensus.io/plugin/ochttp/server.go ./vendor/go.opencensus.io/plugin/ochttp/client.go ./vendor/go.opencensus.io/plugin/ochttp/client_stats.go ./vendor/go.opencensus.io/plugin/ochttp/span_annotating_client_trace.go ./vendor/go.opencensus.io/plugin/ochttp/propagation/b3/b3.go ./vendor/go.opencensus.io/plugin/ochttp/wrapped_body.go ./vendor/go.opencensus.io/plugin/ochttp/route.go ./vendor/go.opencensus.io/plugin/ochttp/trace.go ./vendor/go.opencensus.io/plugin/ochttp/stats.go ./vendor/go.opencensus.io/plugin/ochttp/doc.go ./vendor/go.opencensus.io/plugin/ocgrpc/server_stats_handler.go ./vendor/go.opencensus.io/plugin/ocgrpc/client.go ./vendor/go.opencensus.io/plugin/ocgrpc/server.go ./vendor/go.opencensus.io/plugin/ocgrpc/stats_common.go ./vendor/go.opencensus.io/plugin/ocgrpc/client_stats_handler.go ./vendor/go.opencensus.io/plugin/ocgrpc/trace_common.go ./vendor/go.opencensus.io/plugin/ocgrpc/doc.go ./vendor/go.opencensus.io/plugin/ocgrpc/client_metrics.go ./vendor/go.opencensus.io/plugin/ocgrpc/server_metrics.go ./vendor/golang.org/x/sys/unix/affinity_linux.go ./vendor/golang.org/x/sys/unix/ztypes_aix_ppc64.go ./vendor/golang.org/x/sys/unix/ztypes_darwin_arm.go ./vendor/golang.org/x/sys/unix/syscall_linux_gccgo_arm.go ./vendor/golang.org/x/sys/unix/zsyscall_netbsd_arm.go ./vendor/golang.org/x/sys/unix/zsysctl_openbsd_arm.go ./vendor/golang.org/x/sys/unix/ztypes_netbsd_386.go ./vendor/golang.org/x/sys/unix/env_unix.go ./vendor/golang.org/x/sys/unix/syscall_aix_ppc64.go ./vendor/golang.org/x/sys/unix/zptrace_mipsnn_linux.go ./vendor/golang.org/x/sys/unix/zsyscall_darwin_386.go ./vendor/golang.org/x/sys/unix/syscall_freebsd_386.go ./vendor/golang.org/x/sys/unix/syscall_freebsd.go ./vendor/golang.org/x/sys/unix/dev_aix_ppc64.go ./vendor/golang.org/x/sys/unix/dev_aix_ppc.go ./vendor/golang.org/x/sys/unix/dev_darwin.go ./vendor/golang.org/x/sys/unix/syscall_openbsd_386.go ./vendor/golang.org/x/sys/unix/zerrors_openbsd_mips64.go ./vendor/golang.org/x/sys/unix/zsyscall_linux_amd64.go ./vendor/golang.org/x/sys/unix/zerrors_dragonfly_amd64.go ./vendor/golang.org/x/sys/unix/zsyscall_linux_mips.go ./vendor/golang.org/x/sys/unix/zsyscall_darwin_386.1_13.go ./vendor/golang.org/x/sys/unix/zerrors_solaris_amd64.go ./vendor/golang.org/x/sys/unix/zsysnum_linux_mips64.go ./vendor/golang.org/x/sys/unix/zsysnum_linux_mips64le.go ./vendor/golang.org/x/sys/unix/zerrors_linux_s390x.go ./vendor/golang.org/x/sys/unix/zsyscall_aix_ppc64.go ./vendor/golang.org/x/sys/unix/syscall_linux_gc.go ./vendor/golang.org/x/sys/unix/errors_freebsd_arm.go ./vendor/golang.org/x/sys/unix/zerrors_linux_amd64.go ./vendor/golang.org/x/sys/unix/syscall_freebsd_arm64.go ./vendor/golang.org/x/sys/unix/ztypes_linux_mips64.go ./vendor/golang.org/x/sys/unix/ztypes_openbsd_arm.go ./vendor/golang.org/x/sys/unix/zptrace_x86_linux.go ./vendor/golang.org/x/sys/unix/zptrace_linux_arm64.go ./vendor/golang.org/x/sys/unix/fcntl.go ./vendor/golang.org/x/sys/unix/aliases.go ./vendor/golang.org/x/sys/unix/zsysnum_openbsd_arm.go ./vendor/golang.org/x/sys/unix/zsyscall_aix_ppc64_gc.go ./vendor/golang.org/x/sys/unix/zsyscall_linux_s390x.go ./vendor/golang.org/x/sys/unix/errors_freebsd_amd64.go ./vendor/golang.org/x/sys/unix/zsyscall_aix_ppc64_gccgo.go ./vendor/golang.org/x/sys/unix/zerrors_netbsd_arm64.go ./vendor/golang.org/x/sys/unix/zsyscall_darwin_amd64.go ./vendor/golang.org/x/sys/unix/zsysnum_freebsd_arm.go ./vendor/golang.org/x/sys/unix/ztypes_aix_ppc.go ./vendor/golang.org/x/sys/unix/zerrors_darwin_amd64.go ./vendor/golang.org/x/sys/unix/zsyscall_linux.go ./vendor/golang.org/x/sys/unix/ztypes_solaris_amd64.go ./vendor/golang.org/x/sys/unix/sockcmsg_unix.go ./vendor/golang.org/x/sys/unix/zsyscall_netbsd_arm64.go ./vendor/golang.org/x/sys/unix/ztypes_freebsd_arm.go ./vendor/golang.org/x/sys/unix/pledge_openbsd.go ./vendor/golang.org/x/sys/unix/ztypes_linux_mips64le.go ./vendor/golang.org/x/sys/unix/zptrace_mipsnnle_linux.go ./vendor/golang.org/x/sys/unix/syscall_openbsd_arm64.go ./vendor/golang.org/x/sys/unix/zsyscall_linux_mips64.go ./vendor/golang.org/x/sys/unix/zsysnum_dragonfly_amd64.go ./vendor/golang.org/x/sys/unix/ptrace_ios.go ./vendor/golang.org/x/sys/unix/zsysnum_linux_riscv64.go ./vendor/golang.org/x/sys/unix/zsysnum_netbsd_arm.go ./vendor/golang.org/x/sys/unix/unveil_openbsd.go ./vendor/golang.org/x/sys/unix/zsyscall_linux_riscv64.go ./vendor/golang.org/x/sys/unix/syscall_netbsd.go ./vendor/golang.org/x/sys/unix/syscall_linux_gc_arm.go ./vendor/golang.org/x/sys/unix/cap_freebsd.go ./vendor/golang.org/x/sys/unix/syscall_bsd.go ./vendor/golang.org/x/sys/unix/dev_linux.go ./vendor/golang.org/x/sys/unix/zerrors_linux_mips64.go ./vendor/golang.org/x/sys/unix/zerrors_openbsd_arm64.go ./vendor/golang.org/x/sys/unix/zsyscall_freebsd_386.go ./vendor/golang.org/x/sys/unix/zsysnum_darwin_386.go ./vendor/golang.org/x/sys/unix/syscall_darwin_arm64.go ./vendor/golang.org/x/sys/unix/zsyscall_openbsd_386.go ./vendor/golang.org/x/sys/unix/ztypes_darwin_amd64.go ./vendor/golang.org/x/sys/unix/zerrors_linux_ppc64.go ./vendor/golang.org/x/sys/unix/syscall_darwin_arm.go ./vendor/golang.org/x/sys/unix/ztypes_linux_arm.go ./vendor/golang.org/x/sys/unix/gccgo_linux_amd64.go ./vendor/golang.org/x/sys/unix/zsysnum_zos_s390x.go ./vendor/golang.org/x/sys/unix/syscall_zos_s390x.go ./vendor/golang.org/x/sys/unix/race0.go ./vendor/golang.org/x/sys/unix/syscall_linux_amd64.go ./vendor/golang.org/x/sys/unix/zsysnum_openbsd_mips64.go ./vendor/golang.org/x/sys/unix/ioctl.go ./vendor/golang.org/x/sys/unix/zsysnum_linux_arm64.go ./vendor/golang.org/x/sys/unix/zsysnum_linux_mips.go ./vendor/golang.org/x/sys/unix/zerrors_freebsd_arm64.go ./vendor/golang.org/x/sys/unix/syscall_netbsd_386.go ./vendor/golang.org/x/sys/unix/endian_little.go ./vendor/golang.org/x/sys/unix/ztypes_zos_s390x.go ./vendor/golang.org/x/sys/unix/ztypes_linux_arm64.go ./vendor/golang.org/x/sys/unix/zsyscall_dragonfly_amd64.go ./vendor/golang.org/x/sys/unix/ztypes_netbsd_arm64.go ./vendor/golang.org/x/sys/unix/syscall_netbsd_amd64.go ./vendor/golang.org/x/sys/unix/zsysnum_linux_arm.go ./vendor/golang.org/x/sys/unix/syscall_linux_arm.go ./vendor/golang.org/x/sys/unix/syscall_openbsd.go ./vendor/golang.org/x/sys/unix/zerrors_linux_mips64le.go ./vendor/golang.org/x/sys/unix/zerrors_openbsd_386.go ./vendor/golang.org/x/sys/unix/zsysnum_netbsd_arm64.go ./vendor/golang.org/x/sys/unix/zsyscall_linux_ppc64.go ./vendor/golang.org/x/sys/unix/zsysnum_openbsd_amd64.go ./vendor/golang.org/x/sys/unix/syscall_darwin.1_12.go ./vendor/golang.org/x/sys/unix/constants.go ./vendor/golang.org/x/sys/unix/zsyscall_openbsd_amd64.go ./vendor/golang.org/x/sys/unix/zerrors_linux_mips.go ./vendor/golang.org/x/sys/unix/syscall_solaris_amd64.go ./vendor/golang.org/x/sys/unix/zsysnum_linux_ppc64le.go ./vendor/golang.org/x/sys/unix/zsyscall_linux_ppc64le.go ./vendor/golang.org/x/sys/unix/syscall_linux_s390x.go ./vendor/golang.org/x/sys/unix/ztypes_openbsd_arm64.go ./vendor/golang.org/x/sys/unix/zsysnum_linux_sparc64.go ./vendor/golang.org/x/sys/unix/ptrace_darwin.go ./vendor/golang.org/x/sys/unix/zsyscall_linux_sparc64.go ./vendor/golang.org/x/sys/unix/str.go ./vendor/golang.org/x/sys/unix/zsysnum_darwin_amd64.go ./vendor/golang.org/x/sys/unix/zerrors_linux_386.go ./vendor/golang.org/x/sys/unix/syscall_unix_gc.go ./vendor/golang.org/x/sys/unix/syscall_linux.go ./vendor/golang.org/x/sys/unix/dirent.go ./vendor/golang.org/x/sys/unix/zsyscall_linux_arm.go ./vendor/golang.org/x/sys/unix/ztypes_openbsd_mips64.go ./vendor/golang.org/x/sys/unix/zerrors_netbsd_arm.go ./vendor/golang.org/x/sys/unix/zsysctl_openbsd_arm64.go ./vendor/golang.org/x/sys/unix/zsyscall_illumos_amd64.go ./vendor/golang.org/x/sys/unix/ztypes_freebsd_arm64.go ./vendor/golang.org/x/sys/unix/syscall_darwin.1_13.go ./vendor/golang.org/x/sys/unix/readdirent_getdirentries.go ./vendor/golang.org/x/sys/unix/zsyscall_zos_s390x.go ./vendor/golang.org/x/sys/unix/zsyscall_freebsd_amd64.go ./vendor/golang.org/x/sys/unix/zerrors_freebsd_386.go ./vendor/golang.org/x/sys/unix/timestruct.go ./vendor/golang.org/x/sys/unix/zerrors_darwin_386.go ./vendor/golang.org/x/sys/unix/zsysnum_freebsd_amd64.go ./vendor/golang.org/x/sys/unix/ztypes_linux.go ./vendor/golang.org/x/sys/unix/syscall_aix.go ./vendor/golang.org/x/sys/unix/syscall_solaris.go ./vendor/golang.org/x/sys/unix/zerrors_darwin_arm64.go ./vendor/golang.org/x/sys/unix/zsyscall_netbsd_amd64.go ./vendor/golang.org/x/sys/unix/ztypes_darwin_386.go ./vendor/golang.org/x/sys/unix/zsyscall_darwin_arm.1_13.go ./vendor/golang.org/x/sys/unix/syscall_linux_gccgo_386.go ./vendor/golang.org/x/sys/unix/zsyscall_netbsd_386.go ./vendor/golang.org/x/sys/unix/sockcmsg_linux.go ./vendor/golang.org/x/sys/unix/syscall_openbsd_amd64.go ./vendor/golang.org/x/sys/unix/ioctl_zos.go ./vendor/golang.org/x/sys/unix/errors_freebsd_arm64.go ./vendor/golang.org/x/sys/unix/zsysctl_openbsd_386.go ./vendor/golang.org/x/sys/unix/syscall_illumos.go ./vendor/golang.org/x/sys/unix/ztypes_netbsd_arm.go ./vendor/golang.org/x/sys/unix/zsyscall_solaris_amd64.go ./vendor/golang.org/x/sys/unix/syscall.go ./vendor/golang.org/x/sys/unix/zsyscall_darwin_arm.go ./vendor/golang.org/x/sys/unix/zerrors_netbsd_amd64.go ./vendor/golang.org/x/sys/unix/syscall_freebsd_arm.go ./vendor/golang.org/x/sys/unix/syscall_linux_sparc64.go ./vendor/golang.org/x/sys/unix/zsyscall_darwin_arm64.go ./vendor/golang.org/x/sys/unix/dev_zos.go ./vendor/golang.org/x/sys/unix/ztypes_linux_mipsle.go ./vendor/golang.org/x/sys/unix/syscall_openbsd_arm.go ./vendor/golang.org/x/sys/unix/zsyscall_darwin_amd64.1_13.go ./vendor/golang.org/x/sys/unix/ztypes_linux_ppc64.go ./vendor/golang.org/x/sys/unix/syscall_unix.go ./vendor/golang.org/x/sys/unix/zsysnum_linux_ppc64.go ./vendor/golang.org/x/sys/unix/fdset.go ./vendor/golang.org/x/sys/unix/ztypes_linux_mips.go ./vendor/golang.org/x/sys/unix/zerrors_linux.go ./vendor/golang.org/x/sys/unix/zerrors_linux_arm64.go ./vendor/golang.org/x/sys/unix/syscall_freebsd_amd64.go ./vendor/golang.org/x/sys/unix/errors_freebsd_386.go ./vendor/golang.org/x/sys/unix/syscall_linux_riscv64.go ./vendor/golang.org/x/sys/unix/ztypes_openbsd_386.go ./vendor/golang.org/x/sys/unix/zsysnum_openbsd_386.go ./vendor/golang.org/x/sys/unix/zsysnum_linux_mipsle.go ./vendor/golang.org/x/sys/unix/zsyscall_linux_arm64.go ./vendor/golang.org/x/sys/unix/xattr_bsd.go ./vendor/golang.org/x/sys/unix/syscall_darwin.go ./vendor/golang.org/x/sys/unix/dev_openbsd.go ./vendor/golang.org/x/sys/unix/zsysnum_freebsd_386.go ./vendor/golang.org/x/sys/unix/zsyscall_darwin_arm64.1_13.go ./vendor/golang.org/x/sys/unix/fcntl_darwin.go ./vendor/golang.org/x/sys/unix/zptrace_armnn_linux.go ./vendor/golang.org/x/sys/unix/syscall_unix_gc_ppc64x.go ./vendor/golang.org/x/sys/unix/ztypes_freebsd_386.go ./vendor/golang.org/x/sys/unix/zsyscall_openbsd_mips64.go ./vendor/golang.org/x/sys/unix/zerrors_aix_ppc64.go ./vendor/golang.org/x/sys/unix/epoll_zos.go ./vendor/golang.org/x/sys/unix/zsysctl_openbsd_mips64.go ./vendor/golang.org/x/sys/unix/race.go ./vendor/golang.org/x/sys/unix/gccgo.go ./vendor/golang.org/x/sys/unix/sockcmsg_dragonfly.go ./vendor/golang.org/x/sys/unix/endian_big.go ./vendor/golang.org/x/sys/unix/ztypes_illumos_amd64.go ./vendor/golang.org/x/sys/unix/zsyscall_freebsd_arm64.go ./vendor/golang.org/x/sys/unix/syscall_dragonfly.go ./vendor/golang.org/x/sys/unix/zsysnum_netbsd_386.go ./vendor/golang.org/x/sys/unix/syscall_dragonfly_amd64.go ./vendor/golang.org/x/sys/unix/zsysnum_freebsd_arm64.go ./vendor/golang.org/x/sys/unix/syscall_linux_mipsx.go ./vendor/golang.org/x/sys/unix/syscall_linux_gc_386.go ./vendor/golang.org/x/sys/unix/syscall_linux_ppc64x.go ./vendor/golang.org/x/sys/unix/zsyscall_freebsd_arm.go ./vendor/golang.org/x/sys/unix/zsysnum_darwin_arm.go ./vendor/golang.org/x/sys/unix/zsysctl_openbsd_amd64.go ./vendor/golang.org/x/sys/unix/ztypes_freebsd_amd64.go ./vendor/golang.org/x/sys/unix/syscall_linux_mips64x.go ./vendor/golang.org/x/sys/unix/readdirent_getdents.go ./vendor/golang.org/x/sys/unix/zsyscall_openbsd_arm.go ./vendor/golang.org/x/sys/unix/fcntl_linux_32bit.go ./vendor/golang.org/x/sys/unix/ztypes_linux_386.go ./vendor/golang.org/x/sys/unix/syscall_darwin_386.go ./vendor/golang.org/x/sys/unix/ztypes_openbsd_amd64.go ./vendor/golang.org/x/sys/unix/bluetooth_linux.go ./vendor/golang.org/x/sys/unix/zerrors_linux_riscv64.go ./vendor/golang.org/x/sys/unix/syscall_linux_amd64_gc.go ./vendor/golang.org/x/sys/unix/zsysnum_linux_s390x.go ./vendor/golang.org/x/sys/unix/zsysnum_darwin_arm64.go ./vendor/golang.org/x/sys/unix/syscall_netbsd_arm.go ./vendor/golang.org/x/sys/unix/pagesize_unix.go ./vendor/golang.org/x/sys/unix/ztypes_linux_s390x.go ./vendor/golang.org/x/sys/unix/ztypes_linux_ppc64le.go ./vendor/golang.org/x/sys/unix/dev_dragonfly.go ./vendor/golang.org/x/sys/unix/sockcmsg_unix_other.go ./vendor/golang.org/x/sys/unix/zsysnum_netbsd_amd64.go ./vendor/golang.org/x/sys/unix/zsysnum_openbsd_arm64.go ./vendor/golang.org/x/sys/unix/ztypes_linux_sparc64.go ./vendor/golang.org/x/sys/unix/zsysnum_linux_386.go ./vendor/golang.org/x/sys/unix/syscall_linux_386.go ./vendor/golang.org/x/sys/unix/zsyscall_openbsd_arm64.go ./vendor/golang.org/x/sys/unix/zerrors_openbsd_arm.go ./vendor/golang.org/x/sys/unix/ztypes_linux_amd64.go ./vendor/golang.org/x/sys/unix/ztypes_netbsd_amd64.go ./vendor/golang.org/x/sys/unix/zerrors_zos_s390x.go ./vendor/golang.org/x/sys/unix/syscall_netbsd_arm64.go ./vendor/golang.org/x/sys/unix/dev_freebsd.go ./vendor/golang.org/x/sys/unix/syscall_darwin_amd64.go ./vendor/golang.org/x/sys/unix/ztypes_darwin_arm64.go ./vendor/golang.org/x/sys/unix/syscall_darwin_libSystem.go ./vendor/golang.org/x/sys/unix/zerrors_aix_ppc.go ./vendor/golang.org/x/sys/unix/dev_netbsd.go ./vendor/golang.org/x/sys/unix/syscall_linux_arm64.go ./vendor/golang.org/x/sys/unix/zsysnum_linux_amd64.go ./vendor/golang.org/x/sys/unix/zerrors_freebsd_amd64.go ./vendor/golang.org/x/sys/unix/fstatfs_zos.go ./vendor/golang.org/x/sys/unix/zerrors_linux_arm.go ./vendor/golang.org/x/sys/unix/zsyscall_linux_386.go ./vendor/golang.org/x/sys/unix/syscall_openbsd_mips64.go ./vendor/golang.org/x/sys/unix/zsyscall_aix_ppc.go ./vendor/golang.org/x/sys/unix/zerrors_openbsd_amd64.go ./vendor/golang.org/x/sys/unix/ztypes_linux_riscv64.go ./vendor/golang.org/x/sys/unix/zsyscall_linux_mipsle.go ./vendor/golang.org/x/sys/unix/zsyscall_linux_mips64le.go ./vendor/golang.org/x/sys/unix/zerrors_netbsd_386.go ./vendor/golang.org/x/sys/unix/syscall_aix_ppc.go ./vendor/golang.org/x/sys/unix/zerrors_linux_ppc64le.go ./vendor/golang.org/x/sys/unix/zerrors_linux_mipsle.go ./vendor/golang.org/x/sys/unix/zerrors_freebsd_arm.go ./vendor/golang.org/x/sys/unix/zerrors_linux_sparc64.go ./vendor/golang.org/x/sys/unix/zerrors_darwin_arm.go ./vendor/golang.org/x/sys/unix/ztypes_dragonfly_amd64.go ./vendor/golang.org/x/sys/windows/service.go ./vendor/golang.org/x/sys/windows/types_windows_amd64.go ./vendor/golang.org/x/sys/windows/zerrors_windows.go ./vendor/golang.org/x/sys/windows/types_windows_arm.go ./vendor/golang.org/x/sys/windows/syscall_windows.go ./vendor/golang.org/x/sys/windows/exec_windows.go ./vendor/golang.org/x/sys/windows/types_windows.go ./vendor/golang.org/x/sys/windows/dll_windows.go ./vendor/golang.org/x/sys/windows/str.go ./vendor/golang.org/x/sys/windows/zsyscall_windows.go ./vendor/golang.org/x/sys/windows/env_windows.go ./vendor/golang.org/x/sys/windows/syscall.go ./vendor/golang.org/x/sys/windows/eventlog.go ./vendor/golang.org/x/sys/windows/mksyscall.go ./vendor/golang.org/x/sys/windows/setupapierrors_windows.go ./vendor/golang.org/x/sys/windows/race0.go ./vendor/golang.org/x/sys/windows/types_windows_arm64.go ./vendor/golang.org/x/sys/windows/types_windows_386.go ./vendor/golang.org/x/sys/windows/security_windows.go ./vendor/golang.org/x/sys/windows/race.go ./vendor/golang.org/x/sys/windows/registry/zsyscall_windows.go ./vendor/golang.org/x/sys/windows/registry/key.go ./vendor/golang.org/x/sys/windows/registry/mksyscall.go ./vendor/golang.org/x/sys/windows/registry/syscall.go ./vendor/golang.org/x/sys/windows/registry/value.go ./vendor/golang.org/x/sys/windows/memory_windows.go ./vendor/golang.org/x/sys/windows/aliases.go ./vendor/golang.org/x/sys/windows/zknownfolderids_windows.go ./vendor/golang.org/x/sys/cpu/cpu_linux.go ./vendor/golang.org/x/sys/cpu/syscall_aix_gccgo.go ./vendor/golang.org/x/sys/cpu/cpu_linux_arm64.go ./vendor/golang.org/x/sys/cpu/cpu_arm64.go ./vendor/golang.org/x/sys/cpu/cpu_linux_noinit.go ./vendor/golang.org/x/sys/cpu/cpu_gc_arm64.go ./vendor/golang.org/x/sys/cpu/cpu_linux_mips64x.go ./vendor/golang.org/x/sys/cpu/cpu_other_arm64.go ./vendor/golang.org/x/sys/cpu/cpu_mips64x.go ./vendor/golang.org/x/sys/cpu/cpu_mipsx.go ./vendor/golang.org/x/sys/cpu/byteorder.go ./vendor/golang.org/x/sys/cpu/cpu_x86.go ./vendor/golang.org/x/sys/cpu/cpu_ppc64x.go ./vendor/golang.org/x/sys/cpu/cpu_riscv64.go ./vendor/golang.org/x/sys/cpu/cpu_gccgo_s390x.go ./vendor/golang.org/x/sys/cpu/cpu_other_mips64x.go ./vendor/golang.org/x/sys/cpu/cpu_wasm.go ./vendor/golang.org/x/sys/cpu/cpu_gc_x86.go ./vendor/golang.org/x/sys/cpu/cpu_zos_s390x.go ./vendor/golang.org/x/sys/cpu/cpu_linux_arm.go ./vendor/golang.org/x/sys/cpu/hwcap_linux.go ./vendor/golang.org/x/sys/cpu/cpu_linux_s390x.go ./vendor/golang.org/x/sys/cpu/cpu_s390x.go ./vendor/golang.org/x/sys/cpu/cpu_gccgo_x86.go ./vendor/golang.org/x/sys/cpu/cpu_zos.go ./vendor/golang.org/x/sys/cpu/cpu_gc_s390x.go ./vendor/golang.org/x/sys/cpu/cpu_netbsd_arm64.go ./vendor/golang.org/x/sys/cpu/cpu_gccgo_arm64.go ./vendor/golang.org/x/sys/cpu/syscall_aix_ppc64_gc.go ./vendor/golang.org/x/sys/cpu/cpu_aix.go ./vendor/golang.org/x/sys/cpu/cpu_arm.go ./vendor/golang.org/x/sys/cpu/cpu_other_arm.go ./vendor/golang.org/x/sys/cpu/cpu_linux_ppc64x.go ./vendor/golang.org/x/sys/cpu/cpu.go ./vendor/golang.org/x/sys/internal/unsafeheader/unsafeheader.go ./vendor/golang.org/x/xerrors/frame.go ./vendor/golang.org/x/xerrors/format.go ./vendor/golang.org/x/xerrors/internal/internal.go ./vendor/golang.org/x/xerrors/adaptor.go ./vendor/golang.org/x/xerrors/doc.go ./vendor/golang.org/x/xerrors/errors.go ./vendor/golang.org/x/xerrors/wrap.go ./vendor/golang.org/x/xerrors/fmt.go ./vendor/golang.org/x/time/rate/rate.go ./vendor/golang.org/x/crypto/blowfish/block.go ./vendor/golang.org/x/crypto/blowfish/const.go ./vendor/golang.org/x/crypto/blowfish/cipher.go ./vendor/golang.org/x/crypto/curve25519/curve25519_amd64.go ./vendor/golang.org/x/crypto/curve25519/curve25519.go ./vendor/golang.org/x/crypto/curve25519/curve25519_noasm.go ./vendor/golang.org/x/crypto/curve25519/curve25519_generic.go ./vendor/golang.org/x/crypto/poly1305/mac_noasm.go ./vendor/golang.org/x/crypto/poly1305/bits_compat.go ./vendor/golang.org/x/crypto/poly1305/poly1305.go ./vendor/golang.org/x/crypto/poly1305/bits_go1.13.go ./vendor/golang.org/x/crypto/poly1305/sum_generic.go ./vendor/golang.org/x/crypto/poly1305/sum_ppc64le.go ./vendor/golang.org/x/crypto/poly1305/sum_amd64.go ./vendor/golang.org/x/crypto/poly1305/sum_s390x.go ./vendor/golang.org/x/crypto/chacha20/chacha_generic.go ./vendor/golang.org/x/crypto/chacha20/chacha_noasm.go ./vendor/golang.org/x/crypto/chacha20/chacha_arm64.go ./vendor/golang.org/x/crypto/chacha20/xor.go ./vendor/golang.org/x/crypto/chacha20/chacha_s390x.go ./vendor/golang.org/x/crypto/chacha20/chacha_ppc64le.go ./vendor/golang.org/x/crypto/ssh/certs.go ./vendor/golang.org/x/crypto/ssh/keys.go ./vendor/golang.org/x/crypto/ssh/buffer.go ./vendor/golang.org/x/crypto/ssh/kex.go ./vendor/golang.org/x/crypto/ssh/handshake.go ./vendor/golang.org/x/crypto/ssh/common.go ./vendor/golang.org/x/crypto/ssh/internal/bcrypt_pbkdf/bcrypt_pbkdf.go ./vendor/golang.org/x/crypto/ssh/client_auth.go ./vendor/golang.org/x/crypto/ssh/streamlocal.go ./vendor/golang.org/x/crypto/ssh/mux.go ./vendor/golang.org/x/crypto/ssh/messages.go ./vendor/golang.org/x/crypto/ssh/tcpip.go ./vendor/golang.org/x/crypto/ssh/ssh_gss.go ./vendor/golang.org/x/crypto/ssh/channel.go ./vendor/golang.org/x/crypto/ssh/server.go ./vendor/golang.org/x/crypto/ssh/connection.go ./vendor/golang.org/x/crypto/ssh/cipher.go ./vendor/golang.org/x/crypto/ssh/mac.go ./vendor/golang.org/x/crypto/ssh/client.go ./vendor/golang.org/x/crypto/ssh/transport.go ./vendor/golang.org/x/crypto/ssh/doc.go ./vendor/golang.org/x/crypto/ssh/session.go ./vendor/golang.org/x/crypto/internal/subtle/aliasing_purego.go ./vendor/golang.org/x/crypto/internal/subtle/aliasing.go ./vendor/golang.org/x/crypto/ed25519/ed25519.go ./vendor/golang.org/x/crypto/ed25519/internal/edwards25519/edwards25519.go ./vendor/golang.org/x/crypto/ed25519/internal/edwards25519/const.go ./vendor/golang.org/x/crypto/ed25519/ed25519_go113.go ./vendor/golang.org/x/net/trace/trace.go ./vendor/golang.org/x/net/trace/events.go ./vendor/golang.org/x/net/trace/histogram.go ./vendor/golang.org/x/net/idna/tables10.0.0.go ./vendor/golang.org/x/net/idna/trie.go ./vendor/golang.org/x/net/idna/punycode.go ./vendor/golang.org/x/net/idna/idna9.0.0.go ./vendor/golang.org/x/net/idna/idna10.0.0.go ./vendor/golang.org/x/net/idna/tables12.0.0.go ./vendor/golang.org/x/net/idna/trieval.go ./vendor/golang.org/x/net/idna/tables11.0.0.go ./vendor/golang.org/x/net/idna/tables13.0.0.go ./vendor/golang.org/x/net/idna/tables9.0.0.go ./vendor/golang.org/x/net/internal/timeseries/timeseries.go ./vendor/golang.org/x/net/http2/server.go ./vendor/golang.org/x/net/http2/databuffer.go ./vendor/golang.org/x/net/http2/flow.go ./vendor/golang.org/x/net/http2/transport.go ./vendor/golang.org/x/net/http2/not_go111.go ./vendor/golang.org/x/net/http2/writesched_random.go ./vendor/golang.org/x/net/http2/frame.go ./vendor/golang.org/x/net/http2/go111.go ./vendor/golang.org/x/net/http2/writesched_priority.go ./vendor/golang.org/x/net/http2/errors.go ./vendor/golang.org/x/net/http2/hpack/hpack.go ./vendor/golang.org/x/net/http2/hpack/huffman.go ./vendor/golang.org/x/net/http2/hpack/encode.go ./vendor/golang.org/x/net/http2/hpack/tables.go ./vendor/golang.org/x/net/http2/pipe.go ./vendor/golang.org/x/net/http2/gotrack.go ./vendor/golang.org/x/net/http2/write.go ./vendor/golang.org/x/net/http2/writesched.go ./vendor/golang.org/x/net/http2/http2.go ./vendor/golang.org/x/net/http2/client_conn_pool.go ./vendor/golang.org/x/net/http2/headermap.go ./vendor/golang.org/x/net/http2/ciphers.go ./vendor/golang.org/x/net/http/httpguts/guts.go ./vendor/golang.org/x/net/http/httpguts/httplex.go ./vendor/golang.org/x/net/context/ctxhttp/ctxhttp.go ./vendor/golang.org/x/net/context/context.go ./vendor/golang.org/x/net/context/pre_go17.go ./vendor/golang.org/x/net/context/go19.go ./vendor/golang.org/x/net/context/pre_go19.go ./vendor/golang.org/x/net/context/go17.go ./vendor/golang.org/x/text/secure/bidirule/bidirule10.0.0.go ./vendor/golang.org/x/text/secure/bidirule/bidirule.go ./vendor/golang.org/x/text/secure/bidirule/bidirule9.0.0.go ./vendor/golang.org/x/text/transform/transform.go ./vendor/golang.org/x/text/unicode/bidi/bidi.go ./vendor/golang.org/x/text/unicode/bidi/prop.go ./vendor/golang.org/x/text/unicode/bidi/bracket.go ./vendor/golang.org/x/text/unicode/bidi/tables11.0.0.go ./vendor/golang.org/x/text/unicode/bidi/tables13.0.0.go ./vendor/golang.org/x/text/unicode/bidi/trieval.go ./vendor/golang.org/x/text/unicode/bidi/tables10.0.0.go ./vendor/golang.org/x/text/unicode/bidi/tables9.0.0.go ./vendor/golang.org/x/text/unicode/bidi/tables12.0.0.go ./vendor/golang.org/x/text/unicode/bidi/core.go ./vendor/golang.org/x/text/unicode/norm/iter.go ./vendor/golang.org/x/text/unicode/norm/readwriter.go ./vendor/golang.org/x/text/unicode/norm/tables9.0.0.go ./vendor/golang.org/x/text/unicode/norm/transform.go ./vendor/golang.org/x/text/unicode/norm/tables13.0.0.go ./vendor/golang.org/x/text/unicode/norm/composition.go ./vendor/golang.org/x/text/unicode/norm/tables11.0.0.go ./vendor/golang.org/x/text/unicode/norm/normalize.go ./vendor/golang.org/x/text/unicode/norm/input.go ./vendor/golang.org/x/text/unicode/norm/tables12.0.0.go ./vendor/golang.org/x/text/unicode/norm/tables10.0.0.go ./vendor/golang.org/x/text/unicode/norm/trie.go ./vendor/golang.org/x/text/unicode/norm/forminfo.go ./vendor/golang.org/x/sync/semaphore/semaphore.go ./vendor/golang.org/x/tools/go/ast/astutil/imports.go ./vendor/golang.org/x/tools/go/ast/astutil/util.go ./vendor/golang.org/x/tools/go/ast/astutil/rewrite.go ./vendor/golang.org/x/tools/go/ast/astutil/enclosing.go ./vendor/golang.org/x/tools/go/internal/gcimporter/newInterface11.go ./vendor/golang.org/x/tools/go/internal/gcimporter/newInterface10.go ./vendor/golang.org/x/tools/go/internal/gcimporter/gcimporter.go ./vendor/golang.org/x/tools/go/internal/gcimporter/bexport.go ./vendor/golang.org/x/tools/go/internal/gcimporter/bimport.go ./vendor/golang.org/x/tools/go/internal/gcimporter/exportdata.go ./vendor/golang.org/x/tools/go/internal/gcimporter/iexport.go ./vendor/golang.org/x/tools/go/internal/gcimporter/iimport.go ./vendor/golang.org/x/tools/go/gcexportdata/gcexportdata.go ./vendor/golang.org/x/tools/go/gcexportdata/importer.go ./vendor/golang.org/x/oauth2/token.go ./vendor/golang.org/x/oauth2/google/appengine_gen1.go ./vendor/golang.org/x/oauth2/google/appengine.go ./vendor/golang.org/x/oauth2/google/default.go ./vendor/golang.org/x/oauth2/google/jwt.go ./vendor/golang.org/x/oauth2/google/appengine_gen2_flex.go ./vendor/golang.org/x/oauth2/google/doc.go ./vendor/golang.org/x/oauth2/google/internal/externalaccount/urlcredsource.go ./vendor/golang.org/x/oauth2/google/internal/externalaccount/aws.go ./vendor/golang.org/x/oauth2/google/internal/externalaccount/sts_exchange.go ./vendor/golang.org/x/oauth2/google/internal/externalaccount/clientauth.go ./vendor/golang.org/x/oauth2/google/internal/externalaccount/basecredentials.go ./vendor/golang.org/x/oauth2/google/internal/externalaccount/filecredsource.go ./vendor/golang.org/x/oauth2/google/internal/externalaccount/err.go ./vendor/golang.org/x/oauth2/google/internal/externalaccount/impersonate.go ./vendor/golang.org/x/oauth2/google/google.go ./vendor/golang.org/x/oauth2/google/sdk.go ./vendor/golang.org/x/oauth2/transport.go ./vendor/golang.org/x/oauth2/internal/client_appengine.go ./vendor/golang.org/x/oauth2/internal/doc.go ./vendor/golang.org/x/oauth2/internal/token.go ./vendor/golang.org/x/oauth2/internal/transport.go ./vendor/golang.org/x/oauth2/internal/oauth2.go ./vendor/golang.org/x/oauth2/jws/jws.go ./vendor/golang.org/x/oauth2/oauth2.go ./vendor/golang.org/x/oauth2/jwt/jwt.go ./vendor/golang.org/x/lint/golint/golint.go ./vendor/golang.org/x/lint/golint/importcomment.go ./vendor/golang.org/x/lint/golint/import.go ./vendor/golang.org/x/lint/lint.go ./vendor/github.com/StackExchange/wmi/wmi.go ./vendor/github.com/StackExchange/wmi/swbemservices.go ./vendor/github.com/mattn/go-shellwords/shellwords.go ./vendor/github.com/mattn/go-shellwords/util_posix.go ./vendor/github.com/mattn/go-shellwords/util_windows.go ./vendor/github.com/prometheus/procfs/slab.go ./vendor/github.com/prometheus/procfs/doc.go ./vendor/github.com/prometheus/procfs/proc_maps.go ./vendor/github.com/prometheus/procfs/net_conntrackstat.go ./vendor/github.com/prometheus/procfs/cpuinfo_x86.go ./vendor/github.com/prometheus/procfs/cpuinfo_mipsx.go ./vendor/github.com/prometheus/procfs/net_protocols.go ./vendor/github.com/prometheus/procfs/cpuinfo.go ./vendor/github.com/prometheus/procfs/net_softnet.go ./vendor/github.com/prometheus/procfs/meminfo.go ./vendor/github.com/prometheus/procfs/proc_smaps.go ./vendor/github.com/prometheus/procfs/crypto.go ./vendor/github.com/prometheus/procfs/cpuinfo_ppcx.go ./vendor/github.com/prometheus/procfs/net_tcp.go ./vendor/github.com/prometheus/procfs/swaps.go ./vendor/github.com/prometheus/procfs/cpuinfo_armx.go ./vendor/github.com/prometheus/procfs/net_udp.go ./vendor/github.com/prometheus/procfs/proc_stat.go ./vendor/github.com/prometheus/procfs/zoneinfo.go ./vendor/github.com/prometheus/procfs/arp.go ./vendor/github.com/prometheus/procfs/proc_io.go ./vendor/github.com/prometheus/procfs/internal/fs/fs.go ./vendor/github.com/prometheus/procfs/internal/util/parse.go ./vendor/github.com/prometheus/procfs/internal/util/sysreadfile_compat.go ./vendor/github.com/prometheus/procfs/internal/util/readfile.go ./vendor/github.com/prometheus/procfs/internal/util/sysreadfile.go ./vendor/github.com/prometheus/procfs/internal/util/valueparser.go ./vendor/github.com/prometheus/procfs/mdstat.go ./vendor/github.com/prometheus/procfs/buddyinfo.go ./vendor/github.com/prometheus/procfs/net_dev.go ./vendor/github.com/prometheus/procfs/stat.go ./vendor/github.com/prometheus/procfs/kernel_random.go ./vendor/github.com/prometheus/procfs/schedstat.go ./vendor/github.com/prometheus/procfs/proc_ns.go ./vendor/github.com/prometheus/procfs/proc_cgroup.go ./vendor/github.com/prometheus/procfs/proc_limits.go ./vendor/github.com/prometheus/procfs/loadavg.go ./vendor/github.com/prometheus/procfs/net_ip_socket.go ./vendor/github.com/prometheus/procfs/cpuinfo_riscvx.go ./vendor/github.com/prometheus/procfs/cpuinfo_s390x.go ./vendor/github.com/prometheus/procfs/fs.go ./vendor/github.com/prometheus/procfs/net_unix.go ./vendor/github.com/prometheus/procfs/proc_fdinfo.go ./vendor/github.com/prometheus/procfs/fscache.go ./vendor/github.com/prometheus/procfs/proc_status.go ./vendor/github.com/prometheus/procfs/ipvs.go ./vendor/github.com/prometheus/procfs/cpuinfo_others.go ./vendor/github.com/prometheus/procfs/net_sockstat.go ./vendor/github.com/prometheus/procfs/proc_environ.go ./vendor/github.com/prometheus/procfs/proc.go ./vendor/github.com/prometheus/procfs/vm.go ./vendor/github.com/prometheus/procfs/mountstats.go ./vendor/github.com/prometheus/procfs/mountinfo.go ./vendor/github.com/prometheus/procfs/proc_psi.go ./vendor/github.com/prometheus/procfs/xfrm.go ./vendor/github.com/prometheus/common/model/silence.go ./vendor/github.com/prometheus/common/model/labelset.go ./vendor/github.com/prometheus/common/model/fingerprinting.go ./vendor/github.com/prometheus/common/model/signature.go ./vendor/github.com/prometheus/common/model/model.go ./vendor/github.com/prometheus/common/model/fnv.go ./vendor/github.com/prometheus/common/model/value.go ./vendor/github.com/prometheus/common/model/alert.go ./vendor/github.com/prometheus/common/model/metric.go ./vendor/github.com/prometheus/common/model/labels.go ./vendor/github.com/prometheus/common/model/time.go ./vendor/github.com/prometheus/common/expfmt/text_parse.go ./vendor/github.com/prometheus/common/expfmt/text_create.go ./vendor/github.com/prometheus/common/expfmt/fuzz.go ./vendor/github.com/prometheus/common/expfmt/decode.go ./vendor/github.com/prometheus/common/expfmt/encode.go ./vendor/github.com/prometheus/common/expfmt/openmetrics_create.go ./vendor/github.com/prometheus/common/expfmt/expfmt.go ./vendor/github.com/prometheus/common/internal/bitbucket.org/ww/goautoneg/autoneg.go ./vendor/github.com/prometheus/client_model/go/metrics.pb.go ./vendor/github.com/prometheus/client_golang/prometheus/desc.go ./vendor/github.com/prometheus/client_golang/prometheus/registry.go ./vendor/github.com/prometheus/client_golang/prometheus/process_collector_other.go ./vendor/github.com/prometheus/client_golang/prometheus/fnv.go ./vendor/github.com/prometheus/client_golang/prometheus/summary.go ./vendor/github.com/prometheus/client_golang/prometheus/promauto/auto.go ./vendor/github.com/prometheus/client_golang/prometheus/promhttp/delegator.go ./vendor/github.com/prometheus/client_golang/prometheus/promhttp/http.go ./vendor/github.com/prometheus/client_golang/prometheus/promhttp/instrument_server.go ./vendor/github.com/prometheus/client_golang/prometheus/promhttp/instrument_client.go ./vendor/github.com/prometheus/client_golang/prometheus/untyped.go ./vendor/github.com/prometheus/client_golang/prometheus/wrap.go ./vendor/github.com/prometheus/client_golang/prometheus/expvar_collector.go ./vendor/github.com/prometheus/client_golang/prometheus/process_collector_windows.go ./vendor/github.com/prometheus/client_golang/prometheus/histogram.go ./vendor/github.com/prometheus/client_golang/prometheus/observer.go ./vendor/github.com/prometheus/client_golang/prometheus/doc.go ./vendor/github.com/prometheus/client_golang/prometheus/timer.go ./vendor/github.com/prometheus/client_golang/prometheus/gauge.go ./vendor/github.com/prometheus/client_golang/prometheus/internal/metric.go ./vendor/github.com/prometheus/client_golang/prometheus/go_collector.go ./vendor/github.com/prometheus/client_golang/prometheus/counter.go ./vendor/github.com/prometheus/client_golang/prometheus/metric.go ./vendor/github.com/prometheus/client_golang/prometheus/process_collector.go ./vendor/github.com/prometheus/client_golang/prometheus/value.go ./vendor/github.com/prometheus/client_golang/prometheus/labels.go ./vendor/github.com/prometheus/client_golang/prometheus/vec.go ./vendor/github.com/prometheus/client_golang/prometheus/collector.go ./vendor/github.com/stretchr/testify/require/forward_requirements.go ./vendor/github.com/stretchr/testify/require/requirements.go ./vendor/github.com/stretchr/testify/require/require_forward.go ./vendor/github.com/stretchr/testify/require/doc.go ./vendor/github.com/stretchr/testify/require/require.go ./vendor/github.com/stretchr/testify/assert/assertion_forward.go ./vendor/github.com/stretchr/testify/assert/errors.go ./vendor/github.com/stretchr/testify/assert/forward_assertions.go ./vendor/github.com/stretchr/testify/assert/assertions.go ./vendor/github.com/stretchr/testify/assert/assertion_order.go ./vendor/github.com/stretchr/testify/assert/http_assertions.go ./vendor/github.com/stretchr/testify/assert/doc.go ./vendor/github.com/stretchr/testify/assert/assertion_compare.go ./vendor/github.com/stretchr/testify/assert/assertion_format.go ./vendor/github.com/mikesmitty/edkey/edkey.go ./vendor/github.com/uber/jaeger-lib/metrics/counter.go ./vendor/github.com/uber/jaeger-lib/metrics/histogram.go ./vendor/github.com/uber/jaeger-lib/metrics/keys.go ./vendor/github.com/uber/jaeger-lib/metrics/stopwatch.go ./vendor/github.com/uber/jaeger-lib/metrics/timer.go ./vendor/github.com/uber/jaeger-lib/metrics/gauge.go ./vendor/github.com/uber/jaeger-lib/metrics/factory.go ./vendor/github.com/uber/jaeger-lib/metrics/metrics.go ./vendor/github.com/uber/jaeger-client-go/zipkin.go ./vendor/github.com/uber/jaeger-client-go/thrift-gen/agent/agent.go ./vendor/github.com/uber/jaeger-client-go/thrift-gen/agent/constants.go ./vendor/github.com/uber/jaeger-client-go/thrift-gen/agent/ttypes.go ./vendor/github.com/uber/jaeger-client-go/thrift-gen/baggage/ttypes.go ./vendor/github.com/uber/jaeger-client-go/thrift-gen/baggage/baggagerestrictionmanager.go ./vendor/github.com/uber/jaeger-client-go/thrift-gen/baggage/constants.go ./vendor/github.com/uber/jaeger-client-go/thrift-gen/zipkincore/zipkincollector.go ./vendor/github.com/uber/jaeger-client-go/thrift-gen/zipkincore/constants.go ./vendor/github.com/uber/jaeger-client-go/thrift-gen/zipkincore/ttypes.go ./vendor/github.com/uber/jaeger-client-go/thrift-gen/sampling/ttypes.go ./vendor/github.com/uber/jaeger-client-go/thrift-gen/sampling/samplingmanager.go ./vendor/github.com/uber/jaeger-client-go/thrift-gen/sampling/constants.go ./vendor/github.com/uber/jaeger-client-go/thrift-gen/jaeger/constants.go ./vendor/github.com/uber/jaeger-client-go/thrift-gen/jaeger/ttypes.go ./vendor/github.com/uber/jaeger-client-go/thrift-gen/jaeger/agent.go ./vendor/github.com/uber/jaeger-client-go/metrics.go ./vendor/github.com/uber/jaeger-client-go/contrib_observer.go ./vendor/github.com/uber/jaeger-client-go/jaeger_tag.go ./vendor/github.com/uber/jaeger-client-go/doc.go ./vendor/github.com/uber/jaeger-client-go/internal/baggage/remote/options.go ./vendor/github.com/uber/jaeger-client-go/internal/baggage/remote/restriction_manager.go ./vendor/github.com/uber/jaeger-client-go/internal/baggage/restriction_manager.go ./vendor/github.com/uber/jaeger-client-go/internal/throttler/remote/options.go ./vendor/github.com/uber/jaeger-client-go/internal/throttler/remote/throttler.go ./vendor/github.com/uber/jaeger-client-go/internal/throttler/throttler.go ./vendor/github.com/uber/jaeger-client-go/internal/spanlog/json.go ./vendor/github.com/uber/jaeger-client-go/internal/reporterstats/stats.go ./vendor/github.com/uber/jaeger-client-go/span_context.go ./vendor/github.com/uber/jaeger-client-go/span.go ./vendor/github.com/uber/jaeger-client-go/transport.go ./vendor/github.com/uber/jaeger-client-go/tracer_options.go ./vendor/github.com/uber/jaeger-client-go/thrift/processor.go ./vendor/github.com/uber/jaeger-client-go/thrift/rich_transport.go ./vendor/github.com/uber/jaeger-client-go/thrift/exception.go ./vendor/github.com/uber/jaeger-client-go/thrift/protocol_factory.go ./vendor/github.com/uber/jaeger-client-go/thrift/protocol.go ./vendor/github.com/uber/jaeger-client-go/thrift/transport.go ./vendor/github.com/uber/jaeger-client-go/thrift/simple_json_protocol.go ./vendor/github.com/uber/jaeger-client-go/thrift/type.go ./vendor/github.com/uber/jaeger-client-go/thrift/transport_factory.go ./vendor/github.com/uber/jaeger-client-go/thrift/protocol_exception.go ./vendor/github.com/uber/jaeger-client-go/thrift/compact_protocol.go ./vendor/github.com/uber/jaeger-client-go/thrift/numeric.go ./vendor/github.com/uber/jaeger-client-go/thrift/memory_buffer.go ./vendor/github.com/uber/jaeger-client-go/thrift/messagetype.go ./vendor/github.com/uber/jaeger-client-go/thrift/binary_protocol.go ./vendor/github.com/uber/jaeger-client-go/thrift/transport_exception.go ./vendor/github.com/uber/jaeger-client-go/thrift/serializer.go ./vendor/github.com/uber/jaeger-client-go/thrift/application_exception.go ./vendor/github.com/uber/jaeger-client-go/header.go ./vendor/github.com/uber/jaeger-client-go/interop.go ./vendor/github.com/uber/jaeger-client-go/transport/http.go ./vendor/github.com/uber/jaeger-client-go/transport/doc.go ./vendor/github.com/uber/jaeger-client-go/constants.go ./vendor/github.com/uber/jaeger-client-go/sampler_remote_options.go ./vendor/github.com/uber/jaeger-client-go/sampler_v2.go ./vendor/github.com/uber/jaeger-client-go/sampler_remote.go ./vendor/github.com/uber/jaeger-client-go/utils/rate_limiter.go ./vendor/github.com/uber/jaeger-client-go/utils/http_json.go ./vendor/github.com/uber/jaeger-client-go/utils/localip.go ./vendor/github.com/uber/jaeger-client-go/utils/rand.go ./vendor/github.com/uber/jaeger-client-go/utils/utils.go ./vendor/github.com/uber/jaeger-client-go/utils/reconnecting_udp_conn.go ./vendor/github.com/uber/jaeger-client-go/utils/udp_client.go ./vendor/github.com/uber/jaeger-client-go/logger.go ./vendor/github.com/uber/jaeger-client-go/sampler.go ./vendor/github.com/uber/jaeger-client-go/reference.go ./vendor/github.com/uber/jaeger-client-go/jaeger_thrift_span.go ./vendor/github.com/uber/jaeger-client-go/process.go ./vendor/github.com/uber/jaeger-client-go/rpcmetrics/metrics.go ./vendor/github.com/uber/jaeger-client-go/rpcmetrics/observer.go ./vendor/github.com/uber/jaeger-client-go/rpcmetrics/endpoints.go ./vendor/github.com/uber/jaeger-client-go/rpcmetrics/doc.go ./vendor/github.com/uber/jaeger-client-go/rpcmetrics/normalizer.go ./vendor/github.com/uber/jaeger-client-go/baggage_setter.go ./vendor/github.com/uber/jaeger-client-go/propagation.go ./vendor/github.com/uber/jaeger-client-go/config/config.go ./vendor/github.com/uber/jaeger-client-go/config/options.go ./vendor/github.com/uber/jaeger-client-go/config/config_env.go ./vendor/github.com/uber/jaeger-client-go/span_allocator.go ./vendor/github.com/uber/jaeger-client-go/reporter.go ./vendor/github.com/uber/jaeger-client-go/observer.go ./vendor/github.com/uber/jaeger-client-go/transport_udp.go ./vendor/github.com/uber/jaeger-client-go/zipkin_thrift_span.go ./vendor/github.com/uber/jaeger-client-go/reporter_options.go ./vendor/github.com/uber/jaeger-client-go/log/logger.go ./vendor/github.com/uber/jaeger-client-go/tracer.go ./vendor/github.com/pmezard/go-difflib/difflib/difflib.go ./vendor/github.com/pires/go-proxyproto/addr_proto.go ./vendor/github.com/pires/go-proxyproto/v1.go ./vendor/github.com/pires/go-proxyproto/protocol.go ./vendor/github.com/pires/go-proxyproto/v2.go ./vendor/github.com/pires/go-proxyproto/tlv.go ./vendor/github.com/pires/go-proxyproto/version_cmd.go ./vendor/github.com/pires/go-proxyproto/header.go ./vendor/github.com/pires/go-proxyproto/policy.go ./vendor/github.com/gogo/protobuf/types/timestamp_gogo.go ./vendor/github.com/gogo/protobuf/types/doc.go ./vendor/github.com/gogo/protobuf/types/protosize.go ./vendor/github.com/gogo/protobuf/types/wrappers_gogo.go ./vendor/github.com/gogo/protobuf/types/timestamp.pb.go ./vendor/github.com/gogo/protobuf/types/wrappers.pb.go ./vendor/github.com/gogo/protobuf/types/duration.pb.go ./vendor/github.com/gogo/protobuf/types/duration_gogo.go ./vendor/github.com/gogo/protobuf/types/empty.pb.go ./vendor/github.com/gogo/protobuf/types/api.pb.go ./vendor/github.com/gogo/protobuf/types/any.go ./vendor/github.com/gogo/protobuf/types/field_mask.pb.go ./vendor/github.com/gogo/protobuf/types/any.pb.go ./vendor/github.com/gogo/protobuf/types/timestamp.go ./vendor/github.com/gogo/protobuf/types/source_context.pb.go ./vendor/github.com/gogo/protobuf/types/type.pb.go ./vendor/github.com/gogo/protobuf/types/struct.pb.go ./vendor/github.com/gogo/protobuf/types/duration.go ./vendor/github.com/gogo/protobuf/proto/pointer_unsafe.go ./vendor/github.com/gogo/protobuf/proto/timestamp.go ./vendor/github.com/gogo/protobuf/proto/clone.go ./vendor/github.com/gogo/protobuf/proto/table_marshal_gogo.go ./vendor/github.com/gogo/protobuf/proto/discard.go ./vendor/github.com/gogo/protobuf/proto/timestamp_gogo.go ./vendor/github.com/gogo/protobuf/proto/deprecated.go ./vendor/github.com/gogo/protobuf/proto/wrappers_gogo.go ./vendor/github.com/gogo/protobuf/proto/pointer_reflect.go ./vendor/github.com/gogo/protobuf/proto/properties_gogo.go ./vendor/github.com/gogo/protobuf/proto/duration_gogo.go ./vendor/github.com/gogo/protobuf/proto/properties.go ./vendor/github.com/gogo/protobuf/proto/pointer_unsafe_gogo.go ./vendor/github.com/gogo/protobuf/proto/extensions.go ./vendor/github.com/gogo/protobuf/proto/duration.go ./vendor/github.com/gogo/protobuf/proto/skip_gogo.go ./vendor/github.com/gogo/protobuf/proto/lib_gogo.go ./vendor/github.com/gogo/protobuf/proto/encode_gogo.go ./vendor/github.com/gogo/protobuf/proto/text.go ./vendor/github.com/gogo/protobuf/proto/table_unmarshal.go ./vendor/github.com/gogo/protobuf/proto/encode.go ./vendor/github.com/gogo/protobuf/proto/decode.go ./vendor/github.com/gogo/protobuf/proto/message_set.go ./vendor/github.com/gogo/protobuf/proto/equal.go ./vendor/github.com/gogo/protobuf/proto/lib.go ./vendor/github.com/gogo/protobuf/proto/custom_gogo.go ./vendor/github.com/gogo/protobuf/proto/wrappers.go ./vendor/github.com/gogo/protobuf/proto/text_parser.go ./vendor/github.com/gogo/protobuf/proto/pointer_reflect_gogo.go ./vendor/github.com/gogo/protobuf/proto/text_gogo.go ./vendor/github.com/gogo/protobuf/proto/table_merge.go ./vendor/github.com/gogo/protobuf/proto/extensions_gogo.go ./vendor/github.com/gogo/protobuf/proto/table_marshal.go ./vendor/github.com/gogo/protobuf/proto/table_unmarshal_gogo.go ./vendor/github.com/gogo/protobuf/sortkeys/sortkeys.go ./vendor/github.com/aws/aws-sdk-go/internal/sdkuri/path.go ./vendor/github.com/aws/aws-sdk-go/internal/sdkio/io_go1.7.go ./vendor/github.com/aws/aws-sdk-go/internal/sdkio/io_go1.6.go ./vendor/github.com/aws/aws-sdk-go/internal/sdkio/byte.go ./vendor/github.com/aws/aws-sdk-go/internal/strings/strings.go ./vendor/github.com/aws/aws-sdk-go/internal/ini/sep_tokens.go ./vendor/github.com/aws/aws-sdk-go/internal/ini/visitor.go ./vendor/github.com/aws/aws-sdk-go/internal/ini/doc.go ./vendor/github.com/aws/aws-sdk-go/internal/ini/expression.go ./vendor/github.com/aws/aws-sdk-go/internal/ini/newline_token.go ./vendor/github.com/aws/aws-sdk-go/internal/ini/empty_token.go ./vendor/github.com/aws/aws-sdk-go/internal/ini/ast.go ./vendor/github.com/aws/aws-sdk-go/internal/ini/parse_error.go ./vendor/github.com/aws/aws-sdk-go/internal/ini/ini_parser.go ./vendor/github.com/aws/aws-sdk-go/internal/ini/skipper.go ./vendor/github.com/aws/aws-sdk-go/internal/ini/literal_tokens.go ./vendor/github.com/aws/aws-sdk-go/internal/ini/number_helper.go ./vendor/github.com/aws/aws-sdk-go/internal/ini/parse_stack.go ./vendor/github.com/aws/aws-sdk-go/internal/ini/comment_token.go ./vendor/github.com/aws/aws-sdk-go/internal/ini/statement.go ./vendor/github.com/aws/aws-sdk-go/internal/ini/walker.go ./vendor/github.com/aws/aws-sdk-go/internal/ini/op_tokens.go ./vendor/github.com/aws/aws-sdk-go/internal/ini/comma_token.go ./vendor/github.com/aws/aws-sdk-go/internal/ini/value_util.go ./vendor/github.com/aws/aws-sdk-go/internal/ini/ini_lexer.go ./vendor/github.com/aws/aws-sdk-go/internal/ini/ws_token.go ./vendor/github.com/aws/aws-sdk-go/internal/ini/fuzz.go ./vendor/github.com/aws/aws-sdk-go/internal/ini/ini.go ./vendor/github.com/aws/aws-sdk-go/internal/sdkmath/floor_go1.9.go ./vendor/github.com/aws/aws-sdk-go/internal/sdkmath/floor.go ./vendor/github.com/aws/aws-sdk-go/internal/sync/singleflight/singleflight.go ./vendor/github.com/aws/aws-sdk-go/internal/sdkrand/read.go ./vendor/github.com/aws/aws-sdk-go/internal/sdkrand/read_1_5.go ./vendor/github.com/aws/aws-sdk-go/internal/sdkrand/locked_source.go ./vendor/github.com/aws/aws-sdk-go/internal/context/background_go1.5.go ./vendor/github.com/aws/aws-sdk-go/internal/shareddefaults/shared_config.go ./vendor/github.com/aws/aws-sdk-go/internal/shareddefaults/ecs_container.go ./vendor/github.com/aws/aws-sdk-go/service/sts/stsiface/interface.go ./vendor/github.com/aws/aws-sdk-go/service/sts/service.go ./vendor/github.com/aws/aws-sdk-go/service/sts/errors.go ./vendor/github.com/aws/aws-sdk-go/service/sts/customizations.go ./vendor/github.com/aws/aws-sdk-go/service/sts/doc.go ./vendor/github.com/aws/aws-sdk-go/service/sts/api.go ./vendor/github.com/aws/aws-sdk-go/service/sso/service.go ./vendor/github.com/aws/aws-sdk-go/service/sso/errors.go ./vendor/github.com/aws/aws-sdk-go/service/sso/doc.go ./vendor/github.com/aws/aws-sdk-go/service/sso/ssoiface/interface.go ./vendor/github.com/aws/aws-sdk-go/service/sso/api.go ./vendor/github.com/aws/aws-sdk-go/private/protocol/host_prefix.go ./vendor/github.com/aws/aws-sdk-go/private/protocol/idempotency.go ./vendor/github.com/aws/aws-sdk-go/private/protocol/json/jsonutil/unmarshal.go ./vendor/github.com/aws/aws-sdk-go/private/protocol/json/jsonutil/build.go ./vendor/github.com/aws/aws-sdk-go/private/protocol/protocol.go ./vendor/github.com/aws/aws-sdk-go/private/protocol/jsonvalue.go ./vendor/github.com/aws/aws-sdk-go/private/protocol/restjson/unmarshal_error.go ./vendor/github.com/aws/aws-sdk-go/private/protocol/restjson/restjson.go ./vendor/github.com/aws/aws-sdk-go/private/protocol/timestamp.go ./vendor/github.com/aws/aws-sdk-go/private/protocol/rest/unmarshal.go ./vendor/github.com/aws/aws-sdk-go/private/protocol/rest/build.go ./vendor/github.com/aws/aws-sdk-go/private/protocol/rest/payload.go ./vendor/github.com/aws/aws-sdk-go/private/protocol/jsonrpc/unmarshal_error.go ./vendor/github.com/aws/aws-sdk-go/private/protocol/jsonrpc/jsonrpc.go ./vendor/github.com/aws/aws-sdk-go/private/protocol/host.go ./vendor/github.com/aws/aws-sdk-go/private/protocol/query/queryutil/queryutil.go ./vendor/github.com/aws/aws-sdk-go/private/protocol/query/unmarshal.go ./vendor/github.com/aws/aws-sdk-go/private/protocol/query/unmarshal_error.go ./vendor/github.com/aws/aws-sdk-go/private/protocol/query/build.go ./vendor/github.com/aws/aws-sdk-go/private/protocol/unmarshal_error.go ./vendor/github.com/aws/aws-sdk-go/private/protocol/xml/xmlutil/build.go ./vendor/github.com/aws/aws-sdk-go/private/protocol/xml/xmlutil/unmarshal.go ./vendor/github.com/aws/aws-sdk-go/private/protocol/xml/xmlutil/sort.go ./vendor/github.com/aws/aws-sdk-go/private/protocol/xml/xmlutil/xml_to_struct.go ./vendor/github.com/aws/aws-sdk-go/private/protocol/unmarshal.go ./vendor/github.com/aws/aws-sdk-go/private/protocol/payload.go ./vendor/github.com/aws/aws-sdk-go/aws/version.go ./vendor/github.com/aws/aws-sdk-go/aws/context_background_1_5.go ./vendor/github.com/aws/aws-sdk-go/aws/request/request.go ./vendor/github.com/aws/aws-sdk-go/aws/request/validation.go ./vendor/github.com/aws/aws-sdk-go/aws/request/handlers.go ./vendor/github.com/aws/aws-sdk-go/aws/request/request_1_7.go ./vendor/github.com/aws/aws-sdk-go/aws/request/waiter.go ./vendor/github.com/aws/aws-sdk-go/aws/request/timeout_read_closer.go ./vendor/github.com/aws/aws-sdk-go/aws/request/request_pagination.go ./vendor/github.com/aws/aws-sdk-go/aws/request/request_context_1_6.go ./vendor/github.com/aws/aws-sdk-go/aws/request/connection_reset_error.go ./vendor/github.com/aws/aws-sdk-go/aws/request/retryer.go ./vendor/github.com/aws/aws-sdk-go/aws/request/request_context.go ./vendor/github.com/aws/aws-sdk-go/aws/request/request_1_8.go ./vendor/github.com/aws/aws-sdk-go/aws/request/offset_reader.go ./vendor/github.com/aws/aws-sdk-go/aws/request/http_request.go ./vendor/github.com/aws/aws-sdk-go/aws/signer/v4/uri_path.go ./vendor/github.com/aws/aws-sdk-go/aws/signer/v4/header_rules.go ./vendor/github.com/aws/aws-sdk-go/aws/signer/v4/v4.go ./vendor/github.com/aws/aws-sdk-go/aws/signer/v4/options.go ./vendor/github.com/aws/aws-sdk-go/aws/signer/v4/request_context_go1.5.go ./vendor/github.com/aws/aws-sdk-go/aws/signer/v4/stream.go ./vendor/github.com/aws/aws-sdk-go/aws/signer/v4/request_context_go1.7.go ./vendor/github.com/aws/aws-sdk-go/aws/client/metadata/client_info.go ./vendor/github.com/aws/aws-sdk-go/aws/client/no_op_retryer.go ./vendor/github.com/aws/aws-sdk-go/aws/client/default_retryer.go ./vendor/github.com/aws/aws-sdk-go/aws/client/client.go ./vendor/github.com/aws/aws-sdk-go/aws/client/logger.go ./vendor/github.com/aws/aws-sdk-go/aws/types.go ./vendor/github.com/aws/aws-sdk-go/aws/context_1_5.go ./vendor/github.com/aws/aws-sdk-go/aws/defaults/shared_config.go ./vendor/github.com/aws/aws-sdk-go/aws/defaults/defaults.go ./vendor/github.com/aws/aws-sdk-go/aws/awserr/types.go ./vendor/github.com/aws/aws-sdk-go/aws/awserr/error.go ./vendor/github.com/aws/aws-sdk-go/aws/context_background_1_7.go ./vendor/github.com/aws/aws-sdk-go/aws/awsutil/prettify.go ./vendor/github.com/aws/aws-sdk-go/aws/awsutil/equal.go ./vendor/github.com/aws/aws-sdk-go/aws/awsutil/copy.go ./vendor/github.com/aws/aws-sdk-go/aws/awsutil/string_value.go ./vendor/github.com/aws/aws-sdk-go/aws/awsutil/path_value.go ./vendor/github.com/aws/aws-sdk-go/aws/doc.go ./vendor/github.com/aws/aws-sdk-go/aws/context_sleep.go ./vendor/github.com/aws/aws-sdk-go/aws/config.go ./vendor/github.com/aws/aws-sdk-go/aws/url_1_7.go ./vendor/github.com/aws/aws-sdk-go/aws/endpoints/decode.go ./vendor/github.com/aws/aws-sdk-go/aws/endpoints/endpoints.go ./vendor/github.com/aws/aws-sdk-go/aws/endpoints/v3model_codegen.go ./vendor/github.com/aws/aws-sdk-go/aws/endpoints/doc.go ./vendor/github.com/aws/aws-sdk-go/aws/endpoints/v3model.go ./vendor/github.com/aws/aws-sdk-go/aws/endpoints/dep_service_ids.go ./vendor/github.com/aws/aws-sdk-go/aws/endpoints/defaults.go ./vendor/github.com/aws/aws-sdk-go/aws/endpoints/legacy_regions.go ./vendor/github.com/aws/aws-sdk-go/aws/context_1_9.go ./vendor/github.com/aws/aws-sdk-go/aws/url.go ./vendor/github.com/aws/aws-sdk-go/aws/logger.go ./vendor/github.com/aws/aws-sdk-go/aws/csm/metric.go ./vendor/github.com/aws/aws-sdk-go/aws/csm/metric_exception.go ./vendor/github.com/aws/aws-sdk-go/aws/csm/metric_chan.go ./vendor/github.com/aws/aws-sdk-go/aws/csm/reporter.go ./vendor/github.com/aws/aws-sdk-go/aws/csm/doc.go ./vendor/github.com/aws/aws-sdk-go/aws/csm/enable.go ./vendor/github.com/aws/aws-sdk-go/aws/convert_types.go ./vendor/github.com/aws/aws-sdk-go/aws/credentials/endpointcreds/provider.go ./vendor/github.com/aws/aws-sdk-go/aws/credentials/context_go1.5.go ./vendor/github.com/aws/aws-sdk-go/aws/credentials/env_provider.go ./vendor/github.com/aws/aws-sdk-go/aws/credentials/chain_provider.go ./vendor/github.com/aws/aws-sdk-go/aws/credentials/static_provider.go ./vendor/github.com/aws/aws-sdk-go/aws/credentials/ec2rolecreds/ec2_role_provider.go ./vendor/github.com/aws/aws-sdk-go/aws/credentials/ssocreds/doc.go ./vendor/github.com/aws/aws-sdk-go/aws/credentials/ssocreds/os.go ./vendor/github.com/aws/aws-sdk-go/aws/credentials/ssocreds/provider.go ./vendor/github.com/aws/aws-sdk-go/aws/credentials/ssocreds/os_windows.go ./vendor/github.com/aws/aws-sdk-go/aws/credentials/context_background_go1.7.go ./vendor/github.com/aws/aws-sdk-go/aws/credentials/shared_credentials_provider.go ./vendor/github.com/aws/aws-sdk-go/aws/credentials/context_background_go1.5.go ./vendor/github.com/aws/aws-sdk-go/aws/credentials/context_go1.9.go ./vendor/github.com/aws/aws-sdk-go/aws/credentials/credentials.go ./vendor/github.com/aws/aws-sdk-go/aws/credentials/processcreds/provider.go ./vendor/github.com/aws/aws-sdk-go/aws/credentials/stscreds/web_identity_provider.go ./vendor/github.com/aws/aws-sdk-go/aws/credentials/stscreds/assume_role_provider.go ./vendor/github.com/aws/aws-sdk-go/aws/corehandlers/user_agent.go ./vendor/github.com/aws/aws-sdk-go/aws/corehandlers/handlers.go ./vendor/github.com/aws/aws-sdk-go/aws/corehandlers/param_validator.go ./vendor/github.com/aws/aws-sdk-go/aws/jsonvalue.go ./vendor/github.com/aws/aws-sdk-go/aws/ec2metadata/service.go ./vendor/github.com/aws/aws-sdk-go/aws/ec2metadata/api.go ./vendor/github.com/aws/aws-sdk-go/aws/ec2metadata/token_provider.go ./vendor/github.com/aws/aws-sdk-go/aws/session/credentials.go ./vendor/github.com/aws/aws-sdk-go/aws/session/session.go ./vendor/github.com/aws/aws-sdk-go/aws/session/doc.go ./vendor/github.com/aws/aws-sdk-go/aws/session/shared_config.go ./vendor/github.com/aws/aws-sdk-go/aws/session/custom_transport.go ./vendor/github.com/aws/aws-sdk-go/aws/session/custom_transport_go1.6.go ./vendor/github.com/aws/aws-sdk-go/aws/session/custom_transport_go1.5.go ./vendor/github.com/aws/aws-sdk-go/aws/session/env_config.go ./vendor/github.com/aws/aws-sdk-go/aws/session/custom_transport_go1.12.go ./vendor/github.com/aws/aws-sdk-go/aws/errors.go ./vendor/github.com/pkg/errors/errors.go ./vendor/github.com/pkg/errors/stack.go ./vendor/github.com/pkg/errors/go113.go ./vendor/github.com/opentracing/opentracing-go/gocontext.go ./vendor/github.com/opentracing/opentracing-go/span.go ./vendor/github.com/opentracing/opentracing-go/ext.go ./vendor/github.com/opentracing/opentracing-go/globaltracer.go ./vendor/github.com/opentracing/opentracing-go/ext/field.go ./vendor/github.com/opentracing/opentracing-go/ext/tags.go ./vendor/github.com/opentracing/opentracing-go/noop.go ./vendor/github.com/opentracing/opentracing-go/propagation.go ./vendor/github.com/opentracing/opentracing-go/log/util.go ./vendor/github.com/opentracing/opentracing-go/log/field.go ./vendor/github.com/opentracing/opentracing-go/tracer.go ./vendor/github.com/census-instrumentation/opencensus-proto/gen-go/resource/v1/resource.pb.go ./vendor/github.com/census-instrumentation/opencensus-proto/gen-go/agent/common/v1/common.pb.go ./vendor/github.com/census-instrumentation/opencensus-proto/gen-go/metrics/v1/metrics.pb.go ./vendor/github.com/jmespath/go-jmespath/util.go ./vendor/github.com/jmespath/go-jmespath/lexer.go ./vendor/github.com/jmespath/go-jmespath/toktype_string.go ./vendor/github.com/jmespath/go-jmespath/api.go ./vendor/github.com/jmespath/go-jmespath/astnodetype_string.go ./vendor/github.com/jmespath/go-jmespath/functions.go ./vendor/github.com/jmespath/go-jmespath/interpreter.go ./vendor/github.com/jmespath/go-jmespath/parser.go ./vendor/github.com/google/go-cmp/cmp/export_unsafe.go ./vendor/github.com/google/go-cmp/cmp/export_panic.go ./vendor/github.com/google/go-cmp/cmp/internal/flags/flags.go ./vendor/github.com/google/go-cmp/cmp/internal/flags/toolchain_recent.go ./vendor/github.com/google/go-cmp/cmp/internal/flags/toolchain_legacy.go ./vendor/github.com/google/go-cmp/cmp/internal/function/func.go ./vendor/github.com/google/go-cmp/cmp/internal/value/pointer_purego.go ./vendor/github.com/google/go-cmp/cmp/internal/value/pointer_unsafe.go ./vendor/github.com/google/go-cmp/cmp/internal/value/zero.go ./vendor/github.com/google/go-cmp/cmp/internal/value/name.go ./vendor/github.com/google/go-cmp/cmp/internal/value/sort.go ./vendor/github.com/google/go-cmp/cmp/internal/diff/diff.go ./vendor/github.com/google/go-cmp/cmp/internal/diff/debug_enable.go ./vendor/github.com/google/go-cmp/cmp/internal/diff/debug_disable.go ./vendor/github.com/google/go-cmp/cmp/report_slices.go ./vendor/github.com/google/go-cmp/cmp/report_text.go ./vendor/github.com/google/go-cmp/cmp/report_reflect.go ./vendor/github.com/google/go-cmp/cmp/compare.go ./vendor/github.com/google/go-cmp/cmp/report_value.go ./vendor/github.com/google/go-cmp/cmp/report.go ./vendor/github.com/google/go-cmp/cmp/path.go ./vendor/github.com/google/go-cmp/cmp/report_compare.go ./vendor/github.com/google/go-cmp/cmp/options.go ./vendor/github.com/google/go-cmp/cmp/report_references.go ./vendor/github.com/google/uuid/hash.go ./vendor/github.com/google/uuid/node.go ./vendor/github.com/google/uuid/uuid.go ./vendor/github.com/google/uuid/node_net.go ./vendor/github.com/google/uuid/dce.go ./vendor/github.com/google/uuid/sql.go ./vendor/github.com/google/uuid/node_js.go ./vendor/github.com/google/uuid/version1.go ./vendor/github.com/google/uuid/time.go ./vendor/github.com/google/uuid/util.go ./vendor/github.com/google/uuid/doc.go ./vendor/github.com/google/uuid/marshal.go ./vendor/github.com/google/uuid/version4.go ./vendor/github.com/google/pprof/profile/encode.go ./vendor/github.com/google/pprof/profile/profile.go ./vendor/github.com/google/pprof/profile/merge.go ./vendor/github.com/google/pprof/profile/legacy_java_profile.go ./vendor/github.com/google/pprof/profile/legacy_profile.go ./vendor/github.com/google/pprof/profile/filter.go ./vendor/github.com/google/pprof/profile/index.go ./vendor/github.com/google/pprof/profile/proto.go ./vendor/github.com/google/pprof/profile/prune.go ./vendor/github.com/oklog/ulid/v2/ulid.go ./vendor/github.com/client9/reopen/reopen.go ./vendor/github.com/cespare/xxhash/v2/xxhash_unsafe.go ./vendor/github.com/cespare/xxhash/v2/xxhash_safe.go ./vendor/github.com/cespare/xxhash/v2/xxhash_other.go ./vendor/github.com/cespare/xxhash/v2/xxhash_amd64.go ./vendor/github.com/cespare/xxhash/v2/xxhash.go ./vendor/github.com/googleapis/gax-go/v2/header.go ./vendor/github.com/googleapis/gax-go/v2/gax.go ./vendor/github.com/googleapis/gax-go/v2/call_option.go ./vendor/github.com/googleapis/gax-go/v2/invoke.go ./vendor/github.com/grpc-ecosystem/go-grpc-prometheus/server_metrics.go ./vendor/github.com/grpc-ecosystem/go-grpc-prometheus/client_metrics.go ./vendor/github.com/grpc-ecosystem/go-grpc-prometheus/metric_options.go ./vendor/github.com/grpc-ecosystem/go-grpc-prometheus/server_reporter.go ./vendor/github.com/grpc-ecosystem/go-grpc-prometheus/util.go ./vendor/github.com/grpc-ecosystem/go-grpc-prometheus/client_reporter.go ./vendor/github.com/grpc-ecosystem/go-grpc-prometheus/client.go ./vendor/github.com/grpc-ecosystem/go-grpc-prometheus/server.go ./vendor/github.com/grpc-ecosystem/go-grpc-middleware/util/metautils/nicemd.go ./vendor/github.com/grpc-ecosystem/go-grpc-middleware/util/metautils/doc.go ./vendor/github.com/grpc-ecosystem/go-grpc-middleware/chain.go ./vendor/github.com/grpc-ecosystem/go-grpc-middleware/doc.go ./vendor/github.com/grpc-ecosystem/go-grpc-middleware/wrappers.go ./vendor/github.com/grpc-ecosystem/go-grpc-middleware/tracing/opentracing/id_extract.go ./vendor/github.com/grpc-ecosystem/go-grpc-middleware/tracing/opentracing/options.go ./vendor/github.com/grpc-ecosystem/go-grpc-middleware/tracing/opentracing/client_interceptors.go ./vendor/github.com/grpc-ecosystem/go-grpc-middleware/tracing/opentracing/server_interceptors.go ./vendor/github.com/grpc-ecosystem/go-grpc-middleware/tracing/opentracing/doc.go ./vendor/github.com/grpc-ecosystem/go-grpc-middleware/tracing/opentracing/metadata.go ./vendor/github.com/grpc-ecosystem/go-grpc-middleware/auth/auth.go ./vendor/github.com/grpc-ecosystem/go-grpc-middleware/auth/doc.go ./vendor/github.com/grpc-ecosystem/go-grpc-middleware/auth/metadata.go ./vendor/github.com/grpc-ecosystem/go-grpc-middleware/tags/interceptors.go ./vendor/github.com/grpc-ecosystem/go-grpc-middleware/tags/context.go ./vendor/github.com/grpc-ecosystem/go-grpc-middleware/tags/fieldextractor.go ./vendor/github.com/grpc-ecosystem/go-grpc-middleware/tags/doc.go ./vendor/github.com/grpc-ecosystem/go-grpc-middleware/tags/options.go ./vendor/github.com/hashicorp/yamux/addr.go ./vendor/github.com/hashicorp/yamux/session.go ./vendor/github.com/hashicorp/yamux/util.go ./vendor/github.com/hashicorp/yamux/const.go ./vendor/github.com/hashicorp/yamux/stream.go ./vendor/github.com/hashicorp/yamux/mux.go ./vendor/github.com/beorn7/perks/quantile/stream.go ./vendor/github.com/go-ole/go-ole/iunknown_func.go ./vendor/github.com/go-ole/go-ole/itypeinfo.go ./vendor/github.com/go-ole/go-ole/iprovideclassinfo.go ./vendor/github.com/go-ole/go-ole/vt_string.go ./vendor/github.com/go-ole/go-ole/ole.go ./vendor/github.com/go-ole/go-ole/variant_amd64.go ./vendor/github.com/go-ole/go-ole/iprovideclassinfo_func.go ./vendor/github.com/go-ole/go-ole/variant.go ./vendor/github.com/go-ole/go-ole/variant_s390x.go ./vendor/github.com/go-ole/go-ole/com.go ./vendor/github.com/go-ole/go-ole/ienumvariant.go ./vendor/github.com/go-ole/go-ole/iunknown_windows.go ./vendor/github.com/go-ole/go-ole/utility.go ./vendor/github.com/go-ole/go-ole/error_windows.go ./vendor/github.com/go-ole/go-ole/iinspectable_windows.go ./vendor/github.com/go-ole/go-ole/winrt_doc.go ./vendor/github.com/go-ole/go-ole/variables.go ./vendor/github.com/go-ole/go-ole/itypeinfo_windows.go ./vendor/github.com/go-ole/go-ole/iconnectionpointcontainer_func.go ./vendor/github.com/go-ole/go-ole/connect.go ./vendor/github.com/go-ole/go-ole/iconnectionpoint.go ./vendor/github.com/go-ole/go-ole/variant_date_386.go ./vendor/github.com/go-ole/go-ole/guid.go ./vendor/github.com/go-ole/go-ole/error.go ./vendor/github.com/go-ole/go-ole/idispatch_func.go ./vendor/github.com/go-ole/go-ole/iconnectionpointcontainer.go ./vendor/github.com/go-ole/go-ole/idispatch.go ./vendor/github.com/go-ole/go-ole/safearray_func.go ./vendor/github.com/go-ole/go-ole/oleutil/connection.go ./vendor/github.com/go-ole/go-ole/oleutil/oleutil.go ./vendor/github.com/go-ole/go-ole/oleutil/connection_windows.go ./vendor/github.com/go-ole/go-ole/oleutil/connection_func.go ./vendor/github.com/go-ole/go-ole/oleutil/go-get.go ./vendor/github.com/go-ole/go-ole/safearrayslices.go ./vendor/github.com/go-ole/go-ole/iinspectable.go ./vendor/github.com/go-ole/go-ole/ienumvariant_windows.go ./vendor/github.com/go-ole/go-ole/iconnectionpoint_windows.go ./vendor/github.com/go-ole/go-ole/variant_ppc64le.go ./vendor/github.com/go-ole/go-ole/error_func.go ./vendor/github.com/go-ole/go-ole/variant_386.go ./vendor/github.com/go-ole/go-ole/safearray_windows.go ./vendor/github.com/go-ole/go-ole/safearray.go ./vendor/github.com/go-ole/go-ole/iconnectionpointcontainer_windows.go ./vendor/github.com/go-ole/go-ole/constants.go ./vendor/github.com/go-ole/go-ole/iunknown.go ./vendor/github.com/go-ole/go-ole/iconnectionpoint_func.go ./vendor/github.com/go-ole/go-ole/ienumvariant_func.go ./vendor/github.com/go-ole/go-ole/iprovideclassinfo_windows.go ./vendor/github.com/go-ole/go-ole/idispatch_windows.go ./vendor/github.com/go-ole/go-ole/winrt.go ./vendor/github.com/go-ole/go-ole/safearrayconversion.go ./vendor/github.com/go-ole/go-ole/itypeinfo_func.go ./vendor/github.com/go-ole/go-ole/com_func.go ./vendor/github.com/go-ole/go-ole/variant_date_amd64.go ./vendor/github.com/go-ole/go-ole/iinspectable_func.go ./vendor/github.com/golang/groupcache/lru/lru.go ./vendor/github.com/golang/protobuf/proto/deprecated.go ./vendor/github.com/golang/protobuf/proto/proto.go ./vendor/github.com/golang/protobuf/proto/wire.go ./vendor/github.com/golang/protobuf/proto/buffer.go ./vendor/github.com/golang/protobuf/proto/properties.go ./vendor/github.com/golang/protobuf/proto/extensions.go ./vendor/github.com/golang/protobuf/proto/discard.go ./vendor/github.com/golang/protobuf/proto/wrappers.go ./vendor/github.com/golang/protobuf/proto/registry.go ./vendor/github.com/golang/protobuf/proto/text_encode.go ./vendor/github.com/golang/protobuf/proto/text_decode.go ./vendor/github.com/golang/protobuf/proto/defaults.go ./vendor/github.com/golang/protobuf/protoc-gen-go/descriptor/descriptor.pb.go ./vendor/github.com/golang/protobuf/ptypes/duration.go ./vendor/github.com/golang/protobuf/ptypes/any.go ./vendor/github.com/golang/protobuf/ptypes/duration/duration.pb.go ./vendor/github.com/golang/protobuf/ptypes/timestamp.go ./vendor/github.com/golang/protobuf/ptypes/doc.go ./vendor/github.com/golang/protobuf/ptypes/any/any.pb.go ./vendor/github.com/golang/protobuf/ptypes/timestamp/timestamp.pb.go ./vendor/github.com/golang/protobuf/ptypes/wrappers/wrappers.pb.go ./vendor/github.com/matttproud/golang_protobuf_extensions/pbutil/decode.go ./vendor/github.com/matttproud/golang_protobuf_extensions/pbutil/encode.go ./vendor/github.com/matttproud/golang_protobuf_extensions/pbutil/doc.go ./vendor/github.com/otiai10/copy/stat_times.go ./vendor/github.com/otiai10/copy/options.go ./vendor/github.com/otiai10/copy/stat_times_windows.go ./vendor/github.com/otiai10/copy/copy.go ./vendor/github.com/otiai10/copy/stat_times_darwin.go ./vendor/github.com/otiai10/copy/stat_times_freebsd.go ./vendor/github.com/sirupsen/logrus/exported.go ./vendor/github.com/sirupsen/logrus/entry.go ./vendor/github.com/sirupsen/logrus/terminal_check_unix.go ./vendor/github.com/sirupsen/logrus/terminal_check_notappengine.go ./vendor/github.com/sirupsen/logrus/terminal_check_appengine.go ./vendor/github.com/sirupsen/logrus/buffer_pool.go ./vendor/github.com/sirupsen/logrus/text_formatter.go ./vendor/github.com/sirupsen/logrus/terminal_check_js.go ./vendor/github.com/sirupsen/logrus/logger.go ./vendor/github.com/sirupsen/logrus/doc.go ./vendor/github.com/sirupsen/logrus/alt_exit.go ./vendor/github.com/sirupsen/logrus/json_formatter.go ./vendor/github.com/sirupsen/logrus/hooks.go ./vendor/github.com/sirupsen/logrus/formatter.go ./vendor/github.com/sirupsen/logrus/terminal_check_bsd.go ./vendor/github.com/sirupsen/logrus/terminal_check_windows.go ./vendor/github.com/sirupsen/logrus/logrus.go ./vendor/github.com/sirupsen/logrus/writer.go ./vendor/github.com/sirupsen/logrus/terminal_check_no_terminal.go ./vendor/github.com/sirupsen/logrus/terminal_check_solaris.go ./vendor/github.com/sebest/xff/xff.go ./vendor/github.com/davecgh/go-spew/spew/bypasssafe.go ./vendor/github.com/davecgh/go-spew/spew/common.go ./vendor/github.com/davecgh/go-spew/spew/format.go ./vendor/github.com/davecgh/go-spew/spew/config.go ./vendor/github.com/davecgh/go-spew/spew/dump.go ./vendor/github.com/davecgh/go-spew/spew/spew.go ./vendor/github.com/davecgh/go-spew/spew/doc.go ./vendor/github.com/davecgh/go-spew/spew/bypass.go ./vendor/github.com/shirou/gopsutil/mem/mem_darwin_cgo.go ./vendor/github.com/shirou/gopsutil/mem/mem_freebsd.go ./vendor/github.com/shirou/gopsutil/mem/mem_openbsd_amd64.go ./vendor/github.com/shirou/gopsutil/mem/mem_darwin_nocgo.go ./vendor/github.com/shirou/gopsutil/mem/mem_darwin.go ./vendor/github.com/shirou/gopsutil/mem/mem.go ./vendor/github.com/shirou/gopsutil/mem/mem_windows.go ./vendor/github.com/shirou/gopsutil/mem/mem_openbsd.go ./vendor/github.com/shirou/gopsutil/mem/mem_solaris.go ./vendor/github.com/shirou/gopsutil/mem/mem_linux.go ./vendor/github.com/shirou/gopsutil/mem/mem_fallback.go ./vendor/github.com/shirou/gopsutil/internal/common/common_linux.go ./vendor/github.com/shirou/gopsutil/internal/common/common_freebsd.go ./vendor/github.com/shirou/gopsutil/internal/common/common_darwin.go ./vendor/github.com/shirou/gopsutil/internal/common/common_openbsd.go ./vendor/github.com/shirou/gopsutil/internal/common/common_windows.go ./vendor/github.com/shirou/gopsutil/internal/common/binary.go ./vendor/github.com/shirou/gopsutil/internal/common/common.go ./vendor/github.com/shirou/gopsutil/internal/common/common_unix.go ./vendor/github.com/shirou/gopsutil/net/net_freebsd.go ./vendor/github.com/shirou/gopsutil/net/net_linux.go ./vendor/github.com/shirou/gopsutil/net/net_darwin.go ./vendor/github.com/shirou/gopsutil/net/net_windows.go ./vendor/github.com/shirou/gopsutil/net/net_openbsd.go ./vendor/github.com/shirou/gopsutil/net/net_fallback.go ./vendor/github.com/shirou/gopsutil/net/net_unix.go ./vendor/github.com/shirou/gopsutil/net/net.go ./vendor/github.com/shirou/gopsutil/process/process_freebsd_amd64.go ./vendor/github.com/shirou/gopsutil/process/process_darwin_cgo.go ./vendor/github.com/shirou/gopsutil/process/process_windows_386.go ./vendor/github.com/shirou/gopsutil/process/process_openbsd_amd64.go ./vendor/github.com/shirou/gopsutil/process/process_posix.go ./vendor/github.com/shirou/gopsutil/process/process_fallback.go ./vendor/github.com/shirou/gopsutil/process/process_darwin_386.go ./vendor/github.com/shirou/gopsutil/process/process_freebsd_arm.go ./vendor/github.com/shirou/gopsutil/process/process_darwin.go ./vendor/github.com/shirou/gopsutil/process/process_linux.go ./vendor/github.com/shirou/gopsutil/process/process_darwin_amd64.go ./vendor/github.com/shirou/gopsutil/process/process_windows_amd64.go ./vendor/github.com/shirou/gopsutil/process/process_freebsd.go ./vendor/github.com/shirou/gopsutil/process/process_darwin_nocgo.go ./vendor/github.com/shirou/gopsutil/process/process_freebsd_arm64.go ./vendor/github.com/shirou/gopsutil/process/process.go ./vendor/github.com/shirou/gopsutil/process/process_openbsd.go ./vendor/github.com/shirou/gopsutil/process/process_windows.go ./vendor/github.com/shirou/gopsutil/process/process_freebsd_386.go ./vendor/github.com/shirou/gopsutil/cpu/cpu_freebsd_arm64.go ./vendor/github.com/shirou/gopsutil/cpu/cpu_solaris.go ./vendor/github.com/shirou/gopsutil/cpu/cpu.go ./vendor/github.com/shirou/gopsutil/cpu/cpu_fallback.go ./vendor/github.com/shirou/gopsutil/cpu/cpu_openbsd.go ./vendor/github.com/shirou/gopsutil/cpu/cpu_windows.go ./vendor/github.com/shirou/gopsutil/cpu/cpu_darwin_cgo.go ./vendor/github.com/shirou/gopsutil/cpu/cpu_freebsd_386.go ./vendor/github.com/shirou/gopsutil/cpu/cpu_freebsd.go ./vendor/github.com/shirou/gopsutil/cpu/cpu_darwin_nocgo.go ./vendor/github.com/shirou/gopsutil/cpu/cpu_darwin.go ./vendor/github.com/shirou/gopsutil/cpu/cpu_freebsd_amd64.go ./vendor/github.com/shirou/gopsutil/cpu/cpu_linux.go ./vendor/github.com/shirou/gopsutil/cpu/cpu_freebsd_arm.go ./vendor/github.com/Microsoft/go-winio/fileinfo.go ./vendor/github.com/Microsoft/go-winio/file.go ./vendor/github.com/Microsoft/go-winio/ea.go ./vendor/github.com/Microsoft/go-winio/pipe.go ./vendor/github.com/Microsoft/go-winio/zsyscall_windows.go ./vendor/github.com/Microsoft/go-winio/hvsock.go ./vendor/github.com/Microsoft/go-winio/sd.go ./vendor/github.com/Microsoft/go-winio/privilege.go ./vendor/github.com/Microsoft/go-winio/syscall.go ./vendor/github.com/Microsoft/go-winio/backup.go ./vendor/github.com/Microsoft/go-winio/reparse.go ./vendor/github.com/Microsoft/go-winio/pkg/guid/guid.go ./vendor/github.com/philhofer/fwd/writer_appengine.go ./vendor/github.com/philhofer/fwd/reader.go ./vendor/github.com/philhofer/fwd/writer_unsafe.go ./vendor/github.com/philhofer/fwd/writer.go ./vendor/github.com/DataDog/datadog-go/statsd/sender.go ./vendor/github.com/DataDog/datadog-go/statsd/noop.go ./vendor/github.com/DataDog/datadog-go/statsd/service_check.go ./vendor/github.com/DataDog/datadog-go/statsd/fnv1a.go ./vendor/github.com/DataDog/datadog-go/statsd/telemetry.go ./vendor/github.com/DataDog/datadog-go/statsd/metrics.go ./vendor/github.com/DataDog/datadog-go/statsd/uds_windows.go ./vendor/github.com/DataDog/datadog-go/statsd/buffer.go ./vendor/github.com/DataDog/datadog-go/statsd/uds.go ./vendor/github.com/DataDog/datadog-go/statsd/aggregator.go ./vendor/github.com/DataDog/datadog-go/statsd/udp.go ./vendor/github.com/DataDog/datadog-go/statsd/format.go ./vendor/github.com/DataDog/datadog-go/statsd/buffer_pool.go ./vendor/github.com/DataDog/datadog-go/statsd/statsd.go ./vendor/github.com/DataDog/datadog-go/statsd/worker.go ./vendor/github.com/DataDog/datadog-go/statsd/pipe.go ./vendor/github.com/DataDog/datadog-go/statsd/options.go ./vendor/github.com/DataDog/datadog-go/statsd/pipe_windows.go ./vendor/github.com/DataDog/datadog-go/statsd/event.go ./vendor/github.com/tinylib/msgp/msgp/write_bytes.go ./vendor/github.com/tinylib/msgp/msgp/read_bytes.go ./vendor/github.com/tinylib/msgp/msgp/advise_linux.go ./vendor/github.com/tinylib/msgp/msgp/purego.go ./vendor/github.com/tinylib/msgp/msgp/elsize.go ./vendor/github.com/tinylib/msgp/msgp/unsafe.go ./vendor/github.com/tinylib/msgp/msgp/file_port.go ./vendor/github.com/tinylib/msgp/msgp/file.go ./vendor/github.com/tinylib/msgp/msgp/extension.go ./vendor/github.com/tinylib/msgp/msgp/write.go ./vendor/github.com/tinylib/msgp/msgp/size.go ./vendor/github.com/tinylib/msgp/msgp/read.go ./vendor/github.com/tinylib/msgp/msgp/json_bytes.go ./vendor/github.com/tinylib/msgp/msgp/edit.go ./vendor/github.com/tinylib/msgp/msgp/advise_other.go ./vendor/github.com/tinylib/msgp/msgp/circular.go ./vendor/github.com/tinylib/msgp/msgp/errors.go ./vendor/github.com/tinylib/msgp/msgp/number.go ./vendor/github.com/tinylib/msgp/msgp/integers.go ./vendor/github.com/tinylib/msgp/msgp/json.go ./vendor/github.com/tinylib/msgp/msgp/defs.go ./vendor/github.com/lightstep/lightstep-tracer-go/tracer.go ./vendor/github.com/lightstep/lightstep-tracer-go/report_buffer.go ./vendor/github.com/lightstep/lightstep-tracer-go/events.go ./vendor/github.com/lightstep/lightstep-tracer-go/proto_converter.go ./vendor/github.com/lightstep/lightstep-tracer-go/span.go ./vendor/github.com/lightstep/lightstep-tracer-go/collector_client_http.go ./vendor/github.com/lightstep/lightstep-tracer-go/propagation.go ./vendor/github.com/lightstep/lightstep-tracer-go/collector_client_custom.go ./vendor/github.com/lightstep/lightstep-tracer-go/internal/metrics/metrics.go ./vendor/github.com/lightstep/lightstep-tracer-go/internal/metrics/package.go ./vendor/github.com/lightstep/lightstep-tracer-go/internal/metrics/reporter.go ./vendor/github.com/lightstep/lightstep-tracer-go/tracer_0_14.go ./vendor/github.com/lightstep/lightstep-tracer-go/tracer_helpers.go ./vendor/github.com/lightstep/lightstep-tracer-go/collector_client_grpc.go ./vendor/github.com/lightstep/lightstep-tracer-go/meta_events.go ./vendor/github.com/lightstep/lightstep-tracer-go/event_handlers.go ./vendor/github.com/lightstep/lightstep-tracer-go/proto_logencoder.go ./vendor/github.com/lightstep/lightstep-tracer-go/util.go ./vendor/github.com/lightstep/lightstep-tracer-go/version.go ./vendor/github.com/lightstep/lightstep-tracer-go/options.go ./vendor/github.com/lightstep/lightstep-tracer-go/propagation_b3.go ./vendor/github.com/lightstep/lightstep-tracer-go/lightstep/rand/num_gen.go ./vendor/github.com/lightstep/lightstep-tracer-go/lightstep/rand/pool.go ./vendor/github.com/lightstep/lightstep-tracer-go/lightstep/rand/locked_rand.go ./vendor/github.com/lightstep/lightstep-tracer-go/propagation_lightstep.go ./vendor/github.com/lightstep/lightstep-tracer-go/propagation_stack.go ./vendor/github.com/lightstep/lightstep-tracer-go/propagation_binary.go ./vendor/github.com/lightstep/lightstep-tracer-go/propagation_text.go ./vendor/github.com/lightstep/lightstep-tracer-go/raw_span.go ./vendor/github.com/lightstep/lightstep-tracer-go/collector_client.go ./vendor/github.com/lightstep/lightstep-tracer-go/constants/constants.go ./vendor/github.com/lightstep/lightstep-tracer-common/golang/gogo/collectorpb/collector.pb.go ./vendor/github.com/lightstep/lightstep-tracer-common/golang/gogo/lightsteppb/lightstep.pb.go ./vendor/github.com/lightstep/lightstep-tracer-common/golang/gogo/metricspb/metrics.pb.go ./vendor/go.uber.org/atomic/string.go ./vendor/go.uber.org/atomic/atomic.go ./vendor/go.uber.org/atomic/error.go ./vendor/go.uber.org/atomic/tools.go ./vendor/gopkg.in/yaml.v3/yamlprivateh.go ./vendor/gopkg.in/yaml.v3/yamlh.go ./vendor/gopkg.in/yaml.v3/apic.go ./vendor/gopkg.in/yaml.v3/emitterc.go ./vendor/gopkg.in/yaml.v3/parserc.go ./vendor/gopkg.in/yaml.v3/resolve.go ./vendor/gopkg.in/yaml.v3/decode.go ./vendor/gopkg.in/yaml.v3/encode.go ./vendor/gopkg.in/yaml.v3/yaml.go ./vendor/gopkg.in/yaml.v3/sorter.go ./vendor/gopkg.in/yaml.v3/scannerc.go ./vendor/gopkg.in/yaml.v3/writerc.go ./vendor/gopkg.in/yaml.v3/readerc.go ./vendor/gopkg.in/DataDog/dd-trace-go.v1/ddtrace/tracer/osinfo_freebsd.go ./vendor/gopkg.in/DataDog/dd-trace-go.v1/ddtrace/tracer/osinfo_default.go ./vendor/gopkg.in/DataDog/dd-trace-go.v1/ddtrace/tracer/osinfo_darwin.go ./vendor/gopkg.in/DataDog/dd-trace-go.v1/ddtrace/tracer/log.go ./vendor/gopkg.in/DataDog/dd-trace-go.v1/ddtrace/tracer/payload.go ./vendor/gopkg.in/DataDog/dd-trace-go.v1/ddtrace/tracer/util.go ./vendor/gopkg.in/DataDog/dd-trace-go.v1/ddtrace/tracer/span_msgp.go ./vendor/gopkg.in/DataDog/dd-trace-go.v1/ddtrace/tracer/osinfo_windows.go ./vendor/gopkg.in/DataDog/dd-trace-go.v1/ddtrace/tracer/context.go ./vendor/gopkg.in/DataDog/dd-trace-go.v1/ddtrace/tracer/writer.go ./vendor/gopkg.in/DataDog/dd-trace-go.v1/ddtrace/tracer/rand.go ./vendor/gopkg.in/DataDog/dd-trace-go.v1/ddtrace/tracer/metrics.go ./vendor/gopkg.in/DataDog/dd-trace-go.v1/ddtrace/tracer/doc.go ./vendor/gopkg.in/DataDog/dd-trace-go.v1/ddtrace/tracer/time.go ./vendor/gopkg.in/DataDog/dd-trace-go.v1/ddtrace/tracer/time_windows.go ./vendor/gopkg.in/DataDog/dd-trace-go.v1/ddtrace/tracer/tracer.go ./vendor/gopkg.in/DataDog/dd-trace-go.v1/ddtrace/tracer/spancontext.go ./vendor/gopkg.in/DataDog/dd-trace-go.v1/ddtrace/tracer/tracer_go11.go ./vendor/gopkg.in/DataDog/dd-trace-go.v1/ddtrace/tracer/transport.go ./vendor/gopkg.in/DataDog/dd-trace-go.v1/ddtrace/tracer/tracer_nongo11.go ./vendor/gopkg.in/DataDog/dd-trace-go.v1/ddtrace/tracer/osinfo_linux.go ./vendor/gopkg.in/DataDog/dd-trace-go.v1/ddtrace/tracer/textmap.go ./vendor/gopkg.in/DataDog/dd-trace-go.v1/ddtrace/tracer/propagator.go ./vendor/gopkg.in/DataDog/dd-trace-go.v1/ddtrace/tracer/span.go ./vendor/gopkg.in/DataDog/dd-trace-go.v1/ddtrace/tracer/sampler.go ./vendor/gopkg.in/DataDog/dd-trace-go.v1/ddtrace/tracer/option.go ./vendor/gopkg.in/DataDog/dd-trace-go.v1/ddtrace/opentracer/span.go ./vendor/gopkg.in/DataDog/dd-trace-go.v1/ddtrace/opentracer/option.go ./vendor/gopkg.in/DataDog/dd-trace-go.v1/ddtrace/opentracer/tracer.go ./vendor/gopkg.in/DataDog/dd-trace-go.v1/ddtrace/internal/globaltracer.go ./vendor/gopkg.in/DataDog/dd-trace-go.v1/ddtrace/ext/cassandra.go ./vendor/gopkg.in/DataDog/dd-trace-go.v1/ddtrace/ext/db.go ./vendor/gopkg.in/DataDog/dd-trace-go.v1/ddtrace/ext/system.go ./vendor/gopkg.in/DataDog/dd-trace-go.v1/ddtrace/ext/priority.go ./vendor/gopkg.in/DataDog/dd-trace-go.v1/ddtrace/ext/tags.go ./vendor/gopkg.in/DataDog/dd-trace-go.v1/ddtrace/ext/app_types.go ./vendor/gopkg.in/DataDog/dd-trace-go.v1/ddtrace/ext/peer.go ./vendor/gopkg.in/DataDog/dd-trace-go.v1/ddtrace/ddtrace.go ./vendor/gopkg.in/DataDog/dd-trace-go.v1/internal/globalconfig/globalconfig.go ./vendor/gopkg.in/DataDog/dd-trace-go.v1/internal/log/log.go ./vendor/gopkg.in/DataDog/dd-trace-go.v1/internal/container.go ./vendor/gopkg.in/DataDog/dd-trace-go.v1/internal/version/version.go ./vendor/gopkg.in/DataDog/dd-trace-go.v1/internal/env.go ./vendor/gopkg.in/yaml.v2/writerc.go ./vendor/gopkg.in/yaml.v2/yaml.go ./vendor/gopkg.in/yaml.v2/scannerc.go ./vendor/gopkg.in/yaml.v2/readerc.go ./vendor/gopkg.in/yaml.v2/sorter.go ./vendor/gopkg.in/yaml.v2/decode.go ./vendor/gopkg.in/yaml.v2/encode.go ./vendor/gopkg.in/yaml.v2/apic.go ./vendor/gopkg.in/yaml.v2/yamlprivateh.go ./vendor/gopkg.in/yaml.v2/yamlh.go ./vendor/gopkg.in/yaml.v2/parserc.go ./vendor/gopkg.in/yaml.v2/resolve.go ./vendor/gopkg.in/yaml.v2/emitterc.go ./internal/sshd/sshd.go ./internal/sshd/sshd_test.go ./internal/sshd/session.go ./internal/sshd/connection_test.go ./internal/sshd/connection.go ./internal/command/command.go ./internal/command/uploadarchive/uploadarchive.go ./internal/command/uploadarchive/gitalycall.go ./internal/command/uploadarchive/uploadarchive_test.go ./internal/command/uploadarchive/gitalycall_test.go ./internal/command/twofactorrecover/twofactorrecover_test.go ./internal/command/twofactorrecover/twofactorrecover.go ./internal/command/shared/disallowedcommand/disallowedcommand.go ./internal/command/shared/customaction/customaction.go ./internal/command/shared/customaction/customaction_test.go ./internal/command/shared/accessverifier/accessverifier.go ./internal/command/shared/accessverifier/accessverifier_test.go ./internal/command/authorizedkeys/authorized_keys.go ./internal/command/authorizedkeys/authorized_keys_test.go ./internal/command/lfsauthenticate/lfsauthenticate_test.go ./internal/command/lfsauthenticate/lfsauthenticate.go ./internal/command/authorizedprincipals/authorized_principals.go ./internal/command/authorizedprincipals/authorized_principals_test.go ./internal/command/commandargs/command_args_test.go ./internal/command/commandargs/generic_args.go ./internal/command/commandargs/shell.go ./internal/command/commandargs/command_args.go ./internal/command/commandargs/authorized_principals.go ./internal/command/commandargs/authorized_keys.go ./internal/command/discover/discover_test.go ./internal/command/discover/discover.go ./internal/command/twofactorverify/twofactorverify_test.go ./internal/command/twofactorverify/twofactorverify.go ./internal/command/healthcheck/healthcheck.go ./internal/command/healthcheck/healthcheck_test.go ./internal/command/readwriter/readwriter.go ./internal/command/receivepack/gitalycall.go ./internal/command/receivepack/receivepack.go ./internal/command/receivepack/receivepack_test.go ./internal/command/receivepack/gitalycall_test.go ./internal/command/uploadpack/uploadpack.go ./internal/command/uploadpack/uploadpack_test.go ./internal/command/uploadpack/gitalycall_test.go ./internal/command/uploadpack/gitalycall.go ./internal/command/personalaccesstoken/personalaccesstoken_test.go ./internal/command/personalaccesstoken/personalaccesstoken.go ./internal/command/command_test.go ./internal/sshenv/sshenv.go ./internal/sshenv/sshenv_test.go ./internal/metrics/metrics.go ./internal/testhelper/requesthandlers/requesthandlers.go ./internal/testhelper/testhelper.go ./internal/executable/executable_test.go ./internal/executable/executable.go ./internal/config/config_test.go ./internal/config/config.go ./internal/pktline/pktline_test.go ./internal/pktline/pktline.go ./internal/gitlabnet/client.go ./internal/gitlabnet/accessverifier/client_test.go ./internal/gitlabnet/accessverifier/client.go ./internal/gitlabnet/twofactorverify/client_test.go ./internal/gitlabnet/twofactorverify/client.go ./internal/gitlabnet/personalaccesstoken/client.go ./internal/gitlabnet/personalaccesstoken/client_test.go ./internal/gitlabnet/healthcheck/client_test.go ./internal/gitlabnet/healthcheck/client.go ./internal/gitlabnet/twofactorrecover/client_test.go ./internal/gitlabnet/twofactorrecover/client.go ./internal/gitlabnet/lfsauthenticate/client.go ./internal/gitlabnet/lfsauthenticate/client_test.go ./internal/gitlabnet/authorizedkeys/client_test.go ./internal/gitlabnet/authorizedkeys/client.go ./internal/gitlabnet/discover/client.go ./internal/gitlabnet/discover/client_test.go ./internal/handler/exec_test.go ./internal/handler/exec.go ./internal/logger/logger_test.go ./internal/logger/logger.go ./internal/console/console.go ./internal/console/console_test.go ./internal/keyline/key_line.go ./internal/keyline/key_line_test.go ./client/httpclient.go ./client/testserver/gitalyserver.go ./client/testserver/testserver.go ./client/gitlabnet.go ./client/httpclient_test.go ./client/client_test.go ./client/httpsclient_test.go ./cmd/gitlab-shell-authorized-principals-check/main.go ./cmd/gitlab-shell/main.go ./cmd/check/main.go ./cmd/gitlab-shell-authorized-keys-check/main.go ./cmd/gitlab-sshd/main.go ./cmd/gitlab-sshd/acceptance_test.go
#7 130.2 gofmt -s -l ./vendor/google.golang.org/api/option/option.go ./vendor/google.golang.org/api/option/credentials_notgo19.go ./vendor/google.golang.org/api/option/credentials_go19.go ./vendor/google.golang.org/api/option/internaloption/internaloption.go ./vendor/google.golang.org/api/support/bundler/bundler.go ./vendor/google.golang.org/api/transport/cert/default_cert.go ./vendor/google.golang.org/api/transport/internal/dca/dca.go ./vendor/google.golang.org/api/transport/grpc/dial_appengine.go ./vendor/google.golang.org/api/transport/grpc/dial.go ./vendor/google.golang.org/api/transport/grpc/pool.go ./vendor/google.golang.org/api/transport/grpc/dial_socketopt.go ./vendor/google.golang.org/api/iterator/iterator.go ./vendor/google.golang.org/api/internal/conn_pool.go ./vendor/google.golang.org/api/internal/creds.go ./vendor/google.golang.org/api/internal/impersonate/impersonate.go ./vendor/google.golang.org/api/internal/settings.go ./vendor/google.golang.org/protobuf/runtime/protoiface/methods.go ./vendor/google.golang.org/protobuf/runtime/protoiface/legacy.go ./vendor/google.golang.org/protobuf/runtime/protoimpl/version.go ./vendor/google.golang.org/protobuf/runtime/protoimpl/impl.go ./vendor/google.golang.org/protobuf/encoding/prototext/doc.go ./vendor/google.golang.org/protobuf/encoding/prototext/encode.go ./vendor/google.golang.org/protobuf/encoding/prototext/decode.go ./vendor/google.golang.org/protobuf/encoding/protowire/wire.go ./vendor/google.golang.org/protobuf/encoding/protojson/decode.go ./vendor/google.golang.org/protobuf/encoding/protojson/encode.go ./vendor/google.golang.org/protobuf/encoding/protojson/well_known_types.go ./vendor/google.golang.org/protobuf/encoding/protojson/doc.go ./vendor/google.golang.org/protobuf/proto/reset.go ./vendor/google.golang.org/protobuf/proto/merge.go ./vendor/google.golang.org/protobuf/proto/size_gen.go ./vendor/google.golang.org/protobuf/proto/extension.go ./vendor/google.golang.org/protobuf/proto/messageset.go ./vendor/google.golang.org/protobuf/proto/proto_methods.go ./vendor/google.golang.org/protobuf/proto/checkinit.go ./vendor/google.golang.org/protobuf/proto/size.go ./vendor/google.golang.org/protobuf/proto/decode_gen.go ./vendor/google.golang.org/protobuf/proto/proto.go ./vendor/google.golang.org/protobuf/proto/wrappers.go ./vendor/google.golang.org/protobuf/proto/equal.go ./vendor/google.golang.org/protobuf/proto/proto_reflect.go ./vendor/google.golang.org/protobuf/proto/doc.go ./vendor/google.golang.org/protobuf/proto/decode.go ./vendor/google.golang.org/protobuf/proto/encode.go ./vendor/google.golang.org/protobuf/proto/encode_gen.go ./vendor/google.golang.org/protobuf/internal/descopts/options.go ./vendor/google.golang.org/protobuf/internal/encoding/text/doc.go ./vendor/google.golang.org/protobuf/internal/encoding/text/decode_token.go ./vendor/google.golang.org/protobuf/internal/encoding/text/decode_number.go ./vendor/google.golang.org/protobuf/internal/encoding/text/decode_string.go ./vendor/google.golang.org/protobuf/internal/encoding/text/decode.go ./vendor/google.golang.org/protobuf/internal/encoding/text/encode.go ./vendor/google.golang.org/protobuf/internal/encoding/messageset/messageset.go ./vendor/google.golang.org/protobuf/internal/encoding/tag/tag.go ./vendor/google.golang.org/protobuf/internal/encoding/defval/default.go ./vendor/google.golang.org/protobuf/internal/encoding/json/decode_token.go ./vendor/google.golang.org/protobuf/internal/encoding/json/encode.go ./vendor/google.golang.org/protobuf/internal/encoding/json/decode.go ./vendor/google.golang.org/protobuf/internal/encoding/json/decode_string.go ./vendor/google.golang.org/protobuf/internal/encoding/json/decode_number.go ./vendor/google.golang.org/protobuf/internal/set/ints.go ./vendor/google.golang.org/protobuf/internal/pragma/pragma.go ./vendor/google.golang.org/protobuf/internal/filedesc/desc_list_gen.go ./vendor/google.golang.org/protobuf/internal/filedesc/build.go ./vendor/google.golang.org/protobuf/internal/filedesc/desc_lazy.go ./vendor/google.golang.org/protobuf/internal/filedesc/placeholder.go ./vendor/google.golang.org/protobuf/internal/filedesc/desc_init.go ./vendor/google.golang.org/protobuf/internal/filedesc/desc_list.go ./vendor/google.golang.org/protobuf/internal/filedesc/desc.go ./vendor/google.golang.org/protobuf/internal/genid/field_mask_gen.go ./vendor/google.golang.org/protobuf/internal/genid/doc.go ./vendor/google.golang.org/protobuf/internal/genid/wrappers.go ./vendor/google.golang.org/protobuf/internal/genid/api_gen.go ./vendor/google.golang.org/protobuf/internal/genid/timestamp_gen.go ./vendor/google.golang.org/protobuf/internal/genid/any_gen.go ./vendor/google.golang.org/protobuf/internal/genid/goname.go ./vendor/google.golang.org/protobuf/internal/genid/descriptor_gen.go ./vendor/google.golang.org/protobuf/internal/genid/duration_gen.go ./vendor/google.golang.org/protobuf/internal/genid/struct_gen.go ./vendor/google.golang.org/protobuf/internal/genid/wrappers_gen.go ./vendor/google.golang.org/protobuf/internal/genid/map_entry.go ./vendor/google.golang.org/protobuf/internal/genid/source_context_gen.go ./vendor/google.golang.org/protobuf/internal/genid/empty_gen.go ./vendor/google.golang.org/protobuf/internal/genid/type_gen.go ./vendor/google.golang.org/protobuf/internal/order/order.go ./vendor/google.golang.org/protobuf/internal/order/range.go ./vendor/google.golang.org/protobuf/internal/filetype/build.go ./vendor/google.golang.org/protobuf/internal/version/version.go ./vendor/google.golang.org/protobuf/internal/flags/proto_legacy_disable.go ./vendor/google.golang.org/protobuf/internal/flags/flags.go ./vendor/google.golang.org/protobuf/internal/flags/proto_legacy_enable.go ./vendor/google.golang.org/protobuf/internal/errors/errors.go ./vendor/google.golang.org/protobuf/internal/errors/is_go112.go ./vendor/google.golang.org/protobuf/internal/errors/is_go113.go ./vendor/google.golang.org/protobuf/internal/strs/strings.go ./vendor/google.golang.org/protobuf/internal/strs/strings_unsafe.go ./vendor/google.golang.org/protobuf/internal/strs/strings_pure.go ./vendor/google.golang.org/protobuf/internal/impl/legacy_export.go ./vendor/google.golang.org/protobuf/internal/impl/checkinit.go ./vendor/google.golang.org/protobuf/internal/impl/message_reflect_gen.go ./vendor/google.golang.org/protobuf/internal/impl/merge_gen.go ./vendor/google.golang.org/protobuf/internal/impl/legacy_message.go ./vendor/google.golang.org/protobuf/internal/impl/message_reflect.go ./vendor/google.golang.org/protobuf/internal/impl/enum.go ./vendor/google.golang.org/protobuf/internal/impl/api_export.go ./vendor/google.golang.org/protobuf/internal/impl/extension.go ./vendor/google.golang.org/protobuf/internal/impl/legacy_extension.go ./vendor/google.golang.org/protobuf/internal/impl/convert.go ./vendor/google.golang.org/protobuf/internal/impl/codec_map.go ./vendor/google.golang.org/protobuf/internal/impl/codec_map_go111.go ./vendor/google.golang.org/protobuf/internal/impl/decode.go ./vendor/google.golang.org/protobuf/internal/impl/encode.go ./vendor/google.golang.org/protobuf/internal/impl/legacy_file.go ./vendor/google.golang.org/protobuf/internal/impl/convert_map.go ./vendor/google.golang.org/protobuf/internal/impl/weak.go ./vendor/google.golang.org/protobuf/internal/impl/codec_map_go112.go ./vendor/google.golang.org/protobuf/internal/impl/message_reflect_field.go ./vendor/google.golang.org/protobuf/internal/impl/convert_list.go ./vendor/google.golang.org/protobuf/internal/impl/codec_tables.go ./vendor/google.golang.org/protobuf/internal/impl/message.go ./vendor/google.golang.org/protobuf/internal/impl/codec_gen.go ./vendor/google.golang.org/protobuf/internal/impl/merge.go ./vendor/google.golang.org/protobuf/internal/impl/codec_extension.go ./vendor/google.golang.org/protobuf/internal/impl/codec_field.go ./vendor/google.golang.org/protobuf/internal/impl/codec_messageset.go ./vendor/google.golang.org/protobuf/internal/impl/legacy_enum.go ./vendor/google.golang.org/protobuf/internal/impl/codec_unsafe.go ./vendor/google.golang.org/protobuf/internal/impl/pointer_reflect.go ./vendor/google.golang.org/protobuf/internal/impl/validate.go ./vendor/google.golang.org/protobuf/internal/impl/codec_message.go ./vendor/google.golang.org/protobuf/internal/impl/codec_reflect.go ./vendor/google.golang.org/protobuf/internal/impl/pointer_unsafe.go ./vendor/google.golang.org/protobuf/internal/descfmt/stringer.go ./vendor/google.golang.org/protobuf/internal/detrand/rand.go ./vendor/google.golang.org/protobuf/reflect/protodesc/desc_resolve.go ./vendor/google.golang.org/protobuf/reflect/protodesc/desc.go ./vendor/google.golang.org/protobuf/reflect/protodesc/desc_validate.go ./vendor/google.golang.org/protobuf/reflect/protodesc/proto.go ./vendor/google.golang.org/protobuf/reflect/protodesc/desc_init.go ./vendor/google.golang.org/protobuf/reflect/protoregistry/registry.go ./vendor/google.golang.org/protobuf/reflect/protoreflect/type.go ./vendor/google.golang.org/protobuf/reflect/protoreflect/value_union.go ./vendor/google.golang.org/protobuf/reflect/protoreflect/value.go ./vendor/google.golang.org/protobuf/reflect/protoreflect/value_unsafe.go ./vendor/google.golang.org/protobuf/reflect/protoreflect/source.go ./vendor/google.golang.org/protobuf/reflect/protoreflect/source_gen.go ./vendor/google.golang.org/protobuf/reflect/protoreflect/proto.go ./vendor/google.golang.org/protobuf/reflect/protoreflect/methods.go ./vendor/google.golang.org/protobuf/reflect/protoreflect/value_pure.go ./vendor/google.golang.org/protobuf/types/known/timestamppb/timestamp.pb.go ./vendor/google.golang.org/protobuf/types/known/anypb/any.pb.go ./vendor/google.golang.org/protobuf/types/known/wrapperspb/wrappers.pb.go ./vendor/google.golang.org/protobuf/types/known/emptypb/empty.pb.go ./vendor/google.golang.org/protobuf/types/known/structpb/struct.pb.go ./vendor/google.golang.org/protobuf/types/known/fieldmaskpb/field_mask.pb.go ./vendor/google.golang.org/protobuf/types/known/durationpb/duration.pb.go ./vendor/google.golang.org/protobuf/types/descriptorpb/descriptor.pb.go ./vendor/google.golang.org/grpc/peer/peer.go ./vendor/google.golang.org/grpc/backoff/backoff.go ./vendor/google.golang.org/grpc/serviceconfig/serviceconfig.go ./vendor/google.golang.org/grpc/stats/handlers.go ./vendor/google.golang.org/grpc/stats/stats.go ./vendor/google.golang.org/grpc/pickfirst.go ./vendor/google.golang.org/grpc/stream.go ./vendor/google.golang.org/grpc/clientconn.go ./vendor/google.golang.org/grpc/version.go ./vendor/google.golang.org/grpc/codec.go ./vendor/google.golang.org/grpc/grpclog/component.go ./vendor/google.golang.org/grpc/grpclog/logger.go ./vendor/google.golang.org/grpc/grpclog/grpclog.go ./vendor/google.golang.org/grpc/grpclog/loggerv2.go ./vendor/google.golang.org/grpc/resolver/resolver.go ./vendor/google.golang.org/grpc/call.go ./vendor/google.golang.org/grpc/encoding/proto/proto.go ./vendor/google.golang.org/grpc/encoding/encoding.go ./vendor/google.golang.org/grpc/picker_wrapper.go ./vendor/google.golang.org/grpc/dialoptions.go ./vendor/google.golang.org/grpc/trace.go ./vendor/google.golang.org/grpc/internal/envconfig/envconfig.go ./vendor/google.golang.org/grpc/internal/serviceconfig/serviceconfig.go ./vendor/google.golang.org/grpc/internal/metadata/metadata.go ./vendor/google.golang.org/grpc/internal/status/status.go ./vendor/google.golang.org/grpc/internal/buffer/unbounded.go ./vendor/google.golang.org/grpc/internal/backoff/backoff.go ./vendor/google.golang.org/grpc/internal/grpcrand/grpcrand.go ./vendor/google.golang.org/grpc/internal/internal.go ./vendor/google.golang.org/grpc/internal/transport/proxy.go ./vendor/google.golang.org/grpc/internal/transport/http_util.go ./vendor/google.golang.org/grpc/internal/transport/controlbuf.go ./vendor/google.golang.org/grpc/internal/transport/transport.go ./vendor/google.golang.org/grpc/internal/transport/bdp_estimator.go ./vendor/google.golang.org/grpc/internal/transport/defaults.go ./vendor/google.golang.org/grpc/internal/transport/networktype/networktype.go ./vendor/google.golang.org/grpc/internal/transport/http2_server.go ./vendor/google.golang.org/grpc/internal/transport/flowcontrol.go ./vendor/google.golang.org/grpc/internal/transport/http2_client.go ./vendor/google.golang.org/grpc/internal/transport/handler_server.go ./vendor/google.golang.org/grpc/internal/googlecloud/googlecloud.go ./vendor/google.golang.org/grpc/internal/channelz/logging.go ./vendor/google.golang.org/grpc/internal/channelz/util_linux.go ./vendor/google.golang.org/grpc/internal/channelz/util_nonlinux.go ./vendor/google.golang.org/grpc/internal/channelz/funcs.go ./vendor/google.golang.org/grpc/internal/channelz/types_linux.go ./vendor/google.golang.org/grpc/internal/channelz/types_nonlinux.go ./vendor/google.golang.org/grpc/internal/channelz/types.go ./vendor/google.golang.org/grpc/internal/grpclog/prefixLogger.go ./vendor/google.golang.org/grpc/internal/grpclog/grpclog.go ./vendor/google.golang.org/grpc/internal/grpcsync/event.go ./vendor/google.golang.org/grpc/internal/credentials/syscallconn_appengine.go ./vendor/google.golang.org/grpc/internal/credentials/spiffe_appengine.go ./vendor/google.golang.org/grpc/internal/credentials/syscallconn.go ./vendor/google.golang.org/grpc/internal/credentials/spiffe.go ./vendor/google.golang.org/grpc/internal/credentials/util.go ./vendor/google.golang.org/grpc/internal/grpcutil/encode_duration.go ./vendor/google.golang.org/grpc/internal/grpcutil/method.go ./vendor/google.golang.org/grpc/internal/grpcutil/metadata.go ./vendor/google.golang.org/grpc/internal/grpcutil/target.go ./vendor/google.golang.org/grpc/internal/balancerload/load.go ./vendor/google.golang.org/grpc/internal/binarylog/env_config.go ./vendor/google.golang.org/grpc/internal/binarylog/sink.go ./vendor/google.golang.org/grpc/internal/binarylog/binarylog_testutil.go ./vendor/google.golang.org/grpc/internal/binarylog/binarylog.go ./vendor/google.golang.org/grpc/internal/binarylog/method_logger.go ./vendor/google.golang.org/grpc/internal/syscall/syscall_nonlinux.go ./vendor/google.golang.org/grpc/internal/syscall/syscall_linux.go ./vendor/google.golang.org/grpc/internal/resolver/unix/unix.go ./vendor/google.golang.org/grpc/internal/resolver/config_selector.go ./vendor/google.golang.org/grpc/internal/resolver/dns/dns_resolver.go ./vendor/google.golang.org/grpc/internal/resolver/dns/go113.go ./vendor/google.golang.org/grpc/internal/resolver/passthrough/passthrough.go ./vendor/google.golang.org/grpc/attributes/attributes.go ./vendor/google.golang.org/grpc/metadata/metadata.go ./vendor/google.golang.org/grpc/binarylog/grpc_binarylog_v1/binarylog.pb.go ./vendor/google.golang.org/grpc/backoff.go ./vendor/google.golang.org/grpc/balancer/grpclb/grpclb.go ./vendor/google.golang.org/grpc/balancer/grpclb/state/state.go ./vendor/google.golang.org/grpc/balancer/grpclb/grpclb_picker.go ./vendor/google.golang.org/grpc/balancer/grpclb/grpclb_config.go ./vendor/google.golang.org/grpc/balancer/grpclb/grpclb_remote_balancer.go ./vendor/google.golang.org/grpc/balancer/grpclb/grpc_lb_v1/load_balancer_grpc.pb.go ./vendor/google.golang.org/grpc/balancer/grpclb/grpc_lb_v1/load_balancer.pb.go ./vendor/google.golang.org/grpc/balancer/grpclb/grpclb_util.go ./vendor/google.golang.org/grpc/balancer/base/base.go ./vendor/google.golang.org/grpc/balancer/base/balancer.go ./vendor/google.golang.org/grpc/balancer/balancer.go ./vendor/google.golang.org/grpc/balancer/roundrobin/roundrobin.go ./vendor/google.golang.org/grpc/codes/code_string.go ./vendor/google.golang.org/grpc/codes/codes.go ./vendor/google.golang.org/grpc/tap/tap.go ./vendor/google.golang.org/grpc/credentials/alts/internal/conn/aes128gcmrekey.go ./vendor/google.golang.org/grpc/credentials/alts/internal/conn/aeadrekey.go ./vendor/google.golang.org/grpc/credentials/alts/internal/conn/record.go ./vendor/google.golang.org/grpc/credentials/alts/internal/conn/counter.go ./vendor/google.golang.org/grpc/credentials/alts/internal/conn/aes128gcm.go ./vendor/google.golang.org/grpc/credentials/alts/internal/conn/utils.go ./vendor/google.golang.org/grpc/credentials/alts/internal/conn/common.go ./vendor/google.golang.org/grpc/credentials/alts/internal/authinfo/authinfo.go ./vendor/google.golang.org/grpc/credentials/alts/internal/common.go ./vendor/google.golang.org/grpc/credentials/alts/internal/proto/grpc_gcp/handshaker.pb.go ./vendor/google.golang.org/grpc/credentials/alts/internal/proto/grpc_gcp/transport_security_common.pb.go ./vendor/google.golang.org/grpc/credentials/alts/internal/proto/grpc_gcp/altscontext.pb.go ./vendor/google.golang.org/grpc/credentials/alts/internal/proto/grpc_gcp/handshaker_grpc.pb.go ./vendor/google.golang.org/grpc/credentials/alts/internal/handshaker/handshaker.go ./vendor/google.golang.org/grpc/credentials/alts/internal/handshaker/service/service.go ./vendor/google.golang.org/grpc/credentials/alts/utils.go ./vendor/google.golang.org/grpc/credentials/alts/alts.go ./vendor/google.golang.org/grpc/credentials/credentials.go ./vendor/google.golang.org/grpc/credentials/go12.go ./vendor/google.golang.org/grpc/credentials/google/google.go ./vendor/google.golang.org/grpc/credentials/tls.go ./vendor/google.golang.org/grpc/credentials/oauth/oauth.go ./vendor/google.golang.org/grpc/keepalive/keepalive.go ./vendor/google.golang.org/grpc/interceptor.go ./vendor/google.golang.org/grpc/balancer_conn_wrappers.go ./vendor/google.golang.org/grpc/server.go ./vendor/google.golang.org/grpc/preloader.go ./vendor/google.golang.org/grpc/resolver_conn_wrapper.go ./vendor/google.golang.org/grpc/doc.go ./vendor/google.golang.org/grpc/health/grpc_health_v1/health_grpc.pb.go ./vendor/google.golang.org/grpc/health/grpc_health_v1/health.pb.go ./vendor/google.golang.org/grpc/status/status.go ./vendor/google.golang.org/grpc/rpc_util.go ./vendor/google.golang.org/grpc/connectivity/connectivity.go ./vendor/google.golang.org/grpc/service_config.go ./vendor/google.golang.org/appengine/appengine.go ./vendor/google.golang.org/appengine/urlfetch/urlfetch.go ./vendor/google.golang.org/appengine/internal/main_vm.go ./vendor/google.golang.org/appengine/internal/api.go ./vendor/google.golang.org/appengine/internal/identity.go ./vendor/google.golang.org/appengine/internal/api_classic.go ./vendor/google.golang.org/appengine/internal/net.go ./vendor/google.golang.org/appengine/internal/identity_flex.go ./vendor/google.golang.org/appengine/internal/socket/socket_service.pb.go ./vendor/google.golang.org/appengine/internal/metadata.go ./vendor/google.golang.org/appengine/internal/main.go ./vendor/google.golang.org/appengine/internal/base/api_base.pb.go ./vendor/google.golang.org/appengine/internal/api_common.go ./vendor/google.golang.org/appengine/internal/remote_api/remote_api.pb.go ./vendor/google.golang.org/appengine/internal/internal.go ./vendor/google.golang.org/appengine/internal/identity_vm.go ./vendor/google.golang.org/appengine/internal/transaction.go ./vendor/google.golang.org/appengine/internal/datastore/datastore_v3.pb.go ./vendor/google.golang.org/appengine/internal/app_identity/app_identity_service.pb.go ./vendor/google.golang.org/appengine/internal/modules/modules_service.pb.go ./vendor/google.golang.org/appengine/internal/urlfetch/urlfetch_service.pb.go ./vendor/google.golang.org/appengine/internal/main_common.go ./vendor/google.golang.org/appengine/internal/identity_classic.go ./vendor/google.golang.org/appengine/internal/app_id.go ./vendor/google.golang.org/appengine/internal/log/log_service.pb.go ./vendor/google.golang.org/appengine/errors.go ./vendor/google.golang.org/appengine/timeout.go ./vendor/google.golang.org/appengine/identity.go ./vendor/google.golang.org/appengine/socket/socket_vm.go ./vendor/google.golang.org/appengine/socket/doc.go ./vendor/google.golang.org/appengine/socket/socket_classic.go ./vendor/google.golang.org/appengine/appengine_vm.go ./vendor/google.golang.org/appengine/namespace.go ./vendor/google.golang.org/genproto/googleapis/api/launch_stage.pb.go ./vendor/google.golang.org/genproto/googleapis/api/monitoredres/monitored_resource.pb.go ./vendor/google.golang.org/genproto/googleapis/api/metric/metric.pb.go ./vendor/google.golang.org/genproto/googleapis/api/distribution/distribution.pb.go ./vendor/google.golang.org/genproto/googleapis/api/label/label.pb.go ./vendor/google.golang.org/genproto/googleapis/api/annotations/field_behavior.pb.go ./vendor/google.golang.org/genproto/googleapis/api/annotations/resource.pb.go ./vendor/google.golang.org/genproto/googleapis/api/annotations/client.pb.go ./vendor/google.golang.org/genproto/googleapis/api/annotations/annotations.pb.go ./vendor/google.golang.org/genproto/googleapis/api/annotations/http.pb.go ./vendor/google.golang.org/genproto/googleapis/devtools/cloudtrace/v2/tracing.pb.go ./vendor/google.golang.org/genproto/googleapis/devtools/cloudtrace/v2/trace.pb.go ./vendor/google.golang.org/genproto/googleapis/devtools/cloudprofiler/v2/profiler.pb.go ./vendor/google.golang.org/genproto/googleapis/rpc/status/status.pb.go ./vendor/google.golang.org/genproto/googleapis/rpc/errdetails/error_details.pb.go ./vendor/google.golang.org/genproto/googleapis/type/calendarperiod/calendar_period.pb.go ./vendor/google.golang.org/genproto/googleapis/monitoring/v3/service.pb.go ./vendor/google.golang.org/genproto/googleapis/monitoring/v3/mutation_record.pb.go ./vendor/google.golang.org/genproto/googleapis/monitoring/v3/alert.pb.go ./vendor/google.golang.org/genproto/googleapis/monitoring/v3/notification.pb.go ./vendor/google.golang.org/genproto/googleapis/monitoring/v3/dropped_labels.pb.go ./vendor/google.golang.org/genproto/googleapis/monitoring/v3/common.pb.go ./vendor/google.golang.org/genproto/googleapis/monitoring/v3/service_service.pb.go ./vendor/google.golang.org/genproto/googleapis/monitoring/v3/span_context.pb.go ./vendor/google.golang.org/genproto/googleapis/monitoring/v3/uptime.pb.go ./vendor/google.golang.org/genproto/googleapis/monitoring/v3/notification_service.pb.go ./vendor/google.golang.org/genproto/googleapis/monitoring/v3/group_service.pb.go ./vendor/google.golang.org/genproto/googleapis/monitoring/v3/metric_service.pb.go ./vendor/google.golang.org/genproto/googleapis/monitoring/v3/uptime_service.pb.go ./vendor/google.golang.org/genproto/googleapis/monitoring/v3/metric.pb.go ./vendor/google.golang.org/genproto/googleapis/monitoring/v3/alert_service.pb.go ./vendor/google.golang.org/genproto/googleapis/monitoring/v3/group.pb.go ./vendor/google.golang.org/genproto/googleapis/monitoring/v3/query_service.pb.go ./vendor/contrib.go.opencensus.io/exporter/stackdriver/resource.go ./vendor/contrib.go.opencensus.io/exporter/stackdriver/metrics_proto.go ./vendor/contrib.go.opencensus.io/exporter/stackdriver/trace_proto.go ./vendor/contrib.go.opencensus.io/exporter/stackdriver/metrics_batcher.go ./vendor/contrib.go.opencensus.io/exporter/stackdriver/trace.go ./vendor/contrib.go.opencensus.io/exporter/stackdriver/monitoredresource/aws/monitored_resources.go ./vendor/contrib.go.opencensus.io/exporter/stackdriver/monitoredresource/aws/aws_identity_doc_utils.go ./vendor/contrib.go.opencensus.io/exporter/stackdriver/monitoredresource/gcp/gcp_metadata_config.go ./vendor/contrib.go.opencensus.io/exporter/stackdriver/monitoredresource/gcp/monitored_resources.go ./vendor/contrib.go.opencensus.io/exporter/stackdriver/monitoredresource/monitored_resources.go ./vendor/contrib.go.opencensus.io/exporter/stackdriver/monitoredresource/deprecated.go ./vendor/contrib.go.opencensus.io/exporter/stackdriver/stackdriver.go ./vendor/contrib.go.opencensus.io/exporter/stackdriver/sanitize.go ./vendor/contrib.go.opencensus.io/exporter/stackdriver/label.go ./vendor/contrib.go.opencensus.io/exporter/stackdriver/stats.go ./vendor/contrib.go.opencensus.io/exporter/stackdriver/metrics.go ./vendor/gitlab.com/gitlab-org/gitaly/v14/internal/gitaly/client/dial.go ./vendor/gitlab.com/gitlab-org/gitaly/v14/internal/gitaly/client/address_parser.go ./vendor/gitlab.com/gitlab-org/gitaly/v14/internal/stream/std_stream.go ./vendor/gitlab.com/gitlab-org/gitaly/v14/internal/backchannel/insecure.go ./vendor/gitlab.com/gitlab-org/gitaly/v14/internal/backchannel/backchannel.go ./vendor/gitlab.com/gitlab-org/gitaly/v14/internal/backchannel/server.go ./vendor/gitlab.com/gitlab-org/gitaly/v14/internal/backchannel/registry.go ./vendor/gitlab.com/gitlab-org/gitaly/v14/internal/backchannel/client.go ./vendor/gitlab.com/gitlab-org/gitaly/v14/internal/x509/common.go ./vendor/gitlab.com/gitlab-org/gitaly/v14/internal/x509/pool.go ./vendor/gitlab.com/gitlab-org/gitaly/v14/internal/x509/pool_darwin.go ./vendor/gitlab.com/gitlab-org/gitaly/v14/auth/rpccredentials.go ./vendor/gitlab.com/gitlab-org/gitaly/v14/auth/token.go ./vendor/gitlab.com/gitlab-org/gitaly/v14/client/pool.go ./vendor/gitlab.com/gitlab-org/gitaly/v14/client/upload_pack.go ./vendor/gitlab.com/gitlab-org/gitaly/v14/client/upload_archive.go ./vendor/gitlab.com/gitlab-org/gitaly/v14/client/pool_options.go ./vendor/gitlab.com/gitlab-org/gitaly/v14/client/receive_pack.go ./vendor/gitlab.com/gitlab-org/gitaly/v14/client/dial.go ./vendor/gitlab.com/gitlab-org/gitaly/v14/proto/go/gitalypb/lint.pb.go ./vendor/gitlab.com/gitlab-org/gitaly/v14/proto/go/gitalypb/objectpool.pb.go ./vendor/gitlab.com/gitlab-org/gitaly/v14/proto/go/gitalypb/commit.pb.go ./vendor/gitlab.com/gitlab-org/gitaly/v14/proto/go/gitalypb/hook.pb.go ./vendor/gitlab.com/gitlab-org/gitaly/v14/proto/go/gitalypb/smarthttp.pb.go ./vendor/gitlab.com/gitlab-org/gitaly/v14/proto/go/gitalypb/diff.pb.go ./vendor/gitlab.com/gitlab-org/gitaly/v14/proto/go/gitalypb/cleanup.pb.go ./vendor/gitlab.com/gitlab-org/gitaly/v14/proto/go/gitalypb/internal.pb.go ./vendor/gitlab.com/gitlab-org/gitaly/v14/proto/go/gitalypb/ssh.pb.go ./vendor/gitlab.com/gitlab-org/gitaly/v14/proto/go/gitalypb/server.pb.go ./vendor/gitlab.com/gitlab-org/gitaly/v14/proto/go/gitalypb/praefect.pb.go ./vendor/gitlab.com/gitlab-org/gitaly/v14/proto/go/gitalypb/ref.pb.go ./vendor/gitlab.com/gitlab-org/gitaly/v14/proto/go/gitalypb/repository-service.pb.go ./vendor/gitlab.com/gitlab-org/gitaly/v14/proto/go/gitalypb/transaction.pb.go ./vendor/gitlab.com/gitlab-org/gitaly/v14/proto/go/gitalypb/remote.pb.go ./vendor/gitlab.com/gitlab-org/gitaly/v14/proto/go/gitalypb/conflicts.pb.go ./vendor/gitlab.com/gitlab-org/gitaly/v14/proto/go/gitalypb/wiki.pb.go ./vendor/gitlab.com/gitlab-org/gitaly/v14/proto/go/gitalypb/operations.pb.go ./vendor/gitlab.com/gitlab-org/gitaly/v14/proto/go/gitalypb/protolist.go ./vendor/gitlab.com/gitlab-org/gitaly/v14/proto/go/gitalypb/blob.pb.go ./vendor/gitlab.com/gitlab-org/gitaly/v14/proto/go/gitalypb/namespace.pb.go ./vendor/gitlab.com/gitlab-org/gitaly/v14/proto/go/gitalypb/shared.pb.go ./vendor/gitlab.com/gitlab-org/gitaly/v14/streamio/stream.go ./vendor/gitlab.com/gitlab-org/labkit/monitoring/profiler_opts.go ./vendor/gitlab.com/gitlab-org/labkit/monitoring/start.go ./vendor/gitlab.com/gitlab-org/labkit/monitoring/null_profiler.go ./vendor/gitlab.com/gitlab-org/labkit/monitoring/profiler.go ./vendor/gitlab.com/gitlab-org/labkit/monitoring/start_options.go ./vendor/gitlab.com/gitlab-org/labkit/monitoring/doc.go ./vendor/gitlab.com/gitlab-org/labkit/monitoring/build_info_gauge.go ./vendor/gitlab.com/gitlab-org/labkit/log/access_logger_options.go ./vendor/gitlab.com/gitlab-org/labkit/log/combined_formatter.go ./vendor/gitlab.com/gitlab-org/labkit/log/clock.go ./vendor/gitlab.com/gitlab-org/labkit/log/access_logger.go ./vendor/gitlab.com/gitlab-org/labkit/log/logrus.go ./vendor/gitlab.com/gitlab-org/labkit/log/logger_options.go ./vendor/gitlab.com/gitlab-org/labkit/log/doc.go ./vendor/gitlab.com/gitlab-org/labkit/log/access_logger_fields.go ./vendor/gitlab.com/gitlab-org/labkit/log/initialization.go ./vendor/gitlab.com/gitlab-org/labkit/log/logger.go ./vendor/gitlab.com/gitlab-org/labkit/tracing/doc.go ./vendor/gitlab.com/gitlab-org/labkit/tracing/env_extractor.go ./vendor/gitlab.com/gitlab-org/labkit/tracing/outbound_http_options.go ./vendor/gitlab.com/gitlab-org/labkit/tracing/inbound_http_options.go ./vendor/gitlab.com/gitlab-org/labkit/tracing/env_injector.go ./vendor/gitlab.com/gitlab-org/labkit/tracing/env_injector_option.go ./vendor/gitlab.com/gitlab-org/labkit/tracing/errors.go ./vendor/gitlab.com/gitlab-org/labkit/tracing/env_extractor_option.go ./vendor/gitlab.com/gitlab-org/labkit/tracing/initialization_options.go ./vendor/gitlab.com/gitlab-org/labkit/tracing/grpc/client_interceptors.go ./vendor/gitlab.com/gitlab-org/labkit/tracing/grpc/server_interceptors.go ./vendor/gitlab.com/gitlab-org/labkit/tracing/grpc/healthcheck_filter.go ./vendor/gitlab.com/gitlab-org/labkit/tracing/outbound_http.go ./vendor/gitlab.com/gitlab-org/labkit/tracing/inbound_http.go ./vendor/gitlab.com/gitlab-org/labkit/tracing/initialization.go ./vendor/gitlab.com/gitlab-org/labkit/tracing/impl/datadog_tracer.go ./vendor/gitlab.com/gitlab-org/labkit/tracing/impl/constants.go ./vendor/gitlab.com/gitlab-org/labkit/tracing/impl/errors.go ./vendor/gitlab.com/gitlab-org/labkit/tracing/impl/tracer_registry.go ./vendor/gitlab.com/gitlab-org/labkit/tracing/impl/lightstep_tracer.go ./vendor/gitlab.com/gitlab-org/labkit/tracing/impl/null_tracer.go ./vendor/gitlab.com/gitlab-org/labkit/tracing/impl/stackdriver_tracer.go ./vendor/gitlab.com/gitlab-org/labkit/tracing/impl/jaeger_tracer.go ./vendor/gitlab.com/gitlab-org/labkit/tracing/impl/static_tracer.go ./vendor/gitlab.com/gitlab-org/labkit/tracing/connstr/connection_string_parser.go ./vendor/gitlab.com/gitlab-org/labkit/correlation/inbound_http.go ./vendor/gitlab.com/gitlab-org/labkit/correlation/base62.go ./vendor/gitlab.com/gitlab-org/labkit/correlation/context.go ./vendor/gitlab.com/gitlab-org/labkit/correlation/generator.go ./vendor/gitlab.com/gitlab-org/labkit/correlation/outbound_http_options.go ./vendor/gitlab.com/gitlab-org/labkit/correlation/field.go ./vendor/gitlab.com/gitlab-org/labkit/correlation/outbound_http.go ./vendor/gitlab.com/gitlab-org/labkit/correlation/grpc/client_interceptors_options.go ./vendor/gitlab.com/gitlab-org/labkit/correlation/grpc/server_interceptors_options.go ./vendor/gitlab.com/gitlab-org/labkit/correlation/grpc/server_interceptors.go ./vendor/gitlab.com/gitlab-org/labkit/correlation/grpc/client_interceptors.go ./vendor/gitlab.com/gitlab-org/labkit/correlation/grpc/key.go ./vendor/gitlab.com/gitlab-org/labkit/correlation/doc.go ./vendor/gitlab.com/gitlab-org/labkit/correlation/inbound_http_options.go ./vendor/gitlab.com/gitlab-org/labkit/mask/sensitive.go ./vendor/gitlab.com/gitlab-org/labkit/mask/matchers.go ./vendor/gitlab.com/gitlab-org/labkit/mask/consts.go ./vendor/gitlab.com/gitlab-org/labkit/mask/doc.go ./vendor/gitlab.com/gitlab-org/labkit/mask/url.go ./vendor/cloud.google.com/go/compute/metadata/metadata.go ./vendor/cloud.google.com/go/internal/version/version.go ./vendor/cloud.google.com/go/trace/apiv2/trace_client.go ./vendor/cloud.google.com/go/trace/apiv2/path_funcs.go ./vendor/cloud.google.com/go/trace/apiv2/doc.go ./vendor/cloud.google.com/go/monitoring/apiv3/v2/service_monitoring_client.go ./vendor/cloud.google.com/go/monitoring/apiv3/v2/group_client.go ./vendor/cloud.google.com/go/monitoring/apiv3/v2/alert_policy_client.go ./vendor/cloud.google.com/go/monitoring/apiv3/v2/uptime_check_client.go ./vendor/cloud.google.com/go/monitoring/apiv3/v2/doc.go ./vendor/cloud.google.com/go/monitoring/apiv3/v2/metric_client.go ./vendor/cloud.google.com/go/monitoring/apiv3/v2/query_client.go ./vendor/cloud.google.com/go/monitoring/apiv3/v2/notification_channel_client.go ./vendor/cloud.google.com/go/profiler/heap.go ./vendor/cloud.google.com/go/profiler/profiler.go ./vendor/cloud.google.com/go/profiler/mutex.go ./vendor/go.opencensus.io/resource/resourcekeys/const.go ./vendor/go.opencensus.io/resource/resource.go ./vendor/go.opencensus.io/stats/measure.go ./vendor/go.opencensus.io/stats/internal/record.go ./vendor/go.opencensus.io/stats/measure_float64.go ./vendor/go.opencensus.io/stats/units.go ./vendor/go.opencensus.io/stats/view/aggregation.go ./vendor/go.opencensus.io/stats/view/collector.go ./vendor/go.opencensus.io/stats/view/worker.go ./vendor/go.opencensus.io/stats/view/doc.go ./vendor/go.opencensus.io/stats/view/aggregation_data.go ./vendor/go.opencensus.io/stats/view/export.go ./vendor/go.opencensus.io/stats/view/view.go ./vendor/go.opencensus.io/stats/view/view_to_metric.go ./vendor/go.opencensus.io/stats/view/worker_commands.go ./vendor/go.opencensus.io/stats/record.go ./vendor/go.opencensus.io/stats/doc.go ./vendor/go.opencensus.io/stats/measure_int64.go ./vendor/go.opencensus.io/opencensus.go ./vendor/go.opencensus.io/internal/internal.go ./vendor/go.opencensus.io/internal/tagencoding/tagencoding.go ./vendor/go.opencensus.io/internal/traceinternals.go ./vendor/go.opencensus.io/internal/sanitize.go ./vendor/go.opencensus.io/trace/internal/internal.go ./vendor/go.opencensus.io/trace/propagation/propagation.go ./vendor/go.opencensus.io/trace/spanbucket.go ./vendor/go.opencensus.io/trace/trace.go ./vendor/go.opencensus.io/trace/export.go ./vendor/go.opencensus.io/trace/status_codes.go ./vendor/go.opencensus.io/trace/config.go ./vendor/go.opencensus.io/trace/doc.go ./vendor/go.opencensus.io/trace/trace_nongo11.go ./vendor/go.opencensus.io/trace/trace_go11.go ./vendor/go.opencensus.io/trace/lrumap.go ./vendor/go.opencensus.io/trace/tracestate/tracestate.go ./vendor/go.opencensus.io/trace/basetypes.go ./vendor/go.opencensus.io/trace/evictedqueue.go ./vendor/go.opencensus.io/trace/trace_api.go ./vendor/go.opencensus.io/trace/spanstore.go ./vendor/go.opencensus.io/trace/sampling.go ./vendor/go.opencensus.io/metric/metricexport/reader.go ./vendor/go.opencensus.io/metric/metricexport/export.go ./vendor/go.opencensus.io/metric/metricexport/doc.go ./vendor/go.opencensus.io/metric/metricdata/doc.go ./vendor/go.opencensus.io/metric/metricdata/exemplar.go ./vendor/go.opencensus.io/metric/metricdata/point.go ./vendor/go.opencensus.io/metric/metricdata/unit.go ./vendor/go.opencensus.io/metric/metricdata/type_string.go ./vendor/go.opencensus.io/metric/metricdata/metric.go ./vendor/go.opencensus.io/metric/metricdata/label.go ./vendor/go.opencensus.io/metric/metricproducer/producer.go ./vendor/go.opencensus.io/metric/metricproducer/manager.go ./vendor/go.opencensus.io/tag/profile_not19.go ./vendor/go.opencensus.io/tag/map_codec.go ./vendor/go.opencensus.io/tag/context.go ./vendor/go.opencensus.io/tag/metadata.go ./vendor/go.opencensus.io/tag/map.go ./vendor/go.opencensus.io/tag/doc.go ./vendor/go.opencensus.io/tag/key.go ./vendor/go.opencensus.io/tag/validate.go ./vendor/go.opencensus.io/tag/profile_19.go ./vendor/go.opencensus.io/plugin/ochttp/server.go ./vendor/go.opencensus.io/plugin/ochttp/client.go ./vendor/go.opencensus.io/plugin/ochttp/client_stats.go ./vendor/go.opencensus.io/plugin/ochttp/span_annotating_client_trace.go ./vendor/go.opencensus.io/plugin/ochttp/propagation/b3/b3.go ./vendor/go.opencensus.io/plugin/ochttp/wrapped_body.go ./vendor/go.opencensus.io/plugin/ochttp/route.go ./vendor/go.opencensus.io/plugin/ochttp/trace.go ./vendor/go.opencensus.io/plugin/ochttp/stats.go ./vendor/go.opencensus.io/plugin/ochttp/doc.go ./vendor/go.opencensus.io/plugin/ocgrpc/server_stats_handler.go ./vendor/go.opencensus.io/plugin/ocgrpc/client.go ./vendor/go.opencensus.io/plugin/ocgrpc/server.go ./vendor/go.opencensus.io/plugin/ocgrpc/stats_common.go ./vendor/go.opencensus.io/plugin/ocgrpc/client_stats_handler.go ./vendor/go.opencensus.io/plugin/ocgrpc/trace_common.go ./vendor/go.opencensus.io/plugin/ocgrpc/doc.go ./vendor/go.opencensus.io/plugin/ocgrpc/client_metrics.go ./vendor/go.opencensus.io/plugin/ocgrpc/server_metrics.go ./vendor/golang.org/x/sys/unix/affinity_linux.go ./vendor/golang.org/x/sys/unix/ztypes_aix_ppc64.go ./vendor/golang.org/x/sys/unix/ztypes_darwin_arm.go ./vendor/golang.org/x/sys/unix/syscall_linux_gccgo_arm.go ./vendor/golang.org/x/sys/unix/zsyscall_netbsd_arm.go ./vendor/golang.org/x/sys/unix/zsysctl_openbsd_arm.go ./vendor/golang.org/x/sys/unix/ztypes_netbsd_386.go ./vendor/golang.org/x/sys/unix/env_unix.go ./vendor/golang.org/x/sys/unix/syscall_aix_ppc64.go ./vendor/golang.org/x/sys/unix/zptrace_mipsnn_linux.go ./vendor/golang.org/x/sys/unix/zsyscall_darwin_386.go ./vendor/golang.org/x/sys/unix/syscall_freebsd_386.go ./vendor/golang.org/x/sys/unix/syscall_freebsd.go ./vendor/golang.org/x/sys/unix/dev_aix_ppc64.go ./vendor/golang.org/x/sys/unix/dev_aix_ppc.go ./vendor/golang.org/x/sys/unix/dev_darwin.go ./vendor/golang.org/x/sys/unix/syscall_openbsd_386.go ./vendor/golang.org/x/sys/unix/zerrors_openbsd_mips64.go ./vendor/golang.org/x/sys/unix/zsyscall_linux_amd64.go ./vendor/golang.org/x/sys/unix/zerrors_dragonfly_amd64.go ./vendor/golang.org/x/sys/unix/zsyscall_linux_mips.go ./vendor/golang.org/x/sys/unix/zsyscall_darwin_386.1_13.go ./vendor/golang.org/x/sys/unix/zerrors_solaris_amd64.go ./vendor/golang.org/x/sys/unix/zsysnum_linux_mips64.go ./vendor/golang.org/x/sys/unix/zsysnum_linux_mips64le.go ./vendor/golang.org/x/sys/unix/zerrors_linux_s390x.go ./vendor/golang.org/x/sys/unix/zsyscall_aix_ppc64.go ./vendor/golang.org/x/sys/unix/syscall_linux_gc.go ./vendor/golang.org/x/sys/unix/errors_freebsd_arm.go ./vendor/golang.org/x/sys/unix/zerrors_linux_amd64.go ./vendor/golang.org/x/sys/unix/syscall_freebsd_arm64.go ./vendor/golang.org/x/sys/unix/ztypes_linux_mips64.go ./vendor/golang.org/x/sys/unix/ztypes_openbsd_arm.go ./vendor/golang.org/x/sys/unix/zptrace_x86_linux.go ./vendor/golang.org/x/sys/unix/zptrace_linux_arm64.go ./vendor/golang.org/x/sys/unix/fcntl.go ./vendor/golang.org/x/sys/unix/aliases.go ./vendor/golang.org/x/sys/unix/zsysnum_openbsd_arm.go ./vendor/golang.org/x/sys/unix/zsyscall_aix_ppc64_gc.go ./vendor/golang.org/x/sys/unix/zsyscall_linux_s390x.go ./vendor/golang.org/x/sys/unix/errors_freebsd_amd64.go ./vendor/golang.org/x/sys/unix/zsyscall_aix_ppc64_gccgo.go ./vendor/golang.org/x/sys/unix/zerrors_netbsd_arm64.go ./vendor/golang.org/x/sys/unix/zsyscall_darwin_amd64.go ./vendor/golang.org/x/sys/unix/zsysnum_freebsd_arm.go ./vendor/golang.org/x/sys/unix/ztypes_aix_ppc.go ./vendor/golang.org/x/sys/unix/zerrors_darwin_amd64.go ./vendor/golang.org/x/sys/unix/zsyscall_linux.go ./vendor/golang.org/x/sys/unix/ztypes_solaris_amd64.go ./vendor/golang.org/x/sys/unix/sockcmsg_unix.go ./vendor/golang.org/x/sys/unix/zsyscall_netbsd_arm64.go ./vendor/golang.org/x/sys/unix/ztypes_freebsd_arm.go ./vendor/golang.org/x/sys/unix/pledge_openbsd.go ./vendor/golang.org/x/sys/unix/ztypes_linux_mips64le.go ./vendor/golang.org/x/sys/unix/zptrace_mipsnnle_linux.go ./vendor/golang.org/x/sys/unix/syscall_openbsd_arm64.go ./vendor/golang.org/x/sys/unix/zsyscall_linux_mips64.go ./vendor/golang.org/x/sys/unix/zsysnum_dragonfly_amd64.go ./vendor/golang.org/x/sys/unix/ptrace_ios.go ./vendor/golang.org/x/sys/unix/zsysnum_linux_riscv64.go ./vendor/golang.org/x/sys/unix/zsysnum_netbsd_arm.go ./vendor/golang.org/x/sys/unix/unveil_openbsd.go ./vendor/golang.org/x/sys/unix/zsyscall_linux_riscv64.go ./vendor/golang.org/x/sys/unix/syscall_netbsd.go ./vendor/golang.org/x/sys/unix/syscall_linux_gc_arm.go ./vendor/golang.org/x/sys/unix/cap_freebsd.go ./vendor/golang.org/x/sys/unix/syscall_bsd.go ./vendor/golang.org/x/sys/unix/dev_linux.go ./vendor/golang.org/x/sys/unix/zerrors_linux_mips64.go ./vendor/golang.org/x/sys/unix/zerrors_openbsd_arm64.go ./vendor/golang.org/x/sys/unix/zsyscall_freebsd_386.go ./vendor/golang.org/x/sys/unix/zsysnum_darwin_386.go ./vendor/golang.org/x/sys/unix/syscall_darwin_arm64.go ./vendor/golang.org/x/sys/unix/zsyscall_openbsd_386.go ./vendor/golang.org/x/sys/unix/ztypes_darwin_amd64.go ./vendor/golang.org/x/sys/unix/zerrors_linux_ppc64.go ./vendor/golang.org/x/sys/unix/syscall_darwin_arm.go ./vendor/golang.org/x/sys/unix/ztypes_linux_arm.go ./vendor/golang.org/x/sys/unix/gccgo_linux_amd64.go ./vendor/golang.org/x/sys/unix/zsysnum_zos_s390x.go ./vendor/golang.org/x/sys/unix/syscall_zos_s390x.go ./vendor/golang.org/x/sys/unix/race0.go ./vendor/golang.org/x/sys/unix/syscall_linux_amd64.go ./vendor/golang.org/x/sys/unix/zsysnum_openbsd_mips64.go ./vendor/golang.org/x/sys/unix/ioctl.go ./vendor/golang.org/x/sys/unix/zsysnum_linux_arm64.go ./vendor/golang.org/x/sys/unix/zsysnum_linux_mips.go ./vendor/golang.org/x/sys/unix/zerrors_freebsd_arm64.go ./vendor/golang.org/x/sys/unix/syscall_netbsd_386.go ./vendor/golang.org/x/sys/unix/endian_little.go ./vendor/golang.org/x/sys/unix/ztypes_zos_s390x.go ./vendor/golang.org/x/sys/unix/ztypes_linux_arm64.go ./vendor/golang.org/x/sys/unix/zsyscall_dragonfly_amd64.go ./vendor/golang.org/x/sys/unix/ztypes_netbsd_arm64.go ./vendor/golang.org/x/sys/unix/syscall_netbsd_amd64.go ./vendor/golang.org/x/sys/unix/zsysnum_linux_arm.go ./vendor/golang.org/x/sys/unix/syscall_linux_arm.go ./vendor/golang.org/x/sys/unix/syscall_openbsd.go ./vendor/golang.org/x/sys/unix/zerrors_linux_mips64le.go ./vendor/golang.org/x/sys/unix/zerrors_openbsd_386.go ./vendor/golang.org/x/sys/unix/zsysnum_netbsd_arm64.go ./vendor/golang.org/x/sys/unix/zsyscall_linux_ppc64.go ./vendor/golang.org/x/sys/unix/zsysnum_openbsd_amd64.go ./vendor/golang.org/x/sys/unix/syscall_darwin.1_12.go ./vendor/golang.org/x/sys/unix/constants.go ./vendor/golang.org/x/sys/unix/zsyscall_openbsd_amd64.go ./vendor/golang.org/x/sys/unix/zerrors_linux_mips.go ./vendor/golang.org/x/sys/unix/syscall_solaris_amd64.go ./vendor/golang.org/x/sys/unix/zsysnum_linux_ppc64le.go ./vendor/golang.org/x/sys/unix/zsyscall_linux_ppc64le.go ./vendor/golang.org/x/sys/unix/syscall_linux_s390x.go ./vendor/golang.org/x/sys/unix/ztypes_openbsd_arm64.go ./vendor/golang.org/x/sys/unix/zsysnum_linux_sparc64.go ./vendor/golang.org/x/sys/unix/ptrace_darwin.go ./vendor/golang.org/x/sys/unix/zsyscall_linux_sparc64.go ./vendor/golang.org/x/sys/unix/str.go ./vendor/golang.org/x/sys/unix/zsysnum_darwin_amd64.go ./vendor/golang.org/x/sys/unix/zerrors_linux_386.go ./vendor/golang.org/x/sys/unix/syscall_unix_gc.go ./vendor/golang.org/x/sys/unix/syscall_linux.go ./vendor/golang.org/x/sys/unix/dirent.go ./vendor/golang.org/x/sys/unix/zsyscall_linux_arm.go ./vendor/golang.org/x/sys/unix/ztypes_openbsd_mips64.go ./vendor/golang.org/x/sys/unix/zerrors_netbsd_arm.go ./vendor/golang.org/x/sys/unix/zsysctl_openbsd_arm64.go ./vendor/golang.org/x/sys/unix/zsyscall_illumos_amd64.go ./vendor/golang.org/x/sys/unix/ztypes_freebsd_arm64.go ./vendor/golang.org/x/sys/unix/syscall_darwin.1_13.go ./vendor/golang.org/x/sys/unix/readdirent_getdirentries.go ./vendor/golang.org/x/sys/unix/zsyscall_zos_s390x.go ./vendor/golang.org/x/sys/unix/zsyscall_freebsd_amd64.go ./vendor/golang.org/x/sys/unix/zerrors_freebsd_386.go ./vendor/golang.org/x/sys/unix/timestruct.go ./vendor/golang.org/x/sys/unix/zerrors_darwin_386.go ./vendor/golang.org/x/sys/unix/zsysnum_freebsd_amd64.go ./vendor/golang.org/x/sys/unix/ztypes_linux.go ./vendor/golang.org/x/sys/unix/syscall_aix.go ./vendor/golang.org/x/sys/unix/syscall_solaris.go ./vendor/golang.org/x/sys/unix/zerrors_darwin_arm64.go ./vendor/golang.org/x/sys/unix/zsyscall_netbsd_amd64.go ./vendor/golang.org/x/sys/unix/ztypes_darwin_386.go ./vendor/golang.org/x/sys/unix/zsyscall_darwin_arm.1_13.go ./vendor/golang.org/x/sys/unix/syscall_linux_gccgo_386.go ./vendor/golang.org/x/sys/unix/zsyscall_netbsd_386.go ./vendor/golang.org/x/sys/unix/sockcmsg_linux.go ./vendor/golang.org/x/sys/unix/syscall_openbsd_amd64.go ./vendor/golang.org/x/sys/unix/ioctl_zos.go ./vendor/golang.org/x/sys/unix/errors_freebsd_arm64.go ./vendor/golang.org/x/sys/unix/zsysctl_openbsd_386.go ./vendor/golang.org/x/sys/unix/syscall_illumos.go ./vendor/golang.org/x/sys/unix/ztypes_netbsd_arm.go ./vendor/golang.org/x/sys/unix/zsyscall_solaris_amd64.go ./vendor/golang.org/x/sys/unix/syscall.go ./vendor/golang.org/x/sys/unix/zsyscall_darwin_arm.go ./vendor/golang.org/x/sys/unix/zerrors_netbsd_amd64.go ./vendor/golang.org/x/sys/unix/syscall_freebsd_arm.go ./vendor/golang.org/x/sys/unix/syscall_linux_sparc64.go ./vendor/golang.org/x/sys/unix/zsyscall_darwin_arm64.go ./vendor/golang.org/x/sys/unix/dev_zos.go ./vendor/golang.org/x/sys/unix/ztypes_linux_mipsle.go ./vendor/golang.org/x/sys/unix/syscall_openbsd_arm.go ./vendor/golang.org/x/sys/unix/zsyscall_darwin_amd64.1_13.go ./vendor/golang.org/x/sys/unix/ztypes_linux_ppc64.go ./vendor/golang.org/x/sys/unix/syscall_unix.go ./vendor/golang.org/x/sys/unix/zsysnum_linux_ppc64.go ./vendor/golang.org/x/sys/unix/fdset.go ./vendor/golang.org/x/sys/unix/ztypes_linux_mips.go ./vendor/golang.org/x/sys/unix/zerrors_linux.go ./vendor/golang.org/x/sys/unix/zerrors_linux_arm64.go ./vendor/golang.org/x/sys/unix/syscall_freebsd_amd64.go ./vendor/golang.org/x/sys/unix/errors_freebsd_386.go ./vendor/golang.org/x/sys/unix/syscall_linux_riscv64.go ./vendor/golang.org/x/sys/unix/ztypes_openbsd_386.go ./vendor/golang.org/x/sys/unix/zsysnum_openbsd_386.go ./vendor/golang.org/x/sys/unix/zsysnum_linux_mipsle.go ./vendor/golang.org/x/sys/unix/zsyscall_linux_arm64.go ./vendor/golang.org/x/sys/unix/xattr_bsd.go ./vendor/golang.org/x/sys/unix/syscall_darwin.go ./vendor/golang.org/x/sys/unix/dev_openbsd.go ./vendor/golang.org/x/sys/unix/zsysnum_freebsd_386.go ./vendor/golang.org/x/sys/unix/zsyscall_darwin_arm64.1_13.go ./vendor/golang.org/x/sys/unix/fcntl_darwin.go ./vendor/golang.org/x/sys/unix/zptrace_armnn_linux.go ./vendor/golang.org/x/sys/unix/syscall_unix_gc_ppc64x.go ./vendor/golang.org/x/sys/unix/ztypes_freebsd_386.go ./vendor/golang.org/x/sys/unix/zsyscall_openbsd_mips64.go ./vendor/golang.org/x/sys/unix/zerrors_aix_ppc64.go ./vendor/golang.org/x/sys/unix/epoll_zos.go ./vendor/golang.org/x/sys/unix/zsysctl_openbsd_mips64.go ./vendor/golang.org/x/sys/unix/race.go ./vendor/golang.org/x/sys/unix/gccgo.go ./vendor/golang.org/x/sys/unix/sockcmsg_dragonfly.go ./vendor/golang.org/x/sys/unix/endian_big.go ./vendor/golang.org/x/sys/unix/ztypes_illumos_amd64.go ./vendor/golang.org/x/sys/unix/zsyscall_freebsd_arm64.go ./vendor/golang.org/x/sys/unix/syscall_dragonfly.go ./vendor/golang.org/x/sys/unix/zsysnum_netbsd_386.go ./vendor/golang.org/x/sys/unix/syscall_dragonfly_amd64.go ./vendor/golang.org/x/sys/unix/zsysnum_freebsd_arm64.go ./vendor/golang.org/x/sys/unix/syscall_linux_mipsx.go ./vendor/golang.org/x/sys/unix/syscall_linux_gc_386.go ./vendor/golang.org/x/sys/unix/syscall_linux_ppc64x.go ./vendor/golang.org/x/sys/unix/zsyscall_freebsd_arm.go ./vendor/golang.org/x/sys/unix/zsysnum_darwin_arm.go ./vendor/golang.org/x/sys/unix/zsysctl_openbsd_amd64.go ./vendor/golang.org/x/sys/unix/ztypes_freebsd_amd64.go ./vendor/golang.org/x/sys/unix/syscall_linux_mips64x.go ./vendor/golang.org/x/sys/unix/readdirent_getdents.go ./vendor/golang.org/x/sys/unix/zsyscall_openbsd_arm.go ./vendor/golang.org/x/sys/unix/fcntl_linux_32bit.go ./vendor/golang.org/x/sys/unix/ztypes_linux_386.go ./vendor/golang.org/x/sys/unix/syscall_darwin_386.go ./vendor/golang.org/x/sys/unix/ztypes_openbsd_amd64.go ./vendor/golang.org/x/sys/unix/bluetooth_linux.go ./vendor/golang.org/x/sys/unix/zerrors_linux_riscv64.go ./vendor/golang.org/x/sys/unix/syscall_linux_amd64_gc.go ./vendor/golang.org/x/sys/unix/zsysnum_linux_s390x.go ./vendor/golang.org/x/sys/unix/zsysnum_darwin_arm64.go ./vendor/golang.org/x/sys/unix/syscall_netbsd_arm.go ./vendor/golang.org/x/sys/unix/pagesize_unix.go ./vendor/golang.org/x/sys/unix/ztypes_linux_s390x.go ./vendor/golang.org/x/sys/unix/ztypes_linux_ppc64le.go ./vendor/golang.org/x/sys/unix/dev_dragonfly.go ./vendor/golang.org/x/sys/unix/sockcmsg_unix_other.go ./vendor/golang.org/x/sys/unix/zsysnum_netbsd_amd64.go ./vendor/golang.org/x/sys/unix/zsysnum_openbsd_arm64.go ./vendor/golang.org/x/sys/unix/ztypes_linux_sparc64.go ./vendor/golang.org/x/sys/unix/zsysnum_linux_386.go ./vendor/golang.org/x/sys/unix/syscall_linux_386.go ./vendor/golang.org/x/sys/unix/zsyscall_openbsd_arm64.go ./vendor/golang.org/x/sys/unix/zerrors_openbsd_arm.go ./vendor/golang.org/x/sys/unix/ztypes_linux_amd64.go ./vendor/golang.org/x/sys/unix/ztypes_netbsd_amd64.go ./vendor/golang.org/x/sys/unix/zerrors_zos_s390x.go ./vendor/golang.org/x/sys/unix/syscall_netbsd_arm64.go ./vendor/golang.org/x/sys/unix/dev_freebsd.go ./vendor/golang.org/x/sys/unix/syscall_darwin_amd64.go ./vendor/golang.org/x/sys/unix/ztypes_darwin_arm64.go ./vendor/golang.org/x/sys/unix/syscall_darwin_libSystem.go ./vendor/golang.org/x/sys/unix/zerrors_aix_ppc.go ./vendor/golang.org/x/sys/unix/dev_netbsd.go ./vendor/golang.org/x/sys/unix/syscall_linux_arm64.go ./vendor/golang.org/x/sys/unix/zsysnum_linux_amd64.go ./vendor/golang.org/x/sys/unix/zerrors_freebsd_amd64.go ./vendor/golang.org/x/sys/unix/fstatfs_zos.go ./vendor/golang.org/x/sys/unix/zerrors_linux_arm.go ./vendor/golang.org/x/sys/unix/zsyscall_linux_386.go ./vendor/golang.org/x/sys/unix/syscall_openbsd_mips64.go ./vendor/golang.org/x/sys/unix/zsyscall_aix_ppc.go ./vendor/golang.org/x/sys/unix/zerrors_openbsd_amd64.go ./vendor/golang.org/x/sys/unix/ztypes_linux_riscv64.go ./vendor/golang.org/x/sys/unix/zsyscall_linux_mipsle.go ./vendor/golang.org/x/sys/unix/zsyscall_linux_mips64le.go ./vendor/golang.org/x/sys/unix/zerrors_netbsd_386.go ./vendor/golang.org/x/sys/unix/syscall_aix_ppc.go ./vendor/golang.org/x/sys/unix/zerrors_linux_ppc64le.go ./vendor/golang.org/x/sys/unix/zerrors_linux_mipsle.go ./vendor/golang.org/x/sys/unix/zerrors_freebsd_arm.go ./vendor/golang.org/x/sys/unix/zerrors_linux_sparc64.go ./vendor/golang.org/x/sys/unix/zerrors_darwin_arm.go ./vendor/golang.org/x/sys/unix/ztypes_dragonfly_amd64.go ./vendor/golang.org/x/sys/windows/service.go ./vendor/golang.org/x/sys/windows/types_windows_amd64.go ./vendor/golang.org/x/sys/windows/zerrors_windows.go ./vendor/golang.org/x/sys/windows/types_windows_arm.go ./vendor/golang.org/x/sys/windows/syscall_windows.go ./vendor/golang.org/x/sys/windows/exec_windows.go ./vendor/golang.org/x/sys/windows/types_windows.go ./vendor/golang.org/x/sys/windows/dll_windows.go ./vendor/golang.org/x/sys/windows/str.go ./vendor/golang.org/x/sys/windows/zsyscall_windows.go ./vendor/golang.org/x/sys/windows/env_windows.go ./vendor/golang.org/x/sys/windows/syscall.go ./vendor/golang.org/x/sys/windows/eventlog.go ./vendor/golang.org/x/sys/windows/mksyscall.go ./vendor/golang.org/x/sys/windows/setupapierrors_windows.go ./vendor/golang.org/x/sys/windows/race0.go ./vendor/golang.org/x/sys/windows/types_windows_arm64.go ./vendor/golang.org/x/sys/windows/types_windows_386.go ./vendor/golang.org/x/sys/windows/security_windows.go ./vendor/golang.org/x/sys/windows/race.go ./vendor/golang.org/x/sys/windows/registry/zsyscall_windows.go ./vendor/golang.org/x/sys/windows/registry/key.go ./vendor/golang.org/x/sys/windows/registry/mksyscall.go ./vendor/golang.org/x/sys/windows/registry/syscall.go ./vendor/golang.org/x/sys/windows/registry/value.go ./vendor/golang.org/x/sys/windows/memory_windows.go ./vendor/golang.org/x/sys/windows/aliases.go ./vendor/golang.org/x/sys/windows/zknownfolderids_windows.go ./vendor/golang.org/x/sys/cpu/cpu_linux.go ./vendor/golang.org/x/sys/cpu/syscall_aix_gccgo.go ./vendor/golang.org/x/sys/cpu/cpu_linux_arm64.go ./vendor/golang.org/x/sys/cpu/cpu_arm64.go ./vendor/golang.org/x/sys/cpu/cpu_linux_noinit.go ./vendor/golang.org/x/sys/cpu/cpu_gc_arm64.go ./vendor/golang.org/x/sys/cpu/cpu_linux_mips64x.go ./vendor/golang.org/x/sys/cpu/cpu_other_arm64.go ./vendor/golang.org/x/sys/cpu/cpu_mips64x.go ./vendor/golang.org/x/sys/cpu/cpu_mipsx.go ./vendor/golang.org/x/sys/cpu/byteorder.go ./vendor/golang.org/x/sys/cpu/cpu_x86.go ./vendor/golang.org/x/sys/cpu/cpu_ppc64x.go ./vendor/golang.org/x/sys/cpu/cpu_riscv64.go ./vendor/golang.org/x/sys/cpu/cpu_gccgo_s390x.go ./vendor/golang.org/x/sys/cpu/cpu_other_mips64x.go ./vendor/golang.org/x/sys/cpu/cpu_wasm.go ./vendor/golang.org/x/sys/cpu/cpu_gc_x86.go ./vendor/golang.org/x/sys/cpu/cpu_zos_s390x.go ./vendor/golang.org/x/sys/cpu/cpu_linux_arm.go ./vendor/golang.org/x/sys/cpu/hwcap_linux.go ./vendor/golang.org/x/sys/cpu/cpu_linux_s390x.go ./vendor/golang.org/x/sys/cpu/cpu_s390x.go ./vendor/golang.org/x/sys/cpu/cpu_gccgo_x86.go ./vendor/golang.org/x/sys/cpu/cpu_zos.go ./vendor/golang.org/x/sys/cpu/cpu_gc_s390x.go ./vendor/golang.org/x/sys/cpu/cpu_netbsd_arm64.go ./vendor/golang.org/x/sys/cpu/cpu_gccgo_arm64.go ./vendor/golang.org/x/sys/cpu/syscall_aix_ppc64_gc.go ./vendor/golang.org/x/sys/cpu/cpu_aix.go ./vendor/golang.org/x/sys/cpu/cpu_arm.go ./vendor/golang.org/x/sys/cpu/cpu_other_arm.go ./vendor/golang.org/x/sys/cpu/cpu_linux_ppc64x.go ./vendor/golang.org/x/sys/cpu/cpu.go ./vendor/golang.org/x/sys/internal/unsafeheader/unsafeheader.go ./vendor/golang.org/x/xerrors/frame.go ./vendor/golang.org/x/xerrors/format.go ./vendor/golang.org/x/xerrors/internal/internal.go ./vendor/golang.org/x/xerrors/adaptor.go ./vendor/golang.org/x/xerrors/doc.go ./vendor/golang.org/x/xerrors/errors.go ./vendor/golang.org/x/xerrors/wrap.go ./vendor/golang.org/x/xerrors/fmt.go ./vendor/golang.org/x/time/rate/rate.go ./vendor/golang.org/x/crypto/blowfish/block.go ./vendor/golang.org/x/crypto/blowfish/const.go ./vendor/golang.org/x/crypto/blowfish/cipher.go ./vendor/golang.org/x/crypto/curve25519/curve25519_amd64.go ./vendor/golang.org/x/crypto/curve25519/curve25519.go ./vendor/golang.org/x/crypto/curve25519/curve25519_noasm.go ./vendor/golang.org/x/crypto/curve25519/curve25519_generic.go ./vendor/golang.org/x/crypto/poly1305/mac_noasm.go ./vendor/golang.org/x/crypto/poly1305/bits_compat.go ./vendor/golang.org/x/crypto/poly1305/poly1305.go ./vendor/golang.org/x/crypto/poly1305/bits_go1.13.go ./vendor/golang.org/x/crypto/poly1305/sum_generic.go ./vendor/golang.org/x/crypto/poly1305/sum_ppc64le.go ./vendor/golang.org/x/crypto/poly1305/sum_amd64.go ./vendor/golang.org/x/crypto/poly1305/sum_s390x.go ./vendor/golang.org/x/crypto/chacha20/chacha_generic.go ./vendor/golang.org/x/crypto/chacha20/chacha_noasm.go ./vendor/golang.org/x/crypto/chacha20/chacha_arm64.go ./vendor/golang.org/x/crypto/chacha20/xor.go ./vendor/golang.org/x/crypto/chacha20/chacha_s390x.go ./vendor/golang.org/x/crypto/chacha20/chacha_ppc64le.go ./vendor/golang.org/x/crypto/ssh/certs.go ./vendor/golang.org/x/crypto/ssh/keys.go ./vendor/golang.org/x/crypto/ssh/buffer.go ./vendor/golang.org/x/crypto/ssh/kex.go ./vendor/golang.org/x/crypto/ssh/handshake.go ./vendor/golang.org/x/crypto/ssh/common.go ./vendor/golang.org/x/crypto/ssh/internal/bcrypt_pbkdf/bcrypt_pbkdf.go ./vendor/golang.org/x/crypto/ssh/client_auth.go ./vendor/golang.org/x/crypto/ssh/streamlocal.go ./vendor/golang.org/x/crypto/ssh/mux.go ./vendor/golang.org/x/crypto/ssh/messages.go ./vendor/golang.org/x/crypto/ssh/tcpip.go ./vendor/golang.org/x/crypto/ssh/ssh_gss.go ./vendor/golang.org/x/crypto/ssh/channel.go ./vendor/golang.org/x/crypto/ssh/server.go ./vendor/golang.org/x/crypto/ssh/connection.go ./vendor/golang.org/x/crypto/ssh/cipher.go ./vendor/golang.org/x/crypto/ssh/mac.go ./vendor/golang.org/x/crypto/ssh/client.go ./vendor/golang.org/x/crypto/ssh/transport.go ./vendor/golang.org/x/crypto/ssh/doc.go ./vendor/golang.org/x/crypto/ssh/session.go ./vendor/golang.org/x/crypto/internal/subtle/aliasing_purego.go ./vendor/golang.org/x/crypto/internal/subtle/aliasing.go ./vendor/golang.org/x/crypto/ed25519/ed25519.go ./vendor/golang.org/x/crypto/ed25519/internal/edwards25519/edwards25519.go ./vendor/golang.org/x/crypto/ed25519/internal/edwards25519/const.go ./vendor/golang.org/x/crypto/ed25519/ed25519_go113.go ./vendor/golang.org/x/net/trace/trace.go ./vendor/golang.org/x/net/trace/events.go ./vendor/golang.org/x/net/trace/histogram.go ./vendor/golang.org/x/net/idna/tables10.0.0.go ./vendor/golang.org/x/net/idna/trie.go ./vendor/golang.org/x/net/idna/punycode.go ./vendor/golang.org/x/net/idna/idna9.0.0.go ./vendor/golang.org/x/net/idna/idna10.0.0.go ./vendor/golang.org/x/net/idna/tables12.0.0.go ./vendor/golang.org/x/net/idna/trieval.go ./vendor/golang.org/x/net/idna/tables11.0.0.go ./vendor/golang.org/x/net/idna/tables13.0.0.go ./vendor/golang.org/x/net/idna/tables9.0.0.go ./vendor/golang.org/x/net/internal/timeseries/timeseries.go ./vendor/golang.org/x/net/http2/server.go ./vendor/golang.org/x/net/http2/databuffer.go ./vendor/golang.org/x/net/http2/flow.go ./vendor/golang.org/x/net/http2/transport.go ./vendor/golang.org/x/net/http2/not_go111.go ./vendor/golang.org/x/net/http2/writesched_random.go ./vendor/golang.org/x/net/http2/frame.go ./vendor/golang.org/x/net/http2/go111.go ./vendor/golang.org/x/net/http2/writesched_priority.go ./vendor/golang.org/x/net/http2/errors.go ./vendor/golang.org/x/net/http2/hpack/hpack.go ./vendor/golang.org/x/net/http2/hpack/huffman.go ./vendor/golang.org/x/net/http2/hpack/encode.go ./vendor/golang.org/x/net/http2/hpack/tables.go ./vendor/golang.org/x/net/http2/pipe.go ./vendor/golang.org/x/net/http2/gotrack.go ./vendor/golang.org/x/net/http2/write.go ./vendor/golang.org/x/net/http2/writesched.go ./vendor/golang.org/x/net/http2/http2.go ./vendor/golang.org/x/net/http2/client_conn_pool.go ./vendor/golang.org/x/net/http2/headermap.go ./vendor/golang.org/x/net/http2/ciphers.go ./vendor/golang.org/x/net/http/httpguts/guts.go ./vendor/golang.org/x/net/http/httpguts/httplex.go ./vendor/golang.org/x/net/context/ctxhttp/ctxhttp.go ./vendor/golang.org/x/net/context/context.go ./vendor/golang.org/x/net/context/pre_go17.go ./vendor/golang.org/x/net/context/go19.go ./vendor/golang.org/x/net/context/pre_go19.go ./vendor/golang.org/x/net/context/go17.go ./vendor/golang.org/x/text/secure/bidirule/bidirule10.0.0.go ./vendor/golang.org/x/text/secure/bidirule/bidirule.go ./vendor/golang.org/x/text/secure/bidirule/bidirule9.0.0.go ./vendor/golang.org/x/text/transform/transform.go ./vendor/golang.org/x/text/unicode/bidi/bidi.go ./vendor/golang.org/x/text/unicode/bidi/prop.go ./vendor/golang.org/x/text/unicode/bidi/bracket.go ./vendor/golang.org/x/text/unicode/bidi/tables11.0.0.go ./vendor/golang.org/x/text/unicode/bidi/tables13.0.0.go ./vendor/golang.org/x/text/unicode/bidi/trieval.go ./vendor/golang.org/x/text/unicode/bidi/tables10.0.0.go ./vendor/golang.org/x/text/unicode/bidi/tables9.0.0.go ./vendor/golang.org/x/text/unicode/bidi/tables12.0.0.go ./vendor/golang.org/x/text/unicode/bidi/core.go ./vendor/golang.org/x/text/unicode/norm/iter.go ./vendor/golang.org/x/text/unicode/norm/readwriter.go ./vendor/golang.org/x/text/unicode/norm/tables9.0.0.go ./vendor/golang.org/x/text/unicode/norm/transform.go ./vendor/golang.org/x/text/unicode/norm/tables13.0.0.go ./vendor/golang.org/x/text/unicode/norm/composition.go ./vendor/golang.org/x/text/unicode/norm/tables11.0.0.go ./vendor/golang.org/x/text/unicode/norm/normalize.go ./vendor/golang.org/x/text/unicode/norm/input.go ./vendor/golang.org/x/text/unicode/norm/tables12.0.0.go ./vendor/golang.org/x/text/unicode/norm/tables10.0.0.go ./vendor/golang.org/x/text/unicode/norm/trie.go ./vendor/golang.org/x/text/unicode/norm/forminfo.go ./vendor/golang.org/x/sync/semaphore/semaphore.go ./vendor/golang.org/x/tools/go/ast/astutil/imports.go ./vendor/golang.org/x/tools/go/ast/astutil/util.go ./vendor/golang.org/x/tools/go/ast/astutil/rewrite.go ./vendor/golang.org/x/tools/go/ast/astutil/enclosing.go ./vendor/golang.org/x/tools/go/internal/gcimporter/newInterface11.go ./vendor/golang.org/x/tools/go/internal/gcimporter/newInterface10.go ./vendor/golang.org/x/tools/go/internal/gcimporter/gcimporter.go ./vendor/golang.org/x/tools/go/internal/gcimporter/bexport.go ./vendor/golang.org/x/tools/go/internal/gcimporter/bimport.go ./vendor/golang.org/x/tools/go/internal/gcimporter/exportdata.go ./vendor/golang.org/x/tools/go/internal/gcimporter/iexport.go ./vendor/golang.org/x/tools/go/internal/gcimporter/iimport.go ./vendor/golang.org/x/tools/go/gcexportdata/gcexportdata.go ./vendor/golang.org/x/tools/go/gcexportdata/importer.go ./vendor/golang.org/x/oauth2/token.go ./vendor/golang.org/x/oauth2/google/appengine_gen1.go ./vendor/golang.org/x/oauth2/google/appengine.go ./vendor/golang.org/x/oauth2/google/default.go ./vendor/golang.org/x/oauth2/google/jwt.go ./vendor/golang.org/x/oauth2/google/appengine_gen2_flex.go ./vendor/golang.org/x/oauth2/google/doc.go ./vendor/golang.org/x/oauth2/google/internal/externalaccount/urlcredsource.go ./vendor/golang.org/x/oauth2/google/internal/externalaccount/aws.go ./vendor/golang.org/x/oauth2/google/internal/externalaccount/sts_exchange.go ./vendor/golang.org/x/oauth2/google/internal/externalaccount/clientauth.go ./vendor/golang.org/x/oauth2/google/internal/externalaccount/basecredentials.go ./vendor/golang.org/x/oauth2/google/internal/externalaccount/filecredsource.go ./vendor/golang.org/x/oauth2/google/internal/externalaccount/err.go ./vendor/golang.org/x/oauth2/google/internal/externalaccount/impersonate.go ./vendor/golang.org/x/oauth2/google/google.go ./vendor/golang.org/x/oauth2/google/sdk.go ./vendor/golang.org/x/oauth2/transport.go ./vendor/golang.org/x/oauth2/internal/client_appengine.go ./vendor/golang.org/x/oauth2/internal/doc.go ./vendor/golang.org/x/oauth2/internal/token.go ./vendor/golang.org/x/oauth2/internal/transport.go ./vendor/golang.org/x/oauth2/internal/oauth2.go ./vendor/golang.org/x/oauth2/jws/jws.go ./vendor/golang.org/x/oauth2/oauth2.go ./vendor/golang.org/x/oauth2/jwt/jwt.go ./vendor/golang.org/x/lint/golint/golint.go ./vendor/golang.org/x/lint/golint/importcomment.go ./vendor/golang.org/x/lint/golint/import.go ./vendor/golang.org/x/lint/lint.go ./vendor/github.com/StackExchange/wmi/wmi.go ./vendor/github.com/StackExchange/wmi/swbemservices.go ./vendor/github.com/mattn/go-shellwords/shellwords.go ./vendor/github.com/mattn/go-shellwords/util_posix.go ./vendor/github.com/mattn/go-shellwords/util_windows.go ./vendor/github.com/prometheus/procfs/slab.go ./vendor/github.com/prometheus/procfs/doc.go ./vendor/github.com/prometheus/procfs/proc_maps.go ./vendor/github.com/prometheus/procfs/net_conntrackstat.go ./vendor/github.com/prometheus/procfs/cpuinfo_x86.go ./vendor/github.com/prometheus/procfs/cpuinfo_mipsx.go ./vendor/github.com/prometheus/procfs/net_protocols.go ./vendor/github.com/prometheus/procfs/cpuinfo.go ./vendor/github.com/prometheus/procfs/net_softnet.go ./vendor/github.com/prometheus/procfs/meminfo.go ./vendor/github.com/prometheus/procfs/proc_smaps.go ./vendor/github.com/prometheus/procfs/crypto.go ./vendor/github.com/prometheus/procfs/cpuinfo_ppcx.go ./vendor/github.com/prometheus/procfs/net_tcp.go ./vendor/github.com/prometheus/procfs/swaps.go ./vendor/github.com/prometheus/procfs/cpuinfo_armx.go ./vendor/github.com/prometheus/procfs/net_udp.go ./vendor/github.com/prometheus/procfs/proc_stat.go ./vendor/github.com/prometheus/procfs/zoneinfo.go ./vendor/github.com/prometheus/procfs/arp.go ./vendor/github.com/prometheus/procfs/proc_io.go ./vendor/github.com/prometheus/procfs/internal/fs/fs.go ./vendor/github.com/prometheus/procfs/internal/util/parse.go ./vendor/github.com/prometheus/procfs/internal/util/sysreadfile_compat.go ./vendor/github.com/prometheus/procfs/internal/util/readfile.go ./vendor/github.com/prometheus/procfs/internal/util/sysreadfile.go ./vendor/github.com/prometheus/procfs/internal/util/valueparser.go ./vendor/github.com/prometheus/procfs/mdstat.go ./vendor/github.com/prometheus/procfs/buddyinfo.go ./vendor/github.com/prometheus/procfs/net_dev.go ./vendor/github.com/prometheus/procfs/stat.go ./vendor/github.com/prometheus/procfs/kernel_random.go ./vendor/github.com/prometheus/procfs/schedstat.go ./vendor/github.com/prometheus/procfs/proc_ns.go ./vendor/github.com/prometheus/procfs/proc_cgroup.go ./vendor/github.com/prometheus/procfs/proc_limits.go ./vendor/github.com/prometheus/procfs/loadavg.go ./vendor/github.com/prometheus/procfs/net_ip_socket.go ./vendor/github.com/prometheus/procfs/cpuinfo_riscvx.go ./vendor/github.com/prometheus/procfs/cpuinfo_s390x.go ./vendor/github.com/prometheus/procfs/fs.go ./vendor/github.com/prometheus/procfs/net_unix.go ./vendor/github.com/prometheus/procfs/proc_fdinfo.go ./vendor/github.com/prometheus/procfs/fscache.go ./vendor/github.com/prometheus/procfs/proc_status.go ./vendor/github.com/prometheus/procfs/ipvs.go ./vendor/github.com/prometheus/procfs/cpuinfo_others.go ./vendor/github.com/prometheus/procfs/net_sockstat.go ./vendor/github.com/prometheus/procfs/proc_environ.go ./vendor/github.com/prometheus/procfs/proc.go ./vendor/github.com/prometheus/procfs/vm.go ./vendor/github.com/prometheus/procfs/mountstats.go ./vendor/github.com/prometheus/procfs/mountinfo.go ./vendor/github.com/prometheus/procfs/proc_psi.go ./vendor/github.com/prometheus/procfs/xfrm.go ./vendor/github.com/prometheus/common/model/silence.go ./vendor/github.com/prometheus/common/model/labelset.go ./vendor/github.com/prometheus/common/model/fingerprinting.go ./vendor/github.com/prometheus/common/model/signature.go ./vendor/github.com/prometheus/common/model/model.go ./vendor/github.com/prometheus/common/model/fnv.go ./vendor/github.com/prometheus/common/model/value.go ./vendor/github.com/prometheus/common/model/alert.go ./vendor/github.com/prometheus/common/model/metric.go ./vendor/github.com/prometheus/common/model/labels.go ./vendor/github.com/prometheus/common/model/time.go ./vendor/github.com/prometheus/common/expfmt/text_parse.go ./vendor/github.com/prometheus/common/expfmt/text_create.go ./vendor/github.com/prometheus/common/expfmt/fuzz.go ./vendor/github.com/prometheus/common/expfmt/decode.go ./vendor/github.com/prometheus/common/expfmt/encode.go ./vendor/github.com/prometheus/common/expfmt/openmetrics_create.go ./vendor/github.com/prometheus/common/expfmt/expfmt.go ./vendor/github.com/prometheus/common/internal/bitbucket.org/ww/goautoneg/autoneg.go ./vendor/github.com/prometheus/client_model/go/metrics.pb.go ./vendor/github.com/prometheus/client_golang/prometheus/desc.go ./vendor/github.com/prometheus/client_golang/prometheus/registry.go ./vendor/github.com/prometheus/client_golang/prometheus/process_collector_other.go ./vendor/github.com/prometheus/client_golang/prometheus/fnv.go ./vendor/github.com/prometheus/client_golang/prometheus/summary.go ./vendor/github.com/prometheus/client_golang/prometheus/promauto/auto.go ./vendor/github.com/prometheus/client_golang/prometheus/promhttp/delegator.go ./vendor/github.com/prometheus/client_golang/prometheus/promhttp/http.go ./vendor/github.com/prometheus/client_golang/prometheus/promhttp/instrument_server.go ./vendor/github.com/prometheus/client_golang/prometheus/promhttp/instrument_client.go ./vendor/github.com/prometheus/client_golang/prometheus/untyped.go ./vendor/github.com/prometheus/client_golang/prometheus/wrap.go ./vendor/github.com/prometheus/client_golang/prometheus/expvar_collector.go ./vendor/github.com/prometheus/client_golang/prometheus/process_collector_windows.go ./vendor/github.com/prometheus/client_golang/prometheus/histogram.go ./vendor/github.com/prometheus/client_golang/prometheus/observer.go ./vendor/github.com/prometheus/client_golang/prometheus/doc.go ./vendor/github.com/prometheus/client_golang/prometheus/timer.go ./vendor/github.com/prometheus/client_golang/prometheus/gauge.go ./vendor/github.com/prometheus/client_golang/prometheus/internal/metric.go ./vendor/github.com/prometheus/client_golang/prometheus/go_collector.go ./vendor/github.com/prometheus/client_golang/prometheus/counter.go ./vendor/github.com/prometheus/client_golang/prometheus/metric.go ./vendor/github.com/prometheus/client_golang/prometheus/process_collector.go ./vendor/github.com/prometheus/client_golang/prometheus/value.go ./vendor/github.com/prometheus/client_golang/prometheus/labels.go ./vendor/github.com/prometheus/client_golang/prometheus/vec.go ./vendor/github.com/prometheus/client_golang/prometheus/collector.go ./vendor/github.com/stretchr/testify/require/forward_requirements.go ./vendor/github.com/stretchr/testify/require/requirements.go ./vendor/github.com/stretchr/testify/require/require_forward.go ./vendor/github.com/stretchr/testify/require/doc.go ./vendor/github.com/stretchr/testify/require/require.go ./vendor/github.com/stretchr/testify/assert/assertion_forward.go ./vendor/github.com/stretchr/testify/assert/errors.go ./vendor/github.com/stretchr/testify/assert/forward_assertions.go ./vendor/github.com/stretchr/testify/assert/assertions.go ./vendor/github.com/stretchr/testify/assert/assertion_order.go ./vendor/github.com/stretchr/testify/assert/http_assertions.go ./vendor/github.com/stretchr/testify/assert/doc.go ./vendor/github.com/stretchr/testify/assert/assertion_compare.go ./vendor/github.com/stretchr/testify/assert/assertion_format.go ./vendor/github.com/mikesmitty/edkey/edkey.go ./vendor/github.com/uber/jaeger-lib/metrics/counter.go ./vendor/github.com/uber/jaeger-lib/metrics/histogram.go ./vendor/github.com/uber/jaeger-lib/metrics/keys.go ./vendor/github.com/uber/jaeger-lib/metrics/stopwatch.go ./vendor/github.com/uber/jaeger-lib/metrics/timer.go ./vendor/github.com/uber/jaeger-lib/metrics/gauge.go ./vendor/github.com/uber/jaeger-lib/metrics/factory.go ./vendor/github.com/uber/jaeger-lib/metrics/metrics.go ./vendor/github.com/uber/jaeger-client-go/zipkin.go ./vendor/github.com/uber/jaeger-client-go/thrift-gen/agent/agent.go ./vendor/github.com/uber/jaeger-client-go/thrift-gen/agent/constants.go ./vendor/github.com/uber/jaeger-client-go/thrift-gen/agent/ttypes.go ./vendor/github.com/uber/jaeger-client-go/thrift-gen/baggage/ttypes.go ./vendor/github.com/uber/jaeger-client-go/thrift-gen/baggage/baggagerestrictionmanager.go ./vendor/github.com/uber/jaeger-client-go/thrift-gen/baggage/constants.go ./vendor/github.com/uber/jaeger-client-go/thrift-gen/zipkincore/zipkincollector.go ./vendor/github.com/uber/jaeger-client-go/thrift-gen/zipkincore/constants.go ./vendor/github.com/uber/jaeger-client-go/thrift-gen/zipkincore/ttypes.go ./vendor/github.com/uber/jaeger-client-go/thrift-gen/sampling/ttypes.go ./vendor/github.com/uber/jaeger-client-go/thrift-gen/sampling/samplingmanager.go ./vendor/github.com/uber/jaeger-client-go/thrift-gen/sampling/constants.go ./vendor/github.com/uber/jaeger-client-go/thrift-gen/jaeger/constants.go ./vendor/github.com/uber/jaeger-client-go/thrift-gen/jaeger/ttypes.go ./vendor/github.com/uber/jaeger-client-go/thrift-gen/jaeger/agent.go ./vendor/github.com/uber/jaeger-client-go/metrics.go ./vendor/github.com/uber/jaeger-client-go/contrib_observer.go ./vendor/github.com/uber/jaeger-client-go/jaeger_tag.go ./vendor/github.com/uber/jaeger-client-go/doc.go ./vendor/github.com/uber/jaeger-client-go/internal/baggage/remote/options.go ./vendor/github.com/uber/jaeger-client-go/internal/baggage/remote/restriction_manager.go ./vendor/github.com/uber/jaeger-client-go/internal/baggage/restriction_manager.go ./vendor/github.com/uber/jaeger-client-go/internal/throttler/remote/options.go ./vendor/github.com/uber/jaeger-client-go/internal/throttler/remote/throttler.go ./vendor/github.com/uber/jaeger-client-go/internal/throttler/throttler.go ./vendor/github.com/uber/jaeger-client-go/internal/spanlog/json.go ./vendor/github.com/uber/jaeger-client-go/internal/reporterstats/stats.go ./vendor/github.com/uber/jaeger-client-go/span_context.go ./vendor/github.com/uber/jaeger-client-go/span.go ./vendor/github.com/uber/jaeger-client-go/transport.go ./vendor/github.com/uber/jaeger-client-go/tracer_options.go ./vendor/github.com/uber/jaeger-client-go/thrift/processor.go ./vendor/github.com/uber/jaeger-client-go/thrift/rich_transport.go ./vendor/github.com/uber/jaeger-client-go/thrift/exception.go ./vendor/github.com/uber/jaeger-client-go/thrift/protocol_factory.go ./vendor/github.com/uber/jaeger-client-go/thrift/protocol.go ./vendor/github.com/uber/jaeger-client-go/thrift/transport.go ./vendor/github.com/uber/jaeger-client-go/thrift/simple_json_protocol.go ./vendor/github.com/uber/jaeger-client-go/thrift/type.go ./vendor/github.com/uber/jaeger-client-go/thrift/transport_factory.go ./vendor/github.com/uber/jaeger-client-go/thrift/protocol_exception.go ./vendor/github.com/uber/jaeger-client-go/thrift/compact_protocol.go ./vendor/github.com/uber/jaeger-client-go/thrift/numeric.go ./vendor/github.com/uber/jaeger-client-go/thrift/memory_buffer.go ./vendor/github.com/uber/jaeger-client-go/thrift/messagetype.go ./vendor/github.com/uber/jaeger-client-go/thrift/binary_protocol.go ./vendor/github.com/uber/jaeger-client-go/thrift/transport_exception.go ./vendor/github.com/uber/jaeger-client-go/thrift/serializer.go ./vendor/github.com/uber/jaeger-client-go/thrift/application_exception.go ./vendor/github.com/uber/jaeger-client-go/header.go ./vendor/github.com/uber/jaeger-client-go/interop.go ./vendor/github.com/uber/jaeger-client-go/transport/http.go ./vendor/github.com/uber/jaeger-client-go/transport/doc.go ./vendor/github.com/uber/jaeger-client-go/constants.go ./vendor/github.com/uber/jaeger-client-go/sampler_remote_options.go ./vendor/github.com/uber/jaeger-client-go/sampler_v2.go ./vendor/github.com/uber/jaeger-client-go/sampler_remote.go ./vendor/github.com/uber/jaeger-client-go/utils/rate_limiter.go ./vendor/github.com/uber/jaeger-client-go/utils/http_json.go ./vendor/github.com/uber/jaeger-client-go/utils/localip.go ./vendor/github.com/uber/jaeger-client-go/utils/rand.go ./vendor/github.com/uber/jaeger-client-go/utils/utils.go ./vendor/github.com/uber/jaeger-client-go/utils/reconnecting_udp_conn.go ./vendor/github.com/uber/jaeger-client-go/utils/udp_client.go ./vendor/github.com/uber/jaeger-client-go/logger.go ./vendor/github.com/uber/jaeger-client-go/sampler.go ./vendor/github.com/uber/jaeger-client-go/reference.go ./vendor/github.com/uber/jaeger-client-go/jaeger_thrift_span.go ./vendor/github.com/uber/jaeger-client-go/process.go ./vendor/github.com/uber/jaeger-client-go/rpcmetrics/metrics.go ./vendor/github.com/uber/jaeger-client-go/rpcmetrics/observer.go ./vendor/github.com/uber/jaeger-client-go/rpcmetrics/endpoints.go ./vendor/github.com/uber/jaeger-client-go/rpcmetrics/doc.go ./vendor/github.com/uber/jaeger-client-go/rpcmetrics/normalizer.go ./vendor/github.com/uber/jaeger-client-go/baggage_setter.go ./vendor/github.com/uber/jaeger-client-go/propagation.go ./vendor/github.com/uber/jaeger-client-go/config/config.go ./vendor/github.com/uber/jaeger-client-go/config/options.go ./vendor/github.com/uber/jaeger-client-go/config/config_env.go ./vendor/github.com/uber/jaeger-client-go/span_allocator.go ./vendor/github.com/uber/jaeger-client-go/reporter.go ./vendor/github.com/uber/jaeger-client-go/observer.go ./vendor/github.com/uber/jaeger-client-go/transport_udp.go ./vendor/github.com/uber/jaeger-client-go/zipkin_thrift_span.go ./vendor/github.com/uber/jaeger-client-go/reporter_options.go ./vendor/github.com/uber/jaeger-client-go/log/logger.go ./vendor/github.com/uber/jaeger-client-go/tracer.go ./vendor/github.com/pmezard/go-difflib/difflib/difflib.go ./vendor/github.com/pires/go-proxyproto/addr_proto.go ./vendor/github.com/pires/go-proxyproto/v1.go ./vendor/github.com/pires/go-proxyproto/protocol.go ./vendor/github.com/pires/go-proxyproto/v2.go ./vendor/github.com/pires/go-proxyproto/tlv.go ./vendor/github.com/pires/go-proxyproto/version_cmd.go ./vendor/github.com/pires/go-proxyproto/header.go ./vendor/github.com/pires/go-proxyproto/policy.go ./vendor/github.com/gogo/protobuf/types/timestamp_gogo.go ./vendor/github.com/gogo/protobuf/types/doc.go ./vendor/github.com/gogo/protobuf/types/protosize.go ./vendor/github.com/gogo/protobuf/types/wrappers_gogo.go ./vendor/github.com/gogo/protobuf/types/timestamp.pb.go ./vendor/github.com/gogo/protobuf/types/wrappers.pb.go ./vendor/github.com/gogo/protobuf/types/duration.pb.go ./vendor/github.com/gogo/protobuf/types/duration_gogo.go ./vendor/github.com/gogo/protobuf/types/empty.pb.go ./vendor/github.com/gogo/protobuf/types/api.pb.go ./vendor/github.com/gogo/protobuf/types/any.go ./vendor/github.com/gogo/protobuf/types/field_mask.pb.go ./vendor/github.com/gogo/protobuf/types/any.pb.go ./vendor/github.com/gogo/protobuf/types/timestamp.go ./vendor/github.com/gogo/protobuf/types/source_context.pb.go ./vendor/github.com/gogo/protobuf/types/type.pb.go ./vendor/github.com/gogo/protobuf/types/struct.pb.go ./vendor/github.com/gogo/protobuf/types/duration.go ./vendor/github.com/gogo/protobuf/proto/pointer_unsafe.go ./vendor/github.com/gogo/protobuf/proto/timestamp.go ./vendor/github.com/gogo/protobuf/proto/clone.go ./vendor/github.com/gogo/protobuf/proto/table_marshal_gogo.go ./vendor/github.com/gogo/protobuf/proto/discard.go ./vendor/github.com/gogo/protobuf/proto/timestamp_gogo.go ./vendor/github.com/gogo/protobuf/proto/deprecated.go ./vendor/github.com/gogo/protobuf/proto/wrappers_gogo.go ./vendor/github.com/gogo/protobuf/proto/pointer_reflect.go ./vendor/github.com/gogo/protobuf/proto/properties_gogo.go ./vendor/github.com/gogo/protobuf/proto/duration_gogo.go ./vendor/github.com/gogo/protobuf/proto/properties.go ./vendor/github.com/gogo/protobuf/proto/pointer_unsafe_gogo.go ./vendor/github.com/gogo/protobuf/proto/extensions.go ./vendor/github.com/gogo/protobuf/proto/duration.go ./vendor/github.com/gogo/protobuf/proto/skip_gogo.go ./vendor/github.com/gogo/protobuf/proto/lib_gogo.go ./vendor/github.com/gogo/protobuf/proto/encode_gogo.go ./vendor/github.com/gogo/protobuf/proto/text.go ./vendor/github.com/gogo/protobuf/proto/table_unmarshal.go ./vendor/github.com/gogo/protobuf/proto/encode.go ./vendor/github.com/gogo/protobuf/proto/decode.go ./vendor/github.com/gogo/protobuf/proto/message_set.go ./vendor/github.com/gogo/protobuf/proto/equal.go ./vendor/github.com/gogo/protobuf/proto/lib.go ./vendor/github.com/gogo/protobuf/proto/custom_gogo.go ./vendor/github.com/gogo/protobuf/proto/wrappers.go ./vendor/github.com/gogo/protobuf/proto/text_parser.go ./vendor/github.com/gogo/protobuf/proto/pointer_reflect_gogo.go ./vendor/github.com/gogo/protobuf/proto/text_gogo.go ./vendor/github.com/gogo/protobuf/proto/table_merge.go ./vendor/github.com/gogo/protobuf/proto/extensions_gogo.go ./vendor/github.com/gogo/protobuf/proto/table_marshal.go ./vendor/github.com/gogo/protobuf/proto/table_unmarshal_gogo.go ./vendor/github.com/gogo/protobuf/sortkeys/sortkeys.go ./vendor/github.com/aws/aws-sdk-go/internal/sdkuri/path.go ./vendor/github.com/aws/aws-sdk-go/internal/sdkio/io_go1.7.go ./vendor/github.com/aws/aws-sdk-go/internal/sdkio/io_go1.6.go ./vendor/github.com/aws/aws-sdk-go/internal/sdkio/byte.go ./vendor/github.com/aws/aws-sdk-go/internal/strings/strings.go ./vendor/github.com/aws/aws-sdk-go/internal/ini/sep_tokens.go ./vendor/github.com/aws/aws-sdk-go/internal/ini/visitor.go ./vendor/github.com/aws/aws-sdk-go/internal/ini/doc.go ./vendor/github.com/aws/aws-sdk-go/internal/ini/expression.go ./vendor/github.com/aws/aws-sdk-go/internal/ini/newline_token.go ./vendor/github.com/aws/aws-sdk-go/internal/ini/empty_token.go ./vendor/github.com/aws/aws-sdk-go/internal/ini/ast.go ./vendor/github.com/aws/aws-sdk-go/internal/ini/parse_error.go ./vendor/github.com/aws/aws-sdk-go/internal/ini/ini_parser.go ./vendor/github.com/aws/aws-sdk-go/internal/ini/skipper.go ./vendor/github.com/aws/aws-sdk-go/internal/ini/literal_tokens.go ./vendor/github.com/aws/aws-sdk-go/internal/ini/number_helper.go ./vendor/github.com/aws/aws-sdk-go/internal/ini/parse_stack.go ./vendor/github.com/aws/aws-sdk-go/internal/ini/comment_token.go ./vendor/github.com/aws/aws-sdk-go/internal/ini/statement.go ./vendor/github.com/aws/aws-sdk-go/internal/ini/walker.go ./vendor/github.com/aws/aws-sdk-go/internal/ini/op_tokens.go ./vendor/github.com/aws/aws-sdk-go/internal/ini/comma_token.go ./vendor/github.com/aws/aws-sdk-go/internal/ini/value_util.go ./vendor/github.com/aws/aws-sdk-go/internal/ini/ini_lexer.go ./vendor/github.com/aws/aws-sdk-go/internal/ini/ws_token.go ./vendor/github.com/aws/aws-sdk-go/internal/ini/fuzz.go ./vendor/github.com/aws/aws-sdk-go/internal/ini/ini.go ./vendor/github.com/aws/aws-sdk-go/internal/sdkmath/floor_go1.9.go ./vendor/github.com/aws/aws-sdk-go/internal/sdkmath/floor.go ./vendor/github.com/aws/aws-sdk-go/internal/sync/singleflight/singleflight.go ./vendor/github.com/aws/aws-sdk-go/internal/sdkrand/read.go ./vendor/github.com/aws/aws-sdk-go/internal/sdkrand/read_1_5.go ./vendor/github.com/aws/aws-sdk-go/internal/sdkrand/locked_source.go ./vendor/github.com/aws/aws-sdk-go/internal/context/background_go1.5.go ./vendor/github.com/aws/aws-sdk-go/internal/shareddefaults/shared_config.go ./vendor/github.com/aws/aws-sdk-go/internal/shareddefaults/ecs_container.go ./vendor/github.com/aws/aws-sdk-go/service/sts/stsiface/interface.go ./vendor/github.com/aws/aws-sdk-go/service/sts/service.go ./vendor/github.com/aws/aws-sdk-go/service/sts/errors.go ./vendor/github.com/aws/aws-sdk-go/service/sts/customizations.go ./vendor/github.com/aws/aws-sdk-go/service/sts/doc.go ./vendor/github.com/aws/aws-sdk-go/service/sts/api.go ./vendor/github.com/aws/aws-sdk-go/service/sso/service.go ./vendor/github.com/aws/aws-sdk-go/service/sso/errors.go ./vendor/github.com/aws/aws-sdk-go/service/sso/doc.go ./vendor/github.com/aws/aws-sdk-go/service/sso/ssoiface/interface.go ./vendor/github.com/aws/aws-sdk-go/service/sso/api.go ./vendor/github.com/aws/aws-sdk-go/private/protocol/host_prefix.go ./vendor/github.com/aws/aws-sdk-go/private/protocol/idempotency.go ./vendor/github.com/aws/aws-sdk-go/private/protocol/json/jsonutil/unmarshal.go ./vendor/github.com/aws/aws-sdk-go/private/protocol/json/jsonutil/build.go ./vendor/github.com/aws/aws-sdk-go/private/protocol/protocol.go ./vendor/github.com/aws/aws-sdk-go/private/protocol/jsonvalue.go ./vendor/github.com/aws/aws-sdk-go/private/protocol/restjson/unmarshal_error.go ./vendor/github.com/aws/aws-sdk-go/private/protocol/restjson/restjson.go ./vendor/github.com/aws/aws-sdk-go/private/protocol/timestamp.go ./vendor/github.com/aws/aws-sdk-go/private/protocol/rest/unmarshal.go ./vendor/github.com/aws/aws-sdk-go/private/protocol/rest/build.go ./vendor/github.com/aws/aws-sdk-go/private/protocol/rest/payload.go ./vendor/github.com/aws/aws-sdk-go/private/protocol/jsonrpc/unmarshal_error.go ./vendor/github.com/aws/aws-sdk-go/private/protocol/jsonrpc/jsonrpc.go ./vendor/github.com/aws/aws-sdk-go/private/protocol/host.go ./vendor/github.com/aws/aws-sdk-go/private/protocol/query/queryutil/queryutil.go ./vendor/github.com/aws/aws-sdk-go/private/protocol/query/unmarshal.go ./vendor/github.com/aws/aws-sdk-go/private/protocol/query/unmarshal_error.go ./vendor/github.com/aws/aws-sdk-go/private/protocol/query/build.go ./vendor/github.com/aws/aws-sdk-go/private/protocol/unmarshal_error.go ./vendor/github.com/aws/aws-sdk-go/private/protocol/xml/xmlutil/build.go ./vendor/github.com/aws/aws-sdk-go/private/protocol/xml/xmlutil/unmarshal.go ./vendor/github.com/aws/aws-sdk-go/private/protocol/xml/xmlutil/sort.go ./vendor/github.com/aws/aws-sdk-go/private/protocol/xml/xmlutil/xml_to_struct.go ./vendor/github.com/aws/aws-sdk-go/private/protocol/unmarshal.go ./vendor/github.com/aws/aws-sdk-go/private/protocol/payload.go ./vendor/github.com/aws/aws-sdk-go/aws/version.go ./vendor/github.com/aws/aws-sdk-go/aws/context_background_1_5.go ./vendor/github.com/aws/aws-sdk-go/aws/request/request.go ./vendor/github.com/aws/aws-sdk-go/aws/request/validation.go ./vendor/github.com/aws/aws-sdk-go/aws/request/handlers.go ./vendor/github.com/aws/aws-sdk-go/aws/request/request_1_7.go ./vendor/github.com/aws/aws-sdk-go/aws/request/waiter.go ./vendor/github.com/aws/aws-sdk-go/aws/request/timeout_read_closer.go ./vendor/github.com/aws/aws-sdk-go/aws/request/request_pagination.go ./vendor/github.com/aws/aws-sdk-go/aws/request/request_context_1_6.go ./vendor/github.com/aws/aws-sdk-go/aws/request/connection_reset_error.go ./vendor/github.com/aws/aws-sdk-go/aws/request/retryer.go ./vendor/github.com/aws/aws-sdk-go/aws/request/request_context.go ./vendor/github.com/aws/aws-sdk-go/aws/request/request_1_8.go ./vendor/github.com/aws/aws-sdk-go/aws/request/offset_reader.go ./vendor/github.com/aws/aws-sdk-go/aws/request/http_request.go ./vendor/github.com/aws/aws-sdk-go/aws/signer/v4/uri_path.go ./vendor/github.com/aws/aws-sdk-go/aws/signer/v4/header_rules.go ./vendor/github.com/aws/aws-sdk-go/aws/signer/v4/v4.go ./vendor/github.com/aws/aws-sdk-go/aws/signer/v4/options.go ./vendor/github.com/aws/aws-sdk-go/aws/signer/v4/request_context_go1.5.go ./vendor/github.com/aws/aws-sdk-go/aws/signer/v4/stream.go ./vendor/github.com/aws/aws-sdk-go/aws/signer/v4/request_context_go1.7.go ./vendor/github.com/aws/aws-sdk-go/aws/client/metadata/client_info.go ./vendor/github.com/aws/aws-sdk-go/aws/client/no_op_retryer.go ./vendor/github.com/aws/aws-sdk-go/aws/client/default_retryer.go ./vendor/github.com/aws/aws-sdk-go/aws/client/client.go ./vendor/github.com/aws/aws-sdk-go/aws/client/logger.go ./vendor/github.com/aws/aws-sdk-go/aws/types.go ./vendor/github.com/aws/aws-sdk-go/aws/context_1_5.go ./vendor/github.com/aws/aws-sdk-go/aws/defaults/shared_config.go ./vendor/github.com/aws/aws-sdk-go/aws/defaults/defaults.go ./vendor/github.com/aws/aws-sdk-go/aws/awserr/types.go ./vendor/github.com/aws/aws-sdk-go/aws/awserr/error.go ./vendor/github.com/aws/aws-sdk-go/aws/context_background_1_7.go ./vendor/github.com/aws/aws-sdk-go/aws/awsutil/prettify.go ./vendor/github.com/aws/aws-sdk-go/aws/awsutil/equal.go ./vendor/github.com/aws/aws-sdk-go/aws/awsutil/copy.go ./vendor/github.com/aws/aws-sdk-go/aws/awsutil/string_value.go ./vendor/github.com/aws/aws-sdk-go/aws/awsutil/path_value.go ./vendor/github.com/aws/aws-sdk-go/aws/doc.go ./vendor/github.com/aws/aws-sdk-go/aws/context_sleep.go ./vendor/github.com/aws/aws-sdk-go/aws/config.go ./vendor/github.com/aws/aws-sdk-go/aws/url_1_7.go ./vendor/github.com/aws/aws-sdk-go/aws/endpoints/decode.go ./vendor/github.com/aws/aws-sdk-go/aws/endpoints/endpoints.go ./vendor/github.com/aws/aws-sdk-go/aws/endpoints/v3model_codegen.go ./vendor/github.com/aws/aws-sdk-go/aws/endpoints/doc.go ./vendor/github.com/aws/aws-sdk-go/aws/endpoints/v3model.go ./vendor/github.com/aws/aws-sdk-go/aws/endpoints/dep_service_ids.go ./vendor/github.com/aws/aws-sdk-go/aws/endpoints/defaults.go ./vendor/github.com/aws/aws-sdk-go/aws/endpoints/legacy_regions.go ./vendor/github.com/aws/aws-sdk-go/aws/context_1_9.go ./vendor/github.com/aws/aws-sdk-go/aws/url.go ./vendor/github.com/aws/aws-sdk-go/aws/logger.go ./vendor/github.com/aws/aws-sdk-go/aws/csm/metric.go ./vendor/github.com/aws/aws-sdk-go/aws/csm/metric_exception.go ./vendor/github.com/aws/aws-sdk-go/aws/csm/metric_chan.go ./vendor/github.com/aws/aws-sdk-go/aws/csm/reporter.go ./vendor/github.com/aws/aws-sdk-go/aws/csm/doc.go ./vendor/github.com/aws/aws-sdk-go/aws/csm/enable.go ./vendor/github.com/aws/aws-sdk-go/aws/convert_types.go ./vendor/github.com/aws/aws-sdk-go/aws/credentials/endpointcreds/provider.go ./vendor/github.com/aws/aws-sdk-go/aws/credentials/context_go1.5.go ./vendor/github.com/aws/aws-sdk-go/aws/credentials/env_provider.go ./vendor/github.com/aws/aws-sdk-go/aws/credentials/chain_provider.go ./vendor/github.com/aws/aws-sdk-go/aws/credentials/static_provider.go ./vendor/github.com/aws/aws-sdk-go/aws/credentials/ec2rolecreds/ec2_role_provider.go ./vendor/github.com/aws/aws-sdk-go/aws/credentials/ssocreds/doc.go ./vendor/github.com/aws/aws-sdk-go/aws/credentials/ssocreds/os.go ./vendor/github.com/aws/aws-sdk-go/aws/credentials/ssocreds/provider.go ./vendor/github.com/aws/aws-sdk-go/aws/credentials/ssocreds/os_windows.go ./vendor/github.com/aws/aws-sdk-go/aws/credentials/context_background_go1.7.go ./vendor/github.com/aws/aws-sdk-go/aws/credentials/shared_credentials_provider.go ./vendor/github.com/aws/aws-sdk-go/aws/credentials/context_background_go1.5.go ./vendor/github.com/aws/aws-sdk-go/aws/credentials/context_go1.9.go ./vendor/github.com/aws/aws-sdk-go/aws/credentials/credentials.go ./vendor/github.com/aws/aws-sdk-go/aws/credentials/processcreds/provider.go ./vendor/github.com/aws/aws-sdk-go/aws/credentials/stscreds/web_identity_provider.go ./vendor/github.com/aws/aws-sdk-go/aws/credentials/stscreds/assume_role_provider.go ./vendor/github.com/aws/aws-sdk-go/aws/corehandlers/user_agent.go ./vendor/github.com/aws/aws-sdk-go/aws/corehandlers/handlers.go ./vendor/github.com/aws/aws-sdk-go/aws/corehandlers/param_validator.go ./vendor/github.com/aws/aws-sdk-go/aws/jsonvalue.go ./vendor/github.com/aws/aws-sdk-go/aws/ec2metadata/service.go ./vendor/github.com/aws/aws-sdk-go/aws/ec2metadata/api.go ./vendor/github.com/aws/aws-sdk-go/aws/ec2metadata/token_provider.go ./vendor/github.com/aws/aws-sdk-go/aws/session/credentials.go ./vendor/github.com/aws/aws-sdk-go/aws/session/session.go ./vendor/github.com/aws/aws-sdk-go/aws/session/doc.go ./vendor/github.com/aws/aws-sdk-go/aws/session/shared_config.go ./vendor/github.com/aws/aws-sdk-go/aws/session/custom_transport.go ./vendor/github.com/aws/aws-sdk-go/aws/session/custom_transport_go1.6.go ./vendor/github.com/aws/aws-sdk-go/aws/session/custom_transport_go1.5.go ./vendor/github.com/aws/aws-sdk-go/aws/session/env_config.go ./vendor/github.com/aws/aws-sdk-go/aws/session/custom_transport_go1.12.go ./vendor/github.com/aws/aws-sdk-go/aws/errors.go ./vendor/github.com/pkg/errors/errors.go ./vendor/github.com/pkg/errors/stack.go ./vendor/github.com/pkg/errors/go113.go ./vendor/github.com/opentracing/opentracing-go/gocontext.go ./vendor/github.com/opentracing/opentracing-go/span.go ./vendor/github.com/opentracing/opentracing-go/ext.go ./vendor/github.com/opentracing/opentracing-go/globaltracer.go ./vendor/github.com/opentracing/opentracing-go/ext/field.go ./vendor/github.com/opentracing/opentracing-go/ext/tags.go ./vendor/github.com/opentracing/opentracing-go/noop.go ./vendor/github.com/opentracing/opentracing-go/propagation.go ./vendor/github.com/opentracing/opentracing-go/log/util.go ./vendor/github.com/opentracing/opentracing-go/log/field.go ./vendor/github.com/opentracing/opentracing-go/tracer.go ./vendor/github.com/census-instrumentation/opencensus-proto/gen-go/resource/v1/resource.pb.go ./vendor/github.com/census-instrumentation/opencensus-proto/gen-go/agent/common/v1/common.pb.go ./vendor/github.com/census-instrumentation/opencensus-proto/gen-go/metrics/v1/metrics.pb.go ./vendor/github.com/jmespath/go-jmespath/util.go ./vendor/github.com/jmespath/go-jmespath/lexer.go ./vendor/github.com/jmespath/go-jmespath/toktype_string.go ./vendor/github.com/jmespath/go-jmespath/api.go ./vendor/github.com/jmespath/go-jmespath/astnodetype_string.go ./vendor/github.com/jmespath/go-jmespath/functions.go ./vendor/github.com/jmespath/go-jmespath/interpreter.go ./vendor/github.com/jmespath/go-jmespath/parser.go ./vendor/github.com/google/go-cmp/cmp/export_unsafe.go ./vendor/github.com/google/go-cmp/cmp/export_panic.go ./vendor/github.com/google/go-cmp/cmp/internal/flags/flags.go ./vendor/github.com/google/go-cmp/cmp/internal/flags/toolchain_recent.go ./vendor/github.com/google/go-cmp/cmp/internal/flags/toolchain_legacy.go ./vendor/github.com/google/go-cmp/cmp/internal/function/func.go ./vendor/github.com/google/go-cmp/cmp/internal/value/pointer_purego.go ./vendor/github.com/google/go-cmp/cmp/internal/value/pointer_unsafe.go ./vendor/github.com/google/go-cmp/cmp/internal/value/zero.go ./vendor/github.com/google/go-cmp/cmp/internal/value/name.go ./vendor/github.com/google/go-cmp/cmp/internal/value/sort.go ./vendor/github.com/google/go-cmp/cmp/internal/diff/diff.go ./vendor/github.com/google/go-cmp/cmp/internal/diff/debug_enable.go ./vendor/github.com/google/go-cmp/cmp/internal/diff/debug_disable.go ./vendor/github.com/google/go-cmp/cmp/report_slices.go ./vendor/github.com/google/go-cmp/cmp/report_text.go ./vendor/github.com/google/go-cmp/cmp/report_reflect.go ./vendor/github.com/google/go-cmp/cmp/compare.go ./vendor/github.com/google/go-cmp/cmp/report_value.go ./vendor/github.com/google/go-cmp/cmp/report.go ./vendor/github.com/google/go-cmp/cmp/path.go ./vendor/github.com/google/go-cmp/cmp/report_compare.go ./vendor/github.com/google/go-cmp/cmp/options.go ./vendor/github.com/google/go-cmp/cmp/report_references.go ./vendor/github.com/google/uuid/hash.go ./vendor/github.com/google/uuid/node.go ./vendor/github.com/google/uuid/uuid.go ./vendor/github.com/google/uuid/node_net.go ./vendor/github.com/google/uuid/dce.go ./vendor/github.com/google/uuid/sql.go ./vendor/github.com/google/uuid/node_js.go ./vendor/github.com/google/uuid/version1.go ./vendor/github.com/google/uuid/time.go ./vendor/github.com/google/uuid/util.go ./vendor/github.com/google/uuid/doc.go ./vendor/github.com/google/uuid/marshal.go ./vendor/github.com/google/uuid/version4.go ./vendor/github.com/google/pprof/profile/encode.go ./vendor/github.com/google/pprof/profile/profile.go ./vendor/github.com/google/pprof/profile/merge.go ./vendor/github.com/google/pprof/profile/legacy_java_profile.go ./vendor/github.com/google/pprof/profile/legacy_profile.go ./vendor/github.com/google/pprof/profile/filter.go ./vendor/github.com/google/pprof/profile/index.go ./vendor/github.com/google/pprof/profile/proto.go ./vendor/github.com/google/pprof/profile/prune.go ./vendor/github.com/oklog/ulid/v2/ulid.go ./vendor/github.com/client9/reopen/reopen.go ./vendor/github.com/cespare/xxhash/v2/xxhash_unsafe.go ./vendor/github.com/cespare/xxhash/v2/xxhash_safe.go ./vendor/github.com/cespare/xxhash/v2/xxhash_other.go ./vendor/github.com/cespare/xxhash/v2/xxhash_amd64.go ./vendor/github.com/cespare/xxhash/v2/xxhash.go ./vendor/github.com/googleapis/gax-go/v2/header.go ./vendor/github.com/googleapis/gax-go/v2/gax.go ./vendor/github.com/googleapis/gax-go/v2/call_option.go ./vendor/github.com/googleapis/gax-go/v2/invoke.go ./vendor/github.com/grpc-ecosystem/go-grpc-prometheus/server_metrics.go ./vendor/github.com/grpc-ecosystem/go-grpc-prometheus/client_metrics.go ./vendor/github.com/grpc-ecosystem/go-grpc-prometheus/metric_options.go ./vendor/github.com/grpc-ecosystem/go-grpc-prometheus/server_reporter.go ./vendor/github.com/grpc-ecosystem/go-grpc-prometheus/util.go ./vendor/github.com/grpc-ecosystem/go-grpc-prometheus/client_reporter.go ./vendor/github.com/grpc-ecosystem/go-grpc-prometheus/client.go ./vendor/github.com/grpc-ecosystem/go-grpc-prometheus/server.go ./vendor/github.com/grpc-ecosystem/go-grpc-middleware/util/metautils/nicemd.go ./vendor/github.com/grpc-ecosystem/go-grpc-middleware/util/metautils/doc.go ./vendor/github.com/grpc-ecosystem/go-grpc-middleware/chain.go ./vendor/github.com/grpc-ecosystem/go-grpc-middleware/doc.go ./vendor/github.com/grpc-ecosystem/go-grpc-middleware/wrappers.go ./vendor/github.com/grpc-ecosystem/go-grpc-middleware/tracing/opentracing/id_extract.go ./vendor/github.com/grpc-ecosystem/go-grpc-middleware/tracing/opentracing/options.go ./vendor/github.com/grpc-ecosystem/go-grpc-middleware/tracing/opentracing/client_interceptors.go ./vendor/github.com/grpc-ecosystem/go-grpc-middleware/tracing/opentracing/server_interceptors.go ./vendor/github.com/grpc-ecosystem/go-grpc-middleware/tracing/opentracing/doc.go ./vendor/github.com/grpc-ecosystem/go-grpc-middleware/tracing/opentracing/metadata.go ./vendor/github.com/grpc-ecosystem/go-grpc-middleware/auth/auth.go ./vendor/github.com/grpc-ecosystem/go-grpc-middleware/auth/doc.go ./vendor/github.com/grpc-ecosystem/go-grpc-middleware/auth/metadata.go ./vendor/github.com/grpc-ecosystem/go-grpc-middleware/tags/interceptors.go ./vendor/github.com/grpc-ecosystem/go-grpc-middleware/tags/context.go ./vendor/github.com/grpc-ecosystem/go-grpc-middleware/tags/fieldextractor.go ./vendor/github.com/grpc-ecosystem/go-grpc-middleware/tags/doc.go ./vendor/github.com/grpc-ecosystem/go-grpc-middleware/tags/options.go ./vendor/github.com/hashicorp/yamux/addr.go ./vendor/github.com/hashicorp/yamux/session.go ./vendor/github.com/hashicorp/yamux/util.go ./vendor/github.com/hashicorp/yamux/const.go ./vendor/github.com/hashicorp/yamux/stream.go ./vendor/github.com/hashicorp/yamux/mux.go ./vendor/github.com/beorn7/perks/quantile/stream.go ./vendor/github.com/go-ole/go-ole/iunknown_func.go ./vendor/github.com/go-ole/go-ole/itypeinfo.go ./vendor/github.com/go-ole/go-ole/iprovideclassinfo.go ./vendor/github.com/go-ole/go-ole/vt_string.go ./vendor/github.com/go-ole/go-ole/ole.go ./vendor/github.com/go-ole/go-ole/variant_amd64.go ./vendor/github.com/go-ole/go-ole/iprovideclassinfo_func.go ./vendor/github.com/go-ole/go-ole/variant.go ./vendor/github.com/go-ole/go-ole/variant_s390x.go ./vendor/github.com/go-ole/go-ole/com.go ./vendor/github.com/go-ole/go-ole/ienumvariant.go ./vendor/github.com/go-ole/go-ole/iunknown_windows.go ./vendor/github.com/go-ole/go-ole/utility.go ./vendor/github.com/go-ole/go-ole/error_windows.go ./vendor/github.com/go-ole/go-ole/iinspectable_windows.go ./vendor/github.com/go-ole/go-ole/winrt_doc.go ./vendor/github.com/go-ole/go-ole/variables.go ./vendor/github.com/go-ole/go-ole/itypeinfo_windows.go ./vendor/github.com/go-ole/go-ole/iconnectionpointcontainer_func.go ./vendor/github.com/go-ole/go-ole/connect.go ./vendor/github.com/go-ole/go-ole/iconnectionpoint.go ./vendor/github.com/go-ole/go-ole/variant_date_386.go ./vendor/github.com/go-ole/go-ole/guid.go ./vendor/github.com/go-ole/go-ole/error.go ./vendor/github.com/go-ole/go-ole/idispatch_func.go ./vendor/github.com/go-ole/go-ole/iconnectionpointcontainer.go ./vendor/github.com/go-ole/go-ole/idispatch.go ./vendor/github.com/go-ole/go-ole/safearray_func.go ./vendor/github.com/go-ole/go-ole/oleutil/connection.go ./vendor/github.com/go-ole/go-ole/oleutil/oleutil.go ./vendor/github.com/go-ole/go-ole/oleutil/connection_windows.go ./vendor/github.com/go-ole/go-ole/oleutil/connection_func.go ./vendor/github.com/go-ole/go-ole/oleutil/go-get.go ./vendor/github.com/go-ole/go-ole/safearrayslices.go ./vendor/github.com/go-ole/go-ole/iinspectable.go ./vendor/github.com/go-ole/go-ole/ienumvariant_windows.go ./vendor/github.com/go-ole/go-ole/iconnectionpoint_windows.go ./vendor/github.com/go-ole/go-ole/variant_ppc64le.go ./vendor/github.com/go-ole/go-ole/error_func.go ./vendor/github.com/go-ole/go-ole/variant_386.go ./vendor/github.com/go-ole/go-ole/safearray_windows.go ./vendor/github.com/go-ole/go-ole/safearray.go ./vendor/github.com/go-ole/go-ole/iconnectionpointcontainer_windows.go ./vendor/github.com/go-ole/go-ole/constants.go ./vendor/github.com/go-ole/go-ole/iunknown.go ./vendor/github.com/go-ole/go-ole/iconnectionpoint_func.go ./vendor/github.com/go-ole/go-ole/ienumvariant_func.go ./vendor/github.com/go-ole/go-ole/iprovideclassinfo_windows.go ./vendor/github.com/go-ole/go-ole/idispatch_windows.go ./vendor/github.com/go-ole/go-ole/winrt.go ./vendor/github.com/go-ole/go-ole/safearrayconversion.go ./vendor/github.com/go-ole/go-ole/itypeinfo_func.go ./vendor/github.com/go-ole/go-ole/com_func.go ./vendor/github.com/go-ole/go-ole/variant_date_amd64.go ./vendor/github.com/go-ole/go-ole/iinspectable_func.go ./vendor/github.com/golang/groupcache/lru/lru.go ./vendor/github.com/golang/protobuf/proto/deprecated.go ./vendor/github.com/golang/protobuf/proto/proto.go ./vendor/github.com/golang/protobuf/proto/wire.go ./vendor/github.com/golang/protobuf/proto/buffer.go ./vendor/github.com/golang/protobuf/proto/properties.go ./vendor/github.com/golang/protobuf/proto/extensions.go ./vendor/github.com/golang/protobuf/proto/discard.go ./vendor/github.com/golang/protobuf/proto/wrappers.go ./vendor/github.com/golang/protobuf/proto/registry.go ./vendor/github.com/golang/protobuf/proto/text_encode.go ./vendor/github.com/golang/protobuf/proto/text_decode.go ./vendor/github.com/golang/protobuf/proto/defaults.go ./vendor/github.com/golang/protobuf/protoc-gen-go/descriptor/descriptor.pb.go ./vendor/github.com/golang/protobuf/ptypes/duration.go ./vendor/github.com/golang/protobuf/ptypes/any.go ./vendor/github.com/golang/protobuf/ptypes/duration/duration.pb.go ./vendor/github.com/golang/protobuf/ptypes/timestamp.go ./vendor/github.com/golang/protobuf/ptypes/doc.go ./vendor/github.com/golang/protobuf/ptypes/any/any.pb.go ./vendor/github.com/golang/protobuf/ptypes/timestamp/timestamp.pb.go ./vendor/github.com/golang/protobuf/ptypes/wrappers/wrappers.pb.go ./vendor/github.com/matttproud/golang_protobuf_extensions/pbutil/decode.go ./vendor/github.com/matttproud/golang_protobuf_extensions/pbutil/encode.go ./vendor/github.com/matttproud/golang_protobuf_extensions/pbutil/doc.go ./vendor/github.com/otiai10/copy/stat_times.go ./vendor/github.com/otiai10/copy/options.go ./vendor/github.com/otiai10/copy/stat_times_windows.go ./vendor/github.com/otiai10/copy/copy.go ./vendor/github.com/otiai10/copy/stat_times_darwin.go ./vendor/github.com/otiai10/copy/stat_times_freebsd.go ./vendor/github.com/sirupsen/logrus/exported.go ./vendor/github.com/sirupsen/logrus/entry.go ./vendor/github.com/sirupsen/logrus/terminal_check_unix.go ./vendor/github.com/sirupsen/logrus/terminal_check_notappengine.go ./vendor/github.com/sirupsen/logrus/terminal_check_appengine.go ./vendor/github.com/sirupsen/logrus/buffer_pool.go ./vendor/github.com/sirupsen/logrus/text_formatter.go ./vendor/github.com/sirupsen/logrus/terminal_check_js.go ./vendor/github.com/sirupsen/logrus/logger.go ./vendor/github.com/sirupsen/logrus/doc.go ./vendor/github.com/sirupsen/logrus/alt_exit.go ./vendor/github.com/sirupsen/logrus/json_formatter.go ./vendor/github.com/sirupsen/logrus/hooks.go ./vendor/github.com/sirupsen/logrus/formatter.go ./vendor/github.com/sirupsen/logrus/terminal_check_bsd.go ./vendor/github.com/sirupsen/logrus/terminal_check_windows.go ./vendor/github.com/sirupsen/logrus/logrus.go ./vendor/github.com/sirupsen/logrus/writer.go ./vendor/github.com/sirupsen/logrus/terminal_check_no_terminal.go ./vendor/github.com/sirupsen/logrus/terminal_check_solaris.go ./vendor/github.com/sebest/xff/xff.go ./vendor/github.com/davecgh/go-spew/spew/bypasssafe.go ./vendor/github.com/davecgh/go-spew/spew/common.go ./vendor/github.com/davecgh/go-spew/spew/format.go ./vendor/github.com/davecgh/go-spew/spew/config.go ./vendor/github.com/davecgh/go-spew/spew/dump.go ./vendor/github.com/davecgh/go-spew/spew/spew.go ./vendor/github.com/davecgh/go-spew/spew/doc.go ./vendor/github.com/davecgh/go-spew/spew/bypass.go ./vendor/github.com/shirou/gopsutil/mem/mem_darwin_cgo.go ./vendor/github.com/shirou/gopsutil/mem/mem_freebsd.go ./vendor/github.com/shirou/gopsutil/mem/mem_openbsd_amd64.go ./vendor/github.com/shirou/gopsutil/mem/mem_darwin_nocgo.go ./vendor/github.com/shirou/gopsutil/mem/mem_darwin.go ./vendor/github.com/shirou/gopsutil/mem/mem.go ./vendor/github.com/shirou/gopsutil/mem/mem_windows.go ./vendor/github.com/shirou/gopsutil/mem/mem_openbsd.go ./vendor/github.com/shirou/gopsutil/mem/mem_solaris.go ./vendor/github.com/shirou/gopsutil/mem/mem_linux.go ./vendor/github.com/shirou/gopsutil/mem/mem_fallback.go ./vendor/github.com/shirou/gopsutil/internal/common/common_linux.go ./vendor/github.com/shirou/gopsutil/internal/common/common_freebsd.go ./vendor/github.com/shirou/gopsutil/internal/common/common_darwin.go ./vendor/github.com/shirou/gopsutil/internal/common/common_openbsd.go ./vendor/github.com/shirou/gopsutil/internal/common/common_windows.go ./vendor/github.com/shirou/gopsutil/internal/common/binary.go ./vendor/github.com/shirou/gopsutil/internal/common/common.go ./vendor/github.com/shirou/gopsutil/internal/common/common_unix.go ./vendor/github.com/shirou/gopsutil/net/net_freebsd.go ./vendor/github.com/shirou/gopsutil/net/net_linux.go ./vendor/github.com/shirou/gopsutil/net/net_darwin.go ./vendor/github.com/shirou/gopsutil/net/net_windows.go ./vendor/github.com/shirou/gopsutil/net/net_openbsd.go ./vendor/github.com/shirou/gopsutil/net/net_fallback.go ./vendor/github.com/shirou/gopsutil/net/net_unix.go ./vendor/github.com/shirou/gopsutil/net/net.go ./vendor/github.com/shirou/gopsutil/process/process_freebsd_amd64.go ./vendor/github.com/shirou/gopsutil/process/process_darwin_cgo.go ./vendor/github.com/shirou/gopsutil/process/process_windows_386.go ./vendor/github.com/shirou/gopsutil/process/process_openbsd_amd64.go ./vendor/github.com/shirou/gopsutil/process/process_posix.go ./vendor/github.com/shirou/gopsutil/process/process_fallback.go ./vendor/github.com/shirou/gopsutil/process/process_darwin_386.go ./vendor/github.com/shirou/gopsutil/process/process_freebsd_arm.go ./vendor/github.com/shirou/gopsutil/process/process_darwin.go ./vendor/github.com/shirou/gopsutil/process/process_linux.go ./vendor/github.com/shirou/gopsutil/process/process_darwin_amd64.go ./vendor/github.com/shirou/gopsutil/process/process_windows_amd64.go ./vendor/github.com/shirou/gopsutil/process/process_freebsd.go ./vendor/github.com/shirou/gopsutil/process/process_darwin_nocgo.go ./vendor/github.com/shirou/gopsutil/process/process_freebsd_arm64.go ./vendor/github.com/shirou/gopsutil/process/process.go ./vendor/github.com/shirou/gopsutil/process/process_openbsd.go ./vendor/github.com/shirou/gopsutil/process/process_windows.go ./vendor/github.com/shirou/gopsutil/process/process_freebsd_386.go ./vendor/github.com/shirou/gopsutil/cpu/cpu_freebsd_arm64.go ./vendor/github.com/shirou/gopsutil/cpu/cpu_solaris.go ./vendor/github.com/shirou/gopsutil/cpu/cpu.go ./vendor/github.com/shirou/gopsutil/cpu/cpu_fallback.go ./vendor/github.com/shirou/gopsutil/cpu/cpu_openbsd.go ./vendor/github.com/shirou/gopsutil/cpu/cpu_windows.go ./vendor/github.com/shirou/gopsutil/cpu/cpu_darwin_cgo.go ./vendor/github.com/shirou/gopsutil/cpu/cpu_freebsd_386.go ./vendor/github.com/shirou/gopsutil/cpu/cpu_freebsd.go ./vendor/github.com/shirou/gopsutil/cpu/cpu_darwin_nocgo.go ./vendor/github.com/shirou/gopsutil/cpu/cpu_darwin.go ./vendor/github.com/shirou/gopsutil/cpu/cpu_freebsd_amd64.go ./vendor/github.com/shirou/gopsutil/cpu/cpu_linux.go ./vendor/github.com/shirou/gopsutil/cpu/cpu_freebsd_arm.go ./vendor/github.com/Microsoft/go-winio/fileinfo.go ./vendor/github.com/Microsoft/go-winio/file.go ./vendor/github.com/Microsoft/go-winio/ea.go ./vendor/github.com/Microsoft/go-winio/pipe.go ./vendor/github.com/Microsoft/go-winio/zsyscall_windows.go ./vendor/github.com/Microsoft/go-winio/hvsock.go ./vendor/github.com/Microsoft/go-winio/sd.go ./vendor/github.com/Microsoft/go-winio/privilege.go ./vendor/github.com/Microsoft/go-winio/syscall.go ./vendor/github.com/Microsoft/go-winio/backup.go ./vendor/github.com/Microsoft/go-winio/reparse.go ./vendor/github.com/Microsoft/go-winio/pkg/guid/guid.go ./vendor/github.com/philhofer/fwd/writer_appengine.go ./vendor/github.com/philhofer/fwd/reader.go ./vendor/github.com/philhofer/fwd/writer_unsafe.go ./vendor/github.com/philhofer/fwd/writer.go ./vendor/github.com/DataDog/datadog-go/statsd/sender.go ./vendor/github.com/DataDog/datadog-go/statsd/noop.go ./vendor/github.com/DataDog/datadog-go/statsd/service_check.go ./vendor/github.com/DataDog/datadog-go/statsd/fnv1a.go ./vendor/github.com/DataDog/datadog-go/statsd/telemetry.go ./vendor/github.com/DataDog/datadog-go/statsd/metrics.go ./vendor/github.com/DataDog/datadog-go/statsd/uds_windows.go ./vendor/github.com/DataDog/datadog-go/statsd/buffer.go ./vendor/github.com/DataDog/datadog-go/statsd/uds.go ./vendor/github.com/DataDog/datadog-go/statsd/aggregator.go ./vendor/github.com/DataDog/datadog-go/statsd/udp.go ./vendor/github.com/DataDog/datadog-go/statsd/format.go ./vendor/github.com/DataDog/datadog-go/statsd/buffer_pool.go ./vendor/github.com/DataDog/datadog-go/statsd/statsd.go ./vendor/github.com/DataDog/datadog-go/statsd/worker.go ./vendor/github.com/DataDog/datadog-go/statsd/pipe.go ./vendor/github.com/DataDog/datadog-go/statsd/options.go ./vendor/github.com/DataDog/datadog-go/statsd/pipe_windows.go ./vendor/github.com/DataDog/datadog-go/statsd/event.go ./vendor/github.com/tinylib/msgp/msgp/write_bytes.go ./vendor/github.com/tinylib/msgp/msgp/read_bytes.go ./vendor/github.com/tinylib/msgp/msgp/advise_linux.go ./vendor/github.com/tinylib/msgp/msgp/purego.go ./vendor/github.com/tinylib/msgp/msgp/elsize.go ./vendor/github.com/tinylib/msgp/msgp/unsafe.go ./vendor/github.com/tinylib/msgp/msgp/file_port.go ./vendor/github.com/tinylib/msgp/msgp/file.go ./vendor/github.com/tinylib/msgp/msgp/extension.go ./vendor/github.com/tinylib/msgp/msgp/write.go ./vendor/github.com/tinylib/msgp/msgp/size.go ./vendor/github.com/tinylib/msgp/msgp/read.go ./vendor/github.com/tinylib/msgp/msgp/json_bytes.go ./vendor/github.com/tinylib/msgp/msgp/edit.go ./vendor/github.com/tinylib/msgp/msgp/advise_other.go ./vendor/github.com/tinylib/msgp/msgp/circular.go ./vendor/github.com/tinylib/msgp/msgp/errors.go ./vendor/github.com/tinylib/msgp/msgp/number.go ./vendor/github.com/tinylib/msgp/msgp/integers.go ./vendor/github.com/tinylib/msgp/msgp/json.go ./vendor/github.com/tinylib/msgp/msgp/defs.go ./vendor/github.com/lightstep/lightstep-tracer-go/tracer.go ./vendor/github.com/lightstep/lightstep-tracer-go/report_buffer.go ./vendor/github.com/lightstep/lightstep-tracer-go/events.go ./vendor/github.com/lightstep/lightstep-tracer-go/proto_converter.go ./vendor/github.com/lightstep/lightstep-tracer-go/span.go ./vendor/github.com/lightstep/lightstep-tracer-go/collector_client_http.go ./vendor/github.com/lightstep/lightstep-tracer-go/propagation.go ./vendor/github.com/lightstep/lightstep-tracer-go/collector_client_custom.go ./vendor/github.com/lightstep/lightstep-tracer-go/internal/metrics/metrics.go ./vendor/github.com/lightstep/lightstep-tracer-go/internal/metrics/package.go ./vendor/github.com/lightstep/lightstep-tracer-go/internal/metrics/reporter.go ./vendor/github.com/lightstep/lightstep-tracer-go/tracer_0_14.go ./vendor/github.com/lightstep/lightstep-tracer-go/tracer_helpers.go ./vendor/github.com/lightstep/lightstep-tracer-go/collector_client_grpc.go ./vendor/github.com/lightstep/lightstep-tracer-go/meta_events.go ./vendor/github.com/lightstep/lightstep-tracer-go/event_handlers.go ./vendor/github.com/lightstep/lightstep-tracer-go/proto_logencoder.go ./vendor/github.com/lightstep/lightstep-tracer-go/util.go ./vendor/github.com/lightstep/lightstep-tracer-go/version.go ./vendor/github.com/lightstep/lightstep-tracer-go/options.go ./vendor/github.com/lightstep/lightstep-tracer-go/propagation_b3.go ./vendor/github.com/lightstep/lightstep-tracer-go/lightstep/rand/num_gen.go ./vendor/github.com/lightstep/lightstep-tracer-go/lightstep/rand/pool.go ./vendor/github.com/lightstep/lightstep-tracer-go/lightstep/rand/locked_rand.go ./vendor/github.com/lightstep/lightstep-tracer-go/propagation_lightstep.go ./vendor/github.com/lightstep/lightstep-tracer-go/propagation_stack.go ./vendor/github.com/lightstep/lightstep-tracer-go/propagation_binary.go ./vendor/github.com/lightstep/lightstep-tracer-go/propagation_text.go ./vendor/github.com/lightstep/lightstep-tracer-go/raw_span.go ./vendor/github.com/lightstep/lightstep-tracer-go/collector_client.go ./vendor/github.com/lightstep/lightstep-tracer-go/constants/constants.go ./vendor/github.com/lightstep/lightstep-tracer-common/golang/gogo/collectorpb/collector.pb.go ./vendor/github.com/lightstep/lightstep-tracer-common/golang/gogo/lightsteppb/lightstep.pb.go ./vendor/github.com/lightstep/lightstep-tracer-common/golang/gogo/metricspb/metrics.pb.go ./vendor/go.uber.org/atomic/string.go ./vendor/go.uber.org/atomic/atomic.go ./vendor/go.uber.org/atomic/error.go ./vendor/go.uber.org/atomic/tools.go ./vendor/gopkg.in/yaml.v3/yamlprivateh.go ./vendor/gopkg.in/yaml.v3/yamlh.go ./vendor/gopkg.in/yaml.v3/apic.go ./vendor/gopkg.in/yaml.v3/emitterc.go ./vendor/gopkg.in/yaml.v3/parserc.go ./vendor/gopkg.in/yaml.v3/resolve.go ./vendor/gopkg.in/yaml.v3/decode.go ./vendor/gopkg.in/yaml.v3/encode.go ./vendor/gopkg.in/yaml.v3/yaml.go ./vendor/gopkg.in/yaml.v3/sorter.go ./vendor/gopkg.in/yaml.v3/scannerc.go ./vendor/gopkg.in/yaml.v3/writerc.go ./vendor/gopkg.in/yaml.v3/readerc.go ./vendor/gopkg.in/DataDog/dd-trace-go.v1/ddtrace/tracer/osinfo_freebsd.go ./vendor/gopkg.in/DataDog/dd-trace-go.v1/ddtrace/tracer/osinfo_default.go ./vendor/gopkg.in/DataDog/dd-trace-go.v1/ddtrace/tracer/osinfo_darwin.go ./vendor/gopkg.in/DataDog/dd-trace-go.v1/ddtrace/tracer/log.go ./vendor/gopkg.in/DataDog/dd-trace-go.v1/ddtrace/tracer/payload.go ./vendor/gopkg.in/DataDog/dd-trace-go.v1/ddtrace/tracer/util.go ./vendor/gopkg.in/DataDog/dd-trace-go.v1/ddtrace/tracer/span_msgp.go ./vendor/gopkg.in/DataDog/dd-trace-go.v1/ddtrace/tracer/osinfo_windows.go ./vendor/gopkg.in/DataDog/dd-trace-go.v1/ddtrace/tracer/context.go ./vendor/gopkg.in/DataDog/dd-trace-go.v1/ddtrace/tracer/writer.go ./vendor/gopkg.in/DataDog/dd-trace-go.v1/ddtrace/tracer/rand.go ./vendor/gopkg.in/DataDog/dd-trace-go.v1/ddtrace/tracer/metrics.go ./vendor/gopkg.in/DataDog/dd-trace-go.v1/ddtrace/tracer/doc.go ./vendor/gopkg.in/DataDog/dd-trace-go.v1/ddtrace/tracer/time.go ./vendor/gopkg.in/DataDog/dd-trace-go.v1/ddtrace/tracer/time_windows.go ./vendor/gopkg.in/DataDog/dd-trace-go.v1/ddtrace/tracer/tracer.go ./vendor/gopkg.in/DataDog/dd-trace-go.v1/ddtrace/tracer/spancontext.go ./vendor/gopkg.in/DataDog/dd-trace-go.v1/ddtrace/tracer/tracer_go11.go ./vendor/gopkg.in/DataDog/dd-trace-go.v1/ddtrace/tracer/transport.go ./vendor/gopkg.in/DataDog/dd-trace-go.v1/ddtrace/tracer/tracer_nongo11.go ./vendor/gopkg.in/DataDog/dd-trace-go.v1/ddtrace/tracer/osinfo_linux.go ./vendor/gopkg.in/DataDog/dd-trace-go.v1/ddtrace/tracer/textmap.go ./vendor/gopkg.in/DataDog/dd-trace-go.v1/ddtrace/tracer/propagator.go ./vendor/gopkg.in/DataDog/dd-trace-go.v1/ddtrace/tracer/span.go ./vendor/gopkg.in/DataDog/dd-trace-go.v1/ddtrace/tracer/sampler.go ./vendor/gopkg.in/DataDog/dd-trace-go.v1/ddtrace/tracer/option.go ./vendor/gopkg.in/DataDog/dd-trace-go.v1/ddtrace/opentracer/span.go ./vendor/gopkg.in/DataDog/dd-trace-go.v1/ddtrace/opentracer/option.go ./vendor/gopkg.in/DataDog/dd-trace-go.v1/ddtrace/opentracer/tracer.go ./vendor/gopkg.in/DataDog/dd-trace-go.v1/ddtrace/internal/globaltracer.go ./vendor/gopkg.in/DataDog/dd-trace-go.v1/ddtrace/ext/cassandra.go ./vendor/gopkg.in/DataDog/dd-trace-go.v1/ddtrace/ext/db.go ./vendor/gopkg.in/DataDog/dd-trace-go.v1/ddtrace/ext/system.go ./vendor/gopkg.in/DataDog/dd-trace-go.v1/ddtrace/ext/priority.go ./vendor/gopkg.in/DataDog/dd-trace-go.v1/ddtrace/ext/tags.go ./vendor/gopkg.in/DataDog/dd-trace-go.v1/ddtrace/ext/app_types.go ./vendor/gopkg.in/DataDog/dd-trace-go.v1/ddtrace/ext/peer.go ./vendor/gopkg.in/DataDog/dd-trace-go.v1/ddtrace/ddtrace.go ./vendor/gopkg.in/DataDog/dd-trace-go.v1/internal/globalconfig/globalconfig.go ./vendor/gopkg.in/DataDog/dd-trace-go.v1/internal/log/log.go ./vendor/gopkg.in/DataDog/dd-trace-go.v1/internal/container.go ./vendor/gopkg.in/DataDog/dd-trace-go.v1/internal/version/version.go ./vendor/gopkg.in/DataDog/dd-trace-go.v1/internal/env.go ./vendor/gopkg.in/yaml.v2/writerc.go ./vendor/gopkg.in/yaml.v2/yaml.go ./vendor/gopkg.in/yaml.v2/scannerc.go ./vendor/gopkg.in/yaml.v2/readerc.go ./vendor/gopkg.in/yaml.v2/sorter.go ./vendor/gopkg.in/yaml.v2/decode.go ./vendor/gopkg.in/yaml.v2/encode.go ./vendor/gopkg.in/yaml.v2/apic.go ./vendor/gopkg.in/yaml.v2/yamlprivateh.go ./vendor/gopkg.in/yaml.v2/yamlh.go ./vendor/gopkg.in/yaml.v2/parserc.go ./vendor/gopkg.in/yaml.v2/resolve.go ./vendor/gopkg.in/yaml.v2/emitterc.go ./internal/sshd/sshd.go ./internal/sshd/sshd_test.go ./internal/sshd/session.go ./internal/sshd/connection_test.go ./internal/sshd/connection.go ./internal/command/command.go ./internal/command/uploadarchive/uploadarchive.go ./internal/command/uploadarchive/gitalycall.go ./internal/command/uploadarchive/uploadarchive_test.go ./internal/command/uploadarchive/gitalycall_test.go ./internal/command/twofactorrecover/twofactorrecover_test.go ./internal/command/twofactorrecover/twofactorrecover.go ./internal/command/shared/disallowedcommand/disallowedcommand.go ./internal/command/shared/customaction/customaction.go ./internal/command/shared/customaction/customaction_test.go ./internal/command/shared/accessverifier/accessverifier.go ./internal/command/shared/accessverifier/accessverifier_test.go ./internal/command/authorizedkeys/authorized_keys.go ./internal/command/authorizedkeys/authorized_keys_test.go ./internal/command/lfsauthenticate/lfsauthenticate_test.go ./internal/command/lfsauthenticate/lfsauthenticate.go ./internal/command/authorizedprincipals/authorized_principals.go ./internal/command/authorizedprincipals/authorized_principals_test.go ./internal/command/commandargs/command_args_test.go ./internal/command/commandargs/generic_args.go ./internal/command/commandargs/shell.go ./internal/command/commandargs/command_args.go ./internal/command/commandargs/authorized_principals.go ./internal/command/commandargs/authorized_keys.go ./internal/command/discover/discover_test.go ./internal/command/discover/discover.go ./internal/command/twofactorverify/twofactorverify_test.go ./internal/command/twofactorverify/twofactorverify.go ./internal/command/healthcheck/healthcheck.go ./internal/command/healthcheck/healthcheck_test.go ./internal/command/readwriter/readwriter.go ./internal/command/receivepack/gitalycall.go ./internal/command/receivepack/receivepack.go ./internal/command/receivepack/receivepack_test.go ./internal/command/receivepack/gitalycall_test.go ./internal/command/uploadpack/uploadpack.go ./internal/command/uploadpack/uploadpack_test.go ./internal/command/uploadpack/gitalycall_test.go ./internal/command/uploadpack/gitalycall.go ./internal/command/personalaccesstoken/personalaccesstoken_test.go ./internal/command/personalaccesstoken/personalaccesstoken.go ./internal/command/command_test.go ./internal/sshenv/sshenv.go ./internal/sshenv/sshenv_test.go ./internal/metrics/metrics.go ./internal/testhelper/requesthandlers/requesthandlers.go ./internal/testhelper/testhelper.go ./internal/executable/executable_test.go ./internal/executable/executable.go ./internal/config/config_test.go ./internal/config/config.go ./internal/pktline/pktline_test.go ./internal/pktline/pktline.go ./internal/gitlabnet/client.go ./internal/gitlabnet/accessverifier/client_test.go ./internal/gitlabnet/accessverifier/client.go ./internal/gitlabnet/twofactorverify/client_test.go ./internal/gitlabnet/twofactorverify/client.go ./internal/gitlabnet/personalaccesstoken/client.go ./internal/gitlabnet/personalaccesstoken/client_test.go ./internal/gitlabnet/healthcheck/client_test.go ./internal/gitlabnet/healthcheck/client.go ./internal/gitlabnet/twofactorrecover/client_test.go ./internal/gitlabnet/twofactorrecover/client.go ./internal/gitlabnet/lfsauthenticate/client.go ./internal/gitlabnet/lfsauthenticate/client_test.go ./internal/gitlabnet/authorizedkeys/client_test.go ./internal/gitlabnet/authorizedkeys/client.go ./internal/gitlabnet/discover/client.go ./internal/gitlabnet/discover/client_test.go ./internal/handler/exec_test.go ./internal/handler/exec.go ./internal/logger/logger_test.go ./internal/logger/logger.go ./internal/console/console.go ./internal/console/console_test.go ./internal/keyline/key_line.go ./internal/keyline/key_line_test.go ./client/httpclient.go ./client/testserver/gitalyserver.go ./client/testserver/testserver.go ./client/gitlabnet.go ./client/httpclient_test.go ./client/client_test.go ./client/httpsclient_test.go ./cmd/gitlab-shell-authorized-principals-check/main.go ./cmd/gitlab-shell/main.go ./cmd/check/main.go ./cmd/gitlab-shell-authorized-keys-check/main.go ./cmd/gitlab-sshd/main.go ./cmd/gitlab-sshd/acceptance_test.go | awk '{ print } END { if (NR > 0) { print "Please run make fmt"; exit 1 } }'
#7 133.5 bin/install
#7 133.5 mkdir -p /home/git/.ssh: OK
#7 133.6 chmod 700 /home/git/.ssh: OK
#7 134.0 GOBIN="/home/git/gitlab-shell/bin" go install -ldflags "-X main.Version=unknown -X main.BuildTime=20250329.145838" -tags "tracer_static tracer_static_jaeger continuous_profiler_stackdriver" ./cmd/...
#7 140.6 Build gitlab-workhorse
#7 140.6 make: Entering directory '/home/git/gitlab/workhorse'
#7 140.6 fatal: detected dubious ownership in repository at '/home/git/gitlab'
#7 140.6 To add an exception for this directory, call:
#7 140.6 
#7 140.6 	git config --global --add safe.directory /home/git/gitlab
#7 140.6 ### Building gitlab-resize-image
#7 140.6 go build -ldflags "-X main.Version=v14.4.3 -X main.BuildTime=20250329.145852" -tags "tracer_static tracer_static_jaeger continuous_profiler_stackdriver" -o /home/git/gitlab/workhorse/gitlab-resize-image gitlab.com/gitlab-org/gitlab/workhorse/cmd/gitlab-resize-image
#7 142.1 go: downloading github.com/disintegration/imaging v1.6.2
#7 142.4 go: downloading golang.org/x/image v0.0.0-20191009234506-e7c1f5e7dbb8
#7 143.5 ### Building gitlab-zip-cat
#7 143.5 go build -ldflags "-X main.Version=v14.4.3 -X main.BuildTime=20250329.145852" -tags "tracer_static tracer_static_jaeger continuous_profiler_stackdriver" -o /home/git/gitlab/workhorse/gitlab-zip-cat gitlab.com/gitlab-org/gitlab/workhorse/cmd/gitlab-zip-cat
#7 143.5 go: downloading gitlab.com/gitlab-org/labkit v1.6.0
#7 143.5 go: downloading github.com/mitchellh/copystructure v1.0.0
#7 143.6 go: downloading github.com/mitchellh/reflectwalk v1.0.0
#7 143.7 go: downloading github.com/sirupsen/logrus v1.8.1
#7 143.7 go: downloading github.com/opentracing/opentracing-go v1.2.0
#7 143.7 go: downloading github.com/oklog/ulid/v2 v2.0.2
#7 143.7 go: downloading github.com/sebest/xff v0.0.0-20210106013422-671bd2870b3a
#7 143.7 go: downloading github.com/uber/jaeger-client-go v2.27.0+incompatible
#7 143.7 go: downloading github.com/client9/reopen v1.0.0
#7 143.8 go: downloading golang.org/x/sys v0.0.0-20210503173754-0981d6026fa6
#7 143.9 go: downloading github.com/pkg/errors v0.9.1
#7 143.9 go: downloading github.com/uber/jaeger-lib v2.4.1+incompatible
#7 143.9 go: downloading go.uber.org/atomic v1.7.0
#7 145.4 ### Building gitlab-zip-metadata
#7 145.4 go build -ldflags "-X main.Version=v14.4.3 -X main.BuildTime=20250329.145852" -tags "tracer_static tracer_static_jaeger continuous_profiler_stackdriver" -o /home/git/gitlab/workhorse/gitlab-zip-metadata gitlab.com/gitlab-org/gitlab/workhorse/cmd/gitlab-zip-metadata
#7 145.9 ### Building gitlab-workhorse
#7 145.9 go build -ldflags "-X main.Version=v14.4.3 -X main.BuildTime=20250329.145852" -tags "tracer_static tracer_static_jaeger continuous_profiler_stackdriver" -o /home/git/gitlab/workhorse/gitlab-workhorse gitlab.com/gitlab-org/gitlab/workhorse
#7 146.0 go: downloading github.com/getsentry/raven-go v0.2.0
#7 146.0 go: downloading github.com/golang-jwt/jwt/v4 v4.0.0
#7 146.0 go: downloading github.com/prometheus/client_golang v1.10.0
#7 146.0 go: downloading github.com/gorilla/websocket v1.4.1
#7 146.0 go: downloading cloud.google.com/go v0.81.0
#7 146.0 go: downloading google.golang.org/api v0.46.0
#7 146.0 go: downloading github.com/golang/protobuf v1.5.2
#7 146.0 go: downloading github.com/grpc-ecosystem/go-grpc-middleware v1.3.0
#7 146.0 go: downloading github.com/grpc-ecosystem/go-grpc-prometheus v1.2.0
#7 146.0 go: downloading gitlab.com/gitlab-org/gitaly/v14 v14.3.0-rc2.0.20211007055622-df7dadcc3f74
#7 146.0 go: downloading google.golang.org/grpc v1.38.0
#7 146.0 go: downloading github.com/Azure/azure-storage-blob-go v0.13.0
#7 146.0 go: downloading github.com/BurntSushi/toml v0.3.1
#7 146.2 go: downloading gocloud.dev v0.23.0
#7 146.4 go: downloading github.com/FZambia/sentinel v1.0.0
#7 146.4 go: downloading github.com/gomodule/redigo v2.0.0+incompatible
#7 146.4 go: downloading github.com/jpillora/backoff v1.0.0
#7 146.4 go: downloading golang.org/x/net v0.0.0-20210505214959-0714010a04ed
#7 146.4 go: downloading github.com/golang/gddo v0.0.0-20190419222130-af0f2af80721
#7 146.5 go: downloading github.com/certifi/gocertifi v0.0.0-20200922220541-2c3bb06c6054
#7 146.5 go: downloading github.com/prometheus/client_model v0.2.0
#7 146.5 go: downloading github.com/prometheus/common v0.18.0
#7 146.6 go: downloading github.com/beorn7/perks v1.0.1
#7 146.6 go: downloading github.com/cespare/xxhash/v2 v2.1.1
#7 147.0 go: downloading github.com/prometheus/procfs v0.6.0
#7 147.0 go: downloading google.golang.org/protobuf v1.26.0
#7 147.5 go: downloading github.com/alecthomas/chroma v0.7.3
#7 147.5 go: downloading github.com/Azure/azure-pipeline-go v0.2.3
#7 147.6 go: downloading github.com/google/uuid v1.2.0
#7 147.6 go: downloading github.com/google/pprof v0.0.0-20210226084205-cbba55b83ad5
#7 147.7 go: downloading github.com/googleapis/gax-go/v2 v2.0.5
#7 147.8 go: downloading google.golang.org/genproto v0.0.0-20210506142907-4a47615972c2
#7 147.9 go: downloading github.com/aws/aws-sdk-go v1.38.35
#7 147.9 go: downloading go.opencensus.io v0.23.0
#7 147.9 go: downloading github.com/Azure/go-autorest/autorest/adal v0.9.13
#7 147.9 go: downloading gitlab.com/gitlab-org/gitaly v1.68.0
#7 148.0 go: downloading github.com/Azure/go-autorest/autorest v0.11.18
#7 148.0 go: downloading github.com/google/wire v0.5.0
#7 148.0 go: downloading github.com/matttproud/golang_protobuf_extensions v1.0.1
#7 148.1 go: downloading github.com/mattn/go-ieproxy v0.0.1
#7 148.4 go: downloading golang.org/x/xerrors v0.0.0-20200804184101-5ec99f83aff1
#7 148.4 go: downloading github.com/Azure/go-autorest v14.2.0+incompatible
#7 148.4 go: downloading github.com/dlclark/regexp2 v1.2.0
#7 148.4 go: downloading github.com/danwakefield/fnmatch v0.0.0-20160403171240-cbb64ac3d964
#7 148.4 go: downloading github.com/Azure/go-autorest/tracing v0.6.0
#7 148.4 go: downloading github.com/Azure/go-autorest/autorest/date v0.3.0
#7 148.5 go: downloading github.com/Azure/go-autorest/logger v0.2.1
#7 148.5 go: downloading github.com/form3tech-oss/jwt-go v3.2.2+incompatible
#7 148.5 go: downloading golang.org/x/crypto v0.0.0-20210506145944-38f3c27a63bf
#7 148.5 go: downloading github.com/golang/groupcache v0.0.0-20210331224755-41bb18bfe9da
#7 148.5 go: downloading golang.org/x/text v0.3.6
#7 148.7 go: downloading github.com/hashicorp/yamux v0.0.0-20210316155119-a95892c5f864
#7 155.6 go: downloading golang.org/x/oauth2 v0.0.0-20210427180440-81ed05c6b58c
#7 155.6 go: downloading github.com/google/go-cmp v0.5.5
#7 157.8 go: downloading github.com/jmespath/go-jmespath v0.4.0
#7 167.6 ### install
#7 167.6 mkdir -p /usr/local/bin/
#7 167.6 cd /home/git/gitlab/workhorse && install gitlab-resize-image gitlab-zip-cat gitlab-zip-metadata gitlab-workhorse /usr/local/bin/
#7 167.6 make: Leaving directory '/home/git/gitlab/workhorse'
#7 167.6 Downloading gitlab-pages v.1.46.0...
#7 168.9 Note: switching to '5e86747b6287381e2f23afe837ede1820876cf8d'.
#7 168.9 
#7 168.9 You are in 'detached HEAD' state. You can look around, make experimental
#7 168.9 changes and commit them, and you can discard any commits you make in this
#7 168.9 state without impacting any branches by switching back to a branch.
#7 168.9 
#7 168.9 If you want to create a new branch to retain commits you create, you may
#7 168.9 do so (now or later) by using -c with the switch command. Example:
#7 168.9 
#7 168.9   git switch -c <new-branch-name>
#7 168.9 
#7 168.9 Or undo this operation with:
#7 168.9 
#7 168.9   git switch -
#7 168.9 
#7 168.9 Turn off this advice by setting config variable advice.detachedHead to false
#7 168.9 
#7 168.9 make: Entering directory '/tmp/gitlab-pages'
#7 168.9 mkdir -p .GOPATH
#7 168.9 GOBIN=/tmp/gitlab-pages/bin go install -v -ldflags='-X "main.VERSION=1.46.0" -X "main.REVISION=5e86747"' -tags "continuous_profiler_stackdriver" -buildmode exe gitlab.com/gitlab-org/gitlab-pages
#7 169.6 go: downloading github.com/rs/cors v1.7.0
#7 169.6 go: downloading github.com/sirupsen/logrus v1.7.0
#7 169.6 go: downloading github.com/pires/go-proxyproto v0.2.0
#7 169.6 go: downloading gitlab.com/gitlab-org/go-mimedb v1.45.0
#7 169.6 go: downloading gitlab.com/gitlab-org/labkit v1.3.0
#7 169.6 go: downloading github.com/gorilla/handlers v1.4.2
#7 169.6 go: downloading github.com/prometheus/client_golang v1.6.0
#7 169.6 go: downloading golang.org/x/time v0.0.0-20190308202827-9d24e82272b4
#7 169.6 go: downloading github.com/golang-jwt/jwt/v4 v4.0.0
#7 169.6 go: downloading github.com/gorilla/securecookie v1.1.1
#7 169.6 go: downloading github.com/gorilla/sessions v1.2.0
#7 169.6 go: downloading golang.org/x/crypto v0.0.0-20200622213623-75b288015ac9
#7 169.6 go: downloading github.com/hashicorp/go-multierror v1.1.1
#7 169.6 go: downloading github.com/namsral/flag v1.7.4-pre
#7 169.6 go: downloading github.com/karlseguin/ccache/v2 v2.0.6
#7 169.6 go: downloading github.com/patrickmn/go-cache v2.1.0+incompatible
#7 169.6 go: downloading github.com/tj/go-redirects v0.0.0-20180508180010-5c02ead0bbc5
#7 169.6 go: downloading golang.org/x/sys v0.0.0-20210615035016-665e8c7367d1
#7 169.7 go: downloading github.com/hashicorp/errwrap v1.0.0
#7 169.7 go: downloading google.golang.org/api v0.15.0
#7 169.7 go: downloading cloud.google.com/go v0.50.0
#7 169.7 go: downloading github.com/oklog/ulid/v2 v2.0.2
#7 169.7 go: downloading github.com/getsentry/sentry-go v0.7.0
#7 169.7 go: downloading github.com/client9/reopen v1.0.0
#7 169.7 go: downloading github.com/sebest/xff v0.0.0-20160910043805-6c115e0ffa35
#7 169.7 go: downloading github.com/prometheus/common v0.9.1
#7 169.7 go: downloading github.com/prometheus/client_model v0.2.0
#7 169.7 go: downloading github.com/cespare/xxhash/v2 v2.1.1
#7 169.7 go: downloading github.com/beorn7/perks v1.0.1
#7 169.7 go: downloading github.com/golang/protobuf v1.4.0
#7 169.8 go: downloading github.com/prometheus/procfs v0.0.11
#7 169.9 go: downloading github.com/pkg/errors v0.8.1
#7 170.2 go: downloading github.com/matttproud/golang_protobuf_extensions v1.0.1
#7 170.2 go: downloading google.golang.org/protobuf v1.21.0
#7 170.4 go: downloading google.golang.org/grpc v1.24.0
#7 170.4 go: downloading github.com/google/pprof v0.0.0-20191218002539-d4f498aebedc
#7 170.4 go: downloading github.com/googleapis/gax-go/v2 v2.0.5
#7 170.4 go: downloading google.golang.org/genproto v0.0.0-20200115191322-ca5a22157cba
#7 170.8 go: downloading golang.org/x/net v0.0.0-20201202161906-c7110b5ffcbb
#7 171.9 go: downloading golang.org/x/text v0.3.3
#7 175.0 go: downloading golang.org/x/oauth2 v0.0.0-20200107190931-bf48bf16ab8d
#7 175.0 go: downloading go.opencensus.io v0.22.2
#7 175.1 go: downloading github.com/golang/groupcache v0.0.0-20191227052852-215e87163ea7
#7 175.3 golang.org/x/sys/internal/unsafeheader
#7 175.3 google.golang.org/protobuf/internal/flags
#7 175.3 google.golang.org/protobuf/internal/genname
#7 175.3 go.opencensus.io/internal/tagencoding
#7 175.3 google.golang.org/protobuf/internal/fieldnum
#7 175.3 github.com/golang/groupcache/lru
#7 175.3 go.opencensus.io
#7 175.3 go.opencensus.io/trace/internal
#7 175.3 google.golang.org/protobuf/internal/set
#7 175.4 google.golang.org/protobuf/internal/pragma
#7 175.4 google.golang.org/grpc/internal/grpcsync
#7 175.4 github.com/beorn7/perks/quantile
#7 175.4 golang.org/x/crypto/hkdf
#7 175.4 github.com/prometheus/common/internal/bitbucket.org/ww/goautoneg
#7 175.4 cloud.google.com/go/internal/version
#7 175.4 google.golang.org/grpc/encoding
#7 175.4 golang.org/x/text/transform
#7 175.4 github.com/hashicorp/errwrap
#7 175.4 github.com/cespare/xxhash/v2
#7 175.4 google.golang.org/grpc/keepalive
#7 175.4 google.golang.org/grpc/internal/grpcrand
#7 175.4 gitlab.com/gitlab-org/gitlab-pages/internal/source/gitlab/api
#7 175.4 github.com/karlseguin/ccache/v2
#7 175.4 google.golang.org/grpc/tap
#7 175.4 golang.org/x/sys/unix
#7 175.4 github.com/oklog/ulid/v2
#7 175.4 github.com/client9/reopen
#7 175.4 gitlab.com/gitlab-org/labkit/mask
#7 175.4 github.com/namsral/flag
#7 175.4 net
#7 175.4 google.golang.org/protobuf/internal/detrand
#7 175.4 google.golang.org/protobuf/internal/version
#7 175.4 github.com/prometheus/procfs/internal/fs
#7 175.4 github.com/prometheus/procfs/internal/util
#7 175.4 github.com/prometheus/common/model
#7 175.4 github.com/gorilla/securecookie
#7 175.4 golang.org/x/time/rate
#7 175.4 github.com/pkg/errors
#7 175.4 github.com/hashicorp/go-multierror
#7 175.4 github.com/patrickmn/go-cache
#7 175.4 gitlab.com/gitlab-org/gitlab-pages/internal/validateargs
#7 175.4 gitlab.com/gitlab-org/go-mimedb
#7 175.4 google.golang.org/protobuf/internal/errors
#7 175.4 github.com/google/pprof/profile
#7 175.4 golang.org/x/net/internal/timeseries
#7 175.4 google.golang.org/grpc/grpclog
#7 175.4 google.golang.org/grpc/metadata
#7 175.4 google.golang.org/grpc/codes
#7 175.4 google.golang.org/grpc/internal/backoff
#7 175.4 google.golang.org/grpc/internal/envconfig
#7 175.4 golang.org/x/text/unicode/bidi
#7 175.4 google.golang.org/protobuf/encoding/protowire
#7 175.4 github.com/tj/go-redirects
#7 175.5 golang.org/x/text/unicode/norm
#7 175.5 golang.org/x/net/http2/hpack
#7 175.5 golang.org/x/oauth2/jws
#7 175.5 os/user
#7 175.5 go.opencensus.io/resource
#7 175.5 go.opencensus.io/internal
#7 175.5 go.opencensus.io/tag
#7 175.5 go.opencensus.io/trace/tracestate
#7 175.5 google.golang.org/grpc/internal/balancerload
#7 175.5 google.golang.org/protobuf/reflect/protoreflect
#7 175.5 go.opencensus.io/metric/metricdata
#7 175.5 google.golang.org/grpc/connectivity
#7 175.5 go.opencensus.io/trace
#7 175.5 google.golang.org/grpc/internal
#7 175.6 go.opencensus.io/metric/metricproducer
#7 175.6 google.golang.org/grpc/serviceconfig
#7 175.6 go.opencensus.io/stats/internal
#7 175.6 google.golang.org/grpc/resolver
#7 175.6 golang.org/x/text/secure/bidirule
#7 175.6 go.opencensus.io/stats
#7 175.6 google.golang.org/grpc/resolver/passthrough
#7 175.7 go.opencensus.io/stats/view
#7 175.7 google.golang.org/protobuf/internal/mapsort
#7 175.7 google.golang.org/protobuf/internal/fieldsort
#7 175.7 google.golang.org/protobuf/runtime/protoiface
#7 175.7 google.golang.org/protobuf/internal/strs
#7 175.7 google.golang.org/protobuf/internal/descopts
#7 175.7 google.golang.org/protobuf/internal/descfmt
#7 175.7 google.golang.org/protobuf/reflect/protoregistry
#7 175.7 golang.org/x/net/idna
#7 175.8 google.golang.org/protobuf/internal/encoding/text
#7 175.8 google.golang.org/protobuf/internal/encoding/messageset
#7 175.8 google.golang.org/protobuf/proto
#7 175.8 github.com/sirupsen/logrus
#7 175.9 google.golang.org/protobuf/internal/encoding/defval
#7 176.0 google.golang.org/protobuf/encoding/prototext
#7 176.0 google.golang.org/protobuf/internal/filedesc
#7 176.0 google.golang.org/grpc/credentials/internal
#7 176.0 net/textproto
#7 176.0 vendor/golang.org/x/net/http/httpproxy
#7 176.0 crypto/x509
#7 176.0 github.com/pires/go-proxyproto
#7 176.0 google.golang.org/grpc/internal/syscall
#7 176.0 github.com/prometheus/procfs
#7 176.0 google.golang.org/grpc/naming
#7 176.0 google.golang.org/grpc/stats
#7 176.0 google.golang.org/grpc/resolver/dns
#7 176.0 vendor/golang.org/x/net/http/httpguts
#7 176.0 mime/multipart
#7 176.0 golang.org/x/net/http/httpguts
#7 178.2 github.com/golang-jwt/jwt/v4
#7 178.2 crypto/tls
#7 178.2 google.golang.org/protobuf/internal/encoding/tag
#7 178.2 google.golang.org/protobuf/internal/impl
#7 178.6 net/http/httptrace
#7 178.6 gitlab.com/gitlab-org/gitlab-pages/internal/config/tls
#7 178.6 net/http
#7 178.9 google.golang.org/protobuf/internal/filetype
#7 178.9 google.golang.org/protobuf/runtime/protoimpl
#7 178.9 google.golang.org/protobuf/types/known/durationpb
#7 178.9 google.golang.org/protobuf/types/known/anypb
#7 178.9 google.golang.org/protobuf/types/known/timestamppb
#7 178.9 google.golang.org/protobuf/types/descriptorpb
#7 178.9 github.com/golang/protobuf/proto
#7 179.0 github.com/golang/protobuf/ptypes/duration
#7 179.0 github.com/golang/protobuf/ptypes/any
#7 179.0 github.com/golang/protobuf/ptypes/timestamp
#7 179.1 github.com/golang/protobuf/protoc-gen-go/descriptor
#7 179.1 github.com/prometheus/client_model/go
#7 179.1 google.golang.org/grpc/encoding/proto
#7 179.1 github.com/matttproud/golang_protobuf_extensions/pbutil
#7 179.1 google.golang.org/genproto/googleapis/rpc/status
#7 179.1 google.golang.org/genproto/protobuf/field_mask
#7 179.1 google.golang.org/grpc/credentials
#7 179.1 github.com/golang/protobuf/ptypes
#7 179.1 google.golang.org/grpc/binarylog/grpc_binarylog_v1
#7 179.1 google.golang.org/genproto/googleapis/rpc/errdetails
#7 179.1 google.golang.org/genproto/googleapis/api/annotations
#7 179.2 google.golang.org/grpc/balancer
#7 179.2 google.golang.org/grpc/credentials/alts/internal
#7 179.2 google.golang.org/grpc/peer
#7 179.2 google.golang.org/grpc/internal/channelz
#7 179.2 google.golang.org/grpc/status
#7 179.2 github.com/prometheus/client_golang/prometheus/internal
#7 179.2 google.golang.org/grpc/credentials/alts/internal/conn
#7 179.2 google.golang.org/grpc/balancer/base
#7 179.2 google.golang.org/grpc/balancer/roundrobin
#7 179.2 google.golang.org/grpc/internal/binarylog
#7 179.6 gitlab.com/gitlab-org/gitlab-pages/internal/host
#7 179.6 github.com/sebest/xff
#7 179.6 github.com/rs/cors
#7 179.6 expvar
#7 179.6 gitlab.com/gitlab-org/labkit/correlation
#7 179.6 github.com/gorilla/handlers
#7 179.6 github.com/prometheus/common/expfmt
#7 179.6 github.com/getsentry/sentry-go
#7 179.6 gitlab.com/gitlab-org/gitlab-pages/internal
#7 179.6 gitlab.com/gitlab-org/gitlab-pages/internal/customheaders
#7 179.6 github.com/gorilla/sessions
#7 179.6 gitlab.com/gitlab-org/gitlab-pages/internal/httputil/header
#7 179.6 cloud.google.com/go/compute/metadata
#7 179.6 go.opencensus.io/trace/propagation
#7 179.6 golang.org/x/net/trace
#7 179.6 golang.org/x/net/context/ctxhttp
#7 179.6 net/http/pprof
#7 179.6 net/http/httputil
#7 179.6 golang.org/x/net/http2
#7 179.6 go.opencensus.io/plugin/ocgrpc
#7 179.6 gitlab.com/gitlab-org/gitlab-pages/internal/httputil
#7 179.6 golang.org/x/oauth2/internal
#7 179.6 gitlab.com/gitlab-org/labkit/log
#7 179.7 golang.org/x/oauth2
#7 179.7 gitlab.com/gitlab-org/gitlab-pages/internal/httpfs
#7 179.7 gitlab.com/gitlab-org/gitlab-pages/internal/config
#7 179.7 github.com/prometheus/client_golang/prometheus
#7 179.7 golang.org/x/oauth2/jwt
#7 179.8 gitlab.com/gitlab-org/gitlab-pages/internal/serving
#7 179.8 golang.org/x/oauth2/google
#7 179.8 github.com/getsentry/sentry-go/http
#7 179.8 gitlab.com/gitlab-org/labkit/errortracking
#7 179.8 google.golang.org/grpc/credentials/oauth
#7 179.9 gitlab.com/gitlab-org/gitlab-pages/internal/httperrors
#7 179.9 gitlab.com/gitlab-org/gitlab-pages/internal/domain
#7 179.9 gitlab.com/gitlab-org/gitlab-pages/internal/request
#7 179.9 gitlab.com/gitlab-org/gitlab-pages/internal/source
#7 179.9 gitlab.com/gitlab-org/gitlab-pages/internal/logging
#7 180.0 gitlab.com/gitlab-org/gitlab-pages/internal/acme
#7 180.0 gitlab.com/gitlab-org/gitlab-pages/internal/handlers
#7 180.0 gitlab.com/gitlab-org/gitlab-pages/internal/netutil
#7 180.0 gitlab.com/gitlab-org/gitlab-pages/metrics
#7 180.0 gitlab.com/gitlab-org/gitlab-pages/internal/lru
#7 180.0 gitlab.com/gitlab-org/gitlab-pages/internal/httptransport
#7 180.0 github.com/prometheus/client_golang/prometheus/promhttp
#7 180.0 gitlab.com/gitlab-org/gitlab-pages/internal/ratelimiter
#7 180.0 gitlab.com/gitlab-org/gitlab-pages/internal/rejectmethods
#7 180.0 gitlab.com/gitlab-org/gitlab-pages/internal/routing
#7 180.0 gitlab.com/gitlab-org/gitlab-pages/internal/vfs
#7 180.0 gitlab.com/gitlab-org/gitlab-pages/internal/artifact
#7 180.0 gitlab.com/gitlab-org/gitlab-pages/internal/auth
#7 180.0 gitlab.com/gitlab-org/gitlab-pages/internal/source/gitlab/client
#7 180.1 gitlab.com/gitlab-org/gitlab-pages/internal/serving/disk/symlink
#7 180.1 gitlab.com/gitlab-org/gitlab-pages/internal/httprange
#7 180.1 gitlab.com/gitlab-org/gitlab-pages/internal/redirects
#7 180.1 gitlab.com/gitlab-org/gitlab-pages/internal/vfs/local
#7 180.1 gitlab.com/gitlab-org/gitlab-pages/internal/source/gitlab/cache
#7 180.1 gitlab.com/gitlab-org/gitlab-pages/internal/serving/disk
#7 180.1 google.golang.org/grpc/internal/transport
#7 180.1 gitlab.com/gitlab-org/gitlab-pages/internal/vfs/zip
#7 180.2 gitlab.com/gitlab-org/gitlab-pages/internal/serving/disk/local
#7 180.2 gitlab.com/gitlab-org/gitlab-pages/internal/serving/disk/zip
#7 180.2 gitlab.com/gitlab-org/gitlab-pages/internal/source/gitlab
#7 180.2 gitlab.com/gitlab-org/labkit/metrics
#7 180.4 google.golang.org/grpc
#7 180.7 github.com/googleapis/gax-go/v2
#7 180.7 google.golang.org/api/internal
#7 180.7 google.golang.org/grpc/credentials/alts/internal/handshaker/service
#7 180.7 google.golang.org/grpc/balancer/grpclb/grpc_lb_v1
#7 180.7 google.golang.org/genproto/googleapis/devtools/cloudprofiler/v2
#7 180.7 google.golang.org/grpc/credentials/alts/internal/proto/grpc_gcp
#7 180.7 google.golang.org/api/option
#7 180.8 google.golang.org/grpc/balancer/grpclb
#7 180.8 google.golang.org/grpc/credentials/alts/internal/authinfo
#7 180.8 google.golang.org/grpc/credentials/alts/internal/handshaker
#7 180.8 google.golang.org/grpc/credentials/alts
#7 180.9 google.golang.org/grpc/credentials/google
#7 180.9 google.golang.org/api/transport/grpc
#7 180.9 cloud.google.com/go/profiler
#7 181.0 gitlab.com/gitlab-org/labkit/monitoring
#7 181.0 gitlab.com/gitlab-org/gitlab-pages
#7 181.8 cp -f ./bin/gitlab-pages .
#7 181.8 make: Leaving directory '/tmp/gitlab-pages'
#7 182.6 Downloading gitaly v.14.4.3...
#7 184.5 Note: switching to '3637f7830aea0fbe10bee7dfeeb3f6ab0d383044'.
#7 184.5 
#7 184.5 You are in 'detached HEAD' state. You can look around, make experimental
#7 184.5 changes and commit them, and you can discard any commits you make in this
#7 184.5 state without impacting any branches by switching back to a branch.
#7 184.5 
#7 184.5 If you want to create a new branch to retain commits you create, you may
#7 184.5 do so (now or later) by using -c with the switch command. Example:
#7 184.5 
#7 184.5   git switch -c <new-branch-name>
#7 184.5 
#7 184.5 Or undo this operation with:
#7 184.5 
#7 184.5   git switch -
#7 184.5 
#7 184.5 Turn off this advice by setting config variable advice.detachedHead to false
#7 184.5 
#7 184.7 make: Entering directory '/tmp/gitaly'
#7 188.5 -- The C compiler identification is GNU 8.3.0
#7 188.5 -- Check for working C compiler: /usr/bin/cc
#7 188.6 -- Check for working C compiler: /usr/bin/cc -- works
#7 188.6 -- Detecting C compiler ABI info
#7 188.6 -- Detecting C compiler ABI info - done
#7 188.6 -- Detecting C compile features
#7 188.6 -- Detecting C compile features - done
#7 188.6 -- Found PkgConfig: /usr/bin/pkg-config (found version "0.29") 
#7 188.6 -- Looking for pthread.h
#7 188.7 -- Looking for pthread.h - found
#7 188.7 -- Performing Test CMAKE_HAVE_LIBC_PTHREAD
#7 188.8 -- Performing Test CMAKE_HAVE_LIBC_PTHREAD - Failed
#7 188.8 -- Looking for pthread_create in pthreads
#7 188.9 -- Looking for pthread_create in pthreads - not found
#7 188.9 -- Looking for pthread_create in pthread
#7 189.0 -- Looking for pthread_create in pthread - found
#7 189.0 -- Found Threads: TRUE  
#7 189.0 -- Performing Test HAVE_STRUCT_STAT_ST_MTIM
#7 189.0 -- Performing Test HAVE_STRUCT_STAT_ST_MTIM - Success
#7 189.0 -- Performing Test HAVE_STRUCT_STAT_ST_MTIMESPEC
#7 189.1 -- Performing Test HAVE_STRUCT_STAT_ST_MTIMESPEC - Failed
#7 189.1 -- Performing Test HAVE_STRUCT_STAT_MTIME_NSEC
#7 189.1 -- Performing Test HAVE_STRUCT_STAT_MTIME_NSEC - Failed
#7 189.1 -- Performing Test HAVE_STRUCT_STAT_NSEC
#7 189.2 -- Performing Test HAVE_STRUCT_STAT_NSEC - Success
#7 189.2 -- Performing Test IS_WALL_SUPPORTED
#7 189.3 -- Performing Test IS_WALL_SUPPORTED - Success
#7 189.3 -- Performing Test IS_WEXTRA_SUPPORTED
#7 189.3 -- Performing Test IS_WEXTRA_SUPPORTED - Success
#7 189.3 -- Performing Test IS_WDOCUMENTATION_SUPPORTED
#7 189.4 -- Performing Test IS_WDOCUMENTATION_SUPPORTED - Failed
#7 189.4 -- Performing Test IS_WNO_DOCUMENTATION_DEPRECATED_SYNC_SUPPORTED
#7 189.4 -- Performing Test IS_WNO_DOCUMENTATION_DEPRECATED_SYNC_SUPPORTED - Success
#7 189.4 -- Performing Test IS_WNO_MISSING_FIELD_INITIALIZERS_SUPPORTED
#7 189.5 -- Performing Test IS_WNO_MISSING_FIELD_INITIALIZERS_SUPPORTED - Success
#7 189.5 -- Performing Test IS_WSTRICT_ALIASING_SUPPORTED
#7 189.6 -- Performing Test IS_WSTRICT_ALIASING_SUPPORTED - Success
#7 189.6 -- Performing Test IS_WSTRICT_PROTOTYPES_SUPPORTED
#7 189.7 -- Performing Test IS_WSTRICT_PROTOTYPES_SUPPORTED - Success
#7 189.7 -- Performing Test IS_WDECLARATION_AFTER_STATEMENT_SUPPORTED
#7 189.7 -- Performing Test IS_WDECLARATION_AFTER_STATEMENT_SUPPORTED - Success
#7 189.7 -- Performing Test IS_WSHIFT_COUNT_OVERFLOW_SUPPORTED
#7 189.8 -- Performing Test IS_WSHIFT_COUNT_OVERFLOW_SUPPORTED - Success
#7 189.8 -- Performing Test IS_WUNUSED_CONST_VARIABLE_SUPPORTED
#7 189.9 -- Performing Test IS_WUNUSED_CONST_VARIABLE_SUPPORTED - Success
#7 189.9 -- Performing Test IS_WUNUSED_FUNCTION_SUPPORTED
#7 190.0 -- Performing Test IS_WUNUSED_FUNCTION_SUPPORTED - Success
#7 190.0 -- Performing Test IS_WINT_CONVERSION_SUPPORTED
#7 190.0 -- Performing Test IS_WINT_CONVERSION_SUPPORTED - Success
#7 190.0 -- Performing Test IS_WFORMAT_SUPPORTED
#7 190.1 -- Performing Test IS_WFORMAT_SUPPORTED - Success
#7 190.1 -- Performing Test IS_WFORMAT_SECURITY_SUPPORTED
#7 190.2 -- Performing Test IS_WFORMAT_SECURITY_SUPPORTED - Success
#7 190.2 -- Performing Test IS_WMISSING_DECLARATIONS_SUPPORTED
#7 190.3 -- Performing Test IS_WMISSING_DECLARATIONS_SUPPORTED - Success
#7 190.3 -- Looking for futimens
#7 190.3 -- Looking for futimens - found
#7 190.4 -- Checking prototype qsort_r for HAVE_QSORT_R_BSD - False
#7 190.5 -- Checking prototype qsort_r for HAVE_QSORT_R_GNU - True
#7 190.5 -- Looking for qsort_s
#7 190.5 -- Looking for qsort_s - not found
#7 190.5 -- Looking for clock_gettime in rt
#7 190.6 -- Looking for clock_gettime in rt - found
#7 190.7 -- Found OpenSSL: /usr/lib/x86_64-linux-gnu/libcrypto.so (found version "1.1.1n")  
#7 190.7 -- Could NOT find PCRE (missing: PCRE_LIBRARY PCRE_POSIX_LIBRARY PCRE_INCLUDE_DIR) 
#7 190.7 -- Looking for dirent.h
#7 190.8 -- Looking for dirent.h - found
#7 190.8 -- Looking for stdint.h
#7 190.8 -- Looking for stdint.h - found
#7 190.8 -- Looking for inttypes.h
#7 190.9 -- Looking for inttypes.h - found
#7 190.9 -- Looking for sys/stat.h
#7 191.0 -- Looking for sys/stat.h - found
#7 191.0 -- Looking for sys/types.h
#7 191.1 -- Looking for sys/types.h - found
#7 191.1 -- Looking for unistd.h
#7 191.2 -- Looking for unistd.h - found
#7 191.2 -- Looking for windows.h
#7 191.2 -- Looking for windows.h - not found
#7 191.2 -- Looking for bcopy
#7 191.3 -- Looking for bcopy - found
#7 191.3 -- Looking for memmove
#7 191.4 -- Looking for memmove - found
#7 191.4 -- Looking for strerror
#7 191.4 -- Looking for strerror - found
#7 191.4 -- Looking for strtoll
#7 191.5 -- Looking for strtoll - found
#7 191.5 -- Looking for strtoq
#7 191.6 -- Looking for strtoq - found
#7 191.6 -- Looking for _strtoi64
#7 191.7 -- Looking for _strtoi64 - not found
#7 191.7 -- Looking for stddef.h
#7 191.8 -- Looking for stddef.h - found
#7 191.8 -- Check size of long long
#7 191.8 -- Check size of long long - done
#7 191.8 -- Check size of unsigned long long
#7 191.9 -- Check size of unsigned long long - done
#7 191.9 -- Performing Test IS_WNO_UNUSED_FUNCTION_SUPPORTED
#7 192.0 -- Performing Test IS_WNO_UNUSED_FUNCTION_SUPPORTED - Success
#7 192.0 -- Performing Test IS_WNO_IMPLICIT_FALLTHROUGH_SUPPORTED
#7 192.1 -- Performing Test IS_WNO_IMPLICIT_FALLTHROUGH_SUPPORTED - Success
#7 192.1 -- http-parser version 2 was not found or disabled; using bundled 3rd-party sources.
#7 192.1 -- Performing Test IS_WIMPLICIT_FALLTHROUGH_1_SUPPORTED
#7 192.2 -- Performing Test IS_WIMPLICIT_FALLTHROUGH_1_SUPPORTED - Success
#7 192.2 -- LIBSSH2 not found. Set CMAKE_PREFIX_PATH if it is installed outside of the default search path.
#7 192.2 -- Found GSSAPI: /usr/lib/x86_64-linux-gnu/libgssapi_krb5.so;/usr/lib/x86_64-linux-gnu/libkrb5.so;/usr/lib/x86_64-linux-gnu/libk5crypto.so;/usr/lib/x86_64-linux-gnu/libcom_err.so  
#7 192.2 -- Enabled features:
#7 192.2  * nanoseconds, whether to use sub-second file mtimes and ctimes
#7 192.2  * threadsafe, threadsafe support
#7 192.2  * SHA, using CollisionDetection
#7 192.2  * regex, using bundled PCRE
#7 192.2  * http-parser, http-parser support (bundled)
#7 192.2  * zlib, using bundled zlib
#7 192.2 
#7 192.2 -- Disabled features:
#7 192.2  * debugpool, debug pool allocator
#7 192.2  * tracing, tracing support
#7 192.2  * HTTPS
#7 192.2  * SSH, SSH transport support
#7 192.2  * ntlmclient, NTLM authentication support for Unix
#7 192.2  * SPNEGO, SPNEGO authentication support
#7 192.2  * iconv, iconv encoding conversion support
#7 192.2 
#7 192.2 -- Configuring done
#7 192.2 -- Generating done
#7 192.2 -- Build files have been written to: /tmp/gitaly/_build/deps/libgit2/build
#7 192.2 make[1]: Entering directory '/tmp/gitaly/_build/deps/libgit2/build'
#7 192.3 make[2]: Entering directory '/tmp/gitaly/_build/deps/libgit2/build'
#7 192.3 make[3]: Entering directory '/tmp/gitaly/_build/deps/libgit2/build'
#7 192.3 make[3]: Entering directory '/tmp/gitaly/_build/deps/libgit2/build'
#7 192.3 make[3]: Entering directory '/tmp/gitaly/_build/deps/libgit2/build'
#7 192.3 make[3]: Entering directory '/tmp/gitaly/_build/deps/libgit2/build'
#7 192.3 Scanning dependencies of target http-parser
#7 192.3 make[3]: Leaving directory '/tmp/gitaly/_build/deps/libgit2/build'
#7 192.3 make[3]: Entering directory '/tmp/gitaly/_build/deps/libgit2/build'
#7 192.3 Scanning dependencies of target zlib
#7 192.3 make[3]: Leaving directory '/tmp/gitaly/_build/deps/libgit2/build'
#7 192.3 make[3]: Entering directory '/tmp/gitaly/_build/deps/libgit2/build'
#7 192.3 [  0%] Building C object deps/http-parser/CMakeFiles/http-parser.dir/http_parser.c.o
#7 192.3 Scanning dependencies of target pcre
#7 192.3 make[3]: Leaving directory '/tmp/gitaly/_build/deps/libgit2/build'
#7 192.3 make[3]: Entering directory '/tmp/gitaly/_build/deps/libgit2/build'
#7 192.3 [  1%] Building C object deps/zlib/CMakeFiles/zlib.dir/adler32.c.o
#7 192.3 [  1%] Building C object deps/zlib/CMakeFiles/zlib.dir/infback.c.o
#7 192.3 [  1%] Building C object deps/zlib/CMakeFiles/zlib.dir/deflate.c.o
#7 192.3 [  2%] Building C object deps/zlib/CMakeFiles/zlib.dir/trees.c.o
#7 192.3 [  3%] Building C object deps/zlib/CMakeFiles/zlib.dir/zutil.c.o
#7 192.3 [  3%] Building C object deps/zlib/CMakeFiles/zlib.dir/inftrees.c.o
#7 192.3 [  5%] Building C object deps/zlib/CMakeFiles/zlib.dir/crc32.c.o
#7 192.3 [  5%] Building C object deps/zlib/CMakeFiles/zlib.dir/inffast.c.o
#7 192.3 [  5%] Building C object deps/zlib/CMakeFiles/zlib.dir/inflate.c.o
#7 192.3 [  6%] Building C object deps/pcre/CMakeFiles/pcre.dir/pcre_byte_order.c.o
#7 192.3 [  6%] Building C object deps/pcre/CMakeFiles/pcre.dir/pcre_config.c.o
#7 192.3 [  6%] Building C object deps/pcre/CMakeFiles/pcre.dir/pcre_exec.c.o
#7 192.3 [  6%] Building C object deps/pcre/CMakeFiles/pcre.dir/pcre_chartables.c.o
#7 192.3 [  8%] Building C object deps/pcre/CMakeFiles/pcre.dir/pcre_compile.c.o
#7 192.3 [  8%] Building C object deps/pcre/CMakeFiles/pcre.dir/pcre_dfa_exec.c.o
#7 192.3 [  9%] Building C object deps/pcre/CMakeFiles/pcre.dir/pcre_fullinfo.c.o
#7 192.3 [ 10%] Building C object deps/pcre/CMakeFiles/pcre.dir/pcre_get.c.o
#7 192.3 [ 10%] Building C object deps/pcre/CMakeFiles/pcre.dir/pcre_globals.c.o
#7 192.4 [ 11%] Building C object deps/pcre/CMakeFiles/pcre.dir/pcre_jit_compile.c.o
#7 192.4 [ 11%] Building C object deps/pcre/CMakeFiles/pcre.dir/pcre_maketables.c.o
#7 192.4 [ 12%] Building C object deps/pcre/CMakeFiles/pcre.dir/pcre_newline.c.o
#7 192.4 [ 12%] Building C object deps/pcre/CMakeFiles/pcre.dir/pcre_ord2utf8.c.o
#7 192.4 [ 13%] Building C object deps/pcre/CMakeFiles/pcre.dir/pcre_refcount.c.o
#7 192.4 [ 13%] Building C object deps/pcre/CMakeFiles/pcre.dir/pcre_string_utils.c.o
#7 192.4 [ 14%] Building C object deps/pcre/CMakeFiles/pcre.dir/pcre_study.c.o
#7 192.4 [ 14%] Building C object deps/pcre/CMakeFiles/pcre.dir/pcre_tables.c.o
#7 192.4 [ 15%] Building C object deps/pcre/CMakeFiles/pcre.dir/pcre_valid_utf8.c.o
#7 192.4 [ 15%] Building C object deps/pcre/CMakeFiles/pcre.dir/pcre_ucd.c.o
#7 192.5 [ 16%] Building C object deps/pcre/CMakeFiles/pcre.dir/pcre_version.c.o
#7 192.5 [ 16%] Building C object deps/pcre/CMakeFiles/pcre.dir/pcre_xclass.c.o
#7 192.5 [ 17%] Building C object deps/pcre/CMakeFiles/pcre.dir/pcreposix.c.o
#7 192.6 make[3]: Leaving directory '/tmp/gitaly/_build/deps/libgit2/build'
#7 192.6 [ 17%] Built target http-parser
#7 192.7 make[3]: Leaving directory '/tmp/gitaly/_build/deps/libgit2/build'
#7 192.7 [ 17%] Built target zlib
#7 193.1 Scanning dependencies of target git2internal
#7 193.1 make[3]: Leaving directory '/tmp/gitaly/_build/deps/libgit2/build'
#7 193.1 make[3]: Entering directory '/tmp/gitaly/_build/deps/libgit2/build'
#7 193.1 [ 20%] Building C object src/CMakeFiles/git2internal.dir/allocators/stdalloc.c.o
#7 193.1 [ 20%] Building C object src/CMakeFiles/git2internal.dir/alloc.c.o
#7 193.1 [ 20%] Building C object src/CMakeFiles/git2internal.dir/allocators/win32_crtdbg.c.o
#7 193.1 [ 20%] Building C object src/CMakeFiles/git2internal.dir/hash/sha1/collisiondetect.c.o
#7 193.1 [ 22%] Building C object src/CMakeFiles/git2internal.dir/annotated_commit.c.o
#7 193.1 [ 22%] Building C object src/CMakeFiles/git2internal.dir/hash/sha1/sha1dc/ubc_check.c.o
#7 193.1 [ 22%] Building C object src/CMakeFiles/git2internal.dir/unix/map.c.o
#7 193.1 [ 22%] Building C object src/CMakeFiles/git2internal.dir/unix/realpath.c.o
#7 193.1 [ 22%] Building C object src/CMakeFiles/git2internal.dir/hash/sha1/sha1dc/sha1.c.o
#7 193.1 [ 23%] Building C object src/CMakeFiles/git2internal.dir/attr.c.o
#7 193.1 [ 23%] Building C object src/CMakeFiles/git2internal.dir/attr_file.c.o
#7 193.1 [ 23%] Building C object src/CMakeFiles/git2internal.dir/apply.c.o
#7 193.1 [ 24%] Building C object src/CMakeFiles/git2internal.dir/attrcache.c.o
#7 193.1 [ 24%] Building C object src/CMakeFiles/git2internal.dir/blame.c.o
#7 193.1 [ 25%] Building C object src/CMakeFiles/git2internal.dir/blame_git.c.o
#7 193.1 [ 26%] Building C object src/CMakeFiles/git2internal.dir/branch.c.o
#7 193.1 [ 26%] Building C object src/CMakeFiles/git2internal.dir/blob.c.o
#7 193.1 [ 26%] Building C object src/CMakeFiles/git2internal.dir/buf_text.c.o
#7 193.2 [ 27%] Building C object src/CMakeFiles/git2internal.dir/buffer.c.o
#7 193.2 [ 27%] Building C object src/CMakeFiles/git2internal.dir/cache.c.o
#7 193.2 [ 28%] Building C object src/CMakeFiles/git2internal.dir/checkout.c.o
#7 193.2 [ 28%] Building C object src/CMakeFiles/git2internal.dir/cherrypick.c.o
#7 193.2 [ 29%] Building C object src/CMakeFiles/git2internal.dir/clone.c.o
#7 193.2 [ 30%] Building C object src/CMakeFiles/git2internal.dir/commit.c.o
#7 193.2 [ 30%] Building C object src/CMakeFiles/git2internal.dir/commit_list.c.o
#7 193.3 [ 31%] Building C object src/CMakeFiles/git2internal.dir/config.c.o
#7 193.3 [ 32%] Building C object src/CMakeFiles/git2internal.dir/config_cache.c.o
#7 193.3 [ 32%] Building C object src/CMakeFiles/git2internal.dir/config_entries.c.o
#7 193.3 [ 32%] Building C object src/CMakeFiles/git2internal.dir/config_file.c.o
#7 193.3 [ 33%] Building C object src/CMakeFiles/git2internal.dir/config_mem.c.o
#7 193.3 [ 33%] Building C object src/CMakeFiles/git2internal.dir/config_parse.c.o
#7 193.3 [ 34%] Building C object src/CMakeFiles/git2internal.dir/config_snapshot.c.o
#7 193.4 [ 34%] Building C object src/CMakeFiles/git2internal.dir/crlf.c.o
#7 193.4 [ 35%] Building C object src/CMakeFiles/git2internal.dir/date.c.o
#7 193.4 [ 35%] Building C object src/CMakeFiles/git2internal.dir/delta.c.o
#7 193.4 [ 36%] Building C object src/CMakeFiles/git2internal.dir/describe.c.o
#7 193.4 [ 36%] Building C object src/CMakeFiles/git2internal.dir/diff.c.o
#7 193.4 [ 37%] Building C object src/CMakeFiles/git2internal.dir/diff_driver.c.o
#7 193.4 [ 37%] Building C object src/CMakeFiles/git2internal.dir/diff_file.c.o
#7 193.5 [ 38%] Building C object src/CMakeFiles/git2internal.dir/diff_print.c.o
#7 193.5 [ 38%] Building C object src/CMakeFiles/git2internal.dir/diff_parse.c.o
#7 193.5 [ 39%] Building C object src/CMakeFiles/git2internal.dir/diff_generate.c.o
#7 193.5 [ 39%] Building C object src/CMakeFiles/git2internal.dir/diff_stats.c.o
#7 193.5 [ 40%] Building C object src/CMakeFiles/git2internal.dir/diff_tform.c.o
#7 193.5 [ 40%] Building C object src/CMakeFiles/git2internal.dir/diff_xdiff.c.o
#7 193.5 [ 41%] Building C object src/CMakeFiles/git2internal.dir/errors.c.o
#7 193.6 [ 42%] Building C object src/CMakeFiles/git2internal.dir/fetch.c.o
#7 193.6 [ 42%] Building C object src/CMakeFiles/git2internal.dir/fetchhead.c.o
#7 193.6 [ 43%] Building C object src/CMakeFiles/git2internal.dir/filebuf.c.o
#7 193.6 [ 43%] Building C object src/CMakeFiles/git2internal.dir/filter.c.o
#7 193.6 [ 43%] Building C object src/CMakeFiles/git2internal.dir/global.c.o
#7 193.6 [ 44%] Building C object src/CMakeFiles/git2internal.dir/futils.c.o
#7 193.6 [ 45%] Building C object src/CMakeFiles/git2internal.dir/graph.c.o
#7 193.6 [ 45%] Building C object src/CMakeFiles/git2internal.dir/hash.c.o
#7 193.6 [ 46%] Building C object src/CMakeFiles/git2internal.dir/hashsig.c.o
#7 193.7 [ 46%] Building C object src/CMakeFiles/git2internal.dir/ident.c.o
#7 193.7 [ 47%] Building C object src/CMakeFiles/git2internal.dir/idxmap.c.o
#7 193.7 [ 47%] Building C object src/CMakeFiles/git2internal.dir/ignore.c.o
#7 193.7 [ 48%] Building C object src/CMakeFiles/git2internal.dir/index.c.o
#7 193.7 [ 48%] Building C object src/CMakeFiles/git2internal.dir/indexer.c.o
#7 193.7 [ 49%] Building C object src/CMakeFiles/git2internal.dir/iterator.c.o
#7 193.7 [ 49%] Building C object src/CMakeFiles/git2internal.dir/mailmap.c.o
#7 193.7 [ 50%] Building C object src/CMakeFiles/git2internal.dir/merge.c.o
#7 193.8 [ 50%] Building C object src/CMakeFiles/git2internal.dir/merge_driver.c.o
#7 193.8 [ 51%] Building C object src/CMakeFiles/git2internal.dir/merge_file.c.o
#7 193.8 [ 52%] Building C object src/CMakeFiles/git2internal.dir/midx.c.o
#7 193.8 [ 52%] Building C object src/CMakeFiles/git2internal.dir/message.c.o
#7 193.8 [ 52%] Building C object src/CMakeFiles/git2internal.dir/mwindow.c.o
#7 193.8 [ 53%] Building C object src/CMakeFiles/git2internal.dir/net.c.o
#7 193.8 [ 53%] Building C object src/CMakeFiles/git2internal.dir/netops.c.o
#7 193.8 [ 54%] Building C object src/CMakeFiles/git2internal.dir/notes.c.o
#7 193.9 [ 54%] Building C object src/CMakeFiles/git2internal.dir/object_api.c.o
#7 193.9 [ 55%] Building C object src/CMakeFiles/git2internal.dir/object.c.o
#7 193.9 [ 56%] Building C object src/CMakeFiles/git2internal.dir/odb.c.o
#7 193.9 [ 56%] Building C object src/CMakeFiles/git2internal.dir/odb_loose.c.o
#7 193.9 [ 56%] Building C object src/CMakeFiles/git2internal.dir/odb_pack.c.o
#7 193.9 [ 57%] Building C object src/CMakeFiles/git2internal.dir/odb_mempack.c.o
#7 193.9 [ 58%] Building C object src/CMakeFiles/git2internal.dir/offmap.c.o
#7 193.9 [ 58%] Building C object src/CMakeFiles/git2internal.dir/oid.c.o
#7 193.9 [ 59%] Building C object src/CMakeFiles/git2internal.dir/oidarray.c.o
#7 194.0 [ 59%] Building C object src/CMakeFiles/git2internal.dir/oidmap.c.o
#7 194.0 [ 59%] Building C object src/CMakeFiles/git2internal.dir/pack.c.o
#7 194.0 [ 60%] Building C object src/CMakeFiles/git2internal.dir/pack-objects.c.o
#7 194.0 [ 61%] Building C object src/CMakeFiles/git2internal.dir/parse.c.o
#7 194.0 [ 61%] Building C object src/CMakeFiles/git2internal.dir/patch.c.o
#7 194.0 [ 62%] Building C object src/CMakeFiles/git2internal.dir/patch_generate.c.o
#7 194.0 [ 62%] Building C object src/CMakeFiles/git2internal.dir/patch_parse.c.o
#7 194.1 [ 62%] Building C object src/CMakeFiles/git2internal.dir/pathspec.c.o
#7 194.1 [ 63%] Building C object src/CMakeFiles/git2internal.dir/path.c.o
#7 194.1 [ 64%] Building C object src/CMakeFiles/git2internal.dir/pool.c.o
#7 194.1 [ 64%] Building C object src/CMakeFiles/git2internal.dir/posix.c.o
#7 194.2 [ 64%] Building C object src/CMakeFiles/git2internal.dir/proxy.c.o
#7 194.2 [ 65%] Building C object src/CMakeFiles/git2internal.dir/pqueue.c.o
#7 194.2 [ 66%] Building C object src/CMakeFiles/git2internal.dir/reader.c.o
#7 194.2 [ 67%] Building C object src/CMakeFiles/git2internal.dir/push.c.o
#7 194.2 [ 67%] Building C object src/CMakeFiles/git2internal.dir/rebase.c.o
#7 194.2 [ 68%] Building C object src/CMakeFiles/git2internal.dir/refdb.c.o
#7 194.2 [ 68%] Building C object src/CMakeFiles/git2internal.dir/refdb_fs.c.o
#7 194.3 [ 68%] Building C object src/CMakeFiles/git2internal.dir/refs.c.o
#7 194.3 [ 69%] Building C object src/CMakeFiles/git2internal.dir/reflog.c.o
#7 194.3 [ 70%] Building C object src/CMakeFiles/git2internal.dir/refspec.c.o
#7 194.3 [ 70%] Building C object src/CMakeFiles/git2internal.dir/regexp.c.o
#7 194.3 [ 71%] Building C object src/CMakeFiles/git2internal.dir/reset.c.o
#7 194.3 [ 71%] Building C object src/CMakeFiles/git2internal.dir/repository.c.o
#7 194.3 [ 71%] Building C object src/CMakeFiles/git2internal.dir/revert.c.o
#7 194.3 [ 72%] Building C object src/CMakeFiles/git2internal.dir/remote.c.o
#7 194.3 [ 73%] Building C object src/CMakeFiles/git2internal.dir/revparse.c.o
#7 194.3 [ 73%] Building C object src/CMakeFiles/git2internal.dir/revwalk.c.o
#7 194.4 [ 74%] Building C object src/CMakeFiles/git2internal.dir/settings.c.o
#7 194.4 [ 74%] Building C object src/CMakeFiles/git2internal.dir/signature.c.o
#7 194.4 [ 75%] Building C object src/CMakeFiles/git2internal.dir/sortedcache.c.o
#7 194.4 [ 75%] Building C object src/CMakeFiles/git2internal.dir/stash.c.o
#7 194.4 [ 76%] Building C object src/CMakeFiles/git2internal.dir/status.c.o
#7 194.4 [ 77%] Building C object src/CMakeFiles/git2internal.dir/streams/mbedtls.c.o
#7 194.4 [ 77%] Building C object src/CMakeFiles/git2internal.dir/strarray.c.o
#7 194.4 [ 77%] Building C object src/CMakeFiles/git2internal.dir/streams/openssl.c.o
#7 194.5 [ 78%] Building C object src/CMakeFiles/git2internal.dir/streams/registry.c.o
#7 194.5 [ 78%] Building C object src/CMakeFiles/git2internal.dir/streams/socket.c.o
#7 194.5 [ 79%] Building C object src/CMakeFiles/git2internal.dir/streams/stransport.c.o
#7 194.5 [ 80%] Building C object src/CMakeFiles/git2internal.dir/streams/tls.c.o
#7 194.5 [ 80%] Building C object src/CMakeFiles/git2internal.dir/strmap.c.o
#7 194.5 make[3]: Leaving directory '/tmp/gitaly/_build/deps/libgit2/build'
#7 194.5 [ 80%] Building C object src/CMakeFiles/git2internal.dir/sysdir.c.o
#7 194.5 [ 81%] Building C object src/CMakeFiles/git2internal.dir/submodule.c.o
#7 194.5 [ 82%] Building C object src/CMakeFiles/git2internal.dir/tag.c.o
#7 194.6 [ 82%] Building C object src/CMakeFiles/git2internal.dir/thread-utils.c.o
#7 194.6 [ 82%] Built target pcre
#7 194.6 [ 82%] Building C object src/CMakeFiles/git2internal.dir/trailer.c.o
#7 194.6 [ 83%] Building C object src/CMakeFiles/git2internal.dir/trace.c.o
#7 194.6 [ 84%] Building C object src/CMakeFiles/git2internal.dir/transaction.c.o
#7 194.6 [ 85%] Building C object src/CMakeFiles/git2internal.dir/transports/auth.c.o
#7 194.6 [ 85%] Building C object src/CMakeFiles/git2internal.dir/transport.c.o
#7 194.6 [ 85%] Building C object src/CMakeFiles/git2internal.dir/transports/auth_negotiate.c.o
#7 194.6 [ 86%] Building C object src/CMakeFiles/git2internal.dir/transports/auth_ntlm.c.o
#7 194.6 [ 86%] Building C object src/CMakeFiles/git2internal.dir/transports/credential.c.o
#7 194.6 [ 87%] Building C object src/CMakeFiles/git2internal.dir/transports/credential_helpers.c.o
#7 194.6 [ 87%] Building C object src/CMakeFiles/git2internal.dir/transports/git.c.o
#7 194.7 [ 88%] Building C object src/CMakeFiles/git2internal.dir/transports/http.c.o
#7 194.7 [ 89%] Building C object src/CMakeFiles/git2internal.dir/transports/local.c.o
#7 194.7 [ 89%] Building C object src/CMakeFiles/git2internal.dir/transports/httpclient.c.o
#7 194.7 [ 89%] Building C object src/CMakeFiles/git2internal.dir/transports/smart.c.o
#7 194.7 [ 90%] Building C object src/CMakeFiles/git2internal.dir/transports/smart_pkt.c.o
#7 194.7 [ 90%] Building C object src/CMakeFiles/git2internal.dir/transports/smart_protocol.c.o
#7 194.7 [ 91%] Building C object src/CMakeFiles/git2internal.dir/tree-cache.c.o
#7 194.7 [ 91%] Building C object src/CMakeFiles/git2internal.dir/transports/winhttp.c.o
#7 194.7 [ 92%] Building C object src/CMakeFiles/git2internal.dir/transports/ssh.c.o
#7 194.7 [ 93%] Building C object src/CMakeFiles/git2internal.dir/tree.c.o
#7 194.7 [ 93%] Building C object src/CMakeFiles/git2internal.dir/tsort.c.o
#7 194.7 [ 94%] Building C object src/CMakeFiles/git2internal.dir/util.c.o
#7 194.8 [ 94%] Building C object src/CMakeFiles/git2internal.dir/varint.c.o
#7 194.8 [ 95%] Building C object src/CMakeFiles/git2internal.dir/vector.c.o
#7 194.8 [ 95%] Building C object src/CMakeFiles/git2internal.dir/wildmatch.c.o
#7 194.8 [ 96%] Building C object src/CMakeFiles/git2internal.dir/worktree.c.o
#7 194.8 [ 96%] Building C object src/CMakeFiles/git2internal.dir/xdiff/xdiffi.c.o
#7 194.8 [ 97%] Building C object src/CMakeFiles/git2internal.dir/xdiff/xemit.c.o
#7 194.8 [ 98%] Building C object src/CMakeFiles/git2internal.dir/xdiff/xmerge.c.o
#7 194.8 [ 98%] Building C object src/CMakeFiles/git2internal.dir/xdiff/xhistogram.c.o
#7 194.9 [ 99%] Building C object src/CMakeFiles/git2internal.dir/xdiff/xprepare.c.o
#7 194.9 [ 99%] Building C object src/CMakeFiles/git2internal.dir/xdiff/xpatience.c.o
#7 194.9 [ 99%] Building C object src/CMakeFiles/git2internal.dir/xdiff/xutils.c.o
#7 194.9 [100%] Building C object src/CMakeFiles/git2internal.dir/zstream.c.o
#7 195.1 make[3]: Leaving directory '/tmp/gitaly/_build/deps/libgit2/build'
#7 195.1 [100%] Built target git2internal
#7 195.1 make[3]: Entering directory '/tmp/gitaly/_build/deps/libgit2/build'
#7 195.1 Scanning dependencies of target git2
#7 195.1 make[3]: Leaving directory '/tmp/gitaly/_build/deps/libgit2/build'
#7 195.1 make[3]: Entering directory '/tmp/gitaly/_build/deps/libgit2/build'
#7 195.1 [100%] Linking C static library ../libgit2.a
#7 195.3 make[3]: Leaving directory '/tmp/gitaly/_build/deps/libgit2/build'
#7 195.3 [100%] Built target git2
#7 195.3 make[2]: Leaving directory '/tmp/gitaly/_build/deps/libgit2/build'
#7 195.3 Install the project...
#7 195.3 -- Install configuration: "Release"
#7 195.3 -- Installing: /tmp/gitaly/_build/deps/libgit2/install/lib/pkgconfig/libgit2.pc
#7 195.3 -- Installing: /tmp/gitaly/_build/deps/libgit2/install/lib/libgit2.a
#7 195.3 -- Installing: /tmp/gitaly/_build/deps/libgit2/install/include/git2
#7 195.3 -- Installing: /tmp/gitaly/_build/deps/libgit2/install/include/git2/credential.h
#7 195.3 -- Installing: /tmp/gitaly/_build/deps/libgit2/install/include/git2/types.h
#7 195.3 -- Installing: /tmp/gitaly/_build/deps/libgit2/install/include/git2/stdint.h
#7 195.3 -- Installing: /tmp/gitaly/_build/deps/libgit2/install/include/git2/remote.h
#7 195.3 -- Installing: /tmp/gitaly/_build/deps/libgit2/install/include/git2/status.h
#7 195.3 -- Installing: /tmp/gitaly/_build/deps/libgit2/install/include/git2/branch.h
#7 195.3 -- Installing: /tmp/gitaly/_build/deps/libgit2/install/include/git2/net.h
#7 195.3 -- Installing: /tmp/gitaly/_build/deps/libgit2/install/include/git2/cred_helpers.h
#7 195.3 -- Installing: /tmp/gitaly/_build/deps/libgit2/install/include/git2/proxy.h
#7 195.3 -- Installing: /tmp/gitaly/_build/deps/libgit2/install/include/git2/notes.h
#7 195.3 -- Installing: /tmp/gitaly/_build/deps/libgit2/install/include/git2/oid.h
#7 195.3 -- Installing: /tmp/gitaly/_build/deps/libgit2/install/include/git2/cert.h
#7 195.3 -- Installing: /tmp/gitaly/_build/deps/libgit2/install/include/git2/odb.h
#7 195.3 -- Installing: /tmp/gitaly/_build/deps/libgit2/install/include/git2/indexer.h
#7 195.3 -- Installing: /tmp/gitaly/_build/deps/libgit2/install/include/git2/blame.h
#7 195.3 -- Installing: /tmp/gitaly/_build/deps/libgit2/install/include/git2/index.h
#7 195.3 -- Installing: /tmp/gitaly/_build/deps/libgit2/install/include/git2/commit.h
#7 195.3 -- Installing: /tmp/gitaly/_build/deps/libgit2/install/include/git2/worktree.h
#7 195.3 -- Installing: /tmp/gitaly/_build/deps/libgit2/install/include/git2/clone.h
#7 195.3 -- Installing: /tmp/gitaly/_build/deps/libgit2/install/include/git2/credential_helpers.h
#7 195.3 -- Installing: /tmp/gitaly/_build/deps/libgit2/install/include/git2/signature.h
#7 195.3 -- Installing: /tmp/gitaly/_build/deps/libgit2/install/include/git2/version.h
#7 195.3 -- Installing: /tmp/gitaly/_build/deps/libgit2/install/include/git2/message.h
#7 195.3 -- Installing: /tmp/gitaly/_build/deps/libgit2/install/include/git2/graph.h
#7 195.3 -- Installing: /tmp/gitaly/_build/deps/libgit2/install/include/git2/pathspec.h
#7 195.3 -- Installing: /tmp/gitaly/_build/deps/libgit2/install/include/git2/transport.h
#7 195.3 -- Installing: /tmp/gitaly/_build/deps/libgit2/install/include/git2/mailmap.h
#7 195.3 -- Installing: /tmp/gitaly/_build/deps/libgit2/install/include/git2/strarray.h
#7 195.3 -- Installing: /tmp/gitaly/_build/deps/libgit2/install/include/git2/oidarray.h
#7 195.3 -- Installing: /tmp/gitaly/_build/deps/libgit2/install/include/git2/revwalk.h
#7 195.3 -- Installing: /tmp/gitaly/_build/deps/libgit2/install/include/git2/revparse.h
#7 195.3 -- Installing: /tmp/gitaly/_build/deps/libgit2/install/include/git2/trace.h
#7 195.3 -- Installing: /tmp/gitaly/_build/deps/libgit2/install/include/git2/pack.h
#7 195.3 -- Installing: /tmp/gitaly/_build/deps/libgit2/install/include/git2/ignore.h
#7 195.3 -- Installing: /tmp/gitaly/_build/deps/libgit2/install/include/git2/refs.h
#7 195.3 -- Installing: /tmp/gitaly/_build/deps/libgit2/install/include/git2/revert.h
#7 195.3 -- Installing: /tmp/gitaly/_build/deps/libgit2/install/include/git2/tag.h
#7 195.3 -- Installing: /tmp/gitaly/_build/deps/libgit2/install/include/git2/reflog.h
#7 195.3 -- Installing: /tmp/gitaly/_build/deps/libgit2/install/include/git2/submodule.h
#7 195.3 -- Installing: /tmp/gitaly/_build/deps/libgit2/install/include/git2/sys
#7 195.3 -- Installing: /tmp/gitaly/_build/deps/libgit2/install/include/git2/sys/credential.h
#7 195.3 -- Installing: /tmp/gitaly/_build/deps/libgit2/install/include/git2/sys/merge.h
#7 195.3 -- Installing: /tmp/gitaly/_build/deps/libgit2/install/include/git2/sys/diff.h
#7 195.3 -- Installing: /tmp/gitaly/_build/deps/libgit2/install/include/git2/sys/commit.h
#7 195.3 -- Installing: /tmp/gitaly/_build/deps/libgit2/install/include/git2/sys/hashsig.h
#7 195.3 -- Installing: /tmp/gitaly/_build/deps/libgit2/install/include/git2/sys/refs.h
#7 195.3 -- Installing: /tmp/gitaly/_build/deps/libgit2/install/include/git2/sys/stream.h
#7 195.3 -- Installing: /tmp/gitaly/_build/deps/libgit2/install/include/git2/sys/openssl.h
#7 195.3 -- Installing: /tmp/gitaly/_build/deps/libgit2/install/include/git2/sys/cred.h
#7 195.3 -- Installing: /tmp/gitaly/_build/deps/libgit2/install/include/git2/sys/mempack.h
#7 195.3 -- Installing: /tmp/gitaly/_build/deps/libgit2/install/include/git2/sys/refdb_backend.h
#7 195.3 -- Installing: /tmp/gitaly/_build/deps/libgit2/install/include/git2/sys/alloc.h
#7 195.3 -- Installing: /tmp/gitaly/_build/deps/libgit2/install/include/git2/sys/path.h
#7 195.3 -- Installing: /tmp/gitaly/_build/deps/libgit2/install/include/git2/sys/filter.h
#7 195.3 -- Installing: /tmp/gitaly/_build/deps/libgit2/install/include/git2/sys/config.h
#7 195.3 -- Installing: /tmp/gitaly/_build/deps/libgit2/install/include/git2/sys/transport.h
#7 195.3 -- Installing: /tmp/gitaly/_build/deps/libgit2/install/include/git2/sys/reflog.h
#7 195.3 -- Installing: /tmp/gitaly/_build/deps/libgit2/install/include/git2/sys/repository.h
#7 195.3 -- Installing: /tmp/gitaly/_build/deps/libgit2/install/include/git2/sys/index.h
#7 195.3 -- Installing: /tmp/gitaly/_build/deps/libgit2/install/include/git2/sys/odb_backend.h
#7 195.3 -- Installing: /tmp/gitaly/_build/deps/libgit2/install/include/git2/merge.h
#7 195.3 -- Installing: /tmp/gitaly/_build/deps/libgit2/install/include/git2/tree.h
#7 195.3 -- Installing: /tmp/gitaly/_build/deps/libgit2/install/include/git2/refspec.h
#7 195.3 -- Installing: /tmp/gitaly/_build/deps/libgit2/install/include/git2/apply.h
#7 195.3 -- Installing: /tmp/gitaly/_build/deps/libgit2/install/include/git2/describe.h
#7 195.3 -- Installing: /tmp/gitaly/_build/deps/libgit2/install/include/git2/buffer.h
#7 195.3 -- Installing: /tmp/gitaly/_build/deps/libgit2/install/include/git2/diff.h
#7 195.3 -- Installing: /tmp/gitaly/_build/deps/libgit2/install/include/git2/checkout.h
#7 195.3 -- Installing: /tmp/gitaly/_build/deps/libgit2/install/include/git2/errors.h
#7 195.3 -- Installing: /tmp/gitaly/_build/deps/libgit2/install/include/git2/refdb.h
#7 195.3 -- Installing: /tmp/gitaly/_build/deps/libgit2/install/include/git2/patch.h
#7 195.3 -- Installing: /tmp/gitaly/_build/deps/libgit2/install/include/git2/stash.h
#7 195.3 -- Installing: /tmp/gitaly/_build/deps/libgit2/install/include/git2/common.h
#7 195.3 -- Installing: /tmp/gitaly/_build/deps/libgit2/install/include/git2/filter.h
#7 195.3 -- Installing: /tmp/gitaly/_build/deps/libgit2/install/include/git2/config.h
#7 195.3 -- Installing: /tmp/gitaly/_build/deps/libgit2/install/include/git2/blob.h
#7 195.3 -- Installing: /tmp/gitaly/_build/deps/libgit2/install/include/git2/attr.h
#7 195.3 -- Installing: /tmp/gitaly/_build/deps/libgit2/install/include/git2/odb_backend.h
#7 195.4 -- Installing: /tmp/gitaly/_build/deps/libgit2/install/include/git2/repository.h
#7 195.4 -- Installing: /tmp/gitaly/_build/deps/libgit2/install/include/git2/rebase.h
#7 195.4 -- Installing: /tmp/gitaly/_build/deps/libgit2/install/include/git2/global.h
#7 195.4 -- Installing: /tmp/gitaly/_build/deps/libgit2/install/include/git2/transaction.h
#7 195.4 -- Installing: /tmp/gitaly/_build/deps/libgit2/install/include/git2/deprecated.h
#7 195.4 -- Installing: /tmp/gitaly/_build/deps/libgit2/install/include/git2/object.h
#7 195.4 -- Installing: /tmp/gitaly/_build/deps/libgit2/install/include/git2/reset.h
#7 195.4 -- Installing: /tmp/gitaly/_build/deps/libgit2/install/include/git2/annotated_commit.h
#7 195.4 -- Installing: /tmp/gitaly/_build/deps/libgit2/install/include/git2/cherrypick.h
#7 195.4 -- Installing: /tmp/gitaly/_build/deps/libgit2/install/include/git2.h
#7 195.4 make[1]: Leaving directory '/tmp/gitaly/_build/deps/libgit2/build'
#7 195.4 go install -a github.com/libgit2/git2go/v31
#7 195.4 go: downloading github.com/libgit2/git2go/v31 v31.4.12
#7 195.6 go: downloading github.com/libgit2/git2go v0.0.0-20190104134018-ecaeb7a21d47
#7 213.3 Settings are listed in order of priority. The top value will be used.
#7 213.3 deployment
#7 213.3 Set for your local app (/tmp/gitaly/ruby/.bundle/config): true
#7 213.3 
#7 213.4 Don't run Bundler as root. Bundler can ask for sudo if it is needed, and
#7 213.4 installing your bundle as root will break this application for all non-root
#7 213.4 users on this machine.
#7 216.0 Fetching gem metadata from https://rubygems.org/...........
#7 217.9 Fetching abstract_type 0.0.7
#7 218.0 Installing abstract_type 0.0.7
#7 218.3 Fetching concurrent-ruby 1.1.9
#7 218.4 Installing concurrent-ruby 1.1.9
#7 218.8 Fetching i18n 1.8.10
#7 218.9 Installing i18n 1.8.10
#7 219.1 Fetching minitest 5.14.4
#7 219.2 Installing minitest 5.14.4
#7 219.4 Fetching tzinfo 2.0.4
#7 219.6 Installing tzinfo 2.0.4
#7 219.8 Fetching zeitwerk 2.4.2
#7 219.9 Installing zeitwerk 2.4.2
#7 220.1 Fetching activesupport 6.1.4.1
#7 220.3 Installing activesupport 6.1.4.1
#7 220.6 Fetching builder 3.2.4
#7 220.7 Installing builder 3.2.4
#7 220.9 Fetching erubi 1.10.0
#7 222.0 Installing erubi 1.10.0
#7 222.3 Fetching mini_portile2 2.5.1
#7 222.4 Installing mini_portile2 2.5.1
#7 222.7 Fetching racc 1.5.2
#7 222.8 Installing racc 1.5.2 with native extensions
#7 223.8 Fetching nokogiri 1.11.7 (x86_64-linux)
#7 224.3 Installing nokogiri 1.11.7 (x86_64-linux)
#7 225.0 Fetching rails-dom-testing 2.0.3
#7 225.1 Installing rails-dom-testing 2.0.3
#7 225.5 Fetching crass 1.0.6
#7 225.6 Installing crass 1.0.6
#7 225.8 Fetching loofah 2.12.0
#7 225.9 Installing loofah 2.12.0
#7 226.1 Fetching rails-html-sanitizer 1.4.2
#7 226.2 Installing rails-html-sanitizer 1.4.2
#7 226.4 Fetching actionview 6.1.4.1
#7 226.6 Installing actionview 6.1.4.1
#7 226.7 Fetching rack 2.2.3
#7 226.9 Installing rack 2.2.3
#7 227.1 Fetching rack-test 1.1.0
#7 227.2 Installing rack-test 1.1.0
#7 227.4 Fetching actionpack 6.1.4.1
#7 227.6 Installing actionpack 6.1.4.1
#7 228.1 Fetching ice_nine 0.11.2
#7 228.2 Installing ice_nine 0.11.2
#7 228.4 Fetching thread_safe 0.3.6
#7 228.5 Installing thread_safe 0.3.6
#7 228.7 Fetching memoizable 0.4.2
#7 228.8 Installing memoizable 0.4.2
#7 229.0 Fetching adamantium 0.2.0
#7 229.1 Installing adamantium 0.2.0
#7 229.4 Fetching public_suffix 4.0.6
#7 229.5 Installing public_suffix 4.0.6
#7 229.7 Fetching addressable 2.7.0
#7 229.8 Installing addressable 2.7.0
#7 230.0 Fetching ast 2.4.1
#7 230.1 Installing ast 2.4.1
#7 230.3 Fetching binding_ninja 0.2.3
#7 230.4 Installing binding_ninja 0.2.3 with native extensions
#7 230.9 Using bundler 2.1.4
#7 230.9 Fetching charlock_holmes 0.7.7
#7 231.0 Installing charlock_holmes 0.7.7 with native extensions
#7 233.1 Fetching coderay 1.1.2
#7 233.3 Installing coderay 1.1.2
#7 233.6 Fetching equalizer 0.0.11
#7 233.7 Installing equalizer 0.0.11
#7 233.8 Fetching concord 0.1.5
#7 233.9 Installing concord 0.1.5
#7 234.0 Fetching diff-lcs 1.3
#7 234.1 Installing diff-lcs 1.3
#7 234.3 Fetching dotenv 2.7.6
#7 234.4 Installing dotenv 2.7.6
#7 234.7 Fetching escape_utils 1.2.1
#7 234.8 Installing escape_utils 1.2.1 with native extensions
#7 235.8 Fetching factory_bot 5.0.2
#7 235.9 Installing factory_bot 5.0.2
#7 236.1 Fetching multipart-post 2.1.1
#7 236.2 Installing multipart-post 2.1.1
#7 236.4 Fetching faraday 1.0.1
#7 236.5 Installing faraday 1.0.1
#7 236.7 Fetching ffi 1.15.3
#7 237.0 Installing ffi 1.15.3 with native extensions
#7 241.6 Fetching json 2.5.1
#7 241.7 Installing json 2.5.1 with native extensions
#7 243.4 Fetching gemojione 3.3.0
#7 244.2 Installing gemojione 3.3.0
#7 247.0 Fetching mini_mime 1.0.2
#7 247.1 Installing mini_mime 1.0.2
#7 247.2 Fetching rugged 1.1.0
#7 247.5 Installing rugged 1.1.0 with native extensions
#7 291.9 Fetching github-linguist 7.12.1
#7 292.4 Installing github-linguist 7.12.1 with native extensions
#7 293.7 Fetching github-markup 1.7.0
#7 293.8 Installing github-markup 1.7.0
#7 294.1 Fetching mime-types-data 3.2020.1104
#7 294.2 Installing mime-types-data 3.2020.1104
#7 294.5 Fetching mime-types 3.3.1
#7 294.6 Installing mime-types 3.3.1
#7 294.9 Fetching gitlab-gollum-rugged_adapter 0.4.4.4.gitlab.1
#7 295.0 Installing gitlab-gollum-rugged_adapter 0.4.4.4.gitlab.1
#7 295.0 Fetching rouge 3.26.0
#7 295.2 Installing rouge 3.26.0
#7 295.7 Fetching nokogumbo 1.5.0
#7 296.0 Installing nokogumbo 1.5.0 with native extensions
#7 299.4 Fetching sanitize 4.6.6
#7 299.5 Installing sanitize 4.6.6
#7 299.7 Fetching stringex 2.8.5
#7 299.9 Installing stringex 2.8.5
#7 300.4 Fetching gitlab-gollum-lib 4.2.7.10.gitlab.1
#7 300.5 Installing gitlab-gollum-lib 4.2.7.10.gitlab.1
#7 300.7 Fetching google-protobuf 3.17.3 (x86_64-linux)
#7 301.0 Installing google-protobuf 3.17.3 (x86_64-linux)
#7 301.2 Fetching googleapis-common-protos-types 1.1.0
#7 301.3 Installing googleapis-common-protos-types 1.1.0
#7 301.7 Fetching grpc 1.30.2 (x86_64-linux)
#7 303.2 Installing grpc 1.30.2 (x86_64-linux)
#7 304.3 Fetching opentracing 0.5.0
#7 304.4 Installing opentracing 0.5.0
#7 304.6 Fetching thrift 0.15.0
#7 304.8 Installing thrift 0.15.0 with native extensions
#7 306.3 Fetching jaeger-client 1.1.0
#7 306.4 Installing jaeger-client 1.1.0
#7 306.6 Fetching pg_query 2.1.0
#7 307.0 Installing pg_query 2.1.0 with native extensions
#7 334.0 Fetching redis 4.4.0
#7 334.2 Installing redis 4.4.0
#7 334.2 Fetching gitlab-labkit 0.21.2
#7 334.3 Installing gitlab-labkit 0.21.2
#7 334.4 Fetching gitlab-markup 1.7.1
#7 334.5 Installing gitlab-markup 1.7.1
#7 334.5 Fetching grpc-tools 1.30.2
#7 336.0 Installing grpc-tools 1.30.2
#7 336.7 Fetching sawyer 0.8.2
#7 336.8 Installing sawyer 0.8.2
#7 337.0 Fetching octokit 4.20.0
#7 337.1 Installing octokit 4.20.0
#7 337.2 Fetching reverse_markdown 1.4.0
#7 337.3 Installing reverse_markdown 1.4.0
#7 337.8 Fetching thor 1.1.0
#7 337.9 Installing thor 1.1.0
#7 338.3 Fetching licensee 9.14.1
#7 338.4 Installing licensee 9.14.1
#7 338.7 Fetching method_source 0.9.2
#7 338.8 Installing method_source 0.9.2
#7 338.9 Fetching msgpack 1.3.3
#7 339.0 Installing msgpack 1.3.3 with native extensions
#7 341.8 Fetching optimist 3.0.1
#7 341.9 Installing optimist 3.0.1
#7 341.9 Fetching parallel 1.19.2
#7 342.0 Installing parallel 1.19.2
#7 342.0 Fetching parser 2.7.2.0
#7 342.2 Installing parser 2.7.2.0
#7 342.3 Fetching procto 0.0.3
#7 342.4 Installing procto 0.0.3
#7 342.5 Fetching unparser 0.4.7
#7 342.6 Installing unparser 0.4.7
#7 342.7 Fetching proc_to_ast 0.1.0
#7 342.8 Installing proc_to_ast 0.1.0
#7 342.8 Fetching pry 0.12.2
#7 343.0 Installing pry 0.12.2
#7 343.1 Fetching rainbow 3.0.0
#7 343.2 Installing rainbow 3.0.0
#7 343.2 Fetching rbtrace 0.4.14
#7 343.4 Installing rbtrace 0.4.14 with native extensions
ERROR: failed to solve: Canceled: context canceled
