#0 building with "default" instance using docker driver

#1 [internal] load build definition from Dockerfile
#1 transferring dockerfile: 4.46kB done
#1 DONE 0.2s

#2 [internal] load metadata for docker.io/library/astraprepare:latest
#2 DONE 0.0s

#3 [internal] load .dockerignore
#3 transferring context: 128B done
#3 DONE 0.1s

#4 [1/7] FROM docker.io/library/astraprepare:latest
#4 DONE 0.0s

#5 [internal] load build context
#5 transferring context: 17.96kB done
#5 DONE 0.1s

#4 [1/7] FROM docker.io/library/astraprepare:latest
#4 CACHED

#6 [2/7] COPY assets/build/ /etc/docker-gitlab/build/
#6 DONE 1.6s

#7 [3/7] RUN bash /etc/docker-gitlab/build/install.sh
#7 0.602 + GITLAB_CLONE_URL=https://gitlab.com/gitlab-org/gitlab-foss.git
#7 0.602 + GITLAB_SHELL_URL=https://gitlab.com/gitlab-org/gitlab-shell/-/archive/v13.21.1/gitlab-shell-v13.21.1.tar.bz2
#7 0.602 + GITLAB_PAGES_URL=https://gitlab.com/gitlab-org/gitlab-pages.git
#7 0.602 + GITLAB_GITALY_URL=https://gitlab.com/gitlab-org/gitaly.git
#7 0.602 + GITLAB_WORKHORSE_BUILD_DIR=/home/git/gitlab/workhorse
#7 0.602 + GITLAB_PAGES_BUILD_DIR=/tmp/gitlab-pages
#7 0.602 + GITLAB_GITALY_BUILD_DIR=/tmp/gitaly
#7 0.602 + RUBY_SRC_URL=https://cache.ruby-lang.org/pub/ruby/2.7/ruby-2.7.4.tar.gz
#7 0.602 + INSTALL_NODEJS=curl
#7 0.602 + -fsSL https://raw.githubusercontent.com/nvm-sh/nvm/v0.39.3/install.sh
#7 0.603 + bash
#7 0.603 /etc/docker-gitlab/build/install.sh: line 17: -fsSL: command not found
#7 0.604 + export NVM_DIR=/root/.nvm
#7 0.604 + NVM_DIR=/root/.nvm
#7 0.604 + source /root/.nvm/nvm.sh
#7 0.612 ++ NVM_SCRIPT_SOURCE=NVM_DIR=/root/.nvm
#7 0.613 ++ '[' -z '' ']'
#7 0.613 ++ export NVM_CD_FLAGS=
#7 0.613 ++ NVM_CD_FLAGS=
#7 0.613 ++ nvm_is_zsh
#7 0.613 ++ '[' -n '' ']'
#7 0.613 ++ '[' -z /root/.nvm ']'
#7 0.613 ++ case $NVM_DIR in
#7 0.613 ++ unset NVM_SCRIPT_SOURCE
#7 0.615 ++ nvm_process_parameters
#7 0.615 ++ local NVM_AUTO_MODE
#7 0.615 ++ NVM_AUTO_MODE=use
#7 0.615 ++ '[' 0 -ne 0 ']'
#7 0.615 ++ nvm_auto use
#7 0.615 ++ local NVM_MODE
#7 0.615 ++ NVM_MODE=use
#7 0.615 ++ local VERSION
#7 0.615 ++ local NVM_CURRENT
#7 0.615 ++ '[' _use = _install ']'
#7 0.615 ++ '[' _use = _use ']'
#7 0.615 +++ nvm_ls_current
#7 0.615 +++ local NVM_LS_CURRENT_NODE_PATH
#7 0.616 ++++ command which node
#7 0.618 +++ NVM_LS_CURRENT_NODE_PATH=
#7 0.618 +++ nvm_echo none
#7 0.618 +++ command printf '%s\n' none
#7 0.619 ++ NVM_CURRENT=none
#7 0.619 ++ '[' _none = _none ']'
#7 0.619 +++ nvm_resolve_local_alias default
#7 0.700 ++ VERSION=v20.19.0
#7 0.700 ++ '[' -n v20.19.0 ']'
#7 0.700 ++ nvm use --silent v20.19.0
#7 0.700 ++ '[' 3 -lt 1 ']'
#7 0.700 ++ local DEFAULT_IFS
#7 0.701 +++ nvm_echo t
#7 0.701 +++ command printf '%s\n' t
#7 0.701 +++ command tr t '\t'
#7 0.701 +++ tr t '\t'
#7 0.703 ++ DEFAULT_IFS=' 	
#7 0.703 '
#7 0.703 ++ '[' hxB '!=' ehxB ']'
#7 0.703 ++ set +e
#7 0.703 ++ local EXIT_CODE
#7 0.703 ++ IFS=' 	
#7 0.703 '
#7 0.703 ++ nvm use --silent v20.19.0
#7 0.704 ++ '[' 3 -lt 1 ']'
#7 0.704 ++ local DEFAULT_IFS
#7 0.704 +++ nvm_echo t
#7 0.704 +++ command printf '%s\n' t
#7 0.704 +++ command tr t '\t'
#7 0.704 +++ tr t '\t'
#7 0.706 ++ DEFAULT_IFS=' 	
#7 0.706 '
#7 0.706 ++ '[' hxB '!=' hxB ']'
#7 0.706 ++ '[' hxB '!=' hxB ']'
#7 0.706 ++ '[' -n /usr/bin/bash ']'
#7 0.706 ++ '[' hxB '!=' hxB ']'
#7 0.706 ++ '[' ' 	
#7 0.706 ' '!=' ' 	
#7 0.706 ' ']'
#7 0.706 ++ local i
#7 0.706 ++ for i in "$@"
#7 0.706 ++ case $i in
#7 0.706 ++ for i in "$@"
#7 0.706 ++ case $i in
#7 0.706 ++ for i in "$@"
#7 0.706 ++ case $i in
#7 0.706 ++ local COMMAND
#7 0.706 ++ COMMAND=use
#7 0.706 ++ shift
#7 0.706 ++ local VERSION
#7 0.706 ++ local ADDITIONAL_PARAMETERS
#7 0.706 ++ case $COMMAND in
#7 0.706 ++ local PROVIDED_VERSION
#7 0.706 ++ local NVM_SILENT
#7 0.706 ++ local NVM_SILENT_ARG
#7 0.706 ++ local NVM_DELETE_PREFIX
#7 0.706 ++ NVM_DELETE_PREFIX=0
#7 0.706 ++ local NVM_LTS
#7 0.706 ++ local IS_VERSION_FROM_NVMRC
#7 0.706 ++ IS_VERSION_FROM_NVMRC=0
#7 0.706 ++ '[' 2 -ne 0 ']'
#7 0.706 ++ case "$1" in
#7 0.706 ++ NVM_SILENT=1
#7 0.706 ++ NVM_SILENT_ARG=--silent
#7 0.706 ++ shift
#7 0.706 ++ '[' 1 -ne 0 ']'
#7 0.706 ++ case "$1" in
#7 0.706 ++ '[' -n v20.19.0 ']'
#7 0.706 ++ PROVIDED_VERSION=v20.19.0
#7 0.706 ++ shift
#7 0.706 ++ '[' 0 -ne 0 ']'
#7 0.706 ++ '[' -n '' ']'
#7 0.706 ++ '[' -z v20.19.0 ']'
#7 0.707 +++ nvm_match_version v20.19.0
#7 0.707 +++ local NVM_IOJS_PREFIX
#7 0.707 ++++ nvm_iojs_prefix
#7 0.707 ++++ nvm_echo iojs
#7 0.707 ++++ command printf '%s\n' iojs
#7 0.708 +++ NVM_IOJS_PREFIX=iojs
#7 0.708 +++ local PROVIDED_VERSION
#7 0.708 +++ PROVIDED_VERSION=v20.19.0
#7 0.708 +++ case "_${PROVIDED_VERSION}" in
#7 0.708 +++ nvm_version v20.19.0
#7 0.708 +++ local PATTERN
#7 0.708 +++ PATTERN=v20.19.0
#7 0.708 +++ local VERSION
#7 0.708 +++ '[' -z v20.19.0 ']'
#7 0.708 +++ '[' v20.19.0 = current ']'
#7 0.708 +++ local NVM_NODE_PREFIX
#7 0.708 ++++ nvm_node_prefix
#7 0.708 ++++ nvm_echo node
#7 0.708 ++++ command printf '%s\n' node
#7 0.708 +++ NVM_NODE_PREFIX=node
#7 0.708 +++ case "_${PATTERN}" in
#7 0.709 ++++ nvm_ls v20.19.0
#7 0.709 ++++ local PATTERN
#7 0.709 ++++ PATTERN=v20.19.0
#7 0.709 ++++ local VERSIONS
#7 0.709 ++++ VERSIONS=
#7 0.709 ++++ '[' v20.19.0 = current ']'
#7 0.709 ++++ local NVM_IOJS_PREFIX
#7 0.709 ++++ command tail -1
#7 0.709 ++++ tail -1
#7 0.710 +++++ nvm_iojs_prefix
#7 0.710 +++++ nvm_echo iojs
#7 0.710 +++++ command printf '%s\n' iojs
#7 0.710 ++++ NVM_IOJS_PREFIX=iojs
#7 0.710 ++++ local NVM_NODE_PREFIX
#7 0.711 +++++ nvm_node_prefix
#7 0.711 +++++ nvm_echo node
#7 0.711 +++++ command printf '%s\n' node
#7 0.711 ++++ NVM_NODE_PREFIX=node
#7 0.711 ++++ local NVM_VERSION_DIR_IOJS
#7 0.712 +++++ nvm_version_dir iojs
#7 0.712 +++++ local NVM_WHICH_DIR
#7 0.712 +++++ NVM_WHICH_DIR=iojs
#7 0.712 +++++ '[' -z iojs ']'
#7 0.712 +++++ '[' iojs = new ']'
#7 0.712 +++++ '[' _iojs = _iojs ']'
#7 0.712 +++++ nvm_echo /root/.nvm/versions/io.js
#7 0.712 +++++ command printf '%s\n' /root/.nvm/versions/io.js
#7 0.712 ++++ NVM_VERSION_DIR_IOJS=/root/.nvm/versions/io.js
#7 0.712 ++++ local NVM_VERSION_DIR_NEW
#7 0.713 +++++ nvm_version_dir new
#7 0.713 +++++ local NVM_WHICH_DIR
#7 0.713 +++++ NVM_WHICH_DIR=new
#7 0.713 +++++ '[' -z new ']'
#7 0.713 +++++ '[' new = new ']'
#7 0.713 +++++ nvm_echo /root/.nvm/versions/node
#7 0.713 +++++ command printf '%s\n' /root/.nvm/versions/node
#7 0.713 ++++ NVM_VERSION_DIR_NEW=/root/.nvm/versions/node
#7 0.713 ++++ local NVM_VERSION_DIR_OLD
#7 0.713 +++++ nvm_version_dir old
#7 0.713 +++++ local NVM_WHICH_DIR
#7 0.713 +++++ NVM_WHICH_DIR=old
#7 0.713 +++++ '[' -z old ']'
#7 0.713 +++++ '[' old = new ']'
#7 0.713 +++++ '[' _old = _iojs ']'
#7 0.713 +++++ '[' _old = _old ']'
#7 0.713 +++++ nvm_echo /root/.nvm
#7 0.714 +++++ command printf '%s\n' /root/.nvm
#7 0.714 ++++ NVM_VERSION_DIR_OLD=/root/.nvm
#7 0.714 ++++ case "${PATTERN}" in
#7 0.714 ++++ nvm_resolve_local_alias v20.19.0
#7 0.714 ++++ '[' -z v20.19.0 ']'
#7 0.714 ++++ local VERSION
#7 0.714 ++++ local EXIT_CODE
#7 0.714 +++++ nvm_resolve_alias v20.19.0
#7 0.714 +++++ '[' -z v20.19.0 ']'
#7 0.714 +++++ local PATTERN
#7 0.714 +++++ PATTERN=v20.19.0
#7 0.714 +++++ local ALIAS
#7 0.714 +++++ ALIAS=v20.19.0
#7 0.714 +++++ local ALIAS_TEMP
#7 0.714 +++++ local SEEN_ALIASES
#7 0.714 +++++ SEEN_ALIASES=v20.19.0
#7 0.715 +++++ true
#7 0.715 ++++++ nvm_alias v20.19.0
#7 0.719 ++++++ nvm_echo
#7 0.719 ++++++ command printf '%s\n' ''
#7 0.720 +++++ ALIAS_TEMP=
#7 0.720 +++++ '[' -z '' ']'
#7 0.720 +++++ break
#7 0.720 +++++ '[' -n v20.19.0 ']'
#7 0.720 +++++ '[' _v20.19.0 '!=' _v20.19.0 ']'
#7 0.720 +++++ nvm_validate_implicit_alias v20.19.0
#7 0.722 +++++ return 2
#7 0.722 ++++ VERSION=
#7 0.722 ++++ EXIT_CODE=2
#7 0.722 ++++ '[' -z '' ']'
#7 0.722 ++++ return 2
#7 0.722 +++++ nvm_ensure_version_prefix v20.19.0
#7 0.722 +++++ local NVM_VERSION
#7 0.723 ++++++ nvm_strip_iojs_prefix v20.19.0
#7 0.723 ++++++ local NVM_IOJS_PREFIX
#7 0.723 ++++++ command sed -e 's/^\([0-9]\)/v\1/g'
#7 0.723 ++++++ sed -e 's/^\([0-9]\)/v\1/g'
#7 0.724 +++++++ nvm_iojs_prefix
#7 0.724 +++++++ nvm_echo iojs
#7 0.724 +++++++ command printf '%s\n' iojs
#7 0.724 ++++++ NVM_IOJS_PREFIX=iojs
#7 0.724 ++++++ '[' v20.19.0 = iojs ']'
#7 0.724 ++++++ nvm_echo v20.19.0
#7 0.724 ++++++ command printf '%s\n' v20.19.0
#7 0.726 +++++ NVM_VERSION=v20.19.0
#7 0.726 +++++ nvm_is_iojs_version v20.19.0
#7 0.726 +++++ case "${1-}" in
#7 0.726 +++++ return 1
#7 0.726 +++++ nvm_echo v20.19.0
#7 0.726 +++++ command printf '%s\n' v20.19.0
#7 0.726 ++++ PATTERN=v20.19.0
#7 0.726 ++++ '[' v20.19.0 = N/A ']'
#7 0.726 ++++ local NVM_PATTERN_STARTS_WITH_V
#7 0.726 ++++ case $PATTERN in
#7 0.726 ++++ NVM_PATTERN_STARTS_WITH_V=true
#7 0.726 ++++ '[' true = true ']'
#7 0.727 +++++ nvm_num_version_groups v20.19.0
#7 0.727 +++++ local VERSION
#7 0.727 +++++ VERSION=v20.19.0
#7 0.727 +++++ VERSION=20.19.0
#7 0.727 +++++ VERSION=20.19.0
#7 0.727 +++++ '[' -z 20.19.0 ']'
#7 0.727 +++++ local NVM_NUM_DOTS
#7 0.728 ++++++ nvm_echo 20.19.0
#7 0.728 ++++++ command printf '%s\n' 20.19.0
#7 0.728 ++++++ command sed -e 's/[^\.]//g'
#7 0.728 ++++++ sed -e 's/[^\.]//g'
#7 0.731 +++++ NVM_NUM_DOTS=..
#7 0.731 +++++ local NVM_NUM_GROUPS
#7 0.731 +++++ NVM_NUM_GROUPS=...
#7 0.731 +++++ nvm_echo 3
#7 0.731 +++++ command printf '%s\n' 3
#7 0.731 ++++ '[' _3 = _3 ']'
#7 0.731 ++++ nvm_is_version_installed v20.19.0
#7 0.731 ++++ '[' -z v20.19.0 ']'
#7 0.731 ++++ local NVM_NODE_BINARY
#7 0.731 ++++ NVM_NODE_BINARY=node
#7 0.731 +++++ nvm_get_os
#7 0.731 +++++ local NVM_UNAME
#7 0.732 ++++++ command uname -a
#7 0.732 ++++++ uname -a
#7 0.733 +++++ NVM_UNAME='Linux buildkitsandbox 6.8.12-5-pve #1 SMP PREEMPT_DYNAMIC PMX 6.8.12-5 (2024-12-03T10:26Z) x86_64 GNU/Linux'
#7 0.733 +++++ local NVM_OS
#7 0.733 +++++ case "${NVM_UNAME}" in
#7 0.733 +++++ NVM_OS=linux
#7 0.733 +++++ nvm_echo linux
#7 0.733 +++++ command printf '%s\n' linux
#7 0.734 ++++ '[' _linux = _win ']'
#7 0.734 +++++ nvm_version_path v20.19.0
#7 0.738 ++++ '[' -x /root/.nvm/versions/node/v20.19.0/bin/node ']'
#7 0.738 ++++ return 0
#7 0.738 ++++ VERSIONS=v20.19.0
#7 0.738 ++++ '[' '' = true ']'
#7 0.738 ++++ '[' -z v20.19.0 ']'
#7 0.738 ++++ nvm_echo v20.19.0
#7 0.738 ++++ command printf '%s\n' v20.19.0
#7 0.739 +++ VERSION=v20.19.0
#7 0.739 +++ '[' -z v20.19.0 ']'
#7 0.739 +++ '[' _v20.19.0 = _N/A ']'
#7 0.739 +++ nvm_echo v20.19.0
#7 0.739 +++ command printf '%s\n' v20.19.0
#7 0.740 ++ VERSION=v20.19.0
#7 0.740 ++ '[' -z v20.19.0 ']'
#7 0.740 ++ '[' _v20.19.0 = _system ']'
#7 0.740 ++ '[' _v20.19.0 = $'_\342\210\236' ']'
#7 0.740 ++ '[' v20.19.0 = N/A ']'
#7 0.740 ++ nvm_ensure_version_installed v20.19.0 0
#7 0.740 ++ local PROVIDED_VERSION
#7 0.740 ++ PROVIDED_VERSION=v20.19.0
#7 0.740 ++ local IS_VERSION_FROM_NVMRC
#7 0.740 ++ IS_VERSION_FROM_NVMRC=0
#7 0.740 ++ '[' v20.19.0 = system ']'
#7 0.740 ++ local LOCAL_VERSION
#7 0.740 ++ local EXIT_CODE
#7 0.740 +++ nvm_version v20.19.0
#7 0.740 +++ local PATTERN
#7 0.740 +++ PATTERN=v20.19.0
#7 0.740 +++ local VERSION
#7 0.740 +++ '[' -z v20.19.0 ']'
#7 0.740 +++ '[' v20.19.0 = current ']'
#7 0.740 +++ local NVM_NODE_PREFIX
#7 0.741 ++++ nvm_node_prefix
#7 0.741 ++++ nvm_echo node
#7 0.741 ++++ command printf '%s\n' node
#7 0.741 +++ NVM_NODE_PREFIX=node
#7 0.741 +++ case "_${PATTERN}" in
#7 0.742 ++++ nvm_ls v20.19.0
#7 0.742 ++++ local PATTERN
#7 0.742 ++++ PATTERN=v20.19.0
#7 0.742 ++++ local VERSIONS
#7 0.742 ++++ VERSIONS=
#7 0.742 ++++ '[' v20.19.0 = current ']'
#7 0.742 ++++ local NVM_IOJS_PREFIX
#7 0.742 ++++ command tail -1
#7 0.742 ++++ tail -1
#7 0.743 +++++ nvm_iojs_prefix
#7 0.743 +++++ nvm_echo iojs
#7 0.743 +++++ command printf '%s\n' iojs
#7 0.743 ++++ NVM_IOJS_PREFIX=iojs
#7 0.743 ++++ local NVM_NODE_PREFIX
#7 0.744 +++++ nvm_node_prefix
#7 0.744 +++++ nvm_echo node
#7 0.744 +++++ command printf '%s\n' node
#7 0.744 ++++ NVM_NODE_PREFIX=node
#7 0.744 ++++ local NVM_VERSION_DIR_IOJS
#7 0.744 +++++ nvm_version_dir iojs
#7 0.744 +++++ local NVM_WHICH_DIR
#7 0.744 +++++ NVM_WHICH_DIR=iojs
#7 0.744 +++++ '[' -z iojs ']'
#7 0.744 +++++ '[' iojs = new ']'
#7 0.744 +++++ '[' _iojs = _iojs ']'
#7 0.744 +++++ nvm_echo /root/.nvm/versions/io.js
#7 0.744 +++++ command printf '%s\n' /root/.nvm/versions/io.js
#7 0.745 ++++ NVM_VERSION_DIR_IOJS=/root/.nvm/versions/io.js
#7 0.745 ++++ local NVM_VERSION_DIR_NEW
#7 0.745 +++++ nvm_version_dir new
#7 0.745 +++++ local NVM_WHICH_DIR
#7 0.745 +++++ NVM_WHICH_DIR=new
#7 0.745 +++++ '[' -z new ']'
#7 0.745 +++++ '[' new = new ']'
#7 0.745 +++++ nvm_echo /root/.nvm/versions/node
#7 0.745 +++++ command printf '%s\n' /root/.nvm/versions/node
#7 0.746 ++++ NVM_VERSION_DIR_NEW=/root/.nvm/versions/node
#7 0.746 ++++ local NVM_VERSION_DIR_OLD
#7 0.746 +++++ nvm_version_dir old
#7 0.746 +++++ local NVM_WHICH_DIR
#7 0.746 +++++ NVM_WHICH_DIR=old
#7 0.746 +++++ '[' -z old ']'
#7 0.746 +++++ '[' old = new ']'
#7 0.746 +++++ '[' _old = _iojs ']'
#7 0.746 +++++ '[' _old = _old ']'
#7 0.746 +++++ nvm_echo /root/.nvm
#7 0.746 +++++ command printf '%s\n' /root/.nvm
#7 0.747 ++++ NVM_VERSION_DIR_OLD=/root/.nvm
#7 0.747 ++++ case "${PATTERN}" in
#7 0.747 ++++ nvm_resolve_local_alias v20.19.0
#7 0.747 ++++ '[' -z v20.19.0 ']'
#7 0.747 ++++ local VERSION
#7 0.747 ++++ local EXIT_CODE
#7 0.747 +++++ nvm_resolve_alias v20.19.0
#7 0.747 +++++ '[' -z v20.19.0 ']'
#7 0.747 +++++ local PATTERN
#7 0.747 +++++ PATTERN=v20.19.0
#7 0.747 +++++ local ALIAS
#7 0.747 +++++ ALIAS=v20.19.0
#7 0.747 +++++ local ALIAS_TEMP
#7 0.747 +++++ local SEEN_ALIASES
#7 0.747 +++++ SEEN_ALIASES=v20.19.0
#7 0.747 +++++ true
#7 0.748 ++++++ nvm_alias v20.19.0
#7 0.752 ++++++ nvm_echo
#7 0.752 ++++++ command printf '%s\n' ''
#7 0.752 +++++ ALIAS_TEMP=
#7 0.752 +++++ '[' -z '' ']'
#7 0.752 +++++ break
#7 0.753 +++++ '[' -n v20.19.0 ']'
#7 0.753 +++++ '[' _v20.19.0 '!=' _v20.19.0 ']'
#7 0.753 +++++ nvm_validate_implicit_alias v20.19.0
#7 0.754 +++++ return 2
#7 0.755 ++++ VERSION=
#7 0.755 ++++ EXIT_CODE=2
#7 0.755 ++++ '[' -z '' ']'
#7 0.755 ++++ return 2
#7 0.755 +++++ nvm_ensure_version_prefix v20.19.0
#7 0.755 +++++ local NVM_VERSION
#7 0.756 ++++++ nvm_strip_iojs_prefix v20.19.0
#7 0.756 ++++++ local NVM_IOJS_PREFIX
#7 0.756 ++++++ command sed -e 's/^\([0-9]\)/v\1/g'
#7 0.756 ++++++ sed -e 's/^\([0-9]\)/v\1/g'
#7 0.757 +++++++ nvm_iojs_prefix
#7 0.757 +++++++ nvm_echo iojs
#7 0.757 +++++++ command printf '%s\n' iojs
#7 0.757 ++++++ NVM_IOJS_PREFIX=iojs
#7 0.757 ++++++ '[' v20.19.0 = iojs ']'
#7 0.757 ++++++ nvm_echo v20.19.0
#7 0.757 ++++++ command printf '%s\n' v20.19.0
#7 0.759 +++++ NVM_VERSION=v20.19.0
#7 0.759 +++++ nvm_is_iojs_version v20.19.0
#7 0.759 +++++ case "${1-}" in
#7 0.759 +++++ return 1
#7 0.759 +++++ nvm_echo v20.19.0
#7 0.759 +++++ command printf '%s\n' v20.19.0
#7 0.759 ++++ PATTERN=v20.19.0
#7 0.759 ++++ '[' v20.19.0 = N/A ']'
#7 0.759 ++++ local NVM_PATTERN_STARTS_WITH_V
#7 0.759 ++++ case $PATTERN in
#7 0.759 ++++ NVM_PATTERN_STARTS_WITH_V=true
#7 0.759 ++++ '[' true = true ']'
#7 0.760 +++++ nvm_num_version_groups v20.19.0
#7 0.760 +++++ local VERSION
#7 0.760 +++++ VERSION=v20.19.0
#7 0.760 +++++ VERSION=20.19.0
#7 0.760 +++++ VERSION=20.19.0
#7 0.760 +++++ '[' -z 20.19.0 ']'
#7 0.760 +++++ local NVM_NUM_DOTS
#7 0.761 ++++++ nvm_echo 20.19.0
#7 0.761 ++++++ command printf '%s\n' 20.19.0
#7 0.761 ++++++ command sed -e 's/[^\.]//g'
#7 0.761 ++++++ sed -e 's/[^\.]//g'
#7 0.764 +++++ NVM_NUM_DOTS=..
#7 0.764 +++++ local NVM_NUM_GROUPS
#7 0.764 +++++ NVM_NUM_GROUPS=...
#7 0.764 +++++ nvm_echo 3
#7 0.764 +++++ command printf '%s\n' 3
#7 0.764 ++++ '[' _3 = _3 ']'
#7 0.764 ++++ nvm_is_version_installed v20.19.0
#7 0.764 ++++ '[' -z v20.19.0 ']'
#7 0.764 ++++ local NVM_NODE_BINARY
#7 0.764 ++++ NVM_NODE_BINARY=node
#7 0.765 +++++ nvm_get_os
#7 0.765 +++++ local NVM_UNAME
#7 0.765 ++++++ command uname -a
#7 0.765 ++++++ uname -a
#7 0.766 +++++ NVM_UNAME='Linux buildkitsandbox 6.8.12-5-pve #1 SMP PREEMPT_DYNAMIC PMX 6.8.12-5 (2024-12-03T10:26Z) x86_64 GNU/Linux'
#7 0.766 +++++ local NVM_OS
#7 0.766 +++++ case "${NVM_UNAME}" in
#7 0.766 +++++ NVM_OS=linux
#7 0.766 +++++ nvm_echo linux
#7 0.767 +++++ command printf '%s\n' linux
#7 0.767 ++++ '[' _linux = _win ']'
#7 0.767 +++++ nvm_version_path v20.19.0
#7 0.771 ++++ '[' -x /root/.nvm/versions/node/v20.19.0/bin/node ']'
#7 0.771 ++++ return 0
#7 0.771 ++++ VERSIONS=v20.19.0
#7 0.771 ++++ '[' '' = true ']'
#7 0.771 ++++ '[' -z v20.19.0 ']'
#7 0.771 ++++ nvm_echo v20.19.0
#7 0.771 ++++ command printf '%s\n' v20.19.0
#7 0.773 +++ VERSION=v20.19.0
#7 0.773 +++ '[' -z v20.19.0 ']'
#7 0.773 +++ '[' _v20.19.0 = _N/A ']'
#7 0.773 +++ nvm_echo v20.19.0
#7 0.773 +++ command printf '%s\n' v20.19.0
#7 0.773 ++ LOCAL_VERSION=v20.19.0
#7 0.773 ++ EXIT_CODE=0
#7 0.773 ++ local NVM_VERSION_DIR
#7 0.773 ++ '[' 0 '!=' 0 ']'
#7 0.773 ++ nvm_is_version_installed v20.19.0
#7 0.773 ++ '[' -z v20.19.0 ']'
#7 0.773 ++ local NVM_NODE_BINARY
#7 0.773 ++ NVM_NODE_BINARY=node
#7 0.774 +++ nvm_get_os
#7 0.774 +++ local NVM_UNAME
#7 0.774 ++++ command uname -a
#7 0.774 ++++ uname -a
#7 0.776 +++ NVM_UNAME='Linux buildkitsandbox 6.8.12-5-pve #1 SMP PREEMPT_DYNAMIC PMX 6.8.12-5 (2024-12-03T10:26Z) x86_64 GNU/Linux'
#7 0.776 +++ local NVM_OS
#7 0.776 +++ case "${NVM_UNAME}" in
#7 0.776 +++ NVM_OS=linux
#7 0.776 +++ nvm_echo linux
#7 0.776 +++ command printf '%s\n' linux
#7 0.776 ++ '[' _linux = _win ']'
#7 0.776 +++ nvm_version_path v20.19.0
#7 0.780 ++ '[' -x /root/.nvm/versions/node/v20.19.0/bin/node ']'
#7 0.780 ++ return 0
#7 0.780 ++ local NVM_VERSION_DIR
#7 0.781 +++ nvm_version_path v20.19.0
#7 0.781 +++ local VERSION
#7 0.781 +++ VERSION=v20.19.0
#7 0.781 +++ '[' -z v20.19.0 ']'
#7 0.781 +++ nvm_is_iojs_version v20.19.0
#7 0.781 +++ case "${1-}" in
#7 0.781 +++ return 1
#7 0.781 +++ nvm_version_greater 0.12.0 v20.19.0
#7 0.781 +++ command awk 'BEGIN {
#7 0.781     if (ARGV[1] == "" || ARGV[2] == "") exit(1)
#7 0.781     split(ARGV[1], a, /\./);
#7 0.781     split(ARGV[2], b, /\./);
#7 0.781     for (i=1; i<=3; i++) {
#7 0.781       if (a[i] && a[i] !~ /^[0-9]+$/) exit(2);
#7 0.781       if (b[i] && b[i] !~ /^[0-9]+$/) { exit(0); }
#7 0.781       if (a[i] < b[i]) exit(3);
#7 0.781       else if (a[i] > b[i]) exit(0);
#7 0.781     }
#7 0.781     exit(4)
#7 0.781   }' 0.12.0 20.19.0
#7 0.781 +++ awk 'BEGIN {
#7 0.781     if (ARGV[1] == "" || ARGV[2] == "") exit(1)
#7 0.781     split(ARGV[1], a, /\./);
#7 0.781     split(ARGV[2], b, /\./);
#7 0.781     for (i=1; i<=3; i++) {
#7 0.781       if (a[i] && a[i] !~ /^[0-9]+$/) exit(2);
#7 0.781       if (b[i] && b[i] !~ /^[0-9]+$/) { exit(0); }
#7 0.781       if (a[i] < b[i]) exit(3);
#7 0.781       else if (a[i] > b[i]) exit(0);
#7 0.781     }
#7 0.781     exit(4)
#7 0.781   }' 0.12.0 20.19.0
#7 0.783 ++++ nvm_version_dir new
#7 0.783 ++++ local NVM_WHICH_DIR
#7 0.783 ++++ NVM_WHICH_DIR=new
#7 0.783 ++++ '[' -z new ']'
#7 0.783 ++++ '[' new = new ']'
#7 0.783 ++++ nvm_echo /root/.nvm/versions/node
#7 0.783 ++++ command printf '%s\n' /root/.nvm/versions/node
#7 0.784 +++ nvm_echo /root/.nvm/versions/node/v20.19.0
#7 0.784 +++ command printf '%s\n' /root/.nvm/versions/node/v20.19.0
#7 0.784 ++ NVM_VERSION_DIR=/root/.nvm/versions/node/v20.19.0
#7 0.785 +++ nvm_change_path /usr/local/sbin:/usr/local/bin:/usr/sbin:/usr/bin:/sbin:/bin /bin /root/.nvm/versions/node/v20.19.0
#7 0.785 +++ '[' -z /usr/local/sbin:/usr/local/bin:/usr/sbin:/usr/bin:/sbin:/bin ']'
#7 0.785 +++ nvm_echo /usr/local/sbin:/usr/local/bin:/usr/sbin:/usr/bin:/sbin:/bin
#7 0.785 +++ command printf '%s\n' /usr/local/sbin:/usr/local/bin:/usr/sbin:/usr/bin:/sbin:/bin
#7 0.785 +++ nvm_grep -q '/root/.nvm/[^/]*/bin'
#7 0.785 +++ GREP_OPTIONS=
#7 0.785 +++ command grep -q '/root/.nvm/[^/]*/bin'
#7 0.785 +++ grep -q '/root/.nvm/[^/]*/bin'
#7 0.787 +++ nvm_echo /usr/local/sbin:/usr/local/bin:/usr/sbin:/usr/bin:/sbin:/bin
#7 0.787 +++ command printf '%s\n' /usr/local/sbin:/usr/local/bin:/usr/sbin:/usr/bin:/sbin:/bin
#7 0.788 +++ nvm_grep -q '/root/.nvm/versions/[^/]*/[^/]*/bin'
#7 0.788 +++ GREP_OPTIONS=
#7 0.788 +++ command grep -q '/root/.nvm/versions/[^/]*/[^/]*/bin'
#7 0.788 +++ grep -q '/root/.nvm/versions/[^/]*/[^/]*/bin'
#7 0.789 +++ nvm_echo /root/.nvm/versions/node/v20.19.0/bin:/usr/local/sbin:/usr/local/bin:/usr/sbin:/usr/bin:/sbin:/bin
#7 0.789 +++ command printf '%s\n' /root/.nvm/versions/node/v20.19.0/bin:/usr/local/sbin:/usr/local/bin:/usr/sbin:/usr/bin:/sbin:/bin
#7 0.790 ++ PATH=/root/.nvm/versions/node/v20.19.0/bin:/usr/local/sbin:/usr/local/bin:/usr/sbin:/usr/bin:/sbin:/bin
#7 0.790 ++ nvm_has manpath
#7 0.790 ++ type manpath
#7 0.790 ++ export PATH
#7 0.790 ++ hash -r
#7 0.790 ++ export NVM_BIN=/root/.nvm/versions/node/v20.19.0/bin
#7 0.790 ++ NVM_BIN=/root/.nvm/versions/node/v20.19.0/bin
#7 0.790 ++ export NVM_INC=/root/.nvm/versions/node/v20.19.0/include/node
#7 0.790 ++ NVM_INC=/root/.nvm/versions/node/v20.19.0/include/node
#7 0.790 ++ '[' '' = true ']'
#7 0.790 ++ local NVM_USE_OUTPUT
#7 0.790 ++ NVM_USE_OUTPUT=
#7 0.790 ++ '[' 1 -ne 1 ']'
#7 0.790 ++ '[' _v20.19.0 '!=' _system ']'
#7 0.790 ++ local NVM_USE_CMD
#7 0.790 ++ NVM_USE_CMD='nvm use --delete-prefix'
#7 0.790 ++ '[' -n v20.19.0 ']'
#7 0.790 ++ NVM_USE_CMD='nvm use --delete-prefix v20.19.0'
#7 0.790 ++ '[' 1 -eq 1 ']'
#7 0.790 ++ NVM_USE_CMD='nvm use --delete-prefix v20.19.0 --silent'
#7 0.790 ++ nvm_die_on_prefix 0 'nvm use --delete-prefix v20.19.0 --silent' /root/.nvm/versions/node/v20.19.0
#7 0.790 ++ local NVM_DELETE_PREFIX
#7 0.790 ++ NVM_DELETE_PREFIX=0
#7 0.790 ++ case "${NVM_DELETE_PREFIX}" in
#7 0.790 ++ local NVM_COMMAND
#7 0.790 ++ NVM_COMMAND='nvm use --delete-prefix v20.19.0 --silent'
#7 0.790 ++ local NVM_VERSION_DIR
#7 0.790 ++ NVM_VERSION_DIR=/root/.nvm/versions/node/v20.19.0
#7 0.790 ++ '[' -z 'nvm use --delete-prefix v20.19.0 --silent' ']'
#7 0.790 ++ '[' -z /root/.nvm/versions/node/v20.19.0 ']'
#7 0.790 ++ '[' -n '' ']'
#7 0.790 ++ local NVM_OS
#7 0.791 +++ nvm_get_os
#7 0.791 +++ local NVM_UNAME
#7 0.791 ++++ command uname -a
#7 0.791 ++++ uname -a
#7 0.793 +++ NVM_UNAME='Linux buildkitsandbox 6.8.12-5-pve #1 SMP PREEMPT_DYNAMIC PMX 6.8.12-5 (2024-12-03T10:26Z) x86_64 GNU/Linux'
#7 0.793 +++ local NVM_OS
#7 0.793 +++ case "${NVM_UNAME}" in
#7 0.793 +++ NVM_OS=linux
#7 0.793 +++ nvm_echo linux
#7 0.793 +++ command printf '%s\n' linux
#7 0.793 ++ NVM_OS=linux
#7 0.793 ++ local NVM_NPM_CONFIG_x_PREFIX_ENV
#7 0.793 +++ command awk 'BEGIN { for (name in ENVIRON) if (toupper(name) == "NPM_CONFIG_PREFIX") { print name; break } }'
#7 0.793 +++ awk 'BEGIN { for (name in ENVIRON) if (toupper(name) == "NPM_CONFIG_PREFIX") { print name; break } }'
#7 0.796 ++ NVM_NPM_CONFIG_x_PREFIX_ENV=
#7 0.796 ++ '[' -n '' ']'
#7 0.796 ++ local NVM_NPM_BUILTIN_NPMRC
#7 0.796 ++ NVM_NPM_BUILTIN_NPMRC=/root/.nvm/versions/node/v20.19.0/lib/node_modules/npm/npmrc
#7 0.796 ++ nvm_npmrc_bad_news_bears /root/.nvm/versions/node/v20.19.0/lib/node_modules/npm/npmrc
#7 0.796 ++ local NVM_NPMRC
#7 0.796 ++ NVM_NPMRC=/root/.nvm/versions/node/v20.19.0/lib/node_modules/npm/npmrc
#7 0.796 ++ '[' -n /root/.nvm/versions/node/v20.19.0/lib/node_modules/npm/npmrc ']'
#7 0.796 ++ '[' -f /root/.nvm/versions/node/v20.19.0/lib/node_modules/npm/npmrc ']'
#7 0.796 ++ return 1
#7 0.796 ++ local NVM_NPM_GLOBAL_NPMRC
#7 0.796 ++ NVM_NPM_GLOBAL_NPMRC=/root/.nvm/versions/node/v20.19.0/etc/npmrc
#7 0.796 ++ nvm_npmrc_bad_news_bears /root/.nvm/versions/node/v20.19.0/etc/npmrc
#7 0.796 ++ local NVM_NPMRC
#7 0.796 ++ NVM_NPMRC=/root/.nvm/versions/node/v20.19.0/etc/npmrc
#7 0.796 ++ '[' -n /root/.nvm/versions/node/v20.19.0/etc/npmrc ']'
#7 0.796 ++ '[' -f /root/.nvm/versions/node/v20.19.0/etc/npmrc ']'
#7 0.796 ++ return 1
#7 0.796 ++ local NVM_NPM_USER_NPMRC
#7 0.796 ++ NVM_NPM_USER_NPMRC=/root/.npmrc
#7 0.796 ++ nvm_npmrc_bad_news_bears /root/.npmrc
#7 0.796 ++ local NVM_NPMRC
#7 0.796 ++ NVM_NPMRC=/root/.npmrc
#7 0.796 ++ '[' -n /root/.npmrc ']'
#7 0.796 ++ '[' -f /root/.npmrc ']'
#7 0.796 ++ return 1
#7 0.796 ++ local NVM_NPM_PROJECT_NPMRC
#7 0.797 +++ nvm_find_project_dir
#7 0.797 +++ local path_
#7 0.797 +++ path_=/
#7 0.797 +++ '[' / '!=' '' ']'
#7 0.797 +++ '[' '!' -f //package.json ']'
#7 0.797 +++ '[' '!' -d //node_modules ']'
#7 0.797 +++ path_=
#7 0.797 +++ '[' '' '!=' '' ']'
#7 0.797 +++ nvm_echo ''
#7 0.797 +++ command printf '%s\n' ''
#7 0.797 ++ NVM_NPM_PROJECT_NPMRC=/.npmrc
#7 0.797 ++ nvm_npmrc_bad_news_bears /.npmrc
#7 0.797 ++ local NVM_NPMRC
#7 0.797 ++ NVM_NPMRC=/.npmrc
#7 0.797 ++ '[' -n /.npmrc ']'
#7 0.797 ++ '[' -f /.npmrc ']'
#7 0.797 ++ return 1
#7 0.797 ++ '[' -n '' ']'
#7 0.798 ++ EXIT_CODE=0
#7 0.798 ++ set -e
#7 0.798 ++ return 0
#7 0.799 + nvm install 20
#7 0.799 + '[' 2 -lt 1 ']'
#7 0.799 + local DEFAULT_IFS
#7 0.799 ++ nvm_echo t
#7 0.800 ++ command printf '%s\n' t
#7 0.800 ++ command tr t '\t'
#7 0.800 ++ tr t '\t'
#7 0.802 + DEFAULT_IFS=' 	
#7 0.802 '
#7 0.802 + '[' hxB '!=' ehxB ']'
#7 0.802 + set +e
#7 0.802 + local EXIT_CODE
#7 0.802 + IFS=' 	
#7 0.802 '
#7 0.802 + nvm install 20
#7 0.803 + '[' 2 -lt 1 ']'
#7 0.803 + local DEFAULT_IFS
#7 0.803 ++ nvm_echo t
#7 0.803 ++ command printf '%s\n' t
#7 0.803 ++ command tr t '\t'
#7 0.803 ++ tr t '\t'
#7 0.806 + DEFAULT_IFS=' 	
#7 0.806 '
#7 0.806 + '[' hxB '!=' hxB ']'
#7 0.806 + '[' hxB '!=' hxB ']'
#7 0.806 + '[' -n /usr/bin/bash ']'
#7 0.806 + '[' hxB '!=' hxB ']'
#7 0.806 + '[' ' 	
#7 0.806 ' '!=' ' 	
#7 0.806 ' ']'
#7 0.806 + local i
#7 0.806 + for i in "$@"
#7 0.806 + case $i in
#7 0.806 + for i in "$@"
#7 0.806 + case $i in
#7 0.806 + local COMMAND
#7 0.806 + COMMAND=install
#7 0.806 + shift
#7 0.806 + local VERSION
#7 0.806 + local ADDITIONAL_PARAMETERS
#7 0.806 + case $COMMAND in
#7 0.806 + local version_not_provided
#7 0.806 + version_not_provided=0
#7 0.806 + local NVM_OS
#7 0.806 ++ nvm_get_os
#7 0.806 ++ local NVM_UNAME
#7 0.807 +++ command uname -a
#7 0.807 +++ uname -a
#7 0.808 ++ NVM_UNAME='Linux buildkitsandbox 6.8.12-5-pve #1 SMP PREEMPT_DYNAMIC PMX 6.8.12-5 (2024-12-03T10:26Z) x86_64 GNU/Linux'
#7 0.808 ++ local NVM_OS
#7 0.808 ++ case "${NVM_UNAME}" in
#7 0.808 ++ NVM_OS=linux
#7 0.808 ++ nvm_echo linux
#7 0.808 ++ command printf '%s\n' linux
#7 0.810 + NVM_OS=linux
#7 0.810 + nvm_has curl
#7 0.810 + type curl
#7 0.810 + '[' 1 -lt 1 ']'
#7 0.810 + local nobinary
#7 0.810 + local nosource
#7 0.810 + local noprogress
#7 0.810 + nobinary=0
#7 0.810 + noprogress=0
#7 0.810 + nosource=0
#7 0.810 + local LTS
#7 0.810 + local ALIAS
#7 0.810 + local NVM_UPGRADE_NPM
#7 0.810 + NVM_UPGRADE_NPM=0
#7 0.810 + local PROVIDED_REINSTALL_PACKAGES_FROM
#7 0.810 + local REINSTALL_PACKAGES_FROM
#7 0.810 + local SKIP_DEFAULT_PACKAGES
#7 0.810 + '[' 1 -ne 0 ']'
#7 0.810 + case "$1" in
#7 0.810 + break
#7 0.810 + local provided_version
#7 0.810 + provided_version=20
#7 0.810 + '[' -z 20 ']'
#7 0.810 + '[' 1 -gt 0 ']'
#7 0.810 + shift
#7 0.810 + case "${provided_version}" in
#7 0.811 ++ NVM_VERSION_ONLY=true
#7 0.811 ++ NVM_LTS=
#7 0.811 ++ nvm_remote_version 20
#7 0.811 ++ local PATTERN
#7 0.811 ++ PATTERN=20
#7 0.811 ++ local VERSION
#7 0.811 ++ nvm_validate_implicit_alias 20
#7 0.814 +++ NVM_LTS=
#7 0.814 +++ nvm_remote_versions 20
#7 0.814 +++ command tail -1
#7 0.814 +++ local NVM_IOJS_PREFIX
#7 0.814 +++ tail -1
#7 0.814 ++++ nvm_iojs_prefix
#7 0.814 ++++ nvm_echo iojs
#7 0.814 ++++ command printf '%s\n' iojs
#7 0.815 +++ NVM_IOJS_PREFIX=iojs
#7 0.815 +++ local NVM_NODE_PREFIX
#7 0.815 ++++ nvm_node_prefix
#7 0.815 ++++ nvm_echo node
#7 0.815 ++++ command printf '%s\n' node
#7 0.816 +++ NVM_NODE_PREFIX=node
#7 0.816 +++ local PATTERN
#7 0.816 +++ PATTERN=20
#7 0.816 +++ local NVM_FLAVOR
#7 0.816 +++ '[' -n '' ']'
#7 0.816 +++ case "${PATTERN}" in
#7 0.816 +++ nvm_validate_implicit_alias 20
#7 0.818 +++ local NVM_LS_REMOTE_EXIT_CODE
#7 0.818 +++ NVM_LS_REMOTE_EXIT_CODE=0
#7 0.818 +++ local NVM_LS_REMOTE_PRE_MERGED_OUTPUT
#7 0.818 +++ NVM_LS_REMOTE_PRE_MERGED_OUTPUT=
#7 0.818 +++ local NVM_LS_REMOTE_POST_MERGED_OUTPUT
#7 0.818 +++ NVM_LS_REMOTE_POST_MERGED_OUTPUT=
#7 0.818 +++ '[' -z '' ']'
#7 0.818 +++ local NVM_LS_REMOTE_OUTPUT
#7 0.818 ++++ NVM_LTS=
#7 0.818 ++++ nvm_ls_remote 20
#7 0.818 ++++ local PATTERN
#7 0.818 ++++ PATTERN=20
#7 0.818 ++++ nvm_validate_implicit_alias 20
#7 0.820 ++++ '[' -n 20 ']'
#7 0.821 +++++ nvm_ensure_version_prefix 20
#7 0.821 +++++ local NVM_VERSION
#7 0.822 ++++++ nvm_strip_iojs_prefix 20
#7 0.822 ++++++ local NVM_IOJS_PREFIX
#7 0.822 ++++++ command sed -e 's/^\([0-9]\)/v\1/g'
#7 0.822 ++++++ sed -e 's/^\([0-9]\)/v\1/g'
#7 0.822 +++++++ nvm_iojs_prefix
#7 0.822 +++++++ nvm_echo iojs
#7 0.822 +++++++ command printf '%s\n' iojs
#7 0.823 ++++++ NVM_IOJS_PREFIX=iojs
#7 0.823 ++++++ '[' 20 = iojs ']'
#7 0.823 ++++++ nvm_echo 20
#7 0.823 ++++++ command printf '%s\n' 20
#7 0.825 +++++ NVM_VERSION=v20
#7 0.825 +++++ nvm_is_iojs_version 20
#7 0.825 +++++ case "${1-}" in
#7 0.825 +++++ return 1
#7 0.825 +++++ nvm_echo v20
#7 0.825 +++++ command printf '%s\n' v20
#7 0.825 ++++ PATTERN=v20
#7 0.825 ++++ NVM_LTS=
#7 0.825 ++++ nvm_ls_remote_index_tab node std v20
#7 0.825 ++++ local LTS
#7 0.825 ++++ LTS=
#7 0.825 ++++ '[' 3 -lt 3 ']'
#7 0.825 ++++ local FLAVOR
#7 0.825 ++++ FLAVOR=node
#7 0.825 ++++ local TYPE
#7 0.825 ++++ TYPE=std
#7 0.825 ++++ local MIRROR
#7 0.826 +++++ nvm_get_mirror node std
#7 0.826 +++++ case "${1}-${2}" in
#7 0.826 +++++ nvm_echo https://nodejs.org/dist
#7 0.826 +++++ command printf '%s\n' https://nodejs.org/dist
#7 0.826 ++++ MIRROR=https://nodejs.org/dist
#7 0.826 ++++ '[' -z https://nodejs.org/dist ']'
#7 0.826 ++++ local PREFIX
#7 0.826 ++++ PREFIX=
#7 0.826 ++++ case "${FLAVOR}-${TYPE}" in
#7 0.826 ++++ PREFIX=
#7 0.826 ++++ local SORT_COMMAND
#7 0.826 ++++ SORT_COMMAND='command sort'
#7 0.826 ++++ case "${FLAVOR}" in
#7 0.826 ++++ SORT_COMMAND='command sort -t. -u -k 1.2,1n -k 2,2n -k 3,3n'
#7 0.826 ++++ local PATTERN
#7 0.826 ++++ PATTERN=v20
#7 0.826 ++++ '[' 0 = . ']'
#7 0.826 ++++ local VERSIONS
#7 0.826 ++++ '[' -n v20 ']'
#7 0.826 ++++ '[' v20 '!=' '*' ']'
#7 0.826 ++++ '[' node = iojs ']'
#7 0.827 +++++ nvm_ensure_version_prefix v20
#7 0.827 +++++ local NVM_VERSION
#7 0.828 ++++++ nvm_strip_iojs_prefix v20
#7 0.828 ++++++ local NVM_IOJS_PREFIX
#7 0.828 ++++++ command sed -e 's/^\([0-9]\)/v\1/g'
#7 0.828 ++++++ sed -e 's/^\([0-9]\)/v\1/g'
#7 0.828 +++++++ nvm_iojs_prefix
#7 0.828 +++++++ nvm_echo iojs
#7 0.828 +++++++ command printf '%s\n' iojs
#7 0.829 ++++++ NVM_IOJS_PREFIX=iojs
#7 0.829 ++++++ '[' v20 = iojs ']'
#7 0.829 ++++++ nvm_echo v20
#7 0.829 ++++++ command printf '%s\n' v20
#7 0.830 +++++ NVM_VERSION=v20
#7 0.830 +++++ nvm_is_iojs_version v20
#7 0.830 +++++ case "${1-}" in
#7 0.830 +++++ return 1
#7 0.830 +++++ nvm_echo v20
#7 0.830 +++++ command printf '%s\n' v20
#7 0.831 ++++ PATTERN=v20
#7 0.831 ++++ nvm_is_zsh
#7 0.831 ++++ '[' -n '' ']'
#7 0.831 ++++ local VERSION_LIST
#7 0.832 +++++ nvm_download -L -s https://nodejs.org/dist/index.tab -o -
#7 0.832 +++++ local CURL_COMPRESSED_FLAG
#7 0.832 +++++ nvm_has curl
#7 0.832 +++++ type curl
#7 0.832 +++++ command sed '
#7 0.832         1d;
#7 0.832         s/^//;
#7 0.832       '
#7 0.832 +++++ nvm_curl_use_compression
#7 0.832 +++++ nvm_curl_libz_support
#7 0.832 +++++ sed '
#7 0.832         1d;
#7 0.832         s/^//;
#7 0.832       '
#7 0.832 +++++ curl -V
#7 0.833 +++++ nvm_grep '^Features:'
#7 0.833 +++++ GREP_OPTIONS=
#7 0.833 +++++ command grep '^Features:'
#7 0.833 +++++ grep '^Features:'
#7 0.833 +++++ nvm_grep -q libz
#7 0.833 +++++ GREP_OPTIONS=
#7 0.833 +++++ command grep -q libz
#7 0.833 +++++ grep -q libz
#7 0.841 ++++++ nvm_curl_version
#7 0.841 ++++++ curl -V
#7 0.841 ++++++ command awk '{ if ($1 == "curl") print $2 }'
#7 0.841 ++++++ awk '{ if ($1 == "curl") print $2 }'
#7 0.842 ++++++ command sed 's/-.*$//g'
#7 0.842 ++++++ sed 's/-.*$//g'
#7 0.850 +++++ nvm_version_greater_than_or_equal_to 7.68.0 7.21.0
#7 0.850 +++++ command awk 'BEGIN {
#7 0.850     if (ARGV[1] == "" || ARGV[2] == "") exit(1)
#7 0.850     split(ARGV[1], a, /\./);
#7 0.850     split(ARGV[2], b, /\./);
#7 0.850     for (i=1; i<=3; i++) {
#7 0.850       if (a[i] && a[i] !~ /^[0-9]+$/) exit(2);
#7 0.850       if (a[i] < b[i]) exit(3);
#7 0.850       else if (a[i] > b[i]) exit(0);
#7 0.850     }
#7 0.850     exit(0)
#7 0.850   }' 7.68.0 7.21.0
#7 0.850 +++++ awk 'BEGIN {
#7 0.850     if (ARGV[1] == "" || ARGV[2] == "") exit(1)
#7 0.850     split(ARGV[1], a, /\./);
#7 0.850     split(ARGV[2], b, /\./);
#7 0.850     for (i=1; i<=3; i++) {
#7 0.850       if (a[i] && a[i] !~ /^[0-9]+$/) exit(2);
#7 0.850       if (a[i] < b[i]) exit(3);
#7 0.850       else if (a[i] > b[i]) exit(0);
#7 0.850     }
#7 0.850     exit(0)
#7 0.850   }' 7.68.0 7.21.0
#7 0.852 +++++ CURL_COMPRESSED_FLAG=--compressed
#7 0.852 +++++ curl --fail --compressed -q -L -s https://nodejs.org/dist/index.tab -o -
#7 1.081 ++++ VERSION_LIST='v23.10.0	2025-03-13	aix-ppc64,headers,linux-arm64,linux-armv7l,linux-ppc64le,linux-s390x,linux-x64,osx-arm64-tar,osx-x64-pkg,osx-x64-tar,src,win-arm64-7z,win-arm64-zip,win-x64-7z,win-x64-exe,win-x64-msi,win-x64-zip	10.9.2	12.9.202.28	1.50.0	1.3.0.1-motley	3.0.16	131	-	-
#7 1.081 v23.9.0	2025-02-26	aix-ppc64,headers,linux-arm64,linux-armv7l,linux-ppc64le,linux-s390x,linux-x64,osx-arm64-tar,osx-x64-pkg,osx-x64-tar,src,win-arm64-7z,win-arm64-zip,win-x64-7z,win-x64-exe,win-x64-msi,win-x64-zip	10.9.2	12.9.202.28	1.50.0	1.3.0.1-motley	3.0.15+quic	131	-	-
#7 1.081 v23.8.0	2025-02-13	aix-ppc64,headers,linux-arm64,linux-armv7l,linux-ppc64le,linux-s390x,linux-x64,osx-arm64-tar,osx-x64-pkg,osx-x64-tar,src,win-arm64-7z,win-arm64-zip,win-x64-7z,win-x64-exe,win-x64-msi,win-x64-zip	10.9.2	12.9.202.28	1.50.0	1.3.0.1-motley	3.0.15+quic	131	-	-
#7 1.081 v23.7.0	2025-01-30	aix-ppc64,headers,linux-arm64,linux-armv7l,linux-ppc64le,linux-s390x,linux-x64,osx-arm64-tar,osx-x64-pkg,osx-x64-tar,src,win-arm64-7z,win-arm64-zip,win-x64-7z,win-x64-exe,win-x64-msi,win-x64-zip	10.9.2	12.9.202.28	1.50.0	1.3.0.1-motley	3.0.15+quic	131	-	-
#7 1.081 v23.6.1	2025-01-21	aix-ppc64,headers,linux-arm64,linux-armv7l,linux-ppc64le,linux-s390x,linux-x64,osx-arm64-tar,osx-x64-pkg,osx-x64-tar,src,win-arm64-7z,win-arm64-zip,win-x64-7z,win-x64-exe,win-x64-msi,win-x64-zip	10.9.2	12.9.202.28	1.49.2	1.3.0.1-motley	3.0.15+quic	131	-	true
#7 1.081 v23.6.0	2025-01-07	aix-ppc64,headers,linux-arm64,linux-armv7l,linux-ppc64le,linux-s390x,linux-x64,osx-arm64-tar,osx-x64-pkg,osx-x64-tar,src,win-arm64-7z,win-arm64-zip,win-x64-7z,win-x64-exe,win-x64-msi,win-x64-zip	10.9.2	12.9.202.28	1.49.2	1.3.0.1-motley	3.0.15+quic	131	-	-
#7 1.081 v23.5.0	2024-12-19	aix-ppc64,headers,linux-arm64,linux-armv7l,linux-ppc64le,linux-s390x,linux-x64,osx-arm64-tar,osx-x64-pkg,osx-x64-tar,src,win-arm64-7z,win-arm64-zip,win-x64-7z,win-x64-exe,win-x64-msi,win-x64-zip	10.9.2	12.9.202.28	1.49.2	1.3.0.1-motley	3.0.15+quic	131	-	-
#7 1.081 v23.4.0	2024-12-10	aix-ppc64,headers,linux-arm64,linux-armv7l,linux-ppc64le,linux-s390x,linux-x64,osx-arm64-tar,osx-x64-pkg,osx-x64-tar,src,win-arm64-7z,win-arm64-zip,win-x64-7z,win-x64-exe,win-x64-msi,win-x64-zip	10.9.2	12.9.202.28	1.49.1	1.3.0.1-motley	3.0.15+quic	131	-	-
#7 1.081 v23.3.0	2024-11-20	aix-ppc64,headers,linux-arm64,linux-armv7l,linux-ppc64le,linux-s390x,linux-x64,osx-arm64-tar,osx-x64-pkg,osx-x64-tar,src,win-arm64-7z,win-arm64-zip,win-x64-7z,win-x64-exe,win-x64-msi,win-x64-zip	10.9.0	12.9.202.28	1.49.1	1.3.0.1-motley	3.0.15+quic	131	-	-
#7 1.081 v23.2.0	2024-11-11	aix-ppc64,headers,linux-arm64,linux-armv7l,linux-ppc64le,linux-s390x,linux-x64,osx-arm64-tar,osx-x64-pkg,osx-x64-tar,src,win-arm64-7z,win-arm64-zip,win-x64-7z,win-x64-exe,win-x64-msi,win-x64-zip	10.9.0	12.9.202.28	1.49.1	1.3.0.1-motley	3.0.15+quic	131	-	-
#7 1.081 v23.1.0	2024-10-24	aix-ppc64,headers,linux-arm64,linux-armv7l,linux-ppc64le,linux-s390x,linux-x64,osx-arm64-tar,osx-x64-pkg,osx-x64-tar,src,win-arm64-7z,win-arm64-zip,win-x64-7z,win-x64-exe,win-x64-msi,win-x64-zip	10.9.0	12.9.202.28	1.49.1	1.3.0.1-motley	3.0.15+quic	131	-	-
#7 1.081 v23.0.0	2024-10-16	aix-ppc64,headers,linux-arm64,linux-armv7l,linux-ppc64le,linux-s390x,linux-x64,osx-arm64-tar,osx-x64-pkg,osx-x64-tar,src,win-arm64-7z,win-arm64-zip,win-x64-7z,win-x64-exe,win-x64-msi,win-x64-zip	10.9.0	12.9.202.26	1.48.0	1.3.0.1-motley	3.0.15+quic	131	-	-
#7 1.081 v22.14.0	2025-02-11	aix-ppc64,headers,linux-arm64,linux-armv7l,linux-ppc64le,linux-s390x,linux-x64,osx-arm64-tar,osx-x64-pkg,osx-x64-tar,src,win-arm64-7z,win-arm64-zip,win-x64-7z,win-x64-exe,win-x64-msi,win-x64-zip,win-x86-7z,win-x86-exe,win-x86-msi,win-x86-zip	10.9.2	12.4.254.21	1.49.2	1.3.0.1-motley	3.0.15+quic	127	Jod	-
#7 1.081 v22.13.1	2025-01-21	aix-ppc64,headers,linux-arm64,linux-armv7l,linux-ppc64le,linux-s390x,linux-x64,osx-arm64-tar,osx-x64-pkg,osx-x64-tar,src,win-arm64-7z,win-arm64-zip,win-x64-7z,win-x64-exe,win-x64-msi,win-x64-zip,win-x86-7z,win-x86-exe,win-x86-msi,win-x86-zip	10.9.2	12.4.254.21	1.49.2	1.3.0.1-motley	3.0.15+quic	127	Jod	true
#7 1.081 v22.13.0	2025-01-06	aix-ppc64,headers,linux-arm64,linux-armv7l,linux-ppc64le,linux-s390x,linux-x64,osx-arm64-tar,osx-x64-pkg,osx-x64-tar,src,win-arm64-7z,win-arm64-zip,win-x64-7z,win-x64-exe,win-x64-msi,win-x64-zip,win-x86-7z,win-x86-exe,win-x86-msi,win-x86-zip	10.9.2	12.4.254.21	1.49.2	1.3.0.1-motley	3.0.15+quic	127	Jod	-
#7 1.081 v22.12.0	2024-12-02	aix-ppc64,headers,linux-arm64,linux-armv7l,linux-ppc64le,linux-s390x,linux-x64,osx-arm64-tar,osx-x64-pkg,osx-x64-tar,src,win-arm64-7z,win-arm64-zip,win-x64-7z,win-x64-exe,win-x64-msi,win-x64-zip,win-x86-7z,win-x86-exe,win-x86-msi,win-x86-zip	10.9.0	12.4.254.21	1.49.1	1.3.0.1-motley	3.0.15+quic	127	Jod	-
#7 1.081 v22.11.0	2024-10-29	aix-ppc64,headers,linux-arm64,linux-armv7l,linux-ppc64le,linux-s390x,linux-x64,osx-arm64-tar,osx-x64-pkg,osx-x64-tar,src,win-arm64-7z,win-arm64-zip,win-x64-7z,win-x64-exe,win-x64-msi,win-x64-zip,win-x86-7z,win-x86-exe,win-x86-msi,win-x86-zip	10.9.0	12.4.254.21	1.48.0	1.3.0.1-motley	3.0.15+quic	127	Jod	-
#7 1.081 v22.10.0	2024-10-16	aix-ppc64,headers,linux-arm64,linux-armv7l,linux-ppc64le,linux-s390x,linux-x64,osx-arm64-tar,osx-x64-pkg,osx-x64-tar,src,win-arm64-7z,win-arm64-zip,win-x64-7z,win-x64-exe,win-x64-msi,win-x64-zip,win-x86-7z,win-x86-exe,win-x86-msi,win-x86-zip	10.9.0	12.4.254.21	1.48.0	1.3.0.1-motley	3.0.15+quic	127	-	-
#7 1.081 v22.9.0	2024-09-17	aix-ppc64,headers,linux-arm64,linux-armv7l,linux-ppc64le,linux-s390x,linux-x64,osx-arm64-tar,osx-x64-pkg,osx-x64-tar,src,win-arm64-7z,win-arm64-zip,win-x64-7z,win-x64-exe,win-x64-msi,win-x64-zip,win-x86-7z,win-x86-exe,win-x86-msi,win-x86-zip	10.8.3	12.4.254.21	1.48.0	1.3.0.1-motley	3.0.13+quic	127	-	-
#7 1.081 v22.8.0	2024-09-03	aix-ppc64,headers,linux-arm64,linux-armv7l,linux-ppc64le,linux-s390x,linux-x64,osx-arm64-tar,osx-x64-pkg,osx-x64-tar,src,win-arm64-7z,win-arm64-zip,win-x64-7z,win-x64-exe,win-x64-msi,win-x64-zip,win-x86-7z,win-x86-exe,win-x86-msi,win-x86-zip	10.8.2	12.4.254.21	1.48.0	1.3.0.1-motley	3.0.13+quic	127	-	-
#7 1.081 v22.7.0	2024-08-21	aix-ppc64,headers,linux-arm64,linux-armv7l,linux-ppc64le,linux-s390x,linux-x64,osx-arm64-tar,osx-x64-pkg,osx-x64-tar,src,win-arm64-7z,win-arm64-zip,win-x64-7z,win-x64-exe,win-x64-msi,win-x64-zip,win-x86-7z,win-x86-exe,win-x86-msi,win-x86-zip	10.8.2	12.4.254.21	1.48.0	1.3.0.1-motley	3.0.13+quic	127	-	-
#7 1.081 v22.6.0	2024-08-06	aix-ppc64,headers,linux-arm64,linux-armv7l,linux-ppc64le,linux-s390x,linux-x64,osx-arm64-tar,osx-x64-pkg,osx-x64-tar,src,win-arm64-7z,win-arm64-zip,win-x64-7z,win-x64-exe,win-x64-msi,win-x64-zip,win-x86-7z,win-x86-exe,win-x86-msi,win-x86-zip	10.8.2	12.4.254.21	1.48.0	1.3.0.1-motley	3.0.13+quic	127	-	-
#7 1.081 v22.5.1	2024-07-19	aix-ppc64,headers,linux-arm64,linux-armv7l,linux-ppc64le,linux-s390x,linux-x64,osx-arm64-tar,osx-x64-pkg,osx-x64-tar,src,win-arm64-7z,win-arm64-zip,win-x64-7z,win-x64-exe,win-x64-msi,win-x64-zip,win-x86-7z,win-x86-exe,win-x86-msi,win-x86-zip	10.8.2	12.4.254.21	1.48.0	1.3.0.1-motley	3.0.13+quic	127	-	-
#7 1.081 v22.5.0	2024-07-17	aix-ppc64,headers,linux-arm64,linux-armv7l,linux-ppc64le,linux-s390x,linux-x64,osx-arm64-tar,osx-x64-pkg,osx-x64-tar,src,win-arm64-7z,win-arm64-zip,win-x64-7z,win-x64-exe,win-x64-msi,win-x64-zip,win-x86-7z,win-x86-exe,win-x86-msi,win-x86-zip	10.8.2	12.4.254.21	1.48.0	1.3.0.1-motley	3.0.13+quic	127	-	-
#7 1.081 v22.4.1	2024-07-08	aix-ppc64,headers,linux-arm64,linux-armv7l,linux-ppc64le,linux-s390x,linux-x64,osx-arm64-tar,osx-x64-pkg,osx-x64-tar,src,win-arm64-7z,win-arm64-zip,win-x64-7z,win-x64-exe,win-x64-msi,win-x64-zip,win-x86-7z,win-x86-exe,win-x86-msi,win-x86-zip	10.8.1	12.4.254.21	1.48.0	1.3.0.1-motley	3.0.13+quic	127	-	true
#7 1.081 v22.4.0	2024-07-02	aix-ppc64,headers,linux-arm64,linux-armv7l,linux-ppc64le,linux-s390x,linux-x64,osx-arm64-tar,osx-x64-pkg,osx-x64-tar,src,win-arm64-7z,win-arm64-zip,win-x64-7z,win-x64-exe,win-x64-msi,win-x64-zip,win-x86-7z,win-x86-exe,win-x86-msi,win-x86-zip	10.8.1	12.4.254.21	1.48.0	1.3.0.1-motley	3.0.13+quic	127	-	-
#7 1.081 v22.3.0	2024-06-11	aix-ppc64,headers,linux-arm64,linux-armv7l,linux-ppc64le,linux-s390x,linux-x64,osx-arm64-tar,osx-x64-pkg,osx-x64-tar,src,win-arm64-7z,win-arm64-zip,win-x64-7z,win-x64-exe,win-x64-msi,win-x64-zip,win-x86-7z,win-x86-exe,win-x86-msi,win-x86-zip	10.8.1	12.4.254.20	1.48.0	1.3.0.1-motley	3.0.13+quic	127	-	-
#7 1.081 v22.2.0	2024-05-15	aix-ppc64,headers,linux-arm64,linux-armv7l,linux-ppc64le,linux-s390x,linux-x64,osx-arm64-tar,osx-x64-pkg,osx-x64-tar,src,win-arm64-7z,win-arm64-zip,win-x64-7z,win-x64-exe,win-x64-msi,win-x64-zip,win-x86-7z,win-x86-exe,win-x86-msi,win-x86-zip	10.7.0	12.4.254.14	1.48.0	1.3.0.1-motley	3.0.13+quic	127	-	-
#7 1.081 v22.1.0	2024-05-02	aix-ppc64,headers,linux-arm64,linux-armv7l,linux-ppc64le,linux-s390x,linux-x64,osx-arm64-tar,osx-x64-pkg,osx-x64-tar,src,win-arm64-7z,win-arm64-zip,win-x64-7z,win-x64-exe,win-x64-msi,win-x64-zip,win-x86-7z,win-x86-exe,win-x86-msi,win-x86-zip	10.7.0	12.4.254.14	1.48.0	1.3.0.1-motley	3.0.13+quic	127	-	-
#7 1.081 v22.0.0	2024-04-24	aix-ppc64,headers,linux-arm64,linux-armv7l,linux-ppc64le,linux-s390x,linux-x64,osx-arm64-tar,osx-x64-pkg,osx-x64-tar,src,win-arm64-7z,win-arm64-zip,win-x64-7z,win-x64-exe,win-x64-msi,win-x64-zip,win-x86-7z,win-x86-exe,win-x86-msi,win-x86-zip	10.5.1	12.4.254.14	1.48.0	1.3.0.1-motley	3.0.13+quic	127	-	-
#7 1.081 v21.7.3	2024-04-10	aix-ppc64,headers,linux-arm64,linux-armv7l,linux-ppc64le,linux-s390x,linux-x64,osx-arm64-tar,osx-x64-pkg,osx-x64-tar,src,win-arm64-7z,win-arm64-zip,win-x64-7z,win-x64-exe,win-x64-msi,win-x64-zip,win-x86-7z,win-x86-exe,win-x86-msi,win-x86-zip	10.5.0	11.8.172.17	1.48.0	1.3.0.1-motley	3.0.13+quic	120	-	true
#7 1.081 v21.7.2	2024-04-03	aix-ppc64,headers,linux-arm64,linux-armv7l,linux-ppc64le,linux-s390x,linux-x64,osx-arm64-tar,osx-x64-pkg,osx-x64-tar,src,win-arm64-7z,win-arm64-zip,win-x64-7z,win-x64-exe,win-x64-msi,win-x64-zip,win-x86-7z,win-x86-exe,win-x86-msi,win-x86-zip	10.5.0	11.8.172.17	1.48.0	1.3.0.1-motley	3.0.13+quic	120	-	true
#7 1.081 v21.7.1	2024-03-08	aix-ppc64,headers,linux-arm64,linux-armv7l,linux-ppc64le,linux-s390x,linux-x64,osx-arm64-tar,osx-x64-pkg,osx-x64-tar,src,win-arm64-7z,win-arm64-zip,win-x64-7z,win-x64-exe,win-x64-msi,win-x64-zip,win-x86-7z,win-x86-exe,win-x86-msi,win-x86-zip	10.5.0	11.8.172.17	1.48.0	1.3.0.1-motley	3.0.13+quic	120	-	-
#7 1.081 v21.7.0	2024-03-06	aix-ppc64,headers,linux-arm64,linux-armv7l,linux-ppc64le,linux-s390x,linux-x64,osx-arm64-tar,osx-x64-pkg,osx-x64-tar,src,win-arm64-7z,win-arm64-zip,win-x64-7z,win-x64-exe,win-x64-msi,win-x64-zip,win-x86-7z,win-x86-exe,win-x86-msi,win-x86-zip	10.5.0	11.8.172.17	1.48.0	1.3.0.1-motley	3.0.13+quic	120	-	-
#7 1.081 v21.6.2	2024-02-13	aix-ppc64,headers,linux-arm64,linux-armv7l,linux-ppc64le,linux-s390x,linux-x64,osx-arm64-tar,osx-x64-pkg,osx-x64-tar,src,win-arm64-7z,win-arm64-zip,win-x64-7z,win-x64-exe,win-x64-msi,win-x64-zip,win-x86-7z,win-x86-exe,win-x86-msi,win-x86-zip	10.2.4	11.8.172.17	1.48.0	1.3.0.1-motley	3.0.13+quic	120	-	true
#7 1.081 v21.6.1	2024-01-22	aix-ppc64,headers,linux-arm64,linux-armv7l,linux-ppc64le,linux-s390x,linux-x64,osx-arm64-tar,osx-x64-pkg,osx-x64-tar,src,win-arm64-7z,win-arm64-zip,win-x64-7z,win-x64-exe,win-x64-msi,win-x64-zip,win-x86-7z,win-x86-exe,win-x86-msi,win-x86-zip	10.2.4	11.8.172.17	1.47.0	1.3.0.1-motley	3.0.12+quic	120	-	-
#7 1.081 v21.6.0	2024-01-14	aix-ppc64,headers,linux-arm64,linux-armv7l,linux-ppc64le,linux-s390x,linux-x64,osx-arm64-tar,osx-x64-pkg,osx-x64-tar,src,win-arm64-7z,win-arm64-zip,win-x64-7z,win-x64-exe,win-x64-msi,win-x64-zip,win-x86-7z,win-x86-exe,win-x86-msi,win-x86-zip	10.2.4	11.8.172.17	1.47.0	1.3.0.1-motley	3.0.12+quic	120	-	-
#7 1.081 v21.5.0	2023-12-19	aix-ppc64,headers,linux-arm64,linux-armv7l,linux-ppc64le,linux-s390x,linux-x64,osx-arm64-tar,osx-x64-pkg,osx-x64-tar,src,win-arm64-7z,win-arm64-zip,win-x64-7z,win-x64-exe,win-x64-msi,win-x64-zip,win-x86-7z,win-x86-exe,win-x86-msi,win-x86-zip	10.2.4	11.8.172.17	1.47.0	1.3	3.0.12+quic	120	-	-
#7 1.081 v21.4.0	2023-12-05	aix-ppc64,headers,linux-arm64,linux-armv7l,linux-ppc64le,linux-s390x,linux-x64,osx-arm64-tar,osx-x64-pkg,osx-x64-tar,src,win-arm64-7z,win-arm64-zip,win-x64-7z,win-x64-exe,win-x64-msi,win-x64-zip,win-x86-7z,win-x86-exe,win-x86-msi,win-x86-zip	10.2.4	11.8.172.17	1.46.0	1.2.13.1-motley	3.0.12+quic	120	-	-
#7 1.081 v21.3.0	2023-11-30	aix-ppc64,headers,linux-arm64,linux-armv7l,linux-ppc64le,linux-s390x,linux-x64,osx-arm64-tar,osx-x64-pkg,osx-x64-tar,src,win-arm64-7z,win-arm64-zip,win-x64-7z,win-x64-exe,win-x64-msi,win-x64-zip,win-x86-7z,win-x86-exe,win-x86-msi,win-x86-zip	10.2.4	11.8.172.17	1.46.0	1.2.13.1-motley	3.0.12+quic	120	-	-
#7 1.081 v21.2.0	2023-11-14	aix-ppc64,headers,linux-arm64,linux-armv7l,linux-ppc64le,linux-s390x,linux-x64,osx-arm64-tar,osx-x64-pkg,osx-x64-tar,src,win-arm64-7z,win-arm64-zip,win-x64-7z,win-x64-exe,win-x64-msi,win-x64-zip,win-x86-7z,win-x86-exe,win-x86-msi,win-x86-zip	10.2.3	11.8.172.17	1.46.0	1.2.13.1-motley	3.0.12+quic	120	-	-
#7 1.081 v21.1.0	2023-10-24	aix-ppc64,headers,linux-arm64,linux-armv7l,linux-ppc64le,linux-s390x,linux-x64,osx-arm64-tar,osx-x64-pkg,osx-x64-tar,src,win-arm64-7z,win-arm64-zip,win-x64-7z,win-x64-exe,win-x64-msi,win-x64-zip,win-x86-7z,win-x86-exe,win-x86-msi,win-x86-zip	10.2.0	11.8.172.15	1.46.0	1.2.13.1-motley	3.0.10+quic	120	-	-
#7 1.081 v21.0.0	2023-10-17	aix-ppc64,headers,linux-arm64,linux-armv7l,linux-ppc64le,linux-s390x,linux-x64,osx-arm64-tar,osx-x64-pkg,osx-x64-tar,src,win-arm64-7z,win-arm64-zip,win-x64-7z,win-x64-exe,win-x64-msi,win-x64-zip,win-x86-7z,win-x86-exe,win-x86-msi,win-x86-zip	10.2.0	11.8.172.13	1.46.0	1.2.13.1-motley	3.0.10+quic	120	-	-
#7 1.081 v20.19.0	2025-03-13	aix-ppc64,headers,linux-arm64,linux-armv7l,linux-ppc64le,linux-s390x,linux-x64,osx-arm64-tar,osx-x64-pkg,osx-x64-tar,src,win-arm64-7z,win-arm64-zip,win-x64-7z,win-x64-exe,win-x64-msi,win-x64-zip,win-x86-7z,win-x86-exe,win-x86-msi,win-x86-zip	10.8.2	11.3.244.8	1.46.0	1.3.0.1-motley	3.0.15+quic	115	Iron	-
#7 1.081 v20.18.3	2025-02-10	aix-ppc64,headers,linux-arm64,linux-armv7l,linux-ppc64le,linux-s390x,linux-x64,osx-arm64-tar,osx-x64-pkg,osx-x64-tar,src,win-arm64-7z,win-arm64-zip,win-x64-7z,win-x64-exe,win-x64-msi,win-x64-zip,win-x86-7z,win-x86-exe,win-x86-msi,win-x86-zip	10.8.2	11.3.244.8	1.46.0	1.3.0.1-motley	3.0.15+quic	115	Iron	-
#7 1.081 v20.18.2	2025-01-21	aix-ppc64,headers,linux-arm64,linux-armv7l,linux-ppc64le,linux-s390x,linux-x64,osx-arm64-tar,osx-x64-pkg,osx-x64-tar,src,win-arm64-7z,win-arm64-zip,win-x64-7z,win-x64-exe,win-x64-msi,win-x64-zip,win-x86-7z,win-x86-exe,win-x86-msi,win-x86-zip	10.8.2	11.3.244.8	1.46.0	1.3.0.1-motley	3.0.15+quic	115	Iron	true
#7 1.081 v20.18.1	2024-11-20	aix-ppc64,headers,linux-arm64,linux-armv7l,linux-ppc64le,linux-s390x,linux-x64,osx-arm64-tar,osx-x64-pkg,osx-x64-tar,src,win-arm64-7z,win-arm64-zip,win-x64-7z,win-x64-exe,win-x64-msi,win-x64-zip,win-x86-7z,win-x86-exe,win-x86-msi,win-x86-zip	10.8.2	11.3.244.8	1.46.0	1.3.0.1-motley	3.0.15+quic	115	Iron	-
#7 1.081 v20.18.0	2024-10-03	aix-ppc64,headers,linux-arm64,linux-armv7l,linux-ppc64le,linux-s390x,linux-x64,osx-arm64-tar,osx-x64-pkg,osx-x64-tar,src,win-arm64-7z,win-arm64-zip,win-x64-7z,win-x64-exe,win-x64-msi,win-x64-zip,win-x86-7z,win-x86-exe,win-x86-msi,win-x86-zip	10.8.2	11.3.244.8	1.46.0	1.3.0.1-motley	3.0.13+quic	115	Iron	-
#7 1.081 v20.17.0	2024-08-21	aix-ppc64,headers,linux-arm64,linux-armv7l,linux-ppc64le,linux-s390x,linux-x64,osx-arm64-tar,osx-x64-pkg,osx-x64-tar,src,win-arm64-7z,win-arm64-zip,win-x64-7z,win-x64-exe,win-x64-msi,win-x64-zip,win-x86-7z,win-x86-exe,win-x86-msi,win-x86-zip	10.8.2	11.3.244.8	1.46.0	1.3.0.1-motley	3.0.13+quic	115	Iron	-
#7 1.081 v20.16.0	2024-07-24	aix-ppc64,headers,linux-arm64,linux-armv7l,linux-ppc64le,linux-s390x,linux-x64,osx-arm64-tar,osx-x64-pkg,osx-x64-tar,src,win-arm64-7z,win-arm64-zip,win-x64-7z,win-x64-exe,win-x64-msi,win-x64-zip,win-x86-7z,win-x86-exe,win-x86-msi,win-x86-zip	10.8.1	11.3.244.8	1.46.0	1.3.0.1-motley	3.0.13+quic	115	Iron	-
#7 1.081 v20.15.1	2024-07-08	aix-ppc64,headers,linux-arm64,linux-armv7l,linux-ppc64le,linux-s390x,linux-x64,osx-arm64-tar,osx-x64-pkg,osx-x64-tar,src,win-arm64-7z,win-arm64-zip,win-x64-7z,win-x64-exe,win-x64-msi,win-x64-zip,win-x86-7z,win-x86-exe,win-x86-msi,win-x86-zip	10.7.0	11.3.244.8	1.46.0	1.3.0.1-motley	3.0.13+quic	115	Iron	true
#7 1.081 v20.15.0	2024-06-20	aix-ppc64,headers,linux-arm64,linux-armv7l,linux-ppc64le,linux-s390x,linux-x64,osx-arm64-tar,osx-x64-pkg,osx-x64-tar,src,win-arm64-7z,win-arm64-zip,win-x64-7z,win-x64-exe,win-x64-msi,win-x64-zip,win-x86-7z,win-x86-exe,win-x86-msi,win-x86-zip	10.7.0	11.3.244.8	1.46.0	1.3.0.1-motley	3.0.13+quic	115	Iron	-
#7 1.081 v20.14.0	2024-05-28	aix-ppc64,headers,linux-arm64,linux-armv7l,linux-ppc64le,linux-s390x,linux-x64,osx-arm64-tar,osx-x64-pkg,osx-x64-tar,src,win-arm64-7z,win-arm64-zip,win-x64-7z,win-x64-exe,win-x64-msi,win-x64-zip,win-x86-7z,win-x86-exe,win-x86-msi,win-x86-zip	10.7.0	11.3.244.8	1.46.0	1.3.0.1-motley	3.0.13+quic	115	Iron	-
#7 1.081 v20.13.1	2024-05-09	aix-ppc64,headers,linux-arm64,linux-armv7l,linux-ppc64le,linux-s390x,linux-x64,osx-arm64-tar,osx-x64-pkg,osx-x64-tar,src,win-arm64-7z,win-arm64-zip,win-x64-7z,win-x64-exe,win-x64-msi,win-x64-zip,win-x86-7z,win-x86-exe,win-x86-msi,win-x86-zip	10.5.2	11.3.244.8	1.46.0	1.3.0.1-motley	3.0.13+quic	115	Iron	-
#7 1.081 v20.13.0	2024-05-07	aix-ppc64,headers,linux-arm64,linux-armv7l,linux-ppc64le,linux-s390x,linux-x64,osx-arm64-tar,osx-x64-pkg,osx-x64-tar,src,win-arm64-7z,win-arm64-zip,win-x64-7z,win-x64-exe,win-x64-msi,win-x64-zip,win-x86-7z,win-x86-exe,win-x86-msi,win-x86-zip	10.5.2	11.3.244.8	1.46.0	1.3.0.1-motley	3.0.13+quic	115	Iron	-
#7 1.081 v20.12.2	2024-04-10	aix-ppc64,headers,linux-arm64,linux-armv7l,linux-ppc64le,linux-s390x,linux-x64,osx-arm64-tar,osx-x64-pkg,osx-x64-tar,src,win-arm64-7z,win-arm64-zip,win-x64-7z,win-x64-exe,win-x64-msi,win-x64-zip,win-x86-7z,win-x86-exe,win-x86-msi,win-x86-zip	10.5.0	11.3.244.8	1.46.0	1.3.0.1-motley	3.0.13+quic	115	Iron	true
#7 1.081 v20.12.1	2024-04-03	aix-ppc64,headers,linux-arm64,linux-armv7l,linux-ppc64le,linux-s390x,linux-x64,osx-arm64-tar,osx-x64-pkg,osx-x64-tar,src,win-arm64-7z,win-arm64-zip,win-x64-7z,win-x64-exe,win-x64-msi,win-x64-zip,win-x86-7z,win-x86-exe,win-x86-msi,win-x86-zip	10.5.0	11.3.244.8	1.46.0	1.3.0.1-motley	3.0.13+quic	115	Iron	true
#7 1.081 v20.12.0	2024-03-26	aix-ppc64,headers,linux-arm64,linux-armv7l,linux-ppc64le,linux-s390x,linux-x64,osx-arm64-tar,osx-x64-pkg,osx-x64-tar,src,win-arm64-7z,win-arm64-zip,win-x64-7z,win-x64-exe,win-x64-msi,win-x64-zip,win-x86-7z,win-x86-exe,win-x86-msi,win-x86-zip	10.5.0	11.3.244.8	1.46.0	1.3.0.1-motley	3.0.13+quic	115	Iron	-
#7 1.081 v20.11.1	2024-02-13	aix-ppc64,headers,linux-arm64,linux-armv7l,linux-ppc64le,linux-s390x,linux-x64,osx-arm64-tar,osx-x64-pkg,osx-x64-tar,src,win-arm64-7z,win-arm64-zip,win-x64-7z,win-x64-exe,win-x64-msi,win-x64-zip,win-x86-7z,win-x86-exe,win-x86-msi,win-x86-zip	10.2.4	11.3.244.8	1.46.0	1.2.13.1-motley	3.0.13+quic	115	Iron	true
#7 1.081 v20.11.0	2024-01-09	aix-ppc64,headers,linux-arm64,linux-armv7l,linux-ppc64le,linux-s390x,linux-x64,osx-arm64-tar,osx-x64-pkg,osx-x64-tar,src,win-arm64-7z,win-arm64-zip,win-x64-7z,win-x64-exe,win-x64-msi,win-x64-zip,win-x86-7z,win-x86-exe,win-x86-msi,win-x86-zip	10.2.4	11.3.244.8	1.46.0	1.2.13.1-motley	3.0.12+quic	115	Iron	-
#7 1.081 v20.10.0	2023-11-22	aix-ppc64,headers,linux-arm64,linux-armv7l,linux-ppc64le,linux-s390x,linux-x64,osx-arm64-tar,osx-x64-pkg,osx-x64-tar,src,win-arm64-7z,win-arm64-zip,win-x64-7z,win-x64-exe,win-x64-msi,win-x64-zip,win-x86-7z,win-x86-exe,win-x86-msi,win-x86-zip	10.2.3	11.3.244.8	1.46.0	1.2.13.1-motley	3.0.12+quic	115	Iron	-
#7 1.081 v20.9.0	2023-10-24	aix-ppc64,headers,linux-arm64,linux-armv7l,linux-ppc64le,linux-s390x,linux-x64,osx-arm64-tar,osx-x64-pkg,osx-x64-tar,src,win-arm64-7z,win-arm64-zip,win-x64-7z,win-x64-exe,win-x64-msi,win-x64-zip,win-x86-7z,win-x86-exe,win-x86-msi,win-x86-zip	10.1.0	11.3.244.8	1.46.0	1.2.13.1-motley	3.0.10+quic	115	Iron	-
#7 1.081 v20.8.1	2023-10-13	aix-ppc64,headers,linux-arm64,linux-armv7l,linux-ppc64le,linux-s390x,linux-x64,osx-arm64-tar,osx-x64-pkg,osx-x64-tar,src,win-arm64-7z,win-arm64-zip,win-x64-7z,win-x64-exe,win-x64-msi,win-x64-zip,win-x86-7z,win-x86-exe,win-x86-msi,win-x86-zip	10.1.0	11.3.244.8	1.46.0	1.2.13.1-motley	3.0.10+quic	115	-	true
#7 1.081 v20.8.0	2023-09-28	aix-ppc64,headers,linux-arm64,linux-armv7l,linux-ppc64le,linux-s390x,linux-x64,osx-arm64-tar,osx-x64-pkg,osx-x64-tar,src,win-arm64-7z,win-arm64-zip,win-x64-7z,win-x64-exe,win-x64-msi,win-x64-zip,win-x86-7z,win-x86-exe,win-x86-msi,win-x86-zip	10.1.0	11.3.244.8	1.46.0	1.2.13.1-motley	3.0.10+quic	115	-	-
#7 1.081 v20.7.0	2023-09-18	aix-ppc64,headers,linux-arm64,linux-armv7l,linux-ppc64le,linux-s390x,linux-x64,osx-arm64-tar,osx-x64-pkg,osx-x64-tar,src,win-arm64-7z,win-arm64-zip,win-x64-7z,win-x64-exe,win-x64-msi,win-x64-zip,win-x86-7z,win-x86-exe,win-x86-msi,win-x86-zip	10.1.0	11.3.244.8	1.46.0	1.2.13.1-motley	3.0.10+quic	115	-	-
#7 1.081 v20.6.1	2023-09-07	aix-ppc64,headers,linux-arm64,linux-armv7l,linux-ppc64le,linux-s390x,linux-x64,osx-arm64-tar,osx-x64-pkg,osx-x64-tar,src,win-arm64-7z,win-arm64-zip,win-x64-7z,win-x64-exe,win-x64-msi,win-x64-zip,win-x86-7z,win-x86-exe,win-x86-msi,win-x86-zip	9.8.1	11.3.244.8	1.46.0	1.2.13.1-motley	3.0.10+quic	115	-	-
#7 1.081 v20.6.0	2023-08-23	aix-ppc64,headers,linux-arm64,linux-armv7l,linux-ppc64le,linux-s390x,linux-x64,osx-arm64-tar,osx-x64-pkg,osx-x64-tar,src,win-arm64-7z,win-arm64-zip,win-x64-7z,win-x64-exe,win-x64-msi,win-x64-zip,win-x86-7z,win-x86-exe,win-x86-msi,win-x86-zip	9.8.1	11.3.244.8	1.46.0	1.2.13.1-motley	3.0.10+quic	115	-	-
#7 1.081 v20.5.1	2023-08-09	aix-ppc64,headers,linux-arm64,linux-armv7l,linux-ppc64le,linux-s390x,linux-x64,osx-arm64-tar,osx-x64-pkg,osx-x64-tar,src,win-arm64-7z,win-arm64-zip,win-x64-7z,win-x64-exe,win-x64-msi,win-x64-zip,win-x86-7z,win-x86-exe,win-x86-msi,win-x86-zip	9.8.0	11.3.244.8	1.46.0	1.2.13.1-motley	3.0.10+quic	115	-	true
#7 1.081 v20.5.0	2023-07-19	aix-ppc64,headers,linux-arm64,linux-armv7l,linux-ppc64le,linux-s390x,linux-x64,osx-arm64-tar,osx-x64-pkg,osx-x64-tar,src,win-arm64-7z,win-arm64-zip,win-x64-7z,win-x64-exe,win-x64-msi,win-x64-zip,win-x86-7z,win-x86-exe,win-x86-msi,win-x86-zip	9.8.0	11.3.244.8	1.46.0	1.2.13.1-motley	3.0.9+quic	115	-	-
#7 1.081 v20.4.0	2023-07-04	aix-ppc64,headers,linux-arm64,linux-armv7l,linux-ppc64le,linux-s390x,linux-x64,osx-arm64-tar,osx-x64-pkg,osx-x64-tar,src,win-arm64-7z,win-arm64-zip,win-x64-7z,win-x64-exe,win-x64-msi,win-x64-zip,win-x86-7z,win-x86-exe,win-x86-msi,win-x86-zip	9.7.2	11.3.244.8	1.46.0	1.2.13.1-motley	3.0.9+quic	115	-	-
#7 1.081 v20.3.1	2023-06-20	aix-ppc64,headers,linux-arm64,linux-armv7l,linux-ppc64le,linux-s390x,linux-x64,osx-arm64-tar,osx-x64-pkg,osx-x64-tar,src,win-arm64-7z,win-arm64-zip,win-x64-7z,win-x64-exe,win-x64-msi,win-x64-zip,win-x86-7z,win-x86-exe,win-x86-msi,win-x86-zip	9.6.7	11.3.244.8	1.45.0	1.2.13.1-motley	3.0.9+quic	115	-	true
#7 1.081 v20.3.0	2023-06-08	aix-ppc64,headers,linux-arm64,linux-armv7l,linux-ppc64le,linux-s390x,linux-x64,osx-arm64-tar,osx-x64-pkg,osx-x64-tar,src,win-arm64-7z,win-arm64-zip,win-x64-7z,win-x64-exe,win-x64-msi,win-x64-zip,win-x86-7z,win-x86-exe,win-x86-msi,win-x86-zip	9.6.7	11.3.244.8	1.45.0	1.2.13.1-motley	3.0.8+quic	115	-	-
#7 1.081 v20.2.0	2023-05-16	aix-ppc64,headers,linux-arm64,linux-armv7l,linux-ppc64le,linux-s390x,linux-x64,osx-arm64-tar,osx-x64-pkg,osx-x64-tar,src,win-arm64-7z,win-arm64-zip,win-x64-7z,win-x64-exe,win-x64-msi,win-x64-zip,win-x86-7z,win-x86-exe,win-x86-msi,win-x86-zip	9.6.6	11.3.244.8	1.44.2	1.2.13	3.0.8+quic	115	-	-
#7 1.081 v20.1.0	2023-05-03	aix-ppc64,headers,linux-arm64,linux-armv7l,linux-ppc64le,linux-s390x,linux-x64,osx-arm64-tar,osx-x64-pkg,osx-x64-tar,src,win-arm64-7z,win-arm64-zip,win-x64-7z,win-x64-exe,win-x64-msi,win-x64-zip,win-x86-7z,win-x86-exe,win-x86-msi,win-x86-zip	9.6.4	11.3.244.8	1.44.2	1.2.13	3.0.8+quic	115	-	-
#7 1.081 v20.0.0	2023-04-17	aix-ppc64,headers,linux-arm64,linux-armv7l,linux-ppc64le,linux-s390x,linux-x64,osx-arm64-tar,osx-x64-pkg,osx-x64-tar,src,win-arm64-7z,win-arm64-zip,win-x64-7z,win-x64-exe,win-x64-msi,win-x64-zip,win-x86-7z,win-x86-exe,win-x86-msi,win-x86-zip	9.6.4	11.3.244.4	1.44.2	1.2.13	3.0.8+quic	115	-	-
#7 1.081 v19.9.0	2023-04-10	aix-ppc64,headers,linux-arm64,linux-armv7l,linux-ppc64le,linux-s390x,linux-x64,osx-arm64-tar,osx-x64-pkg,osx-x64-tar,src,win-arm64-7z,win-arm64-zip,win-x64-7z,win-x64-exe,win-x64-msi,win-x64-zip,win-x86-7z,win-x86-exe,win-x86-msi,win-x86-zip	9.6.3	10.8.168.25	1.44.2	1.2.13	3.0.8+quic	111	-	-
#7 1.081 v19.8.1	2023-03-15	aix-ppc64,headers,linux-arm64,linux-armv7l,linux-ppc64le,linux-s390x,linux-x64,osx-arm64-tar,osx-x64-pkg,osx-x64-tar,src,win-x64-7z,win-x64-exe,win-x64-msi,win-x64-zip,win-x86-7z,win-x86-exe,win-x86-msi,win-x86-zip	9.5.1	10.8.168.25	1.44.2	1.2.13	3.0.8+quic	111	-	-
#7 1.081 v19.8.0	2023-03-14	aix-ppc64,headers,linux-arm64,linux-armv7l,linux-ppc64le,linux-s390x,linux-x64,osx-arm64-tar,osx-x64-pkg,osx-x64-tar,src,win-x64-7z,win-x64-exe,win-x64-msi,win-x64-zip,win-x86-7z,win-x86-exe,win-x86-msi,win-x86-zip	9.5.1	10.8.168.25	1.44.2	1.2.13	3.0.8+quic	111	-	-
#7 1.081 v19.7.0	2023-02-21	aix-ppc64,headers,linux-arm64,linux-armv7l,linux-ppc64le,linux-s390x,linux-x64,osx-arm64-tar,osx-x64-pkg,osx-x64-tar,src,win-x64-7z,win-x64-exe,win-x64-msi,win-x64-zip,win-x86-7z,win-x86-exe,win-x86-msi,win-x86-zip	9.5.0	10.8.168.25	1.44.2	1.2.13	3.0.8+quic	111	-	-
#7 1.081 v19.6.1	2023-02-16	aix-ppc64,headers,linux-arm64,linux-armv7l,linux-ppc64le,linux-s390x,linux-x64,osx-arm64-tar,osx-x64-pkg,osx-x64-tar,src,win-x64-7z,win-x64-exe,win-x64-msi,win-x64-zip,win-x86-7z,win-x86-exe,win-x86-msi,win-x86-zip	9.4.0	10.8.168.25	1.44.2	1.2.13	3.0.8+quic	111	-	true
#7 1.081 v19.6.0	2023-02-01	aix-ppc64,headers,linux-arm64,linux-armv7l,linux-ppc64le,linux-s390x,linux-x64,osx-arm64-tar,osx-x64-pkg,osx-x64-tar,src,win-x64-7z,win-x64-exe,win-x64-msi,win-x64-zip,win-x86-7z,win-x86-exe,win-x86-msi,win-x86-zip	9.4.0	10.8.168.25	1.44.2	1.2.13	3.0.7+quic	111	-	-
#7 1.081 v19.5.0	2023-01-24	aix-ppc64,headers,linux-arm64,linux-armv7l,linux-ppc64le,linux-s390x,linux-x64,osx-arm64-tar,osx-x64-pkg,osx-x64-tar,src,win-x64-7z,win-x64-exe,win-x64-msi,win-x64-zip,win-x86-7z,win-x86-exe,win-x86-msi,win-x86-zip	9.3.1	10.8.168.25	1.44.2	1.2.13	3.0.7+quic	111	-	-
#7 1.081 v19.4.0	2023-01-05	aix-ppc64,headers,linux-arm64,linux-armv7l,linux-ppc64le,linux-s390x,linux-x64,osx-arm64-tar,osx-x64-pkg,osx-x64-tar,src,win-x64-7z,win-x64-exe,win-x64-msi,win-x64-zip,win-x86-7z,win-x86-exe,win-x86-msi,win-x86-zip	9.2.0	10.8.168.25	1.44.2	1.2.13	3.0.7+quic	111	-	-
#7 1.081 v19.3.0	2022-12-14	aix-ppc64,headers,linux-arm64,linux-armv7l,linux-ppc64le,linux-s390x,linux-x64,osx-arm64-tar,osx-x64-pkg,osx-x64-tar,src,win-x64-7z,win-x64-exe,win-x64-msi,win-x64-zip,win-x86-7z,win-x86-exe,win-x86-msi,win-x86-zip	9.2.0	10.8.168.21	1.44.2	1.2.13	3.0.7+quic	111	-	-
#7 1.081 v19.2.0	2022-11-29	aix-ppc64,headers,linux-arm64,linux-armv7l,linux-ppc64le,linux-s390x,linux-x64,osx-arm64-tar,osx-x64-pkg,osx-x64-tar,src,win-x64-7z,win-x64-exe,win-x64-msi,win-x64-zip,win-x86-7z,win-x86-exe,win-x86-msi,win-x86-zip	8.19.3	10.8.168.20	1.44.2	1.2.13	3.0.7+quic	111	-	-
#7 1.081 v19.1.0	2022-11-14	aix-ppc64,headers,linux-arm64,linux-armv7l,linux-ppc64le,linux-s390x,linux-x64,osx-arm64-tar,osx-x64-pkg,osx-x64-tar,src,win-x64-7z,win-x64-exe,win-x64-msi,win-x64-zip,win-x86-7z,win-x86-exe,win-x86-msi,win-x86-zip	8.19.3	10.7.193.20	1.44.2	1.2.11	3.0.7+quic	111	-	-
#7 1.081 v19.0.1	2022-11-04	aix-ppc64,headers,linux-arm64,linux-armv7l,linux-ppc64le,linux-s390x,linux-x64,osx-arm64-tar,osx-x64-pkg,osx-x64-tar,src,win-x64-7z,win-x64-exe,win-x64-msi,win-x64-zip,win-x86-7z,win-x86-exe,win-x86-msi,win-x86-zip	8.19.2	10.7.193.13	1.43.0	1.2.11	3.0.7+quic	111	-	true
#7 1.081 v19.0.0	2022-10-17	aix-ppc64,headers,linux-arm64,linux-armv7l,linux-ppc64le,linux-s390x,linux-x64,osx-arm64-tar,osx-x64-pkg,osx-x64-tar,src,win-x64-7z,win-x64-exe,win-x64-msi,win-x64-zip,win-x86-7z,win-x86-exe,win-x86-msi,win-x86-zip	8.19.2	10.7.193.13	1.43.0	1.2.11	3.0.5+quic	111	-	-
#7 1.081 v18.20.8	2025-03-27	aix-ppc64,headers,linux-arm64,linux-armv7l,linux-ppc64le,linux-s390x,linux-x64,osx-arm64-tar,osx-x64-pkg,osx-x64-tar,src,win-x64-7z,win-x64-exe,win-x64-msi,win-x64-zip,win-x86-7z,win-x86-exe,win-x86-msi,win-x86-zip	10.8.2	10.2.154.26	1.44.2	1.3.0.1-motley	3.0.16	108	Hydrogen	-
#7 1.081 v18.20.7	2025-02-20	aix-ppc64,headers,linux-arm64,linux-armv7l,linux-ppc64le,linux-s390x,linux-x64,osx-arm64-tar,osx-x64-pkg,osx-x64-tar,src,win-x64-7z,win-x64-exe,win-x64-msi,win-x64-zip,win-x86-7z,win-x86-exe,win-x86-msi,win-x86-zip	10.8.2	10.2.154.26	1.44.2	1.3.0.1-motley	3.0.15+quic	108	Hydrogen	-
#7 1.081 v18.20.6	2025-01-21	aix-ppc64,headers,linux-arm64,linux-armv7l,linux-ppc64le,linux-s390x,linux-x64,osx-arm64-tar,osx-x64-pkg,osx-x64-tar,src,win-x64-7z,win-x64-exe,win-x64-msi,win-x64-zip,win-x86-7z,win-x86-exe,win-x86-msi,win-x86-zip	10.8.2	10.2.154.26	1.44.2	1.3.0.1-motley	3.0.15+quic	108	Hydrogen	true
#7 1.081 v18.20.5	2024-11-11	aix-ppc64,headers,linux-arm64,linux-armv7l,linux-ppc64le,linux-s390x,linux-x64,osx-arm64-tar,osx-x64-pkg,osx-x64-tar,src,win-x64-7z,win-x64-exe,win-x64-msi,win-x64-zip,win-x86-7z,win-x86-exe,win-x86-msi,win-x86-zip	10.8.2	10.2.154.26	1.44.2	1.3.0.1-motley	3.0.15+quic	108	Hydrogen	-
#7 1.081 v18.20.4	2024-07-08	aix-ppc64,headers,linux-arm64,linux-armv7l,linux-ppc64le,linux-s390x,linux-x64,osx-arm64-tar,osx-x64-pkg,osx-x64-tar,src,win-x64-7z,win-x64-exe,win-x64-msi,win-x64-zip,win-x86-7z,win-x86-exe,win-x86-msi,win-x86-zip	10.7.0	10.2.154.26	1.44.2	1.3.0.1-motley	3.0.13+quic	108	Hydrogen	true
#7 1.081 v18.20.3	2024-05-20	aix-ppc64,headers,linux-arm64,linux-armv7l,linux-ppc64le,linux-s390x,linux-x64,osx-arm64-tar,osx-x64-pkg,osx-x64-tar,src,win-x64-7z,win-x64-exe,win-x64-msi,win-x64-zip,win-x86-7z,win-x86-exe,win-x86-msi,win-x86-zip	10.7.0	10.2.154.26	1.44.2	1.3.0.1-motley	3.0.13+quic	108	Hydrogen	-
#7 1.081 v18.20.2	2024-04-10	aix-ppc64,headers,linux-arm64,linux-armv7l,linux-ppc64le,linux-s390x,linux-x64,osx-arm64-tar,osx-x64-pkg,osx-x64-tar,src,win-x64-7z,win-x64-exe,win-x64-msi,win-x64-zip,win-x86-7z,win-x86-exe,win-x86-msi,win-x86-zip	10.5.0	10.2.154.26	1.44.2	1.3.0.1-motley	3.0.13+quic	108	Hydrogen	true
#7 1.081 v18.20.1	2024-04-02	aix-ppc64,headers,linux-arm64,linux-armv7l,linux-ppc64le,linux-s390x,linux-x64,osx-arm64-tar,osx-x64-pkg,osx-x64-tar,src,win-x64-7z,win-x64-exe,win-x64-msi,win-x64-zip,win-x86-7z,win-x86-exe,win-x86-msi,win-x86-zip	10.5.0	10.2.154.26	1.44.2	1.3.0.1-motley	3.0.13+quic	108	Hydrogen	true
#7 1.081 v18.20.0	2024-03-26	aix-ppc64,headers,linux-arm64,linux-armv7l,linux-ppc64le,linux-s390x,linux-x64,osx-arm64-tar,osx-x64-pkg,osx-x64-tar,src,win-x64-7z,win-x64-exe,win-x64-msi,win-x64-zip,win-x86-7z,win-x86-exe,win-x86-msi,win-x86-zip	10.5.0	10.2.154.26	1.44.2	1.3.0.1-motley	3.0.13+quic	108	Hydrogen	-
#7 1.081 v18.19.1	2024-02-13	aix-ppc64,headers,linux-arm64,linux-armv7l,linux-ppc64le,linux-s390x,linux-x64,osx-arm64-tar,osx-x64-pkg,osx-x64-tar,src,win-x64-7z,win-x64-exe,win-x64-msi,win-x64-zip,win-x86-7z,win-x86-exe,win-x86-msi,win-x86-zip	10.2.4	10.2.154.26	1.44.2	1.2.13.1-motley	3.0.13+quic	108	Hydrogen	true
#7 1.081 v18.19.0	2023-11-29	aix-ppc64,headers,linux-arm64,linux-armv7l,linux-ppc64le,linux-s390x,linux-x64,osx-arm64-tar,osx-x64-pkg,osx-x64-tar,src,win-x64-7z,win-x64-exe,win-x64-msi,win-x64-zip,win-x86-7z,win-x86-exe,win-x86-msi,win-x86-zip	10.2.3	10.2.154.26	1.44.2	1.2.13.1-motley	3.0.12+quic	108	Hydrogen	-
#7 1.081 v18.18.2	2023-10-13	aix-ppc64,headers,linux-arm64,linux-armv7l,linux-ppc64le,linux-s390x,linux-x64,osx-arm64-tar,osx-x64-pkg,osx-x64-tar,src,win-x64-7z,win-x64-exe,win-x64-msi,win-x64-zip,win-x86-7z,win-x86-exe,win-x86-msi,win-x86-zip	9.8.1	10.2.154.26	1.44.2	1.2.13.1-motley	3.0.10+quic	108	Hydrogen	true
#7 1.081 v18.18.1	2023-10-10	aix-ppc64,headers,linux-arm64,linux-armv7l,linux-ppc64le,linux-s390x,linux-x64,osx-arm64-tar,osx-x64-pkg,osx-x64-tar,src,win-x64-7z,win-x64-exe,win-x64-msi,win-x64-zip,win-x86-7z,win-x86-exe,win-x86-msi,win-x86-zip	9.8.1	10.2.154.26	1.44.2	1.2.13.1-motley	3.0.10+quic	108	Hydrogen	-
#7 1.081 v18.18.0	2023-09-18	aix-ppc64,headers,linux-arm64,linux-armv7l,linux-ppc64le,linux-s390x,linux-x64,osx-arm64-tar,osx-x64-pkg,osx-x64-tar,src,win-x64-7z,win-x64-exe,win-x64-msi,win-x64-zip,win-x86-7z,win-x86-exe,win-x86-msi,win-x86-zip	9.8.1	10.2.154.26	1.46.0	1.2.13.1-motley	3.0.10+quic	108	Hydrogen	-
#7 1.081 v18.17.1	2023-08-08	aix-ppc64,headers,linux-arm64,linux-armv7l,linux-ppc64le,linux-s390x,linux-x64,osx-arm64-tar,osx-x64-pkg,osx-x64-tar,src,win-x64-7z,win-x64-exe,win-x64-msi,win-x64-zip,win-x86-7z,win-x86-exe,win-x86-msi,win-x86-zip	9.6.7	10.2.154.26	1.44.2	1.2.13.1-motley	3.0.10+quic	108	Hydrogen	-
#7 1.081 v18.17.0	2023-07-18	aix-ppc64,headers,linux-arm64,linux-armv7l,linux-ppc64le,linux-s390x,linux-x64,osx-arm64-tar,osx-x64-pkg,osx-x64-tar,src,win-x64-7z,win-x64-exe,win-x64-msi,win-x64-zip,win-x86-7z,win-x86-exe,win-x86-msi,win-x86-zip	9.6.7	10.2.154.26	1.44.2	1.2.13.1-motley	3.0.9+quic	108	Hydrogen	-
#7 1.081 v18.16.1	2023-06-20	aix-ppc64,headers,linux-arm64,linux-armv7l,linux-ppc64le,linux-s390x,linux-x64,osx-arm64-tar,osx-x64-pkg,osx-x64-tar,src,win-x64-7z,win-x64-exe,win-x64-msi,win-x64-zip,win-x86-7z,win-x86-exe,win-x86-msi,win-x86-zip	9.5.1	10.2.154.26	1.44.2	1.2.13	3.0.9+quic	108	Hydrogen	true
#7 1.081 v18.16.0	2023-04-12	aix-ppc64,headers,linux-arm64,linux-armv7l,linux-ppc64le,linux-s390x,linux-x64,osx-arm64-tar,osx-x64-pkg,osx-x64-tar,src,win-x64-7z,win-x64-exe,win-x64-msi,win-x64-zip,win-x86-7z,win-x86-exe,win-x86-msi,win-x86-zip	9.5.1	10.2.154.26	1.44.2	1.2.13	3.0.8+quic	108	Hydrogen	-
#7 1.081 v18.15.0	2023-03-05	aix-ppc64,headers,linux-arm64,linux-armv7l,linux-ppc64le,linux-s390x,linux-x64,osx-arm64-tar,osx-x64-pkg,osx-x64-tar,src,win-x64-7z,win-x64-exe,win-x64-msi,win-x64-zip,win-x86-7z,win-x86-exe,win-x86-msi,win-x86-zip	9.5.0	10.2.154.26	1.44.2	1.2.13	3.0.8+quic	108	Hydrogen	-
#7 1.081 v18.14.2	2023-02-21	aix-ppc64,headers,linux-arm64,linux-armv7l,linux-ppc64le,linux-s390x,linux-x64,osx-arm64-tar,osx-x64-pkg,osx-x64-tar,src,win-x64-7z,win-x64-exe,win-x64-msi,win-x64-zip,win-x86-7z,win-x86-exe,win-x86-msi,win-x86-zip	9.5.0	10.2.154.26	1.44.2	1.2.13	3.0.8+quic	108	Hydrogen	-
#7 1.081 v18.14.1	2023-02-16	aix-ppc64,headers,linux-arm64,linux-armv7l,linux-ppc64le,linux-s390x,linux-x64,osx-arm64-tar,osx-x64-pkg,osx-x64-tar,src,win-x64-7z,win-x64-exe,win-x64-msi,win-x64-zip,win-x86-7z,win-x86-exe,win-x86-msi,win-x86-zip	9.3.1	10.2.154.23	1.44.2	1.2.13	3.0.8+quic	108	Hydrogen	true
#7 1.081 v18.14.0	2023-02-01	aix-ppc64,headers,linux-arm64,linux-armv7l,linux-ppc64le,linux-s390x,linux-x64,osx-arm64-tar,osx-x64-pkg,osx-x64-tar,src,win-x64-7z,win-x64-exe,win-x64-msi,win-x64-zip,win-x86-7z,win-x86-exe,win-x86-msi,win-x86-zip	9.3.1	10.2.154.23	1.44.2	1.2.13	3.0.7+quic	108	Hydrogen	-
#7 1.081 v18.13.0	2023-01-05	aix-ppc64,headers,linux-arm64,linux-armv7l,linux-ppc64le,linux-s390x,linux-x64,osx-arm64-tar,osx-x64-pkg,osx-x64-tar,src,win-x64-7z,win-x64-exe,win-x64-msi,win-x64-zip,win-x86-7z,win-x86-exe,win-x86-msi,win-x86-zip	8.19.3	10.2.154.23	1.44.2	1.2.13	3.0.7+quic	108	Hydrogen	-
#7 1.081 v18.12.1	2022-11-04	aix-ppc64,headers,linux-arm64,linux-armv7l,linux-ppc64le,linux-s390x,linux-x64,osx-arm64-tar,osx-x64-pkg,osx-x64-tar,src,win-x64-7z,win-x64-exe,win-x64-msi,win-x64-zip,win-x86-7z,win-x86-exe,win-x86-msi,win-x86-zip	8.19.2	10.2.154.15	1.43.0	1.2.11	3.0.7+quic	108	Hydrogen	true
#7 1.081 v18.12.0	2022-10-25	aix-ppc64,headers,linux-arm64,linux-armv7l,linux-ppc64le,linux-s390x,linux-x64,osx-arm64-tar,osx-x64-pkg,osx-x64-tar,src,win-x64-7z,win-x64-exe,win-x64-msi,win-x64-zip,win-x86-7z,win-x86-exe,win-x86-msi,win-x86-zip	8.19.2	10.2.154.15	1.43.0	1.2.11	3.0.5+quic	108	Hydrogen	-
#7 1.081 v18.11.0	2022-10-13	aix-ppc64,headers,linux-arm64,linux-armv7l,linux-ppc64le,linux-s390x,linux-x64,osx-arm64-tar,osx-x64-pkg,osx-x64-tar,src,win-x64-7z,win-x64-exe,win-x64-msi,win-x64-zip,win-x86-7z,win-x86-exe,win-x86-msi,win-x86-zip	8.19.2	10.2.154.15	1.43.0	1.2.11	3.0.5+quic	108	-	-
#7 1.081 v18.10.0	2022-09-28	aix-ppc64,headers,linux-arm64,linux-armv7l,linux-ppc64le,linux-s390x,linux-x64,osx-arm64-tar,osx-x64-pkg,osx-x64-tar,src,win-x64-7z,win-x64-exe,win-x64-msi,win-x64-zip,win-x86-7z,win-x86-exe,win-x86-msi,win-x86-zip	8.19.2	10.2.154.15	1.43.0	1.2.11	3.0.5+quic	108	-	-
#7 1.081 v18.9.1	2022-09-23	aix-ppc64,headers,linux-arm64,linux-armv7l,linux-ppc64le,linux-s390x,linux-x64,osx-arm64-tar,osx-x64-pkg,osx-x64-tar,src,win-x64-7z,win-x64-exe,win-x64-msi,win-x64-zip,win-x86-7z,win-x86-exe,win-x86-msi,win-x86-zip	8.19.1	10.2.154.15	1.43.0	1.2.11	3.0.5+quic	108	-	true
#7 1.081 v18.9.0	2022-09-07	aix-ppc64,headers,linux-arm64,linux-armv7l,linux-ppc64le,linux-s390x,linux-x64,osx-arm64-tar,osx-x64-pkg,osx-x64-tar,src,win-x64-7z,win-x64-exe,win-x64-msi,win-x64-zip,win-x86-7z,win-x86-exe,win-x86-msi,win-x86-zip	8.19.1	10.2.154.15	1.43.0	1.2.11	3.0.5+quic	108	-	-
#7 1.081 v18.8.0	2022-08-24	aix-ppc64,headers,linux-arm64,linux-armv7l,linux-ppc64le,linux-s390x,linux-x64,osx-arm64-tar,osx-x64-pkg,osx-x64-tar,src,win-x64-7z,win-x64-exe,win-x64-msi,win-x64-zip,win-x86-7z,win-x86-exe,win-x86-msi,win-x86-zip	8.18.0	10.2.154.13	1.43.0	1.2.11	3.0.5+quic	108	-	-
#7 1.081 v18.7.0	2022-07-26	aix-ppc64,headers,linux-arm64,linux-armv7l,linux-ppc64le,linux-s390x,linux-x64,osx-arm64-tar,osx-x64-pkg,osx-x64-tar,src,win-x64-7z,win-x64-exe,win-x64-msi,win-x64-zip,win-x86-7z,win-x86-exe,win-x86-msi,win-x86-zip	8.15.0	10.2.154.13	1.43.0	1.2.11	3.0.5+quic	108	-	-
#7 1.081 v18.6.0	2022-07-13	aix-ppc64,headers,linux-arm64,linux-armv7l,linux-ppc64le,linux-s390x,linux-x64,osx-arm64-tar,osx-x64-pkg,osx-x64-tar,src,win-x64-7z,win-x64-exe,win-x64-msi,win-x64-zip,win-x86-7z,win-x86-exe,win-x86-msi,win-x86-zip	8.13.2	10.2.154.13	1.43.0	1.2.11	3.0.5+quic	108	-	-
#7 1.081 v18.5.0	2022-07-06	aix-ppc64,headers,linux-arm64,linux-armv7l,linux-ppc64le,linux-s390x,linux-x64,osx-arm64-tar,osx-x64-pkg,osx-x64-tar,src,win-x64-7z,win-x64-exe,win-x64-msi,win-x64-zip,win-x86-7z,win-x86-exe,win-x86-msi,win-x86-zip	8.12.1	10.2.154.4	1.43.0	1.2.11	3.0.5+quic	108	-	true
#7 1.081 v18.4.0	2022-06-16	aix-ppc64,headers,linux-arm64,linux-armv7l,linux-ppc64le,linux-s390x,linux-x64,osx-arm64-tar,osx-x64-pkg,osx-x64-tar,src,win-x64-7z,win-x64-exe,win-x64-msi,win-x64-zip,win-x86-7z,win-x86-exe,win-x86-msi,win-x86-zip	8.12.1	10.2.154.4	1.43.0	1.2.11	3.0.3+quic	108	-	-
#7 1.081 v18.3.0	2022-06-02	aix-ppc64,headers,linux-arm64,linux-armv7l,linux-ppc64le,linux-s390x,linux-x64,osx-arm64-tar,osx-x64-pkg,osx-x64-tar,src,win-x64-7z,win-x64-exe,win-x64-msi,win-x64-zip,win-x86-7z,win-x86-exe,win-x86-msi,win-x86-zip	8.11.0	10.2.154.4	1.43.0	1.2.11	3.0.3+quic	108	-	-
#7 1.081 v18.2.0	2022-05-17	aix-ppc64,headers,linux-arm64,linux-armv7l,linux-ppc64le,linux-s390x,linux-x64,osx-arm64-tar,osx-x64-pkg,osx-x64-tar,src,win-x64-7z,win-x64-exe,win-x64-msi,win-x64-zip	8.9.0	10.1.124.8	1.43.0	1.2.11	3.0.3+quic	108	-	-
#7 1.081 v18.1.0	2022-05-03	aix-ppc64,headers,linux-arm64,linux-armv7l,linux-ppc64le,linux-s390x,linux-x64,osx-arm64-tar,osx-x64-pkg,osx-x64-tar,src,win-x64-7z,win-x64-exe,win-x64-msi,win-x64-zip	8.8.0	10.1.124.8	1.43.0	1.2.11	3.0.2+quic	108	-	-
#7 1.081 v18.0.0	2022-04-18	aix-ppc64,headers,linux-arm64,linux-armv7l,linux-ppc64le,linux-s390x,linux-x64,osx-arm64-tar,osx-x64-pkg,osx-x64-tar,src,win-x64-7z,win-x64-exe,win-x64-msi,win-x64-zip	8.6.0	10.1.124.8	1.43.0	1.2.11	3.0.2+quic	108	-	-
#7 1.081 v17.9.1	2022-06-01	aix-ppc64,headers,linux-arm64,linux-armv7l,linux-ppc64le,linux-s390x,linux-x64,osx-arm64-tar,osx-x64-pkg,osx-x64-tar,src,win-x64-7z,win-x64-exe,win-x64-msi,win-x64-zip,win-x86-7z,win-x86-exe,win-x86-msi,win-x86-zip	8.11.0	9.6.180.15	1.43.0	1.2.11	3.0.3+quic	102	-	-
#7 1.081 v17.9.0	2022-04-07	aix-ppc64,headers,linux-arm64,linux-armv7l,linux-ppc64le,linux-s390x,linux-x64,osx-arm64-tar,osx-x64-pkg,osx-x64-tar,src,win-x64-7z,win-x64-exe,win-x64-msi,win-x64-zip,win-x86-7z,win-x86-exe,win-x86-msi,win-x86-zip	8.5.5	9.6.180.15	1.43.0	1.2.11	3.0.2+quic	102	-	-
#7 1.081 v17.8.0	2022-03-22	aix-ppc64,headers,linux-arm64,linux-armv7l,linux-ppc64le,linux-s390x,linux-x64,osx-arm64-tar,osx-x64-pkg,osx-x64-tar,src,win-x64-7z,win-x64-exe,win-x64-msi,win-x64-zip,win-x86-7z,win-x86-exe,win-x86-msi,win-x86-zip	8.5.5	9.6.180.15	1.43.0	1.2.11	3.0.2+quic	102	-	-
#7 1.081 v17.7.2	2022-03-17	aix-ppc64,headers,linux-arm64,linux-armv7l,linux-ppc64le,linux-s390x,linux-x64,osx-arm64-tar,osx-x64-pkg,osx-x64-tar,src,win-x64-7z,win-x64-exe,win-x64-msi,win-x64-zip,win-x86-7z,win-x86-exe,win-x86-msi,win-x86-zip	8.5.2	9.6.180.15	1.43.0	1.2.11	3.0.2+quic	102	-	true
#7 1.081 v17.7.1	2022-03-10	aix-ppc64,headers,linux-arm64,linux-armv7l,linux-ppc64le,linux-s390x,linux-x64,osx-arm64-tar,osx-x64-pkg,osx-x64-tar,src,win-x64-7z,win-x64-exe,win-x64-msi,win-x64-zip,win-x86-7z,win-x86-exe,win-x86-msi,win-x86-zip	8.5.2	9.6.180.15	1.43.0	1.2.11	3.0.1+quic	102	-	-
#7 1.081 v17.7.0	2022-03-09	aix-ppc64,headers,linux-arm64,linux-armv7l,linux-ppc64le,linux-s390x,linux-x64,osx-arm64-tar,osx-x64-pkg,osx-x64-tar,src,win-x64-7z,win-x64-exe,win-x64-msi,win-x64-zip,win-x86-7z,win-x86-exe,win-x86-msi,win-x86-zip	8.5.2	9.6.180.15	1.43.0	1.2.11	3.0.1+quic	102	-	-
#7 1.081 v17.6.0	2022-02-22	aix-ppc64,headers,linux-arm64,linux-armv7l,linux-ppc64le,linux-s390x,linux-x64,osx-arm64-tar,osx-x64-pkg,osx-x64-tar,src,win-x64-7z,win-x64-exe,win-x64-msi,win-x64-zip,win-x86-7z,win-x86-exe,win-x86-msi,win-x86-zip	8.5.1	9.6.180.15	1.43.0	1.2.11	3.0.1+quic	102	-	-
#7 1.081 v17.5.0	2022-02-10	aix-ppc64,headers,linux-arm64,linux-armv7l,linux-ppc64le,linux-s390x,linux-x64,osx-arm64-tar,osx-x64-pkg,osx-x64-tar,src,win-x64-7z,win-x64-exe,win-x64-msi,win-x64-zip,win-x86-7z,win-x86-exe,win-x86-msi,win-x86-zip	8.4.1	9.6.180.15	1.43.0	1.2.11	3.0.1+quic	102	-	-
#7 1.081 v17.4.0	2022-01-18	aix-ppc64,headers,linux-arm64,linux-armv7l,linux-ppc64le,linux-s390x,linux-x64,osx-arm64-tar,osx-x64-pkg,osx-x64-tar,src,win-x64-7z,win-x64-exe,win-x64-msi,win-x64-zip,win-x86-7z,win-x86-exe,win-x86-msi,win-x86-zip	8.3.1	9.6.180.15	1.43.0	1.2.11	3.0.1+quic	102	-	-
#7 1.081 v17.3.1	2022-01-10	aix-ppc64,headers,linux-arm64,linux-armv7l,linux-ppc64le,linux-s390x,linux-x64,osx-arm64-tar,osx-x64-pkg,osx-x64-tar,src,win-x64-7z,win-x64-exe,win-x64-msi,win-x64-zip,win-x86-7z,win-x86-exe,win-x86-msi,win-x86-zip	8.3.0	9.6.180.15	1.42.0	1.2.11	3.0.1+quic	102	-	true
#7 1.081 v17.3.0	2021-12-17	aix-ppc64,headers,linux-arm64,linux-armv7l,linux-ppc64le,linux-s390x,linux-x64,osx-arm64-tar,osx-x64-pkg,osx-x64-tar,src,win-x64-7z,win-x64-exe,win-x64-msi,win-x64-zip,win-x86-7z,win-x86-exe,win-x86-msi,win-x86-zip	8.3.0	9.6.180.15	1.42.0	1.2.11	3.0.1+quic	102	-	-
#7 1.081 v17.2.0	2021-11-30	aix-ppc64,headers,linux-arm64,linux-armv7l,linux-ppc64le,linux-s390x,linux-x64,osx-arm64-tar,osx-x64-pkg,osx-x64-tar,src,win-x64-7z,win-x64-exe,win-x64-msi,win-x64-zip,win-x86-7z,win-x86-exe,win-x86-msi,win-x86-zip	8.1.4	9.6.180.14	1.42.0	1.2.11	3.0.0+quic	102	-	-
#7 1.081 v17.1.0	2021-11-09	aix-ppc64,headers,linux-arm64,linux-armv7l,linux-ppc64le,linux-s390x,linux-x64,osx-arm64-tar,osx-x64-pkg,osx-x64-tar,src,win-x64-7z,win-x64-exe,win-x64-msi,win-x64-zip,win-x86-7z,win-x86-exe,win-x86-msi,win-x86-zip	8.1.2	9.5.172.25	1.42.0	1.2.11	3.0.0+quic	102	-	-
#7 1.081 v17.0.1	2021-10-20	aix-ppc64,headers,linux-arm64,linux-armv7l,linux-ppc64le,linux-s390x,linux-x64,osx-arm64-tar,osx-x64-pkg,osx-x64-tar,src,win-x64-7z,win-x64-exe,win-x64-msi,win-x64-zip,win-x86-7z,win-x86-exe,win-x86-msi,win-x86-zip	8.1.0	9.5.172.21	1.42.0	1.2.11	3.0.0+quic	102	-	-
#7 1.081 v17.0.0	2021-10-19	aix-ppc64,headers,linux-arm64,linux-armv7l,linux-ppc64le,linux-s390x,linux-x64,osx-arm64-tar,osx-x64-pkg,osx-x64-tar,src,win-x64-7z,win-x64-exe,win-x64-msi,win-x64-zip,win-x86-7z,win-x86-exe,win-x86-msi,win-x86-zip	8.1.0	9.5.172.21	1.42.0	1.2.11	3.0.0+quic	102	-	-
#7 1.081 v16.20.2	2023-08-08	aix-ppc64,headers,linux-arm64,linux-armv7l,linux-ppc64le,linux-s390x,linux-x64,osx-arm64-tar,osx-x64-pkg,osx-x64-tar,src,win-x64-7z,win-x64-exe,win-x64-msi,win-x64-zip,win-x86-7z,win-x86-exe,win-x86-msi,win-x86-zip	8.19.4	9.4.146.26	1.43.0	1.2.11	1.1.1v+quic	93	Gallium	true
#7 1.081 v16.20.1	2023-06-20	aix-ppc64,headers,linux-arm64,linux-armv7l,linux-ppc64le,linux-s390x,linux-x64,osx-arm64-tar,osx-x64-pkg,osx-x64-tar,src,win-x64-7z,win-x64-exe,win-x64-msi,win-x64-zip,win-x86-7z,win-x86-exe,win-x86-msi,win-x86-zip	8.19.4	9.4.146.26	1.43.0	1.2.11	1.1.1u+quic	93	Gallium	true
#7 1.081 v16.20.0	2023-03-28	aix-ppc64,headers,linux-arm64,linux-armv7l,linux-ppc64le,linux-s390x,linux-x64,osx-arm64-tar,osx-x64-pkg,osx-x64-tar,src,win-x64-7z,win-x64-exe,win-x64-msi,win-x64-zip,win-x86-7z,win-x86-exe,win-x86-msi,win-x86-zip	8.19.4	9.4.146.26	1.43.0	1.2.11	1.1.1t+quic	93	Gallium	-
#7 1.081 v16.19.1	2023-02-16	aix-ppc64,headers,linux-arm64,linux-armv7l,linux-ppc64le,linux-s390x,linux-x64,osx-arm64-tar,osx-x64-pkg,osx-x64-tar,src,win-x64-7z,win-x64-exe,win-x64-msi,win-x64-zip,win-x86-7z,win-x86-exe,win-x86-msi,win-x86-zip	8.19.3	9.4.146.26	1.43.0	1.2.11	1.1.1t+quic	93	Gallium	true
#7 1.081 v16.19.0	2022-12-13	aix-ppc64,headers,linux-arm64,linux-armv7l,linux-ppc64le,linux-s390x,linux-x64,osx-arm64-tar,osx-x64-pkg,osx-x64-tar,src,win-x64-7z,win-x64-exe,win-x64-msi,win-x64-zip,win-x86-7z,win-x86-exe,win-x86-msi,win-x86-zip	8.19.3	9.4.146.26	1.43.0	1.2.11	1.1.1s+quic	93	Gallium	-
#7 1.081 v16.18.1	2022-11-04	aix-ppc64,headers,linux-arm64,linux-armv7l,linux-ppc64le,linux-s390x,linux-x64,osx-arm64-tar,osx-x64-pkg,osx-x64-tar,src,win-x64-7z,win-x64-exe,win-x64-msi,win-x64-zip,win-x86-7z,win-x86-exe,win-x86-msi,win-x86-zip	8.19.2	9.4.146.26	1.43.0	1.2.11	1.1.1q+quic	93	Gallium	true
#7 1.081 v16.18.0	2022-10-12	aix-ppc64,headers,linux-arm64,linux-armv7l,linux-ppc64le,linux-s390x,linux-x64,osx-arm64-tar,osx-x64-pkg,osx-x64-tar,src,win-x64-7z,win-x64-exe,win-x64-msi,win-x64-zip,win-x86-7z,win-x86-exe,win-x86-msi,win-x86-zip	8.19.2	9.4.146.26	1.43.0	1.2.11	1.1.1q+quic	93	Gallium	-
#7 1.081 v16.17.1	2022-09-23	aix-ppc64,headers,linux-arm64,linux-armv7l,linux-ppc64le,linux-s390x,linux-x64,osx-arm64-tar,osx-x64-pkg,osx-x64-tar,src,win-x64-7z,win-x64-exe,win-x64-msi,win-x64-zip,win-x86-7z,win-x86-exe,win-x86-msi,win-x86-zip	8.15.0	9.4.146.26	1.43.0	1.2.11	1.1.1q+quic	93	Gallium	true
#7 1.081 v16.17.0	2022-08-16	aix-ppc64,headers,linux-arm64,linux-armv7l,linux-ppc64le,linux-s390x,linux-x64,osx-arm64-tar,osx-x64-pkg,osx-x64-tar,src,win-x64-7z,win-x64-exe,win-x64-msi,win-x64-zip,win-x86-7z,win-x86-exe,win-x86-msi,win-x86-zip	8.15.0	9.4.146.26	1.43.0	1.2.11	1.1.1q+quic	93	Gallium	-
#7 1.081 v16.16.0	2022-07-07	aix-ppc64,headers,linux-arm64,linux-armv7l,linux-ppc64le,linux-s390x,linux-x64,osx-arm64-tar,osx-x64-pkg,osx-x64-tar,src,win-x64-7z,win-x64-exe,win-x64-msi,win-x64-zip,win-x86-7z,win-x86-exe,win-x86-msi,win-x86-zip	8.11.0	9.4.146.24	1.43.0	1.2.11	1.1.1q+quic	93	Gallium	true
#7 1.081 v16.15.1	2022-06-01	aix-ppc64,headers,linux-arm64,linux-armv7l,linux-ppc64le,linux-s390x,linux-x64,osx-arm64-tar,osx-x64-pkg,osx-x64-tar,src,win-x64-7z,win-x64-exe,win-x64-msi,win-x64-zip,win-x86-7z,win-x86-exe,win-x86-msi,win-x86-zip	8.11.0	9.4.146.24	1.43.0	1.2.11	1.1.1o+quic	93	Gallium	-
#7 1.081 v16.15.0	2022-04-26	aix-ppc64,headers,linux-arm64,linux-armv7l,linux-ppc64le,linux-s390x,linux-x64,osx-arm64-tar,osx-x64-pkg,osx-x64-tar,src,win-x64-7z,win-x64-exe,win-x64-msi,win-x64-zip,win-x86-7z,win-x86-exe,win-x86-msi,win-x86-zip	8.5.5	9.4.146.24	1.43.0	1.2.11	1.1.1n+quic	93	Gallium	-
#7 1.081 v16.14.2	2022-03-17	aix-ppc64,headers,linux-arm64,linux-armv7l,linux-ppc64le,linux-s390x,linux-x64,osx-arm64-tar,osx-x64-pkg,osx-x64-tar,src,win-x64-7z,win-x64-exe,win-x64-msi,win-x64-zip,win-x86-7z,win-x86-exe,win-x86-msi,win-x86-zip	8.5.0	9.4.146.24	1.43.0	1.2.11	1.1.1n+quic	93	Gallium	true
#7 1.081 v16.14.1	2022-03-16	aix-ppc64,headers,linux-arm64,linux-armv7l,linux-ppc64le,linux-s390x,linux-x64,osx-arm64-tar,osx-x64-pkg,osx-x64-tar,src,win-x64-7z,win-x64-exe,win-x64-msi,win-x64-zip,win-x86-7z,win-x86-exe,win-x86-msi,win-x86-zip	8.5.0	9.4.146.24	1.43.0	1.2.11	1.1.1m+quic	93	Gallium	-
#7 1.081 v16.14.0	2022-02-08	aix-ppc64,headers,linux-arm64,linux-armv7l,linux-ppc64le,linux-s390x,linux-x64,osx-arm64-tar,osx-x64-pkg,osx-x64-tar,src,win-x64-7z,win-x64-exe,win-x64-msi,win-x64-zip,win-x86-7z,win-x86-exe,win-x86-msi,win-x86-zip	8.3.1	9.4.146.24	1.43.0	1.2.11	1.1.1m+quic	93	Gallium	-
#7 1.081 v16.13.2	2022-01-10	aix-ppc64,headers,linux-arm64,linux-armv7l,linux-ppc64le,linux-s390x,linux-x64,osx-arm64-tar,osx-x64-pkg,osx-x64-tar,src,win-x64-7z,win-x64-exe,win-x64-msi,win-x64-zip,win-x86-7z,win-x86-exe,win-x86-msi,win-x86-zip	8.1.2	9.4.146.24	1.42.0	1.2.11	1.1.1l+quic	93	Gallium	true
#7 1.081 v16.13.1	2021-12-01	aix-ppc64,headers,linux-arm64,linux-armv7l,linux-ppc64le,linux-s390x,linux-x64,osx-arm64-tar,osx-x64-pkg,osx-x64-tar,src,win-x64-7z,win-x64-exe,win-x64-msi,win-x64-zip,win-x86-7z,win-x86-exe,win-x86-msi,win-x86-zip	8.1.2	9.4.146.24	1.42.0	1.2.11	1.1.1l+quic	93	Gallium	-
#7 1.081 v16.13.0	2021-10-26	aix-ppc64,headers,linux-arm64,linux-armv7l,linux-ppc64le,linux-s390x,linux-x64,osx-arm64-tar,osx-x64-pkg,osx-x64-tar,src,win-x64-7z,win-x64-exe,win-x64-msi,win-x64-zip,win-x86-7z,win-x86-exe,win-x86-msi,win-x86-zip	8.1.0	9.4.146.19	1.42.0	1.2.11	1.1.1l+quic	93	Gallium	-
#7 1.081 v16.12.0	2021-10-20	aix-ppc64,headers,linux-arm64,linux-armv7l,linux-ppc64le,linux-s390x,linux-x64,osx-arm64-tar,osx-x64-pkg,osx-x64-tar,src,win-x64-7z,win-x64-exe,win-x64-msi,win-x64-zip,win-x86-7z,win-x86-exe,win-x86-msi,win-x86-zip	8.1.0	9.4.146.19	1.42.0	1.2.11	1.1.1l+quic	93	-	-
#7 1.081 v16.11.1	2021-10-12	aix-ppc64,headers,linux-arm64,linux-armv7l,linux-ppc64le,linux-s390x,linux-x64,osx-arm64-tar,osx-x64-pkg,osx-x64-tar,src,win-x64-7z,win-x64-exe,win-x64-msi,win-x64-zip,win-x86-7z,win-x86-exe,win-x86-msi,win-x86-zip	8.0.0	9.4.146.19	1.42.0	1.2.11	1.1.1l+quic	93	-	true
#7 1.081 v16.11.0	2021-10-08	aix-ppc64,headers,linux-arm64,linux-armv7l,linux-ppc64le,linux-s390x,linux-x64,osx-arm64-tar,osx-x64-pkg,osx-x64-tar,src,win-x64-7z,win-x64-exe,win-x64-msi,win-x64-zip,win-x86-7z,win-x86-exe,win-x86-msi,win-x86-zip	8.0.0	9.4.146.19	1.42.0	1.2.11	1.1.1l+quic	93	-	-
#7 1.081 v16.10.0	2021-09-22	aix-ppc64,headers,linux-arm64,linux-armv7l,linux-ppc64le,linux-s390x,linux-x64,osx-arm64-tar,osx-x64-pkg,osx-x64-tar,src,win-x64-7z,win-x64-exe,win-x64-msi,win-x64-zip,win-x86-7z,win-x86-exe,win-x86-msi,win-x86-zip	7.24.0	9.3.345.19	1.42.0	1.2.11	1.1.1l+quic	93	-	-
#7 1.081 v16.9.1	2021-09-10	aix-ppc64,headers,linux-arm64,linux-armv7l,linux-ppc64le,linux-s390x,linux-x64,osx-arm64-tar,osx-x64-pkg,osx-x64-tar,src,win-x64-7z,win-x64-exe,win-x64-msi,win-x64-zip,win-x86-7z,win-x86-exe,win-x86-msi,win-x86-zip	7.21.1	9.3.345.16	1.42.0	1.2.11	1.1.1l+quic	93	-	-
#7 1.081 v16.9.0	2021-09-07	aix-ppc64,headers,linux-arm64,linux-armv7l,linux-ppc64le,linux-s390x,linux-x64,osx-arm64-tar,osx-x64-pkg,osx-x64-tar,src,win-x64-7z,win-x64-exe,win-x64-msi,win-x64-zip,win-x86-7z,win-x86-exe,win-x86-msi,win-x86-zip	7.21.1	9.3.345.16	1.42.0	1.2.11	1.1.1l+quic	93	-	-
#7 1.081 v16.8.0	2021-08-25	aix-ppc64,headers,linux-arm64,linux-armv7l,linux-ppc64le,linux-s390x,linux-x64,osx-arm64-tar,osx-x64-pkg,osx-x64-tar,src,win-x64-7z,win-x64-exe,win-x64-msi,win-x64-zip,win-x86-7z,win-x86-exe,win-x86-msi,win-x86-zip	7.21.0	9.2.230.21	1.42.0	1.2.11	1.1.1k+quic	93	-	-
#7 1.081 v16.7.0	2021-08-18	aix-ppc64,headers,linux-arm64,linux-armv7l,linux-ppc64le,linux-s390x,linux-x64,osx-arm64-tar,osx-x64-pkg,osx-x64-tar,src,win-x64-7z,win-x64-exe,win-x64-msi,win-x64-zip,win-x86-7z,win-x86-exe,win-x86-msi,win-x86-zip	7.20.3	9.2.230.21	1.42.0	1.2.11	1.1.1k+quic	93	-	-
#7 1.081 v16.6.2	2021-08-11	aix-ppc64,headers,linux-arm64,linux-armv7l,linux-ppc64le,linux-s390x,linux-x64,osx-arm64-tar,osx-x64-pkg,osx-x64-tar,src,win-x64-7z,win-x64-exe,win-x64-msi,win-x64-zip,win-x86-7z,win-x86-exe,win-x86-msi,win-x86-zip	7.20.3	9.2.230.21	1.41.0	1.2.11	1.1.1k+quic	93	-	true
#7 1.081 v16.6.1	2021-08-03	aix-ppc64,headers,linux-arm64,linux-armv7l,linux-ppc64le,linux-s390x,linux-x64,osx-arm64-tar,osx-x64-pkg,osx-x64-tar,src,win-x64-7z,win-x64-exe,win-x64-msi,win-x64-zip,win-x86-7z,win-x86-exe,win-x86-msi,win-x86-zip	7.20.3	9.2.230.21	1.41.0	1.2.11	1.1.1k+quic	93	-	-
#7 1.081 v16.6.0	2021-07-29	aix-ppc64,headers,linux-arm64,linux-armv7l,linux-ppc64le,linux-s390x,linux-x64,osx-arm64-tar,osx-x64-pkg,osx-x64-tar,src,win-x64-7z,win-x64-exe,win-x64-msi,win-x64-zip,win-x86-7z,win-x86-exe,win-x86-msi,win-x86-zip	7.19.1	9.2.230.21	1.41.0	1.2.11	1.1.1k+quic	93	-	true
#7 1.081 v16.5.0	2021-07-14	aix-ppc64,headers,linux-arm64,linux-armv7l,linux-ppc64le,linux-s390x,linux-x64,osx-arm64-tar,osx-x64-pkg,osx-x64-tar,src,win-x64-7z,win-x64-exe,win-x64-msi,win-x64-zip,win-x86-7z,win-x86-exe,win-x86-msi,win-x86-zip	7.19.1	9.1.269.38	1.41.0	1.2.11	1.1.1k+quic	93	-	-
#7 1.081 v16.4.2	2021-07-05	aix-ppc64,headers,linux-arm64,linux-armv7l,linux-ppc64le,linux-s390x,linux-x64,osx-arm64-tar,osx-x64-pkg,osx-x64-tar,src,win-x64-7z,win-x64-exe,win-x64-msi,win-x64-zip,win-x86-7z,win-x86-exe,win-x86-msi,win-x86-zip	7.18.1	9.1.269.36	1.41.0	1.2.11	1.1.1k+quic	93	-	-
#7 1.081 v16.4.1	2021-07-01	aix-ppc64,headers,linux-arm64,linux-armv7l,linux-ppc64le,linux-s390x,linux-x64,osx-arm64-tar,osx-x64-pkg,osx-x64-tar,src,win-x64-7z,win-x64-exe,win-x64-msi,win-x64-zip,win-x86-7z,win-x86-exe,win-x86-msi,win-x86-zip	7.18.1	9.1.269.36	1.41.0	1.2.11	1.1.1k+quic	93	-	true
#7 1.081 v16.4.0	2021-06-23	aix-ppc64,headers,linux-arm64,linux-armv7l,linux-ppc64le,linux-s390x,linux-x64,osx-arm64-tar,osx-x64-pkg,osx-x64-tar,src,win-x64-7z,win-x64-exe,win-x64-msi,win-x64-zip,win-x86-7z,win-x86-exe,win-x86-msi,win-x86-zip	7.18.1	9.1.269.36	1.41.0	1.2.11	1.1.1k+quic	93	-	-
#7 1.081 v16.3.0	2021-06-03	aix-ppc64,headers,linux-arm64,linux-armv7l,linux-ppc64le,linux-s390x,linux-x64,osx-arm64-tar,osx-x64-pkg,osx-x64-tar,src,win-x64-7z,win-x64-exe,win-x64-msi,win-x64-zip,win-x86-7z,win-x86-exe,win-x86-msi,win-x86-zip	7.15.1	9.0.257.25	1.41.0	1.2.11	1.1.1k+quic	93	-	-
#7 1.081 v16.2.0	2021-05-19	aix-ppc64,headers,linux-arm64,linux-armv7l,linux-ppc64le,linux-s390x,linux-x64,osx-arm64-tar,osx-x64-pkg,osx-x64-tar,src,win-x64-7z,win-x64-exe,win-x64-msi,win-x64-zip,win-x86-7z,win-x86-exe,win-x86-msi,win-x86-zip	7.13.0	9.0.257.25	1.41.0	1.2.11	1.1.1k+quic	93	-	-
#7 1.081 v16.1.0	2021-05-04	aix-ppc64,headers,linux-arm64,linux-armv7l,linux-ppc64le,linux-s390x,linux-x64,osx-arm64-tar,osx-x64-pkg,osx-x64-tar,src,win-x64-7z,win-x64-exe,win-x64-msi,win-x64-zip,win-x86-7z,win-x86-exe,win-x86-msi,win-x86-zip	7.11.2	9.0.257.24	1.41.0	1.2.11	1.1.1k+quic	93	-	-
#7 1.081 v16.0.0	2021-04-20	aix-ppc64,headers,linux-arm64,linux-armv7l,linux-ppc64le,linux-s390x,linux-x64,osx-arm64-tar,osx-x64-pkg,osx-x64-tar,src,win-x64-7z,win-x64-exe,win-x64-msi,win-x64-zip,win-x86-7z,win-x86-exe,win-x86-msi,win-x86-zip	7.10.0	9.0.257.17	1.41.0	1.2.11	1.1.1k+quic	93	-	-
#7 1.081 v15.14.0	2021-04-06	aix-ppc64,headers,linux-arm64,linux-armv7l,linux-ppc64le,linux-s390x,linux-x64,osx-x64-pkg,osx-x64-tar,src,win-x64-7z,win-x64-exe,win-x64-msi,win-x64-zip,win-x86-7z,win-x86-exe,win-x86-msi,win-x86-zip	7.7.6	8.6.395.17	1.41.0	1.2.11	1.1.1k+quic	88	-	-
#7 1.081 v15.13.0	2021-03-31	aix-ppc64,headers,linux-arm64,linux-armv7l,linux-ppc64le,linux-s390x,linux-x64,osx-x64-pkg,osx-x64-tar,src,win-x64-7z,win-x64-exe,win-x64-msi,win-x64-zip,win-x86-7z,win-x86-exe,win-x86-msi,win-x86-zip	7.7.6	8.6.395.17	1.41.0	1.2.11	1.1.1j+quic	88	-	-
#7 1.081 v15.12.0	2021-03-17	aix-ppc64,headers,linux-arm64,linux-armv7l,linux-ppc64le,linux-s390x,linux-x64,osx-x64-pkg,osx-x64-tar,src,win-x64-7z,win-x64-exe,win-x64-msi,win-x64-zip,win-x86-7z,win-x86-exe,win-x86-msi,win-x86-zip	7.6.3	8.6.395.17	1.41.0	1.2.11	1.1.1j+quic	88	-	-
#7 1.081 v15.11.0	2021-03-03	aix-ppc64,headers,linux-arm64,linux-armv7l,linux-ppc64le,linux-s390x,linux-x64,osx-x64-pkg,osx-x64-tar,src,win-x64-7z,win-x64-exe,win-x64-msi,win-x64-zip,win-x86-7z,win-x86-exe,win-x86-msi,win-x86-zip	7.6.0	8.6.395.17	1.41.0	1.2.11	1.1.1j	88	-	-
#7 1.081 v15.10.0	2021-02-23	aix-ppc64,headers,linux-arm64,linux-armv7l,linux-ppc64le,linux-s390x,linux-x64,osx-x64-pkg,osx-x64-tar,src,win-x64-7z,win-x64-exe,win-x64-msi,win-x64-zip,win-x86-7z,win-x86-exe,win-x86-msi,win-x86-zip	7.5.3	8.6.395.17	1.41.0	1.2.11	1.1.1j	88	-	true
#7 1.081 v15.9.0	2021-02-18	aix-ppc64,headers,linux-arm64,linux-armv7l,linux-ppc64le,linux-s390x,linux-x64,osx-x64-pkg,osx-x64-tar,src,win-x64-7z,win-x64-exe,win-x64-msi,win-x64-zip,win-x86-7z,win-x86-exe,win-x86-msi,win-x86-zip	7.5.3	8.6.395.17	1.41.0	1.2.11	1.1.1i	88	-	-
#7 1.081 v15.8.0	2021-02-02	aix-ppc64,headers,linux-arm64,linux-armv7l,linux-ppc64le,linux-s390x,linux-x64,osx-x64-pkg,osx-x64-tar,src,win-x64-7z,win-x64-exe,win-x64-msi,win-x64-zip,win-x86-7z,win-x86-exe,win-x86-msi,win-x86-zip	7.5.1	8.6.395.17	1.40.0	1.2.11	1.1.1i	88	-	-
#7 1.081 v15.7.0	2021-01-25	aix-ppc64,headers,linux-arm64,linux-armv7l,linux-ppc64le,linux-s390x,linux-x64,osx-x64-pkg,osx-x64-tar,src,win-x64-7z,win-x64-exe,win-x64-msi,win-x64-zip,win-x86-7z,win-x86-exe,win-x86-msi,win-x86-zip	7.4.3	8.6.395.17	1.40.0	1.2.11	1.1.1i	88	-	-
#7 1.081 v15.6.0	2021-01-14	aix-ppc64,headers,linux-arm64,linux-armv7l,linux-ppc64le,linux-s390x,linux-x64,osx-x64-pkg,osx-x64-tar,src,win-x64-7z,win-x64-exe,win-x64-msi,win-x64-zip,win-x86-7z,win-x86-exe,win-x86-msi,win-x86-zip	7.4.0	8.6.395.17	1.40.0	1.2.11	1.1.1i	88	-	-
#7 1.081 v15.5.1	2021-01-04	aix-ppc64,headers,linux-arm64,linux-armv7l,linux-ppc64le,linux-s390x,linux-x64,osx-x64-pkg,osx-x64-tar,src,win-x64-7z,win-x64-exe,win-x64-msi,win-x64-zip,win-x86-7z,win-x86-exe,win-x86-msi,win-x86-zip	7.3.0	8.6.395.17	1.40.0	1.2.11	1.1.1i	88	-	true
#7 1.081 v15.5.0	2020-12-22	aix-ppc64,headers,linux-arm64,linux-armv7l,linux-ppc64le,linux-s390x,linux-x64,osx-x64-pkg,osx-x64-tar,src,win-x64-7z,win-x64-exe,win-x64-msi,win-x64-zip,win-x86-7z,win-x86-exe,win-x86-msi,win-x86-zip	7.3.0	8.6.395.17	1.40.0	1.2.11	1.1.1i	88	-	-
#7 1.081 v15.4.0	2020-12-09	aix-ppc64,headers,linux-arm64,linux-armv7l,linux-ppc64le,linux-s390x,linux-x64,osx-x64-pkg,osx-x64-tar,src,win-x64-7z,win-x64-exe,win-x64-msi,win-x64-zip,win-x86-7z,win-x86-exe,win-x86-msi,win-x86-zip	7.0.15	8.6.395.17	1.40.0	1.2.11	1.1.1g	88	-	-
#7 1.081 v15.3.0	2020-11-24	aix-ppc64,headers,linux-arm64,linux-armv7l,linux-ppc64le,linux-s390x,linux-x64,osx-x64-pkg,osx-x64-tar,src,win-x64-7z,win-x64-exe,win-x64-msi,win-x64-zip,win-x86-7z,win-x86-exe,win-x86-msi,win-x86-zip	7.0.14	8.6.395.17	1.40.0	1.2.11	1.1.1g	88	-	-
#7 1.081 v15.2.1	2020-11-16	aix-ppc64,headers,linux-arm64,linux-armv7l,linux-ppc64le,linux-s390x,linux-x64,osx-x64-pkg,osx-x64-tar,src,win-x64-7z,win-x64-exe,win-x64-msi,win-x64-zip,win-x86-7z,win-x86-exe,win-x86-msi,win-x86-zip	7.0.8	8.6.395.17	1.40.0	1.2.11	1.1.1g	88	-	true
#7 1.081 v15.2.0	2020-11-10	aix-ppc64,headers,linux-arm64,linux-armv7l,linux-ppc64le,linux-s390x,linux-x64,osx-x64-pkg,osx-x64-tar,src,win-x64-7z,win-x64-exe,win-x64-msi,win-x64-zip,win-x86-7z,win-x86-exe,win-x86-msi,win-x86-zip	7.0.8	8.6.395.17	1.40.0	1.2.11	1.1.1g	88	-	-
#7 1.081 v15.1.0	2020-11-04	aix-ppc64,headers,linux-arm64,linux-armv7l,linux-ppc64le,linux-s390x,linux-x64,osx-x64-pkg,osx-x64-tar,src,win-x64-7z,win-x64-exe,win-x64-msi,win-x64-zip,win-x86-7z,win-x86-exe,win-x86-msi,win-x86-zip	7.0.8	8.6.395.17	1.40.0	1.2.11	1.1.1g	88	-	-
#7 1.081 v15.0.1	2020-10-21	aix-ppc64,headers,linux-arm64,linux-armv7l,linux-ppc64le,linux-s390x,linux-x64,osx-x64-pkg,osx-x64-tar,src,win-x64-7z,win-x64-exe,win-x64-msi,win-x64-zip,win-x86-7z,win-x86-exe,win-x86-msi,win-x86-zip	7.0.3	8.6.395.17	1.40.0	1.2.11	1.1.1g	88	-	-
#7 1.081 v15.0.0	2020-10-20	aix-ppc64,headers,linux-arm64,linux-armv7l,linux-ppc64le,linux-s390x,linux-x64,osx-x64-pkg,osx-x64-tar,src,win-x64-7z,win-x64-exe,win-x64-msi,win-x64-zip,win-x86-7z,win-x86-exe,win-x86-msi,win-x86-zip	7.0.2	8.6.395.16	1.40.0	1.2.11	1.1.1g	88	-	-
#7 1.081 v14.21.3	2023-02-16	aix-ppc64,headers,linux-arm64,linux-armv7l,linux-ppc64le,linux-s390x,linux-x64,osx-x64-pkg,osx-x64-tar,src,win-x64-7z,win-x64-exe,win-x64-msi,win-x64-zip,win-x86-7z,win-x86-exe,win-x86-msi,win-x86-zip	6.14.18	8.4.371.23	1.42.0	1.2.11	1.1.1t	83	Fermium	true
#7 1.081 v14.21.2	2022-12-13	aix-ppc64,headers,linux-arm64,linux-armv7l,linux-ppc64le,linux-s390x,linux-x64,osx-x64-pkg,osx-x64-tar,src,win-x64-7z,win-x64-exe,win-x64-msi,win-x64-zip,win-x86-7z,win-x86-exe,win-x86-msi,win-x86-zip	6.14.17	8.4.371.23	1.42.0	1.2.11	1.1.1s	83	Fermium	-
#7 1.081 v14.21.1	2022-11-04	aix-ppc64,headers,linux-arm64,linux-armv7l,linux-ppc64le,linux-s390x,linux-x64,osx-x64-pkg,osx-x64-tar,src,win-x64-7z,win-x64-exe,win-x64-msi,win-x64-zip,win-x86-7z,win-x86-exe,win-x86-msi,win-x86-zip	6.14.17	8.4.371.23	1.42.0	1.2.11	1.1.1q	83	Fermium	true
#7 1.081 v14.21.0	2022-11-01	aix-ppc64,headers,linux-arm64,linux-armv7l,linux-ppc64le,linux-s390x,linux-x64,osx-x64-pkg,osx-x64-tar,src,win-x64-7z,win-x64-exe,win-x64-msi,win-x64-zip,win-x86-7z,win-x86-exe,win-x86-msi,win-x86-zip	6.14.17	8.4.371.23	1.42.0	1.2.11	1.1.1q	83	Fermium	-
#7 1.081 v14.20.1	2022-09-23	aix-ppc64,headers,linux-arm64,linux-armv7l,linux-ppc64le,linux-s390x,linux-x64,osx-x64-pkg,osx-x64-tar,src,win-x64-7z,win-x64-exe,win-x64-msi,win-x64-zip,win-x86-7z,win-x86-exe,win-x86-msi,win-x86-zip	6.14.17	8.4.371.23	1.42.0	1.2.11	1.1.1q	83	Fermium	true
#7 1.081 v14.20.0	2022-07-07	aix-ppc64,headers,linux-arm64,linux-armv7l,linux-ppc64le,linux-s390x,linux-x64,osx-x64-pkg,osx-x64-tar,src,win-x64-7z,win-x64-exe,win-x64-msi,win-x64-zip,win-x86-7z,win-x86-exe,win-x86-msi,win-x86-zip	6.14.17	8.4.371.23	1.42.0	1.2.11	1.1.1q	83	Fermium	true
#7 1.081 v14.19.3	2022-05-17	aix-ppc64,headers,linux-arm64,linux-armv7l,linux-ppc64le,linux-s390x,linux-x64,osx-x64-pkg,osx-x64-tar,src,win-x64-7z,win-x64-exe,win-x64-msi,win-x64-zip,win-x86-7z,win-x86-exe,win-x86-msi,win-x86-zip	6.14.17	8.4.371.23	1.42.0	1.2.11	1.1.1o	83	Fermium	-
#7 1.081 v14.19.2	2022-05-04	aix-ppc64,headers,linux-arm64,linux-armv7l,linux-ppc64le,linux-s390x,linux-x64,osx-x64-pkg,osx-x64-tar,src,win-x64-7z,win-x64-exe,win-x64-msi,win-x64-zip,win-x86-7z,win-x86-exe,win-x86-msi,win-x86-zip	6.14.17	8.4.371.23	1.42.0	1.2.11	1.1.1n	83	Fermium	-
#7 1.081 v14.19.1	2022-03-17	aix-ppc64,headers,linux-arm64,linux-armv7l,linux-ppc64le,linux-s390x,linux-x64,osx-x64-pkg,osx-x64-tar,src,win-x64-7z,win-x64-exe,win-x64-msi,win-x64-zip,win-x86-7z,win-x86-exe,win-x86-msi,win-x86-zip	6.14.16	8.4.371.23	1.42.0	1.2.11	1.1.1n	83	Fermium	true
#7 1.081 v14.19.0	2022-02-01	aix-ppc64,headers,linux-arm64,linux-armv7l,linux-ppc64le,linux-s390x,linux-x64,osx-x64-pkg,osx-x64-tar,src,win-x64-7z,win-x64-exe,win-x64-msi,win-x64-zip,win-x86-7z,win-x86-exe,win-x86-msi,win-x86-zip	6.14.16	8.4.371.23	1.42.0	1.2.11	1.1.1m	83	Fermium	-
#7 1.081 v14.18.3	2022-01-10	aix-ppc64,headers,linux-arm64,linux-armv7l,linux-ppc64le,linux-s390x,linux-x64,osx-x64-pkg,osx-x64-tar,src,win-x64-7z,win-x64-exe,win-x64-msi,win-x64-zip,win-x86-7z,win-x86-exe,win-x86-msi,win-x86-zip	6.14.15	8.4.371.23	1.42.0	1.2.11	1.1.1l	83	Fermium	true
#7 1.081 v14.18.2	2021-11-30	aix-ppc64,headers,linux-arm64,linux-armv7l,linux-ppc64le,linux-s390x,linux-x64,osx-x64-pkg,osx-x64-tar,src,win-x64-7z,win-x64-exe,win-x64-msi,win-x64-zip,win-x86-7z,win-x86-exe,win-x86-msi,win-x86-zip	6.14.15	8.4.371.23	1.42.0	1.2.11	1.1.1l	83	Fermium	-
#7 1.081 v14.18.1	2021-10-12	aix-ppc64,headers,linux-arm64,linux-armv7l,linux-ppc64le,linux-s390x,linux-x64,osx-x64-pkg,osx-x64-tar,src,win-x64-7z,win-x64-exe,win-x64-msi,win-x64-zip,win-x86-7z,win-x86-exe,win-x86-msi,win-x86-zip	6.14.15	8.4.371.23	1.42.0	1.2.11	1.1.1l	83	Fermium	true
#7 1.081 v14.18.0	2021-09-28	aix-ppc64,headers,linux-arm64,linux-armv7l,linux-ppc64le,linux-s390x,linux-x64,osx-x64-pkg,osx-x64-tar,src,win-x64-7z,win-x64-exe,win-x64-msi,win-x64-zip,win-x86-7z,win-x86-exe,win-x86-msi,win-x86-zip	6.14.15	8.4.371.23	1.42.0	1.2.11	1.1.1l	83	Fermium	-
#7 1.081 v14.17.6	2021-08-30	aix-ppc64,headers,linux-arm64,linux-armv7l,linux-ppc64le,linux-s390x,linux-x64,osx-x64-pkg,osx-x64-tar,src,win-x64-7z,win-x64-exe,win-x64-msi,win-x64-zip,win-x86-7z,win-x86-exe,win-x86-msi,win-x86-zip	6.14.15	8.4.371.23	1.41.0	1.2.11	1.1.1l	83	Fermium	true
#7 1.081 v14.17.5	2021-08-11	aix-ppc64,headers,linux-arm64,linux-armv7l,linux-ppc64le,linux-s390x,linux-x64,osx-x64-pkg,osx-x64-tar,src,win-x64-7z,win-x64-exe,win-x64-msi,win-x64-zip,win-x86-7z,win-x86-exe,win-x86-msi,win-x86-zip	6.14.14	8.4.371.23	1.41.0	1.2.11	1.1.1k	83	Fermium	true
#7 1.081 v14.17.4	2021-07-29	aix-ppc64,headers,linux-arm64,linux-armv7l,linux-ppc64le,linux-s390x,linux-x64,osx-x64-pkg,osx-x64-tar,src,win-x64-7z,win-x64-exe,win-x64-msi,win-x64-zip,win-x86-7z,win-x86-exe,win-x86-msi,win-x86-zip	6.14.14	8.4.371.23	1.41.0	1.2.11	1.1.1k	83	Fermium	true
#7 1.081 v14.17.3	2021-07-05	aix-ppc64,headers,linux-arm64,linux-armv7l,linux-ppc64le,linux-s390x,linux-x64,osx-x64-pkg,osx-x64-tar,src,win-x64-7z,win-x64-exe,win-x64-msi,win-x64-zip,win-x86-7z,win-x86-exe,win-x86-msi,win-x86-zip	6.14.13	8.4.371.23	1.41.0	1.2.11	1.1.1k	83	Fermium	true
#7 1.081 v14.17.2	2021-07-01	aix-ppc64,headers,linux-arm64,linux-armv7l,linux-ppc64le,linux-s390x,linux-x64,osx-x64-pkg,osx-x64-tar,src,win-x64-7z,win-x64-exe,win-x64-msi,win-x64-zip,win-x86-7z,win-x86-exe,win-x86-msi,win-x86-zip	6.14.13	8.4.371.23	1.41.0	1.2.11	1.1.1k	83	Fermium	true
#7 1.081 v14.17.1	2021-06-15	aix-ppc64,headers,linux-arm64,linux-armv7l,linux-ppc64le,linux-s390x,linux-x64,osx-x64-pkg,osx-x64-tar,src,win-x64-7z,win-x64-exe,win-x64-msi,win-x64-zip,win-x86-7z,win-x86-exe,win-x86-msi,win-x86-zip	6.14.13	8.4.371.23	1.41.0	1.2.11	1.1.1k	83	Fermium	-
#7 1.081 v14.17.0	2021-05-11	aix-ppc64,headers,linux-arm64,linux-armv7l,linux-ppc64le,linux-s390x,linux-x64,osx-x64-pkg,osx-x64-tar,src,win-x64-7z,win-x64-exe,win-x64-msi,win-x64-zip,win-x86-7z,win-x86-exe,win-x86-msi,win-x86-zip	6.14.13	8.4.371.23	1.41.0	1.2.11	1.1.1k	83	Fermium	-
#7 1.081 v14.16.1	2021-04-06	aix-ppc64,headers,linux-arm64,linux-armv7l,linux-ppc64le,linux-s390x,linux-x64,osx-x64-pkg,osx-x64-tar,src,win-x64-7z,win-x64-exe,win-x64-msi,win-x64-zip,win-x86-7z,win-x86-exe,win-x86-msi,win-x86-zip	6.14.12	8.4.371.19	1.40.0	1.2.11	1.1.1k	83	Fermium	true
#7 1.081 v14.16.0	2021-02-23	aix-ppc64,headers,linux-arm64,linux-armv7l,linux-ppc64le,linux-s390x,linux-x64,osx-x64-pkg,osx-x64-tar,src,win-x64-7z,win-x64-exe,win-x64-msi,win-x64-zip,win-x86-7z,win-x86-exe,win-x86-msi,win-x86-zip	6.14.11	8.4.371.19	1.40.0	1.2.11	1.1.1j	83	Fermium	true
#7 1.081 v14.15.5	2021-02-09	aix-ppc64,headers,linux-arm64,linux-armv7l,linux-ppc64le,linux-s390x,linux-x64,osx-x64-pkg,osx-x64-tar,src,win-x64-7z,win-x64-exe,win-x64-msi,win-x64-zip,win-x86-7z,win-x86-exe,win-x86-msi,win-x86-zip	6.14.11	8.4.371.19	1.40.0	1.2.11	1.1.1i	83	Fermium	-
#7 1.081 v14.15.4	2021-01-04	aix-ppc64,headers,linux-arm64,linux-armv7l,linux-ppc64le,linux-s390x,linux-x64,osx-x64-pkg,osx-x64-tar,src,win-x64-7z,win-x64-exe,win-x64-msi,win-x64-zip,win-x86-7z,win-x86-exe,win-x86-msi,win-x86-zip	6.14.10	8.4.371.19	1.40.0	1.2.11	1.1.1i	83	Fermium	true
#7 1.081 v14.15.3	2020-12-17	aix-ppc64,headers,linux-arm64,linux-armv7l,linux-ppc64le,linux-s390x,linux-x64,osx-x64-pkg,osx-x64-tar,src,win-x64-7z,win-x64-exe,win-x64-msi,win-x64-zip,win-x86-7z,win-x86-exe,win-x86-msi,win-x86-zip	6.14.9	8.4.371.19	1.40.0	1.2.11	1.1.1g	83	Fermium	-
#7 1.081 v14.15.2	2020-12-15	aix-ppc64,headers,linux-arm64,linux-armv7l,linux-ppc64le,linux-s390x,linux-x64,osx-x64-pkg,osx-x64-tar,src,win-x64-7z,win-x64-exe,win-x64-msi,win-x64-zip,win-x86-7z,win-x86-exe,win-x86-msi,win-x86-zip	6.14.9	8.4.371.19	1.40.0	1.2.11	1.1.1g	83	Fermium	-
#7 1.081 v14.15.1	2020-11-16	aix-ppc64,headers,linux-arm64,linux-armv7l,linux-ppc64le,linux-s390x,linux-x64,osx-x64-pkg,osx-x64-tar,src,win-x64-7z,win-x64-exe,win-x64-msi,win-x64-zip,win-x86-7z,win-x86-exe,win-x86-msi,win-x86-zip	6.14.8	8.4.371.19	1.40.0	1.2.11	1.1.1g	83	Fermium	true
#7 1.081 v14.15.0	2020-10-27	aix-ppc64,headers,linux-arm64,linux-armv7l,linux-ppc64le,linux-s390x,linux-x64,osx-x64-pkg,osx-x64-tar,src,win-x64-7z,win-x64-exe,win-x64-msi,win-x64-zip,win-x86-7z,win-x86-exe,win-x86-msi,win-x86-zip	6.14.8	8.4.371.19	1.40.0	1.2.11	1.1.1g	83	Fermium	-
#7 1.081 v14.14.0	2020-10-15	aix-ppc64,headers,linux-arm64,linux-armv7l,linux-ppc64le,linux-s390x,linux-x64,osx-x64-pkg,osx-x64-tar,src,win-x64-7z,win-x64-exe,win-x64-msi,win-x64-zip,win-x86-7z,win-x86-exe,win-x86-msi,win-x86-zip	6.14.8	8.4.371.19	1.40.0	1.2.11	1.1.1g	83	-	-
#7 1.081 v14.13.1	2020-10-07	aix-ppc64,headers,linux-arm64,linux-armv7l,linux-ppc64le,linux-s390x,linux-x64,osx-x64-pkg,osx-x64-tar,src,win-x64-7z,win-x64-exe,win-x64-msi,win-x64-zip,win-x86-7z,win-x86-exe,win-x86-msi,win-x86-zip	6.14.8	8.4.371.19	1.40.0	1.2.11	1.1.1g	83	-	-
#7 1.081 v14.13.0	2020-09-29	aix-ppc64,headers,linux-arm64,linux-armv7l,linux-ppc64le,linux-s390x,linux-x64,osx-x64-pkg,osx-x64-tar,src,win-x64-7z,win-x64-exe,win-x64-msi,win-x64-zip,win-x86-7z,win-x86-exe,win-x86-msi,win-x86-zip	6.14.8	8.4.371.19	1.40.0	1.2.11	1.1.1g	83	-	-
#7 1.081 v14.12.0	2020-09-22	aix-ppc64,headers,linux-arm64,linux-armv7l,linux-ppc64le,linux-s390x,linux-x64,osx-x64-pkg,osx-x64-tar,src,win-x64-7z,win-x64-exe,win-x64-msi,win-x64-zip,win-x86-7z,win-x86-exe,win-x86-msi,win-x86-zip	6.14.8	8.4.371.19	1.39.0	1.2.11	1.1.1g	83	-	-
#7 1.081 v14.11.0	2020-09-15	aix-ppc64,headers,linux-arm64,linux-armv7l,linux-ppc64le,linux-s390x,linux-x64,osx-x64-pkg,osx-x64-tar,src,win-x64-7z,win-x64-exe,win-x64-msi,win-x64-zip,win-x86-7z,win-x86-exe,win-x86-msi,win-x86-zip	6.14.8	8.4.371.19	1.39.0	1.2.11	1.1.1g	83	-	true
#7 1.081 v14.10.1	2020-09-10	aix-ppc64,headers,linux-arm64,linux-armv7l,linux-ppc64le,linux-s390x,linux-x64,osx-x64-pkg,osx-x64-tar,src,win-x64-7z,win-x64-exe,win-x64-msi,win-x64-zip,win-x86-7z,win-x86-exe,win-x86-msi,win-x86-zip	6.14.8	8.4.371.19	1.39.0	1.2.11	1.1.1g	83	-	-
#7 1.081 v14.10.0	2020-09-08	aix-ppc64,headers,linux-arm64,linux-armv7l,linux-ppc64le,linux-s390x,linux-x64,osx-x64-pkg,osx-x64-tar,src,win-x64-7z,win-x64-exe,win-x64-msi,win-x64-zip,win-x86-7z,win-x86-exe,win-x86-msi,win-x86-zip	6.14.8	8.4.371.19	1.39.0	1.2.11	1.1.1g	83	-	-
#7 1.081 v14.9.0	2020-08-27	aix-ppc64,headers,linux-arm64,linux-armv7l,linux-ppc64le,linux-s390x,linux-x64,osx-x64-pkg,osx-x64-tar,src,win-x64-7z,win-x64-exe,win-x64-msi,win-x64-zip,win-x86-7z,win-x86-exe,win-x86-msi,win-x86-zip	6.14.8	8.4.371.19	1.39.0	1.2.11	1.1.1g	83	-	-
#7 1.081 v14.8.0	2020-08-11	aix-ppc64,headers,linux-arm64,linux-armv7l,linux-ppc64le,linux-s390x,linux-x64,osx-x64-pkg,osx-x64-tar,src,win-x64-7z,win-x64-exe,win-x64-msi,win-x64-zip,win-x86-7z,win-x86-exe,win-x86-msi,win-x86-zip	6.14.7	8.4.371.19	1.38.1	1.2.11	1.1.1g	83	-	-
#7 1.081 v14.7.0	2020-07-29	aix-ppc64,headers,linux-arm64,linux-armv7l,linux-ppc64le,linux-s390x,linux-x64,osx-x64-pkg,osx-x64-tar,src,win-x64-7z,win-x64-exe,win-x64-msi,win-x64-zip,win-x86-7z,win-x86-exe,win-x86-msi,win-x86-zip	6.14.7	8.4.371.19	1.38.1	1.2.11	1.1.1g	83	-	-
#7 1.081 v14.6.0	2020-07-20	aix-ppc64,headers,linux-arm64,linux-armv7l,linux-ppc64le,linux-s390x,linux-x64,osx-x64-pkg,osx-x64-tar,src,win-x64-7z,win-x64-exe,win-x64-msi,win-x64-zip,win-x86-7z,win-x86-exe,win-x86-msi,win-x86-zip	6.14.6	8.4.371.19	1.38.1	1.2.11	1.1.1g	83	-	-
#7 1.081 v14.5.0	2020-06-30	aix-ppc64,headers,linux-arm64,linux-armv7l,linux-ppc64le,linux-s390x,linux-x64,osx-x64-pkg,osx-x64-tar,src,win-x64-7z,win-x64-exe,win-x64-msi,win-x64-zip,win-x86-7z,win-x86-exe,win-x86-msi,win-x86-zip	6.14.5	8.3.110.9	1.38.0	1.2.11	1.1.1g	83	-	-
#7 1.081 v14.4.0	2020-06-02	aix-ppc64,headers,linux-arm64,linux-armv7l,linux-ppc64le,linux-s390x,linux-x64,osx-x64-pkg,osx-x64-tar,src,win-x64-7z,win-x64-exe,win-x64-msi,win-x64-zip,win-x86-7z,win-x86-exe,win-x86-msi,win-x86-zip	6.14.5	8.1.307.31	1.37.0	1.2.11	1.1.1g	83	-	true
#7 1.081 v14.3.0	2020-05-19	aix-ppc64,headers,linux-arm64,linux-armv7l,linux-ppc64le,linux-s390x,linux-x64,osx-x64-pkg,osx-x64-tar,src,win-x64-7z,win-x64-exe,win-x64-msi,win-x64-zip,win-x86-7z,win-x86-exe,win-x86-msi,win-x86-zip	6.14.5	8.1.307.31	1.37.0	1.2.11	1.1.1g	83	-	-
#7 1.081 v14.2.0	2020-05-05	aix-ppc64,headers,linux-arm64,linux-armv7l,linux-ppc64le,linux-s390x,linux-x64,osx-x64-pkg,osx-x64-tar,src,win-x64-7z,win-x64-exe,win-x64-msi,win-x64-zip,win-x86-7z,win-x86-exe,win-x86-msi,win-x86-zip	6.14.4	8.1.307.31	1.37.0	1.2.11	1.1.1g	83	-	-
#7 1.081 v14.1.0	2020-04-29	aix-ppc64,headers,linux-arm64,linux-armv7l,linux-ppc64le,linux-s390x,linux-x64,osx-x64-pkg,osx-x64-tar,src,win-x64-7z,win-x64-exe,win-x64-msi,win-x64-zip,win-x86-7z,win-x86-exe,win-x86-msi,win-x86-zip	6.14.4	8.1.307.31	1.37.0	1.2.11	1.1.1g	83	-	-
#7 1.081 v14.0.0	2020-04-21	aix-ppc64,headers,linux-arm64,linux-armv7l,linux-ppc64le,linux-s390x,linux-x64,osx-x64-pkg,osx-x64-tar,src,win-x64-7z,win-x64-exe,win-x64-msi,win-x64-zip,win-x86-7z,win-x86-exe,win-x86-msi,win-x86-zip	6.14.4	8.1.307.30	1.37.0	1.2.11	1.1.1f	83	-	-
#7 1.081 v13.14.0	2020-04-29	aix-ppc64,headers,linux-arm64,linux-armv7l,linux-ppc64le,linux-s390x,linux-x64,osx-x64-pkg,osx-x64-tar,src,sunos-x64,win-x64-7z,win-x64-exe,win-x64-msi,win-x64-zip,win-x86-7z,win-x86-exe,win-x86-msi,win-x86-zip	6.14.4	7.9.317.25	1.37.0	1.2.11	1.1.1g	79	-	-
#7 1.081 v13.13.0	2020-04-14	aix-ppc64,headers,linux-arm64,linux-armv7l,linux-ppc64le,linux-s390x,linux-x64,osx-x64-pkg,osx-x64-tar,src,sunos-x64,win-x64-7z,win-x64-exe,win-x64-msi,win-x64-zip,win-x86-7z,win-x86-exe,win-x86-msi,win-x86-zip	6.14.4	7.9.317.25	1.35.0	1.2.11	1.1.1f	79	-	-
#7 1.081 v13.12.0	2020-03-26	aix-ppc64,headers,linux-arm64,linux-armv7l,linux-ppc64le,linux-s390x,linux-x64,osx-x64-pkg,osx-x64-tar,src,sunos-x64,win-x64-7z,win-x64-exe,win-x64-msi,win-x64-zip,win-x86-7z,win-x86-exe,win-x86-msi,win-x86-zip	6.14.4	7.9.317.25	1.35.0	1.2.11	1.1.1e	79	-	-
#7 1.081 v13.11.0	2020-03-12	aix-ppc64,headers,linux-arm64,linux-armv7l,linux-ppc64le,linux-s390x,linux-x64,osx-x64-pkg,osx-x64-tar,src,sunos-x64,win-x64-7z,win-x64-exe,win-x64-msi,win-x64-zip,win-x86-7z,win-x86-exe,win-x86-msi,win-x86-zip	6.13.7	7.9.317.25	1.34.2	1.2.11	1.1.1d	79	-	-
#7 1.081 v13.10.1	2020-03-04	aix-ppc64,headers,linux-arm64,linux-armv7l,linux-ppc64le,linux-s390x,linux-x64,osx-x64-pkg,osx-x64-tar,src,sunos-x64,win-x64-7z,win-x64-exe,win-x64-msi,win-x64-zip,win-x86-7z,win-x86-exe,win-x86-msi,win-x86-zip	6.13.7	7.9.317.25	1.34.2	1.2.11	1.1.1d	79	-	-
#7 1.081 v13.10.0	2020-03-04	aix-ppc64,headers,linux-arm64,linux-armv7l,linux-ppc64le,linux-s390x,linux-x64,osx-x64-pkg,osx-x64-tar,src,sunos-x64,win-x64-7z,win-x64-exe,win-x64-msi,win-x64-zip,win-x86-7z,win-x86-exe,win-x86-msi,win-x86-zip	6.13.7	7.9.317.25	1.34.2	1.2.11	1.1.1d	79	-	-
#7 1.081 v13.9.0	2020-02-18	aix-ppc64,headers,linux-arm64,linux-armv7l,linux-ppc64le,linux-s390x,linux-x64,osx-x64-pkg,osx-x64-tar,src,sunos-x64,win-x64-7z,win-x64-exe,win-x64-msi,win-x64-zip,win-x86-7z,win-x86-exe,win-x86-msi,win-x86-zip	6.13.7	7.9.317.25	1.34.2	1.2.11	1.1.1d	79	-	-
#7 1.081 v13.8.0	2020-02-05	aix-ppc64,headers,linux-arm64,linux-armv7l,linux-ppc64le,linux-s390x,linux-x64,osx-x64-pkg,osx-x64-tar,src,sunos-x64,win-x64-7z,win-x64-exe,win-x64-msi,win-x64-zip,win-x86-7z,win-x86-exe,win-x86-msi,win-x86-zip	6.13.6	7.9.317.25	1.34.1	1.2.11	1.1.1d	79	-	true
#7 1.081 v13.7.0	2020-01-21	aix-ppc64,headers,linux-arm64,linux-armv7l,linux-ppc64le,linux-s390x,linux-x64,osx-x64-pkg,osx-x64-tar,src,sunos-x64,win-x64-7z,win-x64-exe,win-x64-msi,win-x64-zip,win-x86-7z,win-x86-exe,win-x86-msi,win-x86-zip	6.13.6	7.9.317.25	1.34.1	1.2.11	1.1.1d	79	-	-
#7 1.081 v13.6.0	2020-01-07	aix-ppc64,headers,linux-arm64,linux-armv7l,linux-ppc64le,linux-s390x,linux-x64,osx-x64-pkg,osx-x64-tar,src,sunos-x64,win-x64-7z,win-x64-exe,win-x64-msi,win-x64-zip,win-x86-7z,win-x86-exe,win-x86-msi,win-x86-zip	6.13.4	7.9.317.25	1.34.0	1.2.11	1.1.1d	79	-	-
#7 1.081 v13.5.0	2019-12-18	aix-ppc64,headers,linux-arm64,linux-armv7l,linux-ppc64le,linux-s390x,linux-x64,osx-x64-pkg,osx-x64-tar,src,sunos-x64,win-x64-7z,win-x64-exe,win-x64-msi,win-x64-zip,win-x86-7z,win-x86-exe,win-x86-msi,win-x86-zip	6.13.4	7.9.317.25	1.34.0	1.2.11	1.1.1d	79	-	-
#7 1.081 v13.4.0	2019-12-17	aix-ppc64,headers,linux-arm64,linux-armv7l,linux-ppc64le,linux-s390x,linux-x64,osx-x64-pkg,osx-x64-tar,src,sunos-x64,win-x64-7z,win-x64-exe,win-x64-msi,win-x64-zip,win-x86-7z,win-x86-exe,win-x86-msi,win-x86-zip	6.13.4	7.9.317.25	1.34.0	1.2.11	1.1.1d	79	-	true
#7 1.081 v13.3.0	2019-12-03	aix-ppc64,headers,linux-arm64,linux-armv7l,linux-ppc64le,linux-s390x,linux-x64,osx-x64-pkg,osx-x64-tar,src,sunos-x64,win-x64-7z,win-x64-exe,win-x64-msi,win-x64-zip,win-x86-7z,win-x86-exe,win-x86-msi,win-x86-zip	6.13.1	7.9.317.25	1.33.1	1.2.11	1.1.1d	79	-	-
#7 1.081 v13.2.0	2019-11-21	aix-ppc64,headers,linux-arm64,linux-armv7l,linux-ppc64le,linux-s390x,linux-x64,osx-x64-pkg,osx-x64-tar,src,sunos-x64,win-x64-7z,win-x64-exe,win-x64-msi,win-x64-zip,win-x86-7z,win-x86-exe,win-x86-msi,win-x86-zip	6.13.1	7.9.317.23	1.33.1	1.2.11	1.1.1d	79	-	-
#7 1.081 v13.1.0	2019-11-05	aix-ppc64,headers,linux-arm64,linux-armv7l,linux-ppc64le,linux-s390x,linux-x64,osx-x64-pkg,osx-x64-tar,src,sunos-x64,win-x64-7z,win-x64-exe,win-x64-msi,win-x64-zip,win-x86-7z,win-x86-exe,win-x86-msi,win-x86-zip	6.12.1	7.8.279.17	1.33.1	1.2.11	1.1.1d	79	-	-
#7 1.081 v13.0.1	2019-10-23	aix-ppc64,headers,linux-arm64,linux-armv7l,linux-ppc64le,linux-s390x,linux-x64,osx-x64-pkg,osx-x64-tar,src,sunos-x64,win-x64-7z,win-x64-exe,win-x64-msi,win-x64-zip,win-x86-7z,win-x86-exe,win-x86-msi,win-x86-zip	6.12.0	7.8.279.17	1.33.1	1.2.11	1.1.1d	79	-	-
#7 1.081 v13.0.0	2019-10-22	aix-ppc64,headers,linux-arm64,linux-armv7l,linux-ppc64le,linux-s390x,linux-x64,osx-x64-pkg,osx-x64-tar,src,sunos-x64,win-x64-7z,win-x64-exe,win-x64-msi,win-x64-zip,win-x86-7z,win-x86-exe,win-x86-msi,win-x86-zip	6.12.0	7.8.279.17	1.32.0	1.2.11	1.1.1d	79	-	-
#7 1.081 v12.22.12	2022-04-05	aix-ppc64,headers,linux-arm64,linux-armv7l,linux-ppc64le,linux-s390x,linux-x64,osx-x64-pkg,osx-x64-tar,src,sunos-x64,win-x64-7z,win-x64-exe,win-x64-msi,win-x64-zip,win-x86-7z,win-x86-exe,win-x86-msi,win-x86-zip	6.14.16	7.8.279.23	1.40.0	1.2.11	1.1.1n	72	Erbium	-
#7 1.081 v12.22.11	2022-03-17	aix-ppc64,headers,linux-arm64,linux-armv7l,linux-ppc64le,linux-s390x,linux-x64,osx-x64-pkg,osx-x64-tar,src,sunos-x64,win-x64-7z,win-x64-exe,win-x64-msi,win-x64-zip,win-x86-7z,win-x86-exe,win-x86-msi,win-x86-zip	6.14.16	7.8.279.23	1.40.0	1.2.11	1.1.1n	72	Erbium	true
#7 1.081 v12.22.10	2022-02-01	aix-ppc64,headers,linux-arm64,linux-armv7l,linux-ppc64le,linux-s390x,linux-x64,osx-x64-pkg,osx-x64-tar,src,sunos-x64,win-x64-7z,win-x64-exe,win-x64-msi,win-x64-zip,win-x86-7z,win-x86-exe,win-x86-msi,win-x86-zip	6.14.16	7.8.279.23	1.40.0	1.2.11	1.1.1m	72	Erbium	-
#7 1.081 v12.22.9	2022-01-10	aix-ppc64,headers,linux-arm64,linux-armv7l,linux-ppc64le,linux-s390x,linux-x64,osx-x64-pkg,osx-x64-tar,src,sunos-x64,win-x64-7z,win-x64-exe,win-x64-msi,win-x64-zip,win-x86-7z,win-x86-exe,win-x86-msi,win-x86-zip	6.14.15	7.8.279.23	1.40.0	1.2.11	1.1.1m	72	Erbium	true
#7 1.081 v12.22.8	2021-12-16	aix-ppc64,headers,linux-arm64,linux-armv7l,linux-ppc64le,linux-s390x,linux-x64,osx-x64-pkg,osx-x64-tar,src,sunos-x64,win-x64-7z,win-x64-exe,win-x64-msi,win-x64-zip,win-x86-7z,win-x86-exe,win-x86-msi,win-x86-zip	6.14.15	7.8.279.23	1.40.0	1.2.11	1.1.1m	72	Erbium	-
#7 1.081 v12.22.7	2021-10-12	aix-ppc64,headers,linux-arm64,linux-armv7l,linux-ppc64le,linux-s390x,linux-x64,osx-x64-pkg,osx-x64-tar,src,sunos-x64,win-x64-7z,win-x64-exe,win-x64-msi,win-x64-zip,win-x86-7z,win-x86-exe,win-x86-msi,win-x86-zip	6.14.15	7.8.279.23	1.40.0	1.2.11	1.1.1l	72	Erbium	true
#7 1.081 v12.22.6	2021-08-30	aix-ppc64,headers,linux-arm64,linux-armv7l,linux-ppc64le,linux-s390x,linux-x64,osx-x64-pkg,osx-x64-tar,src,sunos-x64,win-x64-7z,win-x64-exe,win-x64-msi,win-x64-zip,win-x86-7z,win-x86-exe,win-x86-msi,win-x86-zip	6.14.15	7.8.279.23	1.40.0	1.2.11	1.1.1l	72	Erbium	true
#7 1.081 v12.22.5	2021-08-11	aix-ppc64,headers,linux-arm64,linux-armv7l,linux-ppc64le,linux-s390x,linux-x64,osx-x64-pkg,osx-x64-tar,src,sunos-x64,win-x64-7z,win-x64-exe,win-x64-msi,win-x64-zip,win-x86-7z,win-x86-exe,win-x86-msi,win-x86-zip	6.14.14	7.8.279.23	1.40.0	1.2.11	1.1.1k	72	Erbium	true
#7 1.081 v12.22.4	2021-07-29	aix-ppc64,headers,linux-arm64,linux-armv7l,linux-ppc64le,linux-s390x,linux-x64,osx-x64-pkg,osx-x64-tar,src,sunos-x64,win-x64-7z,win-x64-exe,win-x64-msi,win-x64-zip,win-x86-7z,win-x86-exe,win-x86-msi,win-x86-zip	6.14.14	7.8.279.23	1.40.0	1.2.11	1.1.1k	72	Erbium	true
#7 1.081 v12.22.3	2021-07-05	aix-ppc64,headers,linux-arm64,linux-armv7l,linux-ppc64le,linux-s390x,linux-x64,osx-x64-pkg,osx-x64-tar,src,sunos-x64,win-x64-7z,win-x64-exe,win-x64-msi,win-x64-zip,win-x86-7z,win-x86-exe,win-x86-msi,win-x86-zip	6.14.13	7.8.279.23	1.40.0	1.2.11	1.1.1k	72	Erbium	-
#7 1.081 v12.22.2	2021-07-01	aix-ppc64,headers,linux-arm64,linux-armv7l,linux-ppc64le,linux-s390x,linux-x64,osx-x64-pkg,osx-x64-tar,src,sunos-x64,win-x64-7z,win-x64-exe,win-x64-msi,win-x64-zip,win-x86-7z,win-x86-exe,win-x86-msi,win-x86-zip	6.14.13	7.8.279.23	1.40.0	1.2.11	1.1.1k	72	Erbium	true
#7 1.081 v12.22.1	2021-04-06	aix-ppc64,headers,linux-arm64,linux-armv7l,linux-ppc64le,linux-s390x,linux-x64,osx-x64-pkg,osx-x64-tar,src,sunos-x64,win-x64-7z,win-x64-exe,win-x64-msi,win-x64-zip,win-x86-7z,win-x86-exe,win-x86-msi,win-x86-zip	6.14.12	7.8.279.23	1.40.0	1.2.11	1.1.1k	72	Erbium	true
#7 1.081 v12.22.0	2021-03-30	aix-ppc64,headers,linux-arm64,linux-armv7l,linux-ppc64le,linux-s390x,linux-x64,osx-x64-pkg,osx-x64-tar,src,sunos-x64,win-x64-7z,win-x64-exe,win-x64-msi,win-x64-zip,win-x86-7z,win-x86-exe,win-x86-msi,win-x86-zip	6.14.11	7.8.279.23	1.40.0	1.2.11	1.1.1j	72	Erbium	-
#7 1.081 v12.21.0	2021-02-23	aix-ppc64,headers,linux-arm64,linux-armv7l,linux-ppc64le,linux-s390x,linux-x64,osx-x64-pkg,osx-x64-tar,src,sunos-x64,win-x64-7z,win-x64-exe,win-x64-msi,win-x64-zip,win-x86-7z,win-x86-exe,win-x86-msi,win-x86-zip	6.14.11	7.8.279.23	1.40.0	1.2.11	1.1.1j	72	Erbium	true
#7 1.081 v12.20.2	2021-02-10	aix-ppc64,headers,linux-arm64,linux-armv7l,linux-ppc64le,linux-s390x,linux-x64,osx-x64-pkg,osx-x64-tar,src,sunos-x64,win-x64-7z,win-x64-exe,win-x64-msi,win-x64-zip,win-x86-7z,win-x86-exe,win-x86-msi,win-x86-zip	6.14.11	7.8.279.23	1.40.0	1.2.11	1.1.1i	72	Erbium	-
#7 1.081 v12.20.1	2021-01-04	aix-ppc64,headers,linux-arm64,linux-armv7l,linux-ppc64le,linux-s390x,linux-x64,osx-x64-pkg,osx-x64-tar,src,sunos-x64,win-x64-7z,win-x64-exe,win-x64-msi,win-x64-zip,win-x86-7z,win-x86-exe,win-x86-msi,win-x86-zip	6.14.10	7.8.279.23	1.40.0	1.2.11	1.1.1i	72	Erbium	-
#7 1.081 v12.20.0	2020-11-24	aix-ppc64,headers,linux-arm64,linux-armv7l,linux-ppc64le,linux-s390x,linux-x64,osx-x64-pkg,osx-x64-tar,src,sunos-x64,win-x64-7z,win-x64-exe,win-x64-msi,win-x64-zip,win-x86-7z,win-x86-exe,win-x86-msi,win-x86-zip	6.14.8	7.8.279.23	1.40.0	1.2.11	1.1.1g	72	Erbium	-
#7 1.081 v12.19.1	2020-11-16	aix-ppc64,headers,linux-arm64,linux-armv7l,linux-ppc64le,linux-s390x,linux-x64,osx-x64-pkg,osx-x64-tar,src,sunos-x64,win-x64-7z,win-x64-exe,win-x64-msi,win-x64-zip,win-x86-7z,win-x86-exe,win-x86-msi,win-x86-zip	6.14.8	7.8.279.23	1.39.0	1.2.11	1.1.1g	72	Erbium	true
#7 1.081 v12.19.0	2020-10-06	aix-ppc64,headers,linux-arm64,linux-armv7l,linux-ppc64le,linux-s390x,linux-x64,osx-x64-pkg,osx-x64-tar,src,sunos-x64,win-x64-7z,win-x64-exe,win-x64-msi,win-x64-zip,win-x86-7z,win-x86-exe,win-x86-msi,win-x86-zip	6.14.8	7.8.279.23	1.39.0	1.2.11	1.1.1g	72	Erbium	-
#7 1.081 v12.18.4	2020-09-15	aix-ppc64,headers,linux-arm64,linux-armv7l,linux-ppc64le,linux-s390x,linux-x64,osx-x64-pkg,osx-x64-tar,src,sunos-x64,win-x64-7z,win-x64-exe,win-x64-msi,win-x64-zip,win-x86-7z,win-x86-exe,win-x86-msi,win-x86-zip	6.14.6	7.8.279.23	1.38.0	1.2.11	1.1.1g	72	Erbium	true
#7 1.081 v12.18.3	2020-07-22	aix-ppc64,headers,linux-arm64,linux-armv7l,linux-ppc64le,linux-s390x,linux-x64,osx-x64-pkg,osx-x64-tar,src,sunos-x64,win-x64-7z,win-x64-exe,win-x64-msi,win-x64-zip,win-x86-7z,win-x86-exe,win-x86-msi,win-x86-zip	6.14.6	7.8.279.23	1.38.0	1.2.11	1.1.1g	72	Erbium	-
#7 1.081 v12.18.2	2020-06-30	aix-ppc64,headers,linux-arm64,linux-armv7l,linux-ppc64le,linux-s390x,linux-x64,osx-x64-pkg,osx-x64-tar,src,sunos-x64,win-x64-7z,win-x64-exe,win-x64-msi,win-x64-zip,win-x86-7z,win-x86-exe,win-x86-msi,win-x86-zip	6.14.5	7.8.279.23	1.38.0	1.2.11	1.1.1g	72	Erbium	-
#7 1.081 v12.18.1	2020-06-17	aix-ppc64,headers,linux-arm64,linux-armv7l,linux-ppc64le,linux-s390x,linux-x64,osx-x64-pkg,osx-x64-tar,src,sunos-x64,win-x64-7z,win-x64-exe,win-x64-msi,win-x64-zip,win-x86-7z,win-x86-exe,win-x86-msi,win-x86-zip	6.14.5	7.8.279.23	1.38.0	1.2.11	1.1.1g	72	Erbium	-
#7 1.081 v12.18.0	2020-06-02	aix-ppc64,headers,linux-arm64,linux-armv7l,linux-ppc64le,linux-s390x,linux-x64,osx-x64-pkg,osx-x64-tar,src,sunos-x64,win-x64-7z,win-x64-exe,win-x64-msi,win-x64-zip,win-x86-7z,win-x86-exe,win-x86-msi,win-x86-zip	6.14.4	7.8.279.23	1.37.0	1.2.11	1.1.1g	72	Erbium	true
#7 1.081 v12.17.0	2020-05-26	aix-ppc64,headers,linux-arm64,linux-armv7l,linux-ppc64le,linux-s390x,linux-x64,osx-x64-pkg,osx-x64-tar,src,sunos-x64,win-x64-7z,win-x64-exe,win-x64-msi,win-x64-zip,win-x86-7z,win-x86-exe,win-x86-msi,win-x86-zip	6.14.4	7.8.279.23	1.37.0	1.2.11	1.1.1g	72	Erbium	-
#7 1.081 v12.16.3	2020-04-28	aix-ppc64,headers,linux-arm64,linux-armv7l,linux-ppc64le,linux-s390x,linux-x64,osx-x64-pkg,osx-x64-tar,src,sunos-x64,win-x64-7z,win-x64-exe,win-x64-msi,win-x64-zip,win-x86-7z,win-x86-exe,win-x86-msi,win-x86-zip	6.14.4	7.8.279.23	1.34.2	1.2.11	1.1.1g	72	Erbium	-
#7 1.081 v12.16.2	2020-04-08	aix-ppc64,headers,linux-arm64,linux-armv7l,linux-ppc64le,linux-s390x,linux-x64,osx-x64-pkg,osx-x64-tar,src,sunos-x64,win-x64-7z,win-x64-exe,win-x64-msi,win-x64-zip,win-x86-7z,win-x86-exe,win-x86-msi,win-x86-zip	6.14.4	7.8.279.23	1.34.2	1.2.11	1.1.1e	72	Erbium	-
#7 1.081 v12.16.1	2020-02-18	aix-ppc64,headers,linux-arm64,linux-armv7l,linux-ppc64le,linux-s390x,linux-x64,osx-x64-pkg,osx-x64-tar,src,sunos-x64,win-x64-7z,win-x64-exe,win-x64-msi,win-x64-zip,win-x86-7z,win-x86-exe,win-x86-msi,win-x86-zip	6.13.4	7.8.279.23	1.34.0	1.2.11	1.1.1d	72	Erbium	-
#7 1.081 v12.16.0	2020-02-11	aix-ppc64,headers,linux-arm64,linux-armv7l,linux-ppc64le,linux-s390x,linux-x64,osx-x64-pkg,osx-x64-tar,src,sunos-x64,win-x64-7z,win-x64-exe,win-x64-msi,win-x64-zip,win-x86-7z,win-x86-exe,win-x86-msi,win-x86-zip	6.13.4	7.8.279.23	1.34.0	1.2.11	1.1.1d	72	Erbium	-
#7 1.081 v12.15.0	2020-02-05	aix-ppc64,headers,linux-arm64,linux-armv7l,linux-ppc64le,linux-s390x,linux-x64,osx-x64-pkg,osx-x64-tar,src,sunos-x64,win-x64-7z,win-x64-exe,win-x64-msi,win-x64-zip,win-x86-7z,win-x86-exe,win-x86-msi,win-x86-zip	6.13.4	7.7.299.13	1.33.1	1.2.11	1.1.1d	72	Erbium	true
#7 1.081 v12.14.1	2020-01-07	aix-ppc64,headers,linux-arm64,linux-armv7l,linux-ppc64le,linux-s390x,linux-x64,osx-x64-pkg,osx-x64-tar,src,sunos-x64,win-x64-7z,win-x64-exe,win-x64-msi,win-x64-zip,win-x86-7z,win-x86-exe,win-x86-msi,win-x86-zip	6.13.4	7.7.299.13	1.33.1	1.2.11	1.1.1d	72	Erbium	-
#7 1.081 v12.14.0	2019-12-17	aix-ppc64,headers,linux-arm64,linux-armv7l,linux-ppc64le,linux-s390x,linux-x64,osx-x64-pkg,osx-x64-tar,src,sunos-x64,win-x64-7z,win-x64-exe,win-x64-msi,win-x64-zip,win-x86-7z,win-x86-exe,win-x86-msi,win-x86-zip	6.13.4	7.7.299.13	1.33.1	1.2.11	1.1.1d	72	Erbium	true
#7 1.081 v12.13.1	2019-11-19	aix-ppc64,headers,linux-arm64,linux-armv7l,linux-ppc64le,linux-s390x,linux-x64,osx-x64-pkg,osx-x64-tar,src,sunos-x64,win-x64-7z,win-x64-exe,win-x64-msi,win-x64-zip,win-x86-7z,win-x86-exe,win-x86-msi,win-x86-zip	6.12.1	7.7.299.13	1.33.1	1.2.11	1.1.1d	72	Erbium	-
#7 1.081 v12.13.0	2019-10-21	aix-ppc64,headers,linux-arm64,linux-armv7l,linux-ppc64le,linux-s390x,linux-x64,osx-x64-pkg,osx-x64-tar,src,sunos-x64,win-x64-7z,win-x64-exe,win-x64-msi,win-x64-zip,win-x86-7z,win-x86-exe,win-x86-msi,win-x86-zip	6.12.0	7.7.299.13	1.32.0	1.2.11	1.1.1d	72	Erbium	-
#7 1.081 v12.12.0	2019-10-11	aix-ppc64,headers,linux-arm64,linux-armv7l,linux-ppc64le,linux-s390x,linux-x64,osx-x64-pkg,osx-x64-tar,src,sunos-x64,win-x64-7z,win-x64-exe,win-x64-msi,win-x64-zip,win-x86-7z,win-x86-exe,win-x86-msi,win-x86-zip	6.11.3	7.7.299.13	1.32.0	1.2.11	1.1.1d	72	-	-
#7 1.081 v12.11.1	2019-10-01	aix-ppc64,headers,linux-arm64,linux-armv7l,linux-ppc64le,linux-s390x,linux-x64,osx-x64-pkg,osx-x64-tar,src,sunos-x64,win-x64-7z,win-x64-exe,win-x64-msi,win-x64-zip,win-x86-7z,win-x86-exe,win-x86-msi,win-x86-zip	6.11.3	7.7.299.11	1.32.0	1.2.11	1.1.1c	72	-	-
#7 1.081 v12.11.0	2019-09-25	aix-ppc64,headers,linux-arm64,linux-armv7l,linux-ppc64le,linux-s390x,linux-x64,osx-x64-pkg,osx-x64-tar,src,sunos-x64,win-x64-7z,win-x64-exe,win-x64-msi,win-x64-zip,win-x86-7z,win-x86-exe,win-x86-msi,win-x86-zip	6.11.3	7.7.299.11	1.32.0	1.2.11	1.1.1c	72	-	-
#7 1.081 v12.10.0	2019-09-04	aix-ppc64,headers,linux-arm64,linux-armv7l,linux-ppc64le,linux-s390x,linux-x64,osx-x64-pkg,osx-x64-tar,src,sunos-x64,win-x64-7z,win-x64-exe,win-x64-msi,win-x64-zip,win-x86-7z,win-x86-exe,win-x86-msi,win-x86-zip	6.10.3	7.6.303.29	1.31.0	1.2.11	1.1.1c	72	-	-
#7 1.081 v12.9.1	2019-08-26	aix-ppc64,headers,linux-arm64,linux-armv7l,linux-ppc64le,linux-s390x,linux-x64,osx-x64-pkg,osx-x64-tar,src,sunos-x64,win-x64-7z,win-x64-exe,win-x64-msi,win-x64-zip,win-x86-7z,win-x86-exe,win-x86-msi,win-x86-zip	6.10.2	7.6.303.29	1.31.0	1.2.11	1.1.1c	72	-	-
#7 1.081 v12.9.0	2019-08-20	aix-ppc64,headers,linux-arm64,linux-armv7l,linux-ppc64le,linux-s390x,linux-x64,osx-x64-pkg,osx-x64-tar,src,sunos-x64,win-x64-7z,win-x64-exe,win-x64-msi,win-x64-zip,win-x86-7z,win-x86-exe,win-x86-msi,win-x86-zip	6.10.2	7.6.303.29	1.31.0	1.2.11	1.1.1c	72	-	-
#7 1.081 v12.8.1	2019-08-15	aix-ppc64,headers,linux-arm64,linux-armv7l,linux-ppc64le,linux-s390x,linux-x64,osx-x64-pkg,osx-x64-tar,src,sunos-x64,win-x64-7z,win-x64-exe,win-x64-msi,win-x64-zip,win-x86-7z,win-x86-exe,win-x86-msi,win-x86-zip	6.10.2	7.5.288.22	1.30.1	1.2.11	1.1.1c	72	-	true
#7 1.081 v12.8.0	2019-08-06	aix-ppc64,headers,linux-arm64,linux-armv7l,linux-ppc64le,linux-s390x,linux-x64,osx-x64-pkg,osx-x64-tar,src,sunos-x64,win-x64-7z,win-x64-exe,win-x64-msi,win-x64-zip,win-x86-7z,win-x86-exe,win-x86-msi,win-x86-zip	6.10.2	7.5.288.22	1.30.1	1.2.11	1.1.1c	72	-	-
#7 1.081 v12.7.0	2019-07-23	aix-ppc64,headers,linux-arm64,linux-armv7l,linux-ppc64le,linux-s390x,linux-x64,osx-x64-pkg,osx-x64-tar,src,sunos-x64,win-x64-7z,win-x64-exe,win-x64-msi,win-x64-zip,win-x86-7z,win-x86-exe,win-x86-msi,win-x86-zip	6.10.0	7.5.288.22	1.30.1	1.2.11	1.1.1c	72	-	-
#7 1.081 v12.6.0	2019-07-03	aix-ppc64,headers,linux-arm64,linux-armv7l,linux-ppc64le,linux-s390x,linux-x64,osx-x64-pkg,osx-x64-tar,src,sunos-x64,win-x64-7z,win-x64-exe,win-x64-msi,win-x64-zip,win-x86-7z,win-x86-exe,win-x86-msi,win-x86-zip	6.9.0	7.5.288.22	1.30.1	1.2.11	1.1.1c	72	-	-
#7 1.081 v12.5.0	2019-06-26	aix-ppc64,headers,linux-arm64,linux-armv7l,linux-ppc64le,linux-s390x,linux-x64,osx-x64-pkg,osx-x64-tar,src,sunos-x64,win-x64-7z,win-x64-exe,win-x64-msi,win-x64-zip,win-x86-7z,win-x86-exe,win-x86-msi,win-x86-zip	6.9.0	7.5.288.22	1.29.1	1.2.11	1.1.1c	72	-	-
#7 1.081 v12.4.0	2019-06-04	aix-ppc64,headers,linux-arm64,linux-armv7l,linux-ppc64le,linux-s390x,linux-x64,osx-x64-pkg,osx-x64-tar,src,sunos-x64,win-x64-7z,win-x64-exe,win-x64-msi,win-x64-zip,win-x86-7z,win-x86-exe,win-x86-msi,win-x86-zip	6.9.0	7.4.288.27	1.29.1	1.2.11	1.1.1b	72	-	-
#7 1.081 v12.3.1	2019-05-22	aix-ppc64,headers,linux-arm64,linux-armv7l,linux-ppc64le,linux-s390x,linux-x64,osx-x64-pkg,osx-x64-tar,src,sunos-x64,win-x64-7z,win-x64-exe,win-x64-msi,win-x64-zip,win-x86-7z,win-x86-exe,win-x86-msi,win-x86-zip	6.9.0	7.4.288.27	1.29.1	1.2.11	1.1.1b	72	-	-
#7 1.081 v12.3.0	2019-05-21	aix-ppc64,headers,linux-arm64,linux-armv7l,linux-ppc64le,linux-s390x,linux-x64,osx-x64-pkg,osx-x64-tar,src,sunos-x64,win-x64-7z,win-x64-exe,win-x64-msi,win-x64-zip,win-x86-7z,win-x86-exe,win-x86-msi,win-x86-zip	6.9.0	7.4.288.27	1.28.0	1.2.11	1.1.1b	72	-	-
#7 1.081 v12.2.0	2019-05-07	aix-ppc64,headers,linux-arm64,linux-armv7l,linux-ppc64le,linux-s390x,linux-x64,osx-x64-pkg,osx-x64-tar,src,sunos-x64,win-x64-7z,win-x64-exe,win-x64-msi,win-x64-zip,win-x86-7z,win-x86-exe,win-x86-msi,win-x86-zip	6.9.0	7.4.288.21	1.28.0	1.2.11	1.1.1b	72	-	-
#7 1.081 v12.1.0	2019-04-29	aix-ppc64,headers,linux-arm64,linux-armv7l,linux-ppc64le,linux-s390x,linux-x64,osx-x64-pkg,osx-x64-tar,src,sunos-x64,win-x64-7z,win-x64-exe,win-x64-msi,win-x64-zip,win-x86-7z,win-x86-exe,win-x86-msi,win-x86-zip	6.9.0	7.4.288.21	1.28.0	1.2.11	1.1.1b	72	-	-
#7 1.081 v12.0.0	2019-04-23	aix-ppc64,headers,linux-arm64,linux-armv7l,linux-ppc64le,linux-s390x,linux-x64,osx-x64-pkg,osx-x64-tar,src,sunos-x64,win-x64-7z,win-x64-exe,win-x64-msi,win-x64-zip,win-x86-7z,win-x86-exe,win-x86-msi,win-x86-zip	6.9.0	7.4.288.21	1.28.0	1.2.11	1.1.1b	72	-	-
#7 1.081 v11.15.0	2019-04-30	aix-ppc64,headers,linux-arm64,linux-armv6l,linux-armv7l,linux-ppc64le,linux-s390x,linux-x64,osx-x64-pkg,osx-x64-tar,src,sunos-x64,win-x64-7z,win-x64-exe,win-x64-msi,win-x64-zip,win-x86-7z,win-x86-exe,win-x86-msi,win-x86-zip	6.7.0	7.0.276.38	1.27.0	1.2.11	1.1.1b	67	-	-
#7 1.081 v11.14.0	2019-04-10	aix-ppc64,headers,linux-arm64,linux-armv6l,linux-armv7l,linux-ppc64le,linux-s390x,linux-x64,osx-x64-pkg,osx-x64-tar,src,sunos-x64,win-x64-7z,win-x64-exe,win-x64-msi,win-x64-zip,win-x86-7z,win-x86-exe,win-x86-msi,win-x86-zip	6.7.0	7.0.276.38	1.27.0	1.2.11	1.1.1b	67	-	-
#7 1.081 v11.13.0	2019-03-28	aix-ppc64,headers,linux-arm64,linux-armv6l,linux-armv7l,linux-ppc64le,linux-s390x,linux-x64,osx-x64-pkg,osx-x64-tar,src,sunos-x64,win-x64-7z,win-x64-exe,win-x64-msi,win-x64-zip,win-x86-7z,win-x86-exe,win-x86-msi,win-x86-zip	6.7.0	7.0.276.38	1.27.0	1.2.11	1.1.1b	67	-	-
#7 1.081 v11.12.0	2019-03-14	aix-ppc64,headers,linux-arm64,linux-armv6l,linux-armv7l,linux-ppc64le,linux-s390x,linux-x64,osx-x64-pkg,osx-x64-tar,src,sunos-x64,win-x64-7z,win-x64-exe,win-x64-msi,win-x64-zip,win-x86-7z,win-x86-exe,win-x86-msi,win-x86-zip	6.7.0	7.0.276.38	1.26.0	1.2.11	1.1.1b	67	-	-
#7 1.081 v11.11.0	2019-03-05	aix-ppc64,headers,linux-arm64,linux-armv6l,linux-armv7l,linux-ppc64le,linux-s390x,linux-x64,osx-x64-pkg,osx-x64-tar,src,sunos-x64,win-x64-7z,win-x64-exe,win-x64-msi,win-x64-zip,win-x86-7z,win-x86-exe,win-x86-msi,win-x86-zip	6.7.0	7.0.276.38	1.26.0	1.2.11	1.1.1a	67	-	-
#7 1.081 v11.10.1	2019-02-28	aix-ppc64,headers,linux-arm64,linux-armv6l,linux-armv7l,linux-ppc64le,linux-s390x,linux-x64,osx-x64-pkg,osx-x64-tar,src,sunos-x64,win-x64-7z,win-x64-exe,win-x64-msi,win-x64-zip,win-x86-7z,win-x86-exe,win-x86-msi,win-x86-zip	6.7.0	7.0.276.38	1.26.0	1.2.11	1.1.1a	67	-	true
#7 1.081 v11.10.0	2019-02-14	aix-ppc64,headers,linux-arm64,linux-armv6l,linux-armv7l,linux-ppc64le,linux-s390x,linux-x64,osx-x64-pkg,osx-x64-tar,src,sunos-x64,win-x64-7z,win-x64-exe,win-x64-msi,win-x64-zip,win-x86-7z,win-x86-exe,win-x86-msi,win-x86-zip	6.7.0	7.0.276.38	1.26.0	1.2.11	1.1.1a	67	-	-
#7 1.081 v11.9.0	2019-01-30	aix-ppc64,headers,linux-arm64,linux-armv6l,linux-armv7l,linux-ppc64le,linux-s390x,linux-x64,osx-x64-pkg,osx-x64-tar,src,sunos-x64,win-x64-7z,win-x64-exe,win-x64-msi,win-x64-zip,win-x86-7z,win-x86-exe,win-x86-msi,win-x86-zip	6.5.0	7.0.276.38	1.25.0	1.2.11	1.1.1a	67	-	-
#7 1.081 v11.8.0	2019-01-24	aix-ppc64,headers,linux-arm64,linux-armv6l,linux-armv7l,linux-ppc64le,linux-s390x,linux-x64,osx-x64-pkg,osx-x64-tar,src,sunos-x64,win-x64-7z,win-x64-exe,win-x64-msi,win-x64-zip,win-x86-7z,win-x86-exe,win-x86-msi,win-x86-zip	6.5.0	7.0.276.38	1.25.0	1.2.11	1.1.0j	67	-	-
#7 1.081 v11.7.0	2019-01-17	aix-ppc64,headers,linux-arm64,linux-armv6l,linux-armv7l,linux-ppc64le,linux-s390x,linux-x64,osx-x64-pkg,osx-x64-tar,src,sunos-x64,win-x64-7z,win-x64-exe,win-x64-msi,win-x64-zip,win-x86-7z,win-x86-exe,win-x86-msi,win-x86-zip	6.5.0	7.0.276.38	1.24.1	1.2.11	1.1.0j	67	-	-
#7 1.081 v11.6.0	2018-12-26	aix-ppc64,headers,linux-arm64,linux-armv6l,linux-armv7l,linux-ppc64le,linux-s390x,linux-x64,osx-x64-pkg,osx-x64-tar,src,sunos-x64,win-x64-7z,win-x64-exe,win-x64-msi,win-x64-zip,win-x86-7z,win-x86-exe,win-x86-msi,win-x86-zip	6.5.0-next.0	7.0.276.38	1.24.1	1.2.11	1.1.0j	67	-	-
#7 1.081 v11.5.0	2018-12-18	aix-ppc64,headers,linux-arm64,linux-armv6l,linux-armv7l,linux-ppc64le,linux-s390x,linux-x64,osx-x64-pkg,osx-x64-tar,src,sunos-x64,win-x64-7z,win-x64-exe,win-x64-msi,win-x64-zip,win-x86-7z,win-x86-exe,win-x86-msi,win-x86-zip	6.4.1	7.0.276.38	1.24.0	1.2.11	1.1.0j	67	-	-
#7 1.081 v11.4.0	2018-12-07	aix-ppc64,headers,linux-arm64,linux-armv6l,linux-armv7l,linux-ppc64le,linux-s390x,linux-x64,osx-x64-pkg,osx-x64-tar,src,sunos-x64,win-x64-7z,win-x64-exe,win-x64-msi,win-x64-zip,win-x86-7z,win-x86-exe,win-x86-msi,win-x86-zip	6.4.1	7.0.276.38	1.24.0	1.2.11	1.1.0j	67	-	-
#7 1.081 v11.3.0	2018-11-27	aix-ppc64,headers,linux-arm64,linux-armv6l,linux-armv7l,linux-ppc64le,linux-s390x,linux-x64,osx-x64-pkg,osx-x64-tar,src,sunos-x64,win-x64-7z,win-x64-exe,win-x64-msi,win-x64-zip,win-x86-7z,win-x86-exe,win-x86-msi,win-x86-zip	6.4.1	7.0.276.38	1.23.2	1.2.11	1.1.0j	67	-	true
#7 1.081 v11.2.0	2018-11-15	aix-ppc64,headers,linux-arm64,linux-armv6l,linux-armv7l,linux-ppc64le,linux-s390x,linux-x64,osx-x64-pkg,osx-x64-tar,src,sunos-x64,win-x64-7z,win-x64-exe,win-x64-msi,win-x64-zip,win-x86-7z,win-x86-exe,win-x86-msi,win-x86-zip	6.4.1	7.0.276.38	1.23.2	1.2.11	1.1.0i	67	-	-
#7 1.081 v11.1.0	2018-10-30	aix-ppc64,headers,linux-arm64,linux-armv6l,linux-armv7l,linux-ppc64le,linux-s390x,linux-x64,osx-x64-pkg,osx-x64-tar,src,sunos-x64,win-x64-7z,win-x64-exe,win-x64-msi,win-x64-zip,win-x86-7z,win-x86-exe,win-x86-msi,win-x86-zip	6.4.1	7.0.276.32	1.23.2	1.2.11	1.1.0i	67	-	-
#7 1.081 v11.0.0	2018-10-23	aix-ppc64,headers,linux-arm64,linux-armv6l,linux-armv7l,linux-ppc64le,linux-s390x,linux-x64,osx-x64-pkg,osx-x64-tar,src,sunos-x64,win-x64-7z,win-x64-exe,win-x64-msi,win-x64-zip,win-x86-7z,win-x86-exe,win-x86-msi,win-x86-zip	6.4.1	7.0.276.28	1.23.2	1.2.11	1.1.0i	67	-	-
#7 1.081 v10.24.1	2021-04-06	aix-ppc64,headers,linux-arm64,linux-armv6l,linux-armv7l,linux-ppc64le,linux-s390x,linux-x64,osx-x64-pkg,osx-x64-tar,src,sunos-x64,win-x64-7z,win-x64-exe,win-x64-msi,win-x64-zip,win-x86-7z,win-x86-exe,win-x86-msi,win-x86-zip	6.14.12	6.8.275.32	1.34.2	1.2.11	1.1.1k	64	Dubnium	true
#7 1.081 v10.24.0	2021-02-23	aix-ppc64,headers,linux-arm64,linux-armv6l,linux-armv7l,linux-ppc64le,linux-s390x,linux-x64,osx-x64-pkg,osx-x64-tar,src,sunos-x64,win-x64-7z,win-x64-exe,win-x64-msi,win-x64-zip,win-x86-7z,win-x86-exe,win-x86-msi,win-x86-zip	6.14.11	6.8.275.32	1.34.2	1.2.11	1.1.1j	64	Dubnium	true
#7 1.081 v10.23.3	2021-02-09	aix-ppc64,headers,linux-arm64,linux-armv6l,linux-armv7l,linux-ppc64le,linux-s390x,linux-x64,osx-x64-pkg,osx-x64-tar,src,sunos-x64,win-x64-7z,win-x64-exe,win-x64-msi,win-x64-zip,win-x86-7z,win-x86-exe,win-x86-msi,win-x86-zip	6.14.11	6.8.275.32	1.34.2	1.2.11	1.1.1i	64	Dubnium	-
#7 1.081 v10.23.2	2021-01-26	aix-ppc64,headers,linux-arm64,linux-armv6l,linux-armv7l,linux-ppc64le,linux-s390x,linux-x64,osx-x64-pkg,osx-x64-tar,src,sunos-x64,win-x64-7z,win-x64-exe,win-x64-msi,win-x64-zip,win-x86-7z,win-x86-exe,win-x86-msi,win-x86-zip	6.14.10	6.8.275.32	1.34.2	1.2.11	1.1.1i	64	Dubnium	-
#7 1.081 v10.23.1	2021-01-04	aix-ppc64,headers,linux-arm64,linux-armv6l,linux-armv7l,linux-ppc64le,linux-s390x,linux-x64,osx-x64-pkg,osx-x64-tar,src,sunos-x64,win-x64-7z,win-x64-exe,win-x64-msi,win-x64-zip,win-x86-7z,win-x86-exe,win-x86-msi,win-x86-zip	6.14.10	6.8.275.32	1.34.2	1.2.11	1.1.1i	64	Dubnium	-
#7 1.081 v10.23.0	2020-10-27	aix-ppc64,headers,linux-arm64,linux-armv6l,linux-armv7l,linux-ppc64le,linux-s390x,linux-x64,osx-x64-pkg,osx-x64-tar,src,sunos-x64,win-x64-7z,win-x64-exe,win-x64-msi,win-x64-zip,win-x86-7z,win-x86-exe,win-x86-msi,win-x86-zip	6.14.8	6.8.275.32	1.34.2	1.2.11	1.1.1g	64	Dubnium	-
#7 1.081 v10.22.1	2020-09-15	aix-ppc64,headers,linux-arm64,linux-armv6l,linux-armv7l,linux-ppc64le,linux-s390x,linux-x64,osx-x64-pkg,osx-x64-tar,src,sunos-x64,win-x64-7z,win-x64-exe,win-x64-msi,win-x64-zip,win-x86-7z,win-x86-exe,win-x86-msi,win-x86-zip	6.14.6	6.8.275.32	1.34.2	1.2.11	1.1.1g	64	Dubnium	true
#7 1.081 v10.22.0	2020-07-21	aix-ppc64,headers,linux-arm64,linux-armv6l,linux-armv7l,linux-ppc64le,linux-s390x,linux-x64,osx-x64-pkg,osx-x64-tar,src,sunos-x64,win-x64-7z,win-x64-exe,win-x64-msi,win-x64-zip,win-x86-7z,win-x86-exe,win-x86-msi,win-x86-zip	6.14.6	6.8.275.32	1.34.2	1.2.11	1.1.1g	64	Dubnium	-
#7 1.081 v10.21.0	2020-06-02	aix-ppc64,headers,linux-arm64,linux-armv6l,linux-armv7l,linux-ppc64le,linux-s390x,linux-x64,osx-x64-pkg,osx-x64-tar,src,sunos-x64,win-x64-7z,win-x64-exe,win-x64-msi,win-x64-zip,win-x86-7z,win-x86-exe,win-x86-msi,win-x86-zip	6.14.4	6.8.275.32	1.34.2	1.2.11	1.1.1e	64	Dubnium	true
#7 1.081 v10.20.1	2020-04-12	aix-ppc64,headers,linux-arm64,linux-armv6l,linux-armv7l,linux-ppc64le,linux-s390x,linux-x64,osx-x64-pkg,osx-x64-tar,src,sunos-x64,win-x64-7z,win-x64-exe,win-x64-msi,win-x64-zip,win-x86-7z,win-x86-exe,win-x86-msi,win-x86-zip	6.14.4	6.8.275.32	1.34.2	1.2.11	1.1.1e	64	Dubnium	-
#7 1.081 v10.20.0	2020-03-26	aix-ppc64,headers,linux-arm64,linux-armv6l,linux-armv7l,linux-ppc64le,linux-s390x,linux-x64,osx-x64-pkg,osx-x64-tar,src,sunos-x64,win-x64-7z,win-x64-exe,win-x64-msi,win-x64-zip,win-x86-7z,win-x86-exe,win-x86-msi,win-x86-zip	6.14.4	6.8.275.32	1.34.2	1.2.11	1.1.1e	64	Dubnium	-
#7 1.081 v10.19.0	2020-02-05	aix-ppc64,headers,linux-arm64,linux-armv6l,linux-armv7l,linux-ppc64le,linux-s390x,linux-x64,osx-x64-pkg,osx-x64-tar,src,sunos-x64,win-x64-7z,win-x64-exe,win-x64-msi,win-x64-zip,win-x86-7z,win-x86-exe,win-x86-msi,win-x86-zip	6.13.4	6.8.275.32	1.28.0	1.2.11	1.1.1d	64	Dubnium	true
#7 1.081 v10.18.1	2020-01-09	aix-ppc64,headers,linux-arm64,linux-armv6l,linux-armv7l,linux-ppc64le,linux-s390x,linux-x64,osx-x64-pkg,osx-x64-tar,src,sunos-x64,win-x64-7z,win-x64-exe,win-x64-msi,win-x64-zip,win-x86-7z,win-x86-exe,win-x86-msi,win-x86-zip	6.13.4	6.8.275.32	1.28.0	1.2.11	1.1.1d	64	Dubnium	-
#7 1.081 v10.18.0	2019-12-17	aix-ppc64,headers,linux-arm64,linux-armv6l,linux-armv7l,linux-ppc64le,linux-s390x,linux-x64,osx-x64-pkg,osx-x64-tar,src,sunos-x64,win-x64-7z,win-x64-exe,win-x64-msi,win-x64-zip,win-x86-7z,win-x86-exe,win-x86-msi,win-x86-zip	6.13.4	6.8.275.32	1.28.0	1.2.11	1.1.1d	64	Dubnium	true
#7 1.081 v10.17.0	2019-10-22	aix-ppc64,headers,linux-arm64,linux-armv6l,linux-armv7l,linux-ppc64le,linux-s390x,linux-x64,osx-x64-pkg,osx-x64-tar,src,sunos-x64,win-x64-7z,win-x64-exe,win-x64-msi,win-x64-zip,win-x86-7z,win-x86-exe,win-x86-msi,win-x86-zip	6.11.3	6.8.275.32	1.28.0	1.2.11	1.1.1d	64	Dubnium	-
#7 1.081 v10.16.3	2019-08-15	aix-ppc64,headers,linux-arm64,linux-armv6l,linux-armv7l,linux-ppc64le,linux-s390x,linux-x64,osx-x64-pkg,osx-x64-tar,src,sunos-x64,win-x64-7z,win-x64-exe,win-x64-msi,win-x64-zip,win-x86-7z,win-x86-exe,win-x86-msi,win-x86-zip	6.9.0	6.8.275.32	1.28.0	1.2.11	1.1.1c	64	Dubnium	true
#7 1.081 v10.16.2	2019-08-06	aix-ppc64,headers,linux-arm64,linux-armv6l,linux-armv7l,linux-ppc64le,linux-s390x,linux-x64,osx-x64-pkg,osx-x64-tar,src,sunos-x64,win-x64-7z,win-x64-exe,win-x64-msi,win-x64-zip,win-x86-7z,win-x86-exe,win-x86-msi,win-x86-zip	6.9.0	6.8.275.32	1.28.0	1.2.11	1.1.1c	64	Dubnium	-
#7 1.081 v10.16.1	2019-07-31	aix-ppc64,headers,linux-arm64,linux-armv6l,linux-armv7l,linux-ppc64le,linux-s390x,linux-x64,osx-x64-pkg,osx-x64-tar,src,sunos-x64,win-x64-7z,win-x64-exe,win-x64-msi,win-x64-zip,win-x86-7z,win-x86-exe,win-x86-msi,win-x86-zip	6.9.0	6.8.275.32	1.28.0	1.2.11	1.1.1c	64	Dubnium	-
#7 1.081 v10.16.0	2019-05-28	aix-ppc64,headers,linux-arm64,linux-armv6l,linux-armv7l,linux-ppc64le,linux-s390x,linux-x64,osx-x64-pkg,osx-x64-tar,src,sunos-x64,win-x64-7z,win-x64-exe,win-x64-msi,win-x64-zip,win-x86-7z,win-x86-exe,win-x86-msi,win-x86-zip	6.9.0	6.8.275.32	1.28.0	1.2.11	1.1.1b	64	Dubnium	-
#7 1.081 v10.15.3	2019-03-05	aix-ppc64,headers,linux-arm64,linux-armv6l,linux-armv7l,linux-ppc64le,linux-s390x,linux-x64,osx-x64-pkg,osx-x64-tar,src,sunos-x64,win-x64-7z,win-x64-exe,win-x64-msi,win-x64-zip,win-x86-7z,win-x86-exe,win-x86-msi,win-x86-zip	6.4.1	6.8.275.32	1.23.2	1.2.11	1.1.0j	64	Dubnium	-
#7 1.081 v10.15.2	2019-02-28	aix-ppc64,headers,linux-arm64,linux-armv6l,linux-armv7l,linux-ppc64le,linux-s390x,linux-x64,osx-x64-pkg,osx-x64-tar,src,sunos-x64,win-x64-7z,win-x64-exe,win-x64-msi,win-x64-zip,win-x86-7z,win-x86-exe,win-x86-msi,win-x86-zip	6.4.1	6.8.275.32	1.23.2	1.2.11	1.1.0j	64	Dubnium	true
#7 1.081 v10.15.1	2019-01-29	aix-ppc64,headers,linux-arm64,linux-armv6l,linux-armv7l,linux-ppc64le,linux-s390x,linux-x64,osx-x64-pkg,osx-x64-tar,src,sunos-x64,win-x64-7z,win-x64-exe,win-x64-msi,win-x64-zip,win-x86-7z,win-x86-exe,win-x86-msi,win-x86-zip	6.4.1	6.8.275.32	1.23.2	1.2.11	1.1.0j	64	Dubnium	-
#7 1.081 v10.15.0	2018-12-26	aix-ppc64,headers,linux-arm64,linux-armv6l,linux-armv7l,linux-ppc64le,linux-s390x,linux-x64,osx-x64-pkg,osx-x64-tar,src,sunos-x64,win-x64-7z,win-x64-exe,win-x64-msi,win-x64-zip,win-x86-7z,win-x86-exe,win-x86-msi,win-x86-zip	6.4.1	6.8.275.32	1.23.2	1.2.11	1.1.0j	64	Dubnium	-
#7 1.081 v10.14.2	2018-12-10	aix-ppc64,headers,linux-arm64,linux-armv6l,linux-armv7l,linux-ppc64le,linux-s390x,linux-x64,osx-x64-pkg,osx-x64-tar,src,sunos-x64,win-x64-7z,win-x64-exe,win-x64-msi,win-x64-zip,win-x86-7z,win-x86-exe,win-x86-msi,win-x86-zip	6.4.1	6.8.275.32	1.23.2	1.2.11	1.1.0j	64	Dubnium	-
#7 1.081 v10.14.1	2018-11-29	aix-ppc64,headers,linux-arm64,linux-armv6l,linux-armv7l,linux-ppc64le,linux-s390x,linux-x64,osx-x64-pkg,osx-x64-tar,src,sunos-x64,win-x64-7z,win-x64-exe,win-x64-msi,win-x64-zip,win-x86-7z,win-x86-exe,win-x86-msi,win-x86-zip	6.4.1	6.8.275.32	1.23.2	1.2.11	1.1.0j	64	Dubnium	-
#7 1.081 v10.14.0	2018-11-27	aix-ppc64,headers,linux-arm64,linux-armv6l,linux-armv7l,linux-ppc64le,linux-s390x,linux-x64,osx-x64-pkg,osx-x64-tar,src,sunos-x64,win-x64-7z,win-x64-exe,win-x64-msi,win-x64-zip,win-x86-7z,win-x86-exe,win-x86-msi,win-x86-zip	6.4.1	6.8.275.32	1.23.2	1.2.11	1.1.0j	64	Dubnium	true
#7 1.081 v10.13.0	2018-10-30	aix-ppc64,headers,linux-arm64,linux-armv6l,linux-armv7l,linux-ppc64le,linux-s390x,linux-x64,osx-x64-pkg,osx-x64-tar,src,sunos-x64,win-x64-7z,win-x64-exe,win-x64-msi,win-x64-zip,win-x86-7z,win-x86-exe,win-x86-msi,win-x86-zip	6.4.1	6.8.275.32	1.23.2	1.2.11	1.1.0i	64	Dubnium	-
#7 1.081 v10.12.0	2018-10-10	aix-ppc64,headers,linux-arm64,linux-armv6l,linux-armv7l,linux-ppc64le,linux-s390x,linux-x64,osx-x64-pkg,osx-x64-tar,src,sunos-x64,win-x64-7z,win-x64-exe,win-x64-msi,win-x64-zip,win-x86-7z,win-x86-exe,win-x86-msi,win-x86-zip	6.4.1	6.8.275.32	1.23.2	1.2.11	1.1.0i	64	-	-
#7 1.081 v10.11.0	2018-09-19	aix-ppc64,headers,linux-arm64,linux-armv6l,linux-armv7l,linux-ppc64le,linux-s390x,linux-x64,osx-x64-pkg,osx-x64-tar,src,sunos-x64,win-x64-7z,win-x64-exe,win-x64-msi,win-x64-zip,win-x86-7z,win-x86-exe,win-x86-msi,win-x86-zip	6.4.1	6.8.275.32	1.23.0	1.2.11	1.1.0i	64	-	-
#7 1.081 v10.10.0	2018-09-06	aix-ppc64,headers,linux-arm64,linux-armv6l,linux-armv7l,linux-ppc64le,linux-s390x,linux-x64,osx-x64-pkg,osx-x64-tar,src,sunos-x64,win-x64-7z,win-x64-exe,win-x64-msi,win-x64-zip,win-x86-7z,win-x86-exe,win-x86-msi,win-x86-zip	6.4.1	6.8.275.30	1.23.0	1.2.11	1.1.0i	64	-	-
#7 1.081 v10.9.0	2018-08-15	aix-ppc64,headers,linux-arm64,linux-armv6l,linux-armv7l,linux-ppc64le,linux-s390x,linux-x64,osx-x64-pkg,osx-x64-tar,src,sunos-x64,win-x64-7z,win-x64-exe,win-x64-msi,win-x64-zip,win-x86-7z,win-x86-exe,win-x86-msi,win-x86-zip	6.2.0	6.8.275.24	1.22.0	1.2.11	1.1.0i	64	-	-
#7 1.081 v10.8.0	2018-08-01	aix-ppc64,headers,linux-arm64,linux-armv6l,linux-armv7l,linux-ppc64le,linux-s390x,linux-x64,osx-x64-pkg,osx-x64-tar,src,sunos-x64,win-x64-7z,win-x64-exe,win-x64-msi,win-x64-zip,win-x86-7z,win-x86-exe,win-x86-msi,win-x86-zip	6.2.0	6.7.288.49	1.22.0	1.2.11	1.1.0h	64	-	-
#7 1.081 v10.7.0	2018-07-18	aix-ppc64,headers,linux-arm64,linux-armv6l,linux-armv7l,linux-ppc64le,linux-s390x,linux-x64,osx-x64-pkg,osx-x64-tar,src,sunos-x64,win-x64-7z,win-x64-exe,win-x64-msi,win-x64-zip,win-x86-7z,win-x86-exe,win-x86-msi,win-x86-zip	6.1.0	6.7.288.49	1.22.0	1.2.11	1.1.0h	64	-	-
#7 1.081 v10.6.0	2018-07-04	aix-ppc64,headers,linux-arm64,linux-armv6l,linux-armv7l,linux-ppc64le,linux-s390x,linux-x64,osx-x64-pkg,osx-x64-tar,src,sunos-x64,win-x64-7z,win-x64-exe,win-x64-msi,win-x64-zip,win-x86-7z,win-x86-exe,win-x86-msi,win-x86-zip	6.1.0	6.7.288.46	1.21.0	1.2.11	1.1.0h	64	-	-
#7 1.081 v10.5.0	2018-06-20	aix-ppc64,headers,linux-arm64,linux-armv6l,linux-armv7l,linux-ppc64le,linux-s390x,linux-x64,osx-x64-pkg,osx-x64-tar,src,sunos-x64,win-x64-7z,win-x64-exe,win-x64-msi,win-x64-zip,win-x86-7z,win-x86-exe,win-x86-msi,win-x86-zip	6.1.0	6.7.288.46	1.20.3	1.2.11	1.1.0h	64	-	-
#7 1.081 v10.4.1	2018-06-12	aix-ppc64,headers,linux-arm64,linux-armv6l,linux-armv7l,linux-ppc64le,linux-s390x,linux-x64,osx-x64-pkg,osx-x64-tar,src,sunos-x64,win-x64-7z,win-x64-exe,win-x64-msi,win-x64-zip,win-x86-7z,win-x86-exe,win-x86-msi,win-x86-zip	6.1.0	6.7.288.45	1.20.3	1.2.11	1.1.0h	64	-	-
#7 1.081 v10.4.0	2018-06-06	aix-ppc64,headers,linux-arm64,linux-armv6l,linux-armv7l,linux-ppc64le,linux-s390x,linux-x64,osx-x64-pkg,osx-x64-tar,src,sunos-x64,win-x64-7z,win-x64-exe,win-x64-msi,win-x64-zip,win-x86-7z,win-x86-exe,win-x86-msi,win-x86-zip	6.1.0	6.7.288.43	1.20.3	1.2.11	1.1.0h	64	-	-
#7 1.081 v10.3.0	2018-05-29	aix-ppc64,headers,linux-arm64,linux-armv6l,linux-armv7l,linux-ppc64le,linux-s390x,linux-x64,osx-x64-pkg,osx-x64-tar,src,sunos-x64,win-x64-7z,win-x64-exe,win-x64-msi,win-x64-zip,win-x86-7z,win-x86-exe,win-x86-msi,win-x86-zip	6.1.0	6.6.346.32	1.20.3	1.2.11	1.1.0h	64	-	-
#7 1.081 v10.2.1	2018-05-24	aix-ppc64,headers,linux-arm64,linux-armv6l,linux-armv7l,linux-ppc64le,linux-s390x,linux-x64,osx-x64-pkg,osx-x64-tar,src,sunos-x64,win-x64-7z,win-x64-exe,win-x64-msi,win-x64-zip,win-x86-7z,win-x86-exe,win-x86-msi,win-x86-zip	5.6.0	6.6.346.32	1.20.3	1.2.11	1.1.0h	64	-	-
#7 1.081 v10.2.0	2018-05-23	aix-ppc64,headers,linux-arm64,linux-armv6l,linux-armv7l,linux-ppc64le,linux-s390x,linux-x64,osx-x64-pkg,osx-x64-tar,src,sunos-x64,win-x64-7z,win-x64-exe,win-x64-msi,win-x64-zip,win-x86-7z,win-x86-exe,win-x86-msi,win-x86-zip	5.6.0	6.6.346.32	1.20.3	1.2.11	1.1.0h	64	-	-
#7 1.081 v10.1.0	2018-05-08	aix-ppc64,headers,linux-arm64,linux-armv6l,linux-armv7l,linux-ppc64le,linux-s390x,linux-x64,osx-x64-pkg,osx-x64-tar,src,sunos-x64,win-x64-7z,win-x64-exe,win-x64-msi,win-x64-zip,win-x86-7z,win-x86-exe,win-x86-msi,win-x86-zip	5.6.0	6.6.346.27	1.20.2	1.2.11	1.1.0h	64	-	-
#7 1.081 v10.0.0	2018-04-24	aix-ppc64,headers,linux-arm64,linux-armv6l,linux-armv7l,linux-ppc64le,linux-s390x,linux-x64,osx-x64-pkg,osx-x64-tar,src,sunos-x64,win-x64-7z,win-x64-exe,win-x64-msi,win-x64-zip,win-x86-7z,win-x86-exe,win-x86-msi,win-x86-zip	5.6.0	6.6.346.24	1.20.2	1.2.11	1.1.0h	64	-	-
#7 1.081 v9.11.2	2018-06-12	aix-ppc64,headers,linux-arm64,linux-armv6l,linux-armv7l,linux-ppc64le,linux-s390x,linux-x64,linux-x86,osx-x64-pkg,osx-x64-tar,src,sunos-x64,sunos-x86,win-x64-7z,win-x64-exe,win-x64-msi,win-x64-zip,win-x86-7z,win-x86-exe,win-x86-msi,win-x86-zip	5.6.0	6.2.414.46	1.19.2	1.2.11	1.0.2o	59	-	-
#7 1.081 v9.11.1	2018-04-05	aix-ppc64,headers,linux-arm64,linux-armv6l,linux-armv7l,linux-ppc64le,linux-s390x,linux-x64,linux-x86,osx-x64-pkg,osx-x64-tar,src,sunos-x64,sunos-x86,win-x64-7z,win-x64-exe,win-x64-msi,win-x64-zip,win-x86-7z,win-x86-exe,win-x86-msi,win-x86-zip	5.6.0	6.2.414.46	1.19.2	1.2.11	1.0.2o	59	-	-
#7 1.081 v9.11.0	2018-04-04	aix-ppc64,headers,linux-arm64,linux-armv6l,linux-armv7l,linux-ppc64le,linux-s390x,linux-x64,linux-x86,osx-x64-pkg,osx-x64-tar,src,sunos-x64,sunos-x86,win-x64-7z,win-x64-exe,win-x64-msi,win-x64-zip,win-x86-7z,win-x86-exe,win-x86-msi,win-x86-zip	5.6.0	6.2.414.46	1.19.2	1.2.11	1.0.2o	59	-	-
#7 1.081 v9.10.1	2018-03-29	aix-ppc64,headers,linux-arm64,linux-armv6l,linux-armv7l,linux-ppc64le,linux-s390x,linux-x64,linux-x86,osx-x64-pkg,osx-x64-tar,src,sunos-x64,sunos-x86,win-x64-7z,win-x64-exe,win-x64-msi,win-x64-zip,win-x86-7z,win-x86-exe,win-x86-msi,win-x86-zip	5.6.0	6.2.414.46	1.19.2	1.2.11	1.0.2o	59	-	-
#7 1.081 v9.10.0	2018-03-28	aix-ppc64,headers,linux-arm64,linux-armv6l,linux-armv7l,linux-ppc64le,linux-s390x,linux-x64,linux-x86,osx-x64-pkg,osx-x64-tar,src,sunos-x64,sunos-x86,win-x64-7z,win-x64-exe,win-x64-msi,win-x64-zip,win-x86-7z,win-x86-exe,win-x86-msi,win-x86-zip	5.6.0	6.2.414.46	1.19.2	1.2.11	1.0.2o	59	-	true
#7 1.081 v9.9.0	2018-03-21	aix-ppc64,headers,linux-arm64,linux-armv6l,linux-armv7l,linux-ppc64le,linux-s390x,linux-x64,linux-x86,osx-x64-pkg,osx-x64-tar,src,sunos-x64,sunos-x86,win-x64-7z,win-x64-exe,win-x64-msi,win-x64-zip,win-x86-7z,win-x86-exe,win-x86-msi,win-x86-zip	5.6.0	6.2.414.46	1.19.2	1.2.11	1.0.2n	59	-	-
#7 1.081 v9.8.0	2018-03-07	aix-ppc64,headers,linux-arm64,linux-armv6l,linux-armv7l,linux-ppc64le,linux-s390x,linux-x64,linux-x86,osx-x64-pkg,osx-x64-tar,src,sunos-x64,sunos-x86,win-x64-7z,win-x64-exe,win-x64-msi,win-x64-zip,win-x86-7z,win-x86-exe,win-x86-msi,win-x86-zip	5.6.0	6.2.414.46	1.19.2	1.2.11	1.0.2n	59	-	-
#7 1.081 v9.7.1	2018-03-02	aix-ppc64,headers,linux-arm64,linux-armv6l,linux-armv7l,linux-ppc64le,linux-s390x,linux-x64,linux-x86,osx-x64-pkg,osx-x64-tar,src,sunos-x64,sunos-x86,win-x64-7z,win-x64-exe,win-x64-msi,win-x64-zip,win-x86-7z,win-x86-exe,win-x86-msi,win-x86-zip	5.6.0	6.2.414.46	1.19.2	1.2.11	1.0.2n	59	-	-
#7 1.081 v9.7.0	2018-03-01	aix-ppc64,headers,linux-arm64,linux-armv6l,linux-armv7l,linux-ppc64le,linux-s390x,linux-x64,linux-x86,osx-x64-pkg,osx-x64-tar,src,sunos-x64,sunos-x86,win-x64-7z,win-x64-exe,win-x64-msi,win-x64-zip,win-x86-7z,win-x86-exe,win-x86-msi,win-x86-zip	5.6.0	6.2.414.46	1.19.2	1.2.11	1.0.2n	59	-	-
#7 1.081 v9.6.1	2018-02-23	aix-ppc64,headers,linux-arm64,linux-armv6l,linux-armv7l,linux-ppc64le,linux-s390x,linux-x64,linux-x86,osx-x64-pkg,osx-x64-tar,src,sunos-x64,sunos-x86,win-x64-7z,win-x64-exe,win-x64-msi,win-x64-zip,win-x86-7z,win-x86-exe,win-x86-msi,win-x86-zip	5.6.0	6.2.414.46	1.19.1	1.2.11	1.0.2n	59	-	-
#7 1.081 v9.6.0	2018-02-21	aix-ppc64,headers,linux-arm64,linux-armv6l,linux-armv7l,linux-ppc64le,linux-s390x,linux-x64,linux-x86,osx-x64-pkg,osx-x64-tar,src,sunos-x64,sunos-x86,win-x64-7z,win-x64-exe,win-x64-msi,win-x64-zip,win-x86-7z,win-x86-exe,win-x86-msi,win-x86-zip	5.6.0	6.2.414.46	1.19.1	1.2.11	1.0.2n	59	-	-
#7 1.081 v9.5.0	2018-01-31	aix-ppc64,headers,linux-arm64,linux-armv6l,linux-armv7l,linux-ppc64le,linux-s390x,linux-x64,linux-x86,osx-x64-pkg,osx-x64-tar,src,sunos-x64,sunos-x86,win-x64-7z,win-x64-exe,win-x64-msi,win-x64-zip,win-x86-7z,win-x86-exe,win-x86-msi,win-x86-zip	5.6.0	6.2.414.46	1.19.1	1.2.11	1.0.2n	59	-	-
#7 1.081 v9.4.0	2018-01-10	aix-ppc64,headers,linux-arm64,linux-armv6l,linux-armv7l,linux-ppc64le,linux-s390x,linux-x64,linux-x86,osx-x64-pkg,osx-x64-tar,src,sunos-x64,sunos-x86,win-x64-7z,win-x64-exe,win-x64-msi,win-x64-zip,win-x86-7z,win-x86-exe,win-x86-msi,win-x86-zip	5.6.0	6.2.414.46	1.18.0	1.2.11	1.0.2n	59	-	-
#7 1.081 v9.3.0	2017-12-12	aix-ppc64,headers,linux-arm64,linux-armv6l,linux-armv7l,linux-ppc64le,linux-s390x,linux-x64,linux-x86,osx-x64-pkg,osx-x64-tar,src,sunos-x64,sunos-x86,win-x64-7z,win-x64-exe,win-x64-msi,win-x64-zip,win-x86-7z,win-x86-exe,win-x86-msi,win-x86-zip	5.5.1	6.2.414.46	1.18.0	1.2.11	1.0.2n	59	-	-
#7 1.081 v9.2.1	2017-12-08	aix-ppc64,headers,linux-arm64,linux-armv6l,linux-armv7l,linux-ppc64le,linux-s390x,linux-x64,linux-x86,osx-x64-pkg,osx-x64-tar,src,sunos-x64,sunos-x86,win-x64-7z,win-x64-exe,win-x64-msi,win-x64-zip,win-x86-7z,win-x86-exe,win-x86-msi,win-x86-zip	5.5.1	6.2.414.44	1.16.1	1.2.11	1.0.2n	59	-	-
#7 1.081 v9.2.0	2017-11-14	aix-ppc64,headers,linux-arm64,linux-armv6l,linux-armv7l,linux-ppc64le,linux-s390x,linux-x64,linux-x86,osx-x64-pkg,osx-x64-tar,src,sunos-x64,sunos-x86,win-x64-7z,win-x64-exe,win-x64-msi,win-x64-zip,win-x86-7z,win-x86-exe,win-x86-msi,win-x86-zip	5.5.1	6.2.414.44	1.16.1	1.2.11	1.0.2m	59	-	-
#7 1.081 v9.1.0	2017-11-07	aix-ppc64,headers,linux-arm64,linux-armv6l,linux-armv7l,linux-ppc64le,linux-s390x,linux-x64,linux-x86,osx-x64-pkg,osx-x64-tar,src,sunos-x64,sunos-x86,win-x64-7z,win-x64-exe,win-x64-msi,win-x64-zip,win-x86-7z,win-x86-exe,win-x86-msi,win-x86-zip	5.5.1	6.2.414.32	1.15.0	1.2.11	1.0.2m	59	-	-
#7 1.081 v9.0.0	2017-10-31	aix-ppc64,headers,linux-arm64,linux-armv6l,linux-armv7l,linux-ppc64le,linux-s390x,linux-x64,linux-x86,osx-x64-pkg,osx-x64-tar,src,sunos-x64,sunos-x86,win-x64-7z,win-x64-exe,win-x64-msi,win-x64-zip,win-x86-7z,win-x86-exe,win-x86-msi,win-x86-zip	5.5.1	6.2.414.32	1.15.0	1.2.11	1.0.2l	59	-	-
#7 1.081 v8.17.0	2019-12-17	aix-ppc64,headers,linux-arm64,linux-armv6l,linux-armv7l,linux-ppc64le,linux-s390x,linux-x64,linux-x86,osx-x64-pkg,osx-x64-tar,src,sunos-x64,sunos-x86,win-x64-7z,win-x64-exe,win-x64-msi,win-x64-zip,win-x86-7z,win-x86-exe,win-x86-msi,win-x86-zip	6.13.4	6.2.414.78	1.23.2	1.2.11	1.0.2s	57	Carbon	true
#7 1.081 v8.16.2	2019-10-09	aix-ppc64,headers,linux-arm64,linux-armv6l,linux-armv7l,linux-ppc64le,linux-s390x,linux-x64,linux-x86,osx-x64-pkg,osx-x64-tar,src,sunos-x64,sunos-x86,win-x64-7z,win-x64-exe,win-x64-msi,win-x64-zip,win-x86-7z,win-x86-exe,win-x86-msi,win-x86-zip	6.4.1	6.2.414.78	1.23.2	1.2.11	1.0.2s	57	Carbon	-
#7 1.081 v8.16.1	2019-08-15	aix-ppc64,headers,linux-arm64,linux-armv6l,linux-armv7l,linux-ppc64le,linux-s390x,linux-x64,linux-x86,osx-x64-pkg,osx-x64-tar,src,sunos-x64,sunos-x86,win-x64-7z,win-x64-exe,win-x64-msi,win-x64-zip,win-x86-7z,win-x86-exe,win-x86-msi,win-x86-zip	6.4.1	6.2.414.77	1.23.2	1.2.11	1.0.2r	57	Carbon	true
#7 1.081 v8.16.0	2019-04-16	aix-ppc64,headers,linux-arm64,linux-armv6l,linux-armv7l,linux-ppc64le,linux-s390x,linux-x64,linux-x86,osx-x64-pkg,osx-x64-tar,src,sunos-x64,sunos-x86,win-x64-7z,win-x64-exe,win-x64-msi,win-x64-zip,win-x86-7z,win-x86-exe,win-x86-msi,win-x86-zip	6.4.1	6.2.414.77	1.23.2	1.2.11	1.0.2r	57	Carbon	-
#7 1.081 v8.15.1	2019-02-28	aix-ppc64,headers,linux-arm64,linux-armv6l,linux-armv7l,linux-ppc64le,linux-s390x,linux-x64,linux-x86,osx-x64-pkg,osx-x64-tar,src,sunos-x64,sunos-x86,win-x64-7z,win-x64-exe,win-x64-msi,win-x64-zip,win-x86-7z,win-x86-exe,win-x86-msi,win-x86-zip	6.4.1	6.2.414.75	1.23.2	1.2.11	1.0.2r	57	Carbon	true
#7 1.081 v8.15.0	2018-12-26	aix-ppc64,headers,linux-arm64,linux-armv6l,linux-armv7l,linux-ppc64le,linux-s390x,linux-x64,linux-x86,osx-x64-pkg,osx-x64-tar,src,sunos-x64,sunos-x86,win-x64-7z,win-x64-exe,win-x64-msi,win-x64-zip,win-x86-7z,win-x86-exe,win-x86-msi,win-x86-zip	6.4.1	6.2.414.75	1.23.2	1.2.11	1.0.2q	57	Carbon	-
#7 1.081 v8.14.1	2018-12-18	aix-ppc64,headers,linux-arm64,linux-armv6l,linux-armv7l,linux-ppc64le,linux-s390x,linux-x64,linux-x86,osx-x64-pkg,osx-x64-tar,src,sunos-x64,sunos-x86,win-x64-7z,win-x64-exe,win-x64-msi,win-x64-zip,win-x86-7z,win-x86-exe,win-x86-msi,win-x86-zip	6.4.1	6.2.414.75	1.23.2	1.2.11	1.0.2q	57	Carbon	-
#7 1.081 v8.14.0	2018-11-27	aix-ppc64,headers,linux-arm64,linux-armv6l,linux-armv7l,linux-ppc64le,linux-s390x,linux-x64,linux-x86,osx-x64-pkg,osx-x64-tar,src,sunos-x64,sunos-x86,win-x64-7z,win-x64-exe,win-x64-msi,win-x64-zip,win-x86-7z,win-x86-exe,win-x86-msi,win-x86-zip	6.4.1	6.2.414.72	1.23.2	1.2.11	1.0.2q	57	Carbon	true
#7 1.081 v8.13.0	2018-11-20	aix-ppc64,headers,linux-arm64,linux-armv6l,linux-armv7l,linux-ppc64le,linux-s390x,linux-x64,linux-x86,osx-x64-pkg,osx-x64-tar,src,sunos-x64,sunos-x86,win-x64-7z,win-x64-exe,win-x64-msi,win-x64-zip,win-x86-7z,win-x86-exe,win-x86-msi,win-x86-zip	6.4.1	6.2.414.72	1.23.2	1.2.11	1.0.2p	57	Carbon	-
#7 1.081 v8.12.0	2018-09-10	aix-ppc64,headers,linux-arm64,linux-armv6l,linux-armv7l,linux-ppc64le,linux-s390x,linux-x64,linux-x86,osx-x64-pkg,osx-x64-tar,src,sunos-x64,sunos-x86,win-x64-7z,win-x64-exe,win-x64-msi,win-x64-zip,win-x86-7z,win-x86-exe,win-x86-msi,win-x86-zip	6.4.1	6.2.414.66	1.19.2	1.2.11	1.0.2p	57	Carbon	-
#7 1.081 v8.11.4	2018-08-15	aix-ppc64,headers,linux-arm64,linux-armv6l,linux-armv7l,linux-ppc64le,linux-s390x,linux-x64,linux-x86,osx-x64-pkg,osx-x64-tar,src,sunos-x64,sunos-x86,win-x64-7z,win-x64-exe,win-x64-msi,win-x64-zip,win-x86-7z,win-x86-exe,win-x86-msi,win-x86-zip	5.6.0	6.2.414.54	1.19.1	1.2.11	1.0.2p	57	Carbon	true
#7 1.081 v8.11.3	2018-06-12	aix-ppc64,headers,linux-arm64,linux-armv6l,linux-armv7l,linux-ppc64le,linux-s390x,linux-x64,linux-x86,osx-x64-pkg,osx-x64-tar,src,sunos-x64,sunos-x86,win-x64-7z,win-x64-exe,win-x64-msi,win-x64-zip,win-x86-7z,win-x86-exe,win-x86-msi,win-x86-zip	5.6.0	6.2.414.54	1.19.1	1.2.11	1.0.2o	57	Carbon	-
#7 1.081 v8.11.2	2018-05-15	aix-ppc64,headers,linux-arm64,linux-armv6l,linux-armv7l,linux-ppc64le,linux-s390x,linux-x64,linux-x86,osx-x64-pkg,osx-x64-tar,src,sunos-x64,sunos-x86,win-x64-7z,win-x64-exe,win-x64-msi,win-x64-zip,win-x86-7z,win-x86-exe,win-x86-msi,win-x86-zip	5.6.0	6.2.414.54	1.19.1	1.2.11	1.0.2o	57	Carbon	-
#7 1.081 v8.11.1	2018-03-29	aix-ppc64,headers,linux-arm64,linux-armv6l,linux-armv7l,linux-ppc64le,linux-s390x,linux-x64,linux-x86,osx-x64-pkg,osx-x64-tar,src,sunos-x64,sunos-x86,win-x64-7z,win-x64-exe,win-x64-msi,win-x64-zip,win-x86-7z,win-x86-exe,win-x86-msi,win-x86-zip	5.6.0	6.2.414.50	1.19.1	1.2.11	1.0.2o	57	Carbon	-
#7 1.081 v8.11.0	2018-03-28	aix-ppc64,headers,linux-arm64,linux-armv6l,linux-armv7l,linux-ppc64le,linux-s390x,linux-x64,linux-x86,osx-x64-pkg,osx-x64-tar,src,sunos-x64,sunos-x86,win-x64-7z,win-x64-exe,win-x64-msi,win-x64-zip,win-x86-7z,win-x86-exe,win-x86-msi,win-x86-zip	5.6.0	6.2.414.50	1.19.1	1.2.11	1.0.2o	57	Carbon	true
#7 1.081 v8.10.0	2018-03-06	aix-ppc64,headers,linux-arm64,linux-armv6l,linux-armv7l,linux-ppc64le,linux-s390x,linux-x64,linux-x86,osx-x64-pkg,osx-x64-tar,src,sunos-x64,sunos-x86,win-x64-7z,win-x64-exe,win-x64-msi,win-x64-zip,win-x86-7z,win-x86-exe,win-x86-msi,win-x86-zip	5.6.0	6.2.414.50	1.19.1	1.2.11	1.0.2n	57	Carbon	-
#7 1.081 v8.9.4	2018-01-02	aix-ppc64,headers,linux-arm64,linux-armv6l,linux-armv7l,linux-ppc64le,linux-s390x,linux-x64,linux-x86,osx-x64-pkg,osx-x64-tar,src,sunos-x64,sunos-x86,win-x64-7z,win-x64-exe,win-x64-msi,win-x64-zip,win-x86-7z,win-x86-exe,win-x86-msi,win-x86-zip	5.6.0	6.1.534.50	1.15.0	1.2.11	1.0.2n	57	Carbon	-
#7 1.081 v8.9.3	2017-12-07	aix-ppc64,headers,linux-arm64,linux-armv6l,linux-armv7l,linux-ppc64le,linux-s390x,linux-x64,linux-x86,osx-x64-pkg,osx-x64-tar,src,sunos-x64,sunos-x86,win-x64-7z,win-x64-exe,win-x64-msi,win-x64-zip,win-x86-7z,win-x86-exe,win-x86-msi,win-x86-zip	5.5.1	6.1.534.48	1.15.0	1.2.11	1.0.2n	57	Carbon	true
#7 1.081 v8.9.2	2017-12-05	aix-ppc64,headers,linux-arm64,linux-armv6l,linux-armv7l,linux-ppc64le,linux-s390x,linux-x64,linux-x86,osx-x64-pkg,osx-x64-tar,src,sunos-x64,sunos-x86,win-x64-7z,win-x64-exe,win-x64-msi,win-x64-zip,win-x86-7z,win-x86-exe,win-x86-msi,win-x86-zip	5.5.1	6.1.534.48	1.15.0	1.2.11	1.0.2m	57	Carbon	-
#7 1.081 v8.9.1	2017-11-07	aix-ppc64,headers,linux-arm64,linux-armv6l,linux-armv7l,linux-ppc64le,linux-s390x,linux-x64,linux-x86,osx-x64-pkg,osx-x64-tar,src,sunos-x64,sunos-x86,win-x64-7z,win-x64-exe,win-x64-msi,win-x64-zip,win-x86-7z,win-x86-exe,win-x86-msi,win-x86-zip	5.5.1	6.1.534.47	1.15.0	1.2.11	1.0.2m	57	Carbon	-
#7 1.081 v8.9.0	2017-10-31	aix-ppc64,headers,linux-arm64,linux-armv6l,linux-armv7l,linux-ppc64le,linux-s390x,linux-x64,linux-x86,osx-x64-pkg,osx-x64-tar,src,sunos-x64,sunos-x86,win-x64-7z,win-x64-exe,win-x64-msi,win-x64-zip,win-x86-7z,win-x86-exe,win-x86-msi,win-x86-zip	5.5.1	6.1.534.46	1.15.0	1.2.11	1.0.2l	57	Carbon	-
#7 1.081 v8.8.1	2017-10-25	aix-ppc64,headers,linux-arm64,linux-armv6l,linux-armv7l,linux-ppc64le,linux-s390x,linux-x64,linux-x86,osx-x64-pkg,osx-x64-tar,src,sunos-x64,sunos-x86,win-x64-7z,win-x64-exe,win-x64-msi,win-x64-zip,win-x86-7z,win-x86-exe,win-x86-msi,win-x86-zip	5.4.2	6.1.534.42	1.15.0	1.2.11	1.0.2l	57	-	-
#7 1.081 v8.8.0	2017-10-24	aix-ppc64,headers,linux-arm64,linux-armv6l,linux-armv7l,linux-ppc64le,linux-s390x,linux-x64,linux-x86,osx-x64-pkg,osx-x64-tar,src,sunos-x64,sunos-x86,win-x64-7z,win-x64-exe,win-x64-msi,win-x64-zip,win-x86-7z,win-x86-exe,win-x86-msi,win-x86-zip	5.4.2	6.1.534.42	1.15.0	1.2.11	1.0.2l	57	-	-
#7 1.081 v8.7.0	2017-10-11	aix-ppc64,headers,linux-arm64,linux-armv6l,linux-armv7l,linux-ppc64le,linux-s390x,linux-x64,linux-x86,osx-x64-pkg,osx-x64-tar,src,sunos-x64,sunos-x86,win-x64-7z,win-x64-exe,win-x64-msi,win-x64-zip,win-x86-7z,win-x86-exe,win-x86-msi,win-x86-zip	5.4.2	6.1.534.42	1.15.0	1.2.11	1.0.2l	57	-	-
#7 1.081 v8.6.0	2017-09-26	aix-ppc64,headers,linux-arm64,linux-armv7l,linux-ppc64le,linux-s390x,linux-x64,linux-x86,osx-x64-pkg,osx-x64-tar,src,sunos-x64,sunos-x86,win-x64-7z,win-x64-exe,win-x64-msi,win-x64-zip,win-x86-7z,win-x86-exe,win-x86-msi,win-x86-zip	5.3.0	6.0.287.53	1.14.1	1.2.11	1.0.2l	57	-	-
#7 1.081 v8.5.0	2017-09-12	aix-ppc64,headers,linux-arm64,linux-armv6l,linux-armv7l,linux-ppc64le,linux-s390x,linux-x64,linux-x86,osx-x64-pkg,osx-x64-tar,src,sunos-x64,sunos-x86,win-x64-7z,win-x64-exe,win-x64-msi,win-x64-zip,win-x86-7z,win-x86-exe,win-x86-msi,win-x86-zip	5.3.0	6.0.287.53	1.14.1	1.2.11	1.0.2l	57	-	-
#7 1.081 v8.4.0	2017-08-15	aix-ppc64,headers,linux-arm64,linux-armv6l,linux-armv7l,linux-ppc64le,linux-s390x,linux-x64,linux-x86,osx-x64-pkg,osx-x64-tar,src,sunos-x64,sunos-x86,win-x64-7z,win-x64-exe,win-x64-msi,win-x64-zip,win-x86-7z,win-x86-exe,win-x86-msi,win-x86-zip	5.3.0	6.0.286.52	1.13.1	1.2.11	1.0.2l	57	-	-
#7 1.081 v8.3.0	2017-08-08	aix-ppc64,headers,linux-arm64,linux-armv6l,linux-armv7l,linux-ppc64le,linux-s390x,linux-x64,linux-x86,osx-x64-pkg,osx-x64-tar,src,sunos-x64,sunos-x86,win-x64-7z,win-x64-exe,win-x64-msi,win-x64-zip,win-x86-7z,win-x86-exe,win-x86-msi,win-x86-zip	5.3.0	6.0.286.52	1.13.1	1.2.11	1.0.2l	57	-	-
#7 1.081 v8.2.1	2017-07-20	aix-ppc64,headers,linux-arm64,linux-armv6l,linux-armv7l,linux-ppc64le,linux-s390x,linux-x64,linux-x86,osx-x64-pkg,osx-x64-tar,src,sunos-x64,sunos-x86,win-x64-7z,win-x64-exe,win-x64-msi,win-x64-zip,win-x86-7z,win-x86-exe,win-x86-msi,win-x86-zip	5.3.0	5.8.283.41	1.13.1	1.2.11	1.0.2l	57	-	-
#7 1.081 v8.2.0	2017-07-19	aix-ppc64,headers,linux-arm64,linux-armv6l,linux-armv7l,linux-ppc64le,linux-s390x,linux-x64,linux-x86,osx-x64-pkg,osx-x64-tar,src,sunos-x64,sunos-x86,win-x64-7z,win-x64-exe,win-x64-msi,win-x64-zip,win-x86-7z,win-x86-exe,win-x86-msi,win-x86-zip	5.3.0	5.8.283.41	1.13.1	1.2.11	1.0.2l	57	-	-
#7 1.081 v8.1.4	2017-07-11	aix-ppc64,headers,linux-arm64,linux-armv6l,linux-armv7l,linux-ppc64le,linux-s390x,linux-x64,linux-x86,osx-x64-pkg,osx-x64-tar,src,sunos-x64,sunos-x86,win-x64-7z,win-x64-exe,win-x64-msi,win-x64-zip,win-x86-7z,win-x86-exe,win-x86-msi,win-x86-zip	5.0.3	5.8.283.41	1.12.0	1.2.11	1.0.2l	57	-	true
#7 1.081 v8.1.3	2017-06-29	aix-ppc64,headers,linux-arm64,linux-armv6l,linux-armv7l,linux-ppc64le,linux-s390x,linux-x64,linux-x86,osx-x64-pkg,osx-x64-tar,src,sunos-x64,sunos-x86,win-x64-7z,win-x64-exe,win-x64-msi,win-x64-zip,win-x86-7z,win-x86-exe,win-x86-msi,win-x86-zip	5.0.3	5.8.283.41	1.12.0	1.2.11	1.0.2l	57	-	-
#7 1.081 v8.1.2	2017-06-15	aix-ppc64,headers,linux-arm64,linux-armv6l,linux-armv7l,linux-ppc64le,linux-s390x,linux-x64,linux-x86,osx-x64-pkg,osx-x64-tar,src,sunos-x64,sunos-x86,win-x64-7z,win-x64-exe,win-x64-msi,win-x64-zip,win-x86-7z,win-x86-exe,win-x86-msi,win-x86-zip	5.0.3	5.8.283.41	1.12.0	1.2.11	1.0.2l	57	-	-
#7 1.081 v8.1.1	2017-06-13	aix-ppc64,headers,linux-arm64,linux-ppc64le,linux-s390x,linux-x64,linux-x86,osx-x64-pkg,osx-x64-tar,src,sunos-x64,sunos-x86,win-x64-7z,win-x64-exe,win-x64-msi,win-x64-zip,win-x86-7z,win-x86-exe,win-x86-msi,win-x86-zip	5.0.3	5.8.283.41	1.12.0	1.2.11	1.0.2l	57	-	-
#7 1.081 v8.1.0	2017-06-08	aix-ppc64,headers,linux-arm64,linux-armv6l,linux-armv7l,linux-ppc64le,linux-s390x,linux-x64,linux-x86,osx-x64-pkg,osx-x64-tar,src,sunos-x64,sunos-x86,win-x64-7z,win-x64-exe,win-x64-msi,win-x64-zip,win-x86-7z,win-x86-exe,win-x86-msi,win-x86-zip	5.0.3	5.8.283.41	1.12.0	1.2.11	1.0.2l	57	-	-
#7 1.081 v8.0.0	2017-05-30	aix-ppc64,headers,linux-arm64,linux-armv6l,linux-armv7l,linux-ppc64le,linux-s390x,linux-x64,linux-x86,osx-x64-pkg,osx-x64-tar,src,sunos-x64,sunos-x86,win-x64-7z,win-x64-exe,win-x64-msi,win-x64-zip,win-x86-7z,win-x86-exe,win-x86-msi,win-x86-zip	5.0.0	5.8.283.41	1.11.0	1.2.11	1.0.2k	57	-	-
#7 1.081 v7.10.1	2017-07-11	aix-ppc64,headers,linux-arm64,linux-armv6l,linux-armv7l,linux-ppc64le,linux-s390x,linux-x64,linux-x86,osx-x64-pkg,osx-x64-tar,src,sunos-x64,sunos-x86,win-x64-7z,win-x64-exe,win-x64-msi,win-x64-zip,win-x86-7z,win-x86-exe,win-x86-msi,win-x86-zip	4.2.0	5.5.372.43	1.11.0	1.2.11	1.0.2k	51	-	true
#7 1.081 v7.10.0	2017-05-02	aix-ppc64,headers,linux-arm64,linux-armv6l,linux-armv7l,linux-ppc64le,linux-s390x,linux-x64,linux-x86,osx-x64-pkg,osx-x64-tar,src,sunos-x64,sunos-x86,win-x64-7z,win-x64-exe,win-x64-msi,win-x64-zip,win-x86-7z,win-x86-exe,win-x86-msi,win-x86-zip	4.2.0	5.5.372.43	1.11.0	1.2.11	1.0.2k	51	-	-
#7 1.081 v7.9.0	2017-04-11	aix-ppc64,headers,linux-arm64,linux-armv6l,linux-armv7l,linux-ppc64le,linux-s390x,linux-x64,linux-x86,osx-x64-pkg,osx-x64-tar,src,sunos-x64,sunos-x86,win-x64-7z,win-x64-exe,win-x64-msi,win-x64-zip,win-x86-7z,win-x86-exe,win-x86-msi,win-x86-zip	4.2.0	5.5.372.43	1.11.0	1.2.11	1.0.2k	51	-	-
#7 1.081 v7.8.0	2017-03-29	aix-ppc64,headers,linux-arm64,linux-armv6l,linux-armv7l,linux-ppc64le,linux-s390x,linux-x64,linux-x86,osx-x64-pkg,osx-x64-tar,src,sunos-x64,sunos-x86,win-x64-7z,win-x64-exe,win-x64-msi,win-x64-zip,win-x86-7z,win-x86-exe,win-x86-msi,win-x86-zip	4.2.0	5.5.372.43	1.11.0	1.2.11	1.0.2k	51	-	-
#7 1.081 v7.7.4	2017-03-21	aix-ppc64,headers,linux-arm64,linux-armv6l,linux-armv7l,linux-ppc64le,linux-s390x,linux-x64,linux-x86,osx-x64-pkg,osx-x64-tar,src,sunos-x64,sunos-x86,win-x64-7z,win-x64-exe,win-x64-msi,win-x64-zip,win-x86-7z,win-x86-exe,win-x86-msi,win-x86-zip	4.1.2	5.5.372.42	1.11.0	1.2.11	1.0.2k	51	-	-
#7 1.081 v7.7.3	2017-03-14	aix-ppc64,headers,linux-arm64,linux-armv6l,linux-armv7l,linux-ppc64le,linux-s390x,linux-x64,linux-x86,osx-x64-pkg,osx-x64-tar,src,sunos-x64,sunos-x86,win-x64-7z,win-x64-exe,win-x64-msi,win-x64-zip,win-x86-7z,win-x86-exe,win-x86-msi,win-x86-zip	4.1.2	5.5.372.41	1.11.0	1.2.11	1.0.2k	51	-	-
#7 1.081 v7.7.2	2017-03-08	aix-ppc64,headers,linux-arm64,linux-armv6l,linux-armv7l,linux-ppc64le,linux-s390x,linux-x64,linux-x86,osx-x64-pkg,osx-x64-tar,src,sunos-x64,sunos-x86,win-x64-7z,win-x64-exe,win-x64-msi,win-x64-zip,win-x86-7z,win-x86-exe,win-x86-msi,win-x86-zip	4.1.2	5.5.372.41	1.11.0	1.2.11	1.0.2k	51	-	-
#7 1.081 v7.7.1	2017-03-02	aix-ppc64,headers,linux-arm64,linux-armv6l,linux-armv7l,linux-ppc64le,linux-s390x,linux-x64,linux-x86,osx-x64-pkg,osx-x64-tar,src,sunos-x64,sunos-x86,win-x64-7z,win-x64-exe,win-x64-msi,win-x64-zip,win-x86-7z,win-x86-exe,win-x86-msi,win-x86-zip	4.1.2	5.5.372.41	1.11.0	1.2.11	1.0.2k	51	-	-
#7 1.081 v7.7.0	2017-02-28	aix-ppc64,headers,linux-arm64,linux-armv6l,linux-armv7l,linux-ppc64le,linux-s390x,linux-x64,linux-x86,osx-x64-pkg,osx-x64-tar,src,sunos-x64,sunos-x86,win-x64-7z,win-x64-exe,win-x64-msi,win-x64-zip,win-x86-7z,win-x86-exe,win-x86-msi,win-x86-zip	4.1.2	5.5.372.41	1.11.0	1.2.11	1.0.2k	51	-	-
#7 1.081 v7.6.0	2017-02-21	aix-ppc64,headers,linux-arm64,linux-armv6l,linux-armv7l,linux-ppc64le,linux-s390x,linux-x64,linux-x86,osx-x64-pkg,osx-x64-tar,src,sunos-x64,sunos-x86,win-x64-7z,win-x64-exe,win-x64-msi,win-x64-zip,win-x86-7z,win-x86-exe,win-x86-msi,win-x86-zip	4.1.2	5.5.372.40	1.11.0	1.2.11	1.0.2k	51	-	-
#7 1.081 v7.5.0	2017-01-31	aix-ppc64,headers,linux-arm64,linux-armv6l,linux-armv7l,linux-ppc64le,linux-s390x,linux-x64,linux-x86,osx-x64-pkg,osx-x64-tar,src,sunos-x64,sunos-x86,win-x64-7z,win-x64-exe,win-x64-msi,win-x64-zip,win-x86-7z,win-x86-exe,win-x86-msi,win-x86-zip	4.1.2	5.4.500.48	1.10.2	1.2.8	1.0.2k	51	-	-
#7 1.081 v7.4.0	2017-01-04	aix-ppc64,headers,linux-arm64,linux-armv6l,linux-armv7l,linux-ppc64le,linux-s390x,linux-x64,linux-x86,osx-x64-pkg,osx-x64-tar,src,sunos-x86,win-x64-7z,win-x64-exe,win-x64-msi,win-x64-zip,win-x86-7z,win-x86-exe,win-x86-msi,win-x86-zip	4.0.5	5.4.500.45	1.10.1	1.2.8	1.0.2j	51	-	-
#7 1.081 v7.3.0	2016-12-20	aix-ppc64,headers,linux-arm64,linux-armv6l,linux-armv7l,linux-ppc64le,linux-s390x,linux-x64,linux-x86,osx-x64-pkg,osx-x64-tar,src,sunos-x86,win-x64-7z,win-x64-exe,win-x64-msi,win-x64-zip,win-x86-7z,win-x86-exe,win-x86-msi,win-x86-zip	3.10.10	5.4.500.45	1.10.1	1.2.8	1.0.2j	51	-	-
#7 1.081 v7.2.1	2016-12-06	aix-ppc64,headers,linux-arm64,linux-armv6l,linux-armv7l,linux-ppc64le,linux-s390x,linux-x64,linux-x86,osx-x64-pkg,osx-x64-tar,src,sunos-x86,win-x64-7z,win-x64-exe,win-x64-msi,win-x64-zip,win-x86-7z,win-x86-exe,win-x86-msi,win-x86-zip	3.10.10	5.4.500.44	1.10.1	1.2.8	1.0.2j	51	-	-
#7 1.081 v7.2.0	2016-11-22	aix-ppc64,headers,linux-arm64,linux-armv6l,linux-armv7l,linux-ppc64le,linux-s390x,linux-x64,linux-x86,osx-x64-pkg,osx-x64-tar,src,sunos-x86,win-x64-7z,win-x64-exe,win-x64-msi,win-x64-zip,win-x86-7z,win-x86-exe,win-x86-msi,win-x86-zip	3.10.9	5.4.500.43	1.10.1	1.2.8	1.0.2j	51	-	-
#7 1.081 v7.1.0	2016-11-08	aix-ppc64,headers,linux-arm64,linux-armv6l,linux-armv7l,linux-ppc64le,linux-s390x,linux-x64,linux-x86,osx-x64-pkg,osx-x64-tar,src,sunos-x86,win-x64-7z,win-x64-exe,win-x64-msi,win-x64-zip,win-x86-7z,win-x86-exe,win-x86-msi,win-x86-zip	3.10.9	5.4.500.36	1.10.0	1.2.8	1.0.2j	51	-	-
#7 1.081 v7.0.0	2016-10-25	aix-ppc64,headers,linux-arm64,linux-armv6l,linux-armv7l,linux-ppc64le,linux-s390x,linux-x64,linux-x86,osx-x64-pkg,osx-x64-tar,src,sunos-x86,win-x64-7z,win-x64-exe,win-x64-msi,win-x64-zip,win-x86-7z,win-x86-exe,win-x86-msi,win-x86-zip	3.10.8	5.4.500.36	1.9.1	1.2.8	1.0.2j	51	-	-
#7 1.081 v6.17.1	2019-04-03	aix-ppc64,headers,linux-arm64,linux-armv6l,linux-armv7l,linux-ppc64le,linux-s390x,linux-x64,linux-x86,osx-x64-pkg,osx-x64-tar,src,sunos-x64,sunos-x86,win-x64-7z,win-x64-exe,win-x64-msi,win-x64-zip,win-x86-7z,win-x86-exe,win-x86-msi,win-x86-zip	3.10.10	5.1.281.111	1.16.1	1.2.11	1.0.2r	48	Boron	-
#7 1.081 v6.17.0	2019-02-28	aix-ppc64,headers,linux-arm64,linux-armv6l,linux-armv7l,linux-ppc64le,linux-s390x,linux-x64,linux-x86,osx-x64-pkg,osx-x64-tar,src,sunos-x64,sunos-x86,win-x64-7z,win-x64-exe,win-x64-msi,win-x64-zip,win-x86-7z,win-x86-exe,win-x86-msi,win-x86-zip	3.10.10	5.1.281.111	1.16.1	1.2.11	1.0.2r	48	Boron	true
#7 1.081 v6.16.0	2018-12-26	aix-ppc64,headers,linux-arm64,linux-armv6l,linux-armv7l,linux-ppc64le,linux-s390x,linux-x64,linux-x86,osx-x64-pkg,osx-x64-tar,src,sunos-x64,sunos-x86,win-x64-7z,win-x64-exe,win-x64-msi,win-x64-zip,win-x86-7z,win-x86-exe,win-x86-msi,win-x86-zip	3.10.10	5.1.281.111	1.16.1	1.2.11	1.0.2q	48	Boron	-
#7 1.081 v6.15.1	2018-12-03	aix-ppc64,headers,linux-arm64,linux-armv6l,linux-armv7l,linux-ppc64le,linux-s390x,linux-x64,linux-x86,osx-x64-pkg,osx-x64-tar,src,sunos-x64,sunos-x86,win-x64-7z,win-x64-exe,win-x64-msi,win-x64-zip,win-x86-7z,win-x86-exe,win-x86-msi,win-x86-zip	3.10.10	5.1.281.111	1.16.1	1.2.11	1.0.2q	48	Boron	-
#7 1.081 v6.15.0	2018-11-27	aix-ppc64,headers,linux-arm64,linux-armv6l,linux-armv7l,linux-ppc64le,linux-s390x,linux-x64,linux-x86,osx-x64-pkg,osx-x64-tar,src,sunos-x64,sunos-x86,win-x64-7z,win-x64-exe,win-x64-msi,win-x64-zip,win-x86-7z,win-x86-exe,win-x86-msi,win-x86-zip	3.10.10	5.1.281.111	1.16.1	1.2.11	1.0.2q	48	Boron	true
#7 1.081 v6.14.4	2018-08-15	aix-ppc64,headers,linux-arm64,linux-armv6l,linux-armv7l,linux-ppc64le,linux-s390x,linux-x64,linux-x86,osx-x64-pkg,osx-x64-tar,src,sunos-x64,sunos-x86,win-x64-7z,win-x64-exe,win-x64-msi,win-x64-zip,win-x86-7z,win-x86-exe,win-x86-msi,win-x86-zip	3.10.10	5.1.281.111	1.16.1	1.2.11	1.0.2p	48	Boron	true
#7 1.081 v6.14.3	2018-06-12	aix-ppc64,headers,linux-arm64,linux-armv6l,linux-armv7l,linux-ppc64le,linux-s390x,linux-x64,linux-x86,osx-x64-pkg,osx-x64-tar,src,sunos-x64,sunos-x86,win-x64-7z,win-x64-exe,win-x64-msi,win-x64-zip,win-x86-7z,win-x86-exe,win-x86-msi,win-x86-zip	3.10.10	5.1.281.111	1.16.1	1.2.11	1.0.2o	48	Boron	-
#7 1.081 v6.14.2	2018-04-30	aix-ppc64,headers,linux-arm64,linux-armv6l,linux-armv7l,linux-ppc64le,linux-s390x,linux-x64,linux-x86,osx-x64-pkg,osx-x64-tar,src,sunos-x64,sunos-x86,win-x64-7z,win-x64-exe,win-x64-msi,win-x64-zip,win-x86-7z,win-x86-exe,win-x86-msi,win-x86-zip	3.10.10	5.1.281.111	1.16.1	1.2.11	1.0.2o	48	Boron	-
#7 1.081 v6.14.1	2018-03-29	aix-ppc64,headers,linux-arm64,linux-armv6l,linux-armv7l,linux-ppc64le,linux-s390x,linux-x64,linux-x86,osx-x64-pkg,osx-x64-tar,src,sunos-x64,sunos-x86,win-x64-7z,win-x64-exe,win-x64-msi,win-x64-zip,win-x86-7z,win-x86-exe,win-x86-msi,win-x86-zip	3.10.10	5.1.281.111	1.16.1	1.2.11	1.0.2o	48	Boron	-
#7 1.081 v6.14.0	2018-03-28	aix-ppc64,headers,linux-arm64,linux-armv6l,linux-armv7l,linux-ppc64le,linux-s390x,linux-x64,linux-x86,osx-x64-pkg,osx-x64-tar,src,sunos-x64,sunos-x86,win-x64-7z,win-x64-exe,win-x64-msi,win-x64-zip,win-x86-7z,win-x86-exe,win-x86-msi,win-x86-zip	3.10.10	5.1.281.111	1.16.1	1.2.11	1.0.2o	48	Boron	true
#7 1.081 v6.13.1	2018-03-06	aix-ppc64,headers,linux-arm64,linux-armv6l,linux-armv7l,linux-ppc64le,linux-s390x,linux-x64,linux-x86,osx-x64-pkg,osx-x64-tar,src,sunos-x64,sunos-x86,win-x64-7z,win-x64-exe,win-x64-msi,win-x64-zip,win-x86-7z,win-x86-exe,win-x86-msi,win-x86-zip	3.10.10	5.1.281.111	1.16.1	1.2.11	1.0.2n	48	Boron	-
#7 1.081 v6.13.0	2018-02-10	aix-ppc64,headers,linux-arm64,linux-armv6l,linux-armv7l,linux-ppc64le,linux-s390x,linux-x64,linux-x86,osx-x64-pkg,osx-x64-tar,src,sunos-x64,sunos-x86,win-x64-7z,win-x64-exe,win-x64-msi,win-x64-zip,win-x86-7z,win-x86-exe,win-x86-msi,win-x86-zip	3.10.10	5.1.281.111	1.16.1	1.2.11	1.0.2n	48	Boron	-
#7 1.081 v6.12.3	2018-01-02	aix-ppc64,headers,linux-arm64,linux-armv6l,linux-armv7l,linux-ppc64le,linux-s390x,linux-x64,linux-x86,osx-x64-pkg,osx-x64-tar,src,sunos-x64,sunos-x86,win-x64-7z,win-x64-exe,win-x64-msi,win-x64-zip,win-x86-7z,win-x86-exe,win-x86-msi,win-x86-zip	3.10.10	5.1.281.111	1.15.0	1.2.11	1.0.2n	48	Boron	-
#7 1.081 v6.12.2	2017-12-07	aix-ppc64,headers,linux-arm64,linux-armv6l,linux-armv7l,linux-ppc64le,linux-s390x,linux-x64,linux-x86,osx-x64-pkg,osx-x64-tar,src,sunos-x64,sunos-x86,win-x64-7z,win-x64-exe,win-x64-msi,win-x64-zip,win-x86-7z,win-x86-exe,win-x86-msi,win-x86-zip	3.10.10	5.1.281.109	1.15.0	1.2.11	1.0.2n	48	Boron	true
#7 1.081 v6.12.1	2017-12-05	aix-ppc64,headers,linux-arm64,linux-armv6l,linux-armv7l,linux-ppc64le,linux-s390x,linux-x64,linux-x86,osx-x64-pkg,osx-x64-tar,src,sunos-x64,sunos-x86,win-x64-7z,win-x64-exe,win-x64-msi,win-x64-zip,win-x86-7z,win-x86-exe,win-x86-msi,win-x86-zip	3.10.10	5.1.281.109	1.15.0	1.2.11	1.0.2m	48	Boron	-
#7 1.081 v6.12.0	2017-11-06	aix-ppc64,headers,linux-arm64,linux-armv6l,linux-armv7l,linux-ppc64le,linux-s390x,linux-x64,linux-x86,osx-x64-pkg,osx-x64-tar,src,sunos-x64,sunos-x86,win-x64-7z,win-x64-exe,win-x64-msi,win-x64-zip,win-x86-7z,win-x86-exe,win-x86-msi,win-x86-zip	3.10.10	5.1.281.108	1.15.0	1.2.11	1.0.2m	48	Boron	-
#7 1.081 v6.11.5	2017-10-24	aix-ppc64,headers,linux-arm64,linux-armv6l,linux-armv7l,linux-ppc64le,linux-s390x,linux-x64,linux-x86,osx-x64-pkg,osx-x64-tar,src,sunos-x64,sunos-x86,win-x64-7z,win-x64-exe,win-x64-msi,win-x64-zip,win-x86-7z,win-x86-exe,win-x86-msi,win-x86-zip	3.10.10	5.1.281.108	1.11.0	1.2.11	1.0.2l	48	Boron	true
#7 1.081 v6.11.4	2017-10-03	aix-ppc64,headers,linux-arm64,linux-armv6l,linux-armv7l,linux-ppc64le,linux-s390x,linux-x64,linux-x86,osx-x64-pkg,osx-x64-tar,src,sunos-x64,sunos-x86,win-x64-7z,win-x64-exe,win-x64-msi,win-x64-zip,win-x86-7z,win-x86-exe,win-x86-msi,win-x86-zip	3.10.10	5.1.281.108	1.11.0	1.2.11	1.0.2l	48	Boron	-
#7 1.081 v6.11.3	2017-09-05	aix-ppc64,headers,linux-arm64,linux-armv6l,linux-armv7l,linux-ppc64le,linux-s390x,linux-x64,linux-x86,osx-x64-pkg,osx-x64-tar,src,sunos-x64,sunos-x86,win-x64-7z,win-x64-exe,win-x64-msi,win-x64-zip,win-x86-7z,win-x86-exe,win-x86-msi,win-x86-zip	3.10.10	5.1.281.107	1.11.0	1.2.11	1.0.2l	48	Boron	-
#7 1.081 v6.11.2	2017-08-01	aix-ppc64,headers,linux-arm64,linux-armv6l,linux-armv7l,linux-ppc64le,linux-s390x,linux-x64,linux-x86,osx-x64-pkg,osx-x64-tar,src,sunos-x64,sunos-x86,win-x64-7z,win-x64-exe,win-x64-msi,win-x64-zip,win-x86-7z,win-x86-exe,win-x86-msi,win-x86-zip	3.10.10	5.1.281.103	1.11.0	1.2.11	1.0.2l	48	Boron	-
#7 1.081 v6.11.1	2017-07-10	aix-ppc64,headers,linux-arm64,linux-armv6l,linux-armv7l,linux-ppc64le,linux-s390x,linux-x64,linux-x86,osx-x64-pkg,osx-x64-tar,src,sunos-x64,sunos-x86,win-x64-7z,win-x64-exe,win-x64-msi,win-x64-zip,win-x86-7z,win-x86-exe,win-x86-msi,win-x86-zip	3.10.10	5.1.281.103	1.11.0	1.2.11	1.0.2k	48	Boron	true
#7 1.081 v6.11.0	2017-06-06	aix-ppc64,headers,linux-arm64,linux-armv6l,linux-armv7l,linux-ppc64le,linux-s390x,linux-x64,linux-x86,osx-x64-pkg,osx-x64-tar,src,sunos-x64,sunos-x86,win-x64-7z,win-x64-exe,win-x64-msi,win-x64-zip,win-x86-7z,win-x86-exe,win-x86-msi,win-x86-zip	3.10.10	5.1.281.102	1.11.0	1.2.11	1.0.2k	48	Boron	-
#7 1.081 v6.10.3	2017-05-02	aix-ppc64,headers,linux-arm64,linux-armv6l,linux-armv7l,linux-ppc64le,linux-s390x,linux-x64,linux-x86,osx-x64-pkg,osx-x64-tar,src,sunos-x64,sunos-x86,win-x64-7z,win-x64-exe,win-x64-msi,win-x64-zip,win-x86-7z,win-x86-exe,win-x86-msi,win-x86-zip	3.10.10	5.1.281.101	1.9.1	1.2.11	1.0.2k	48	Boron	-
#7 1.081 v6.10.2	2017-04-04	aix-ppc64,headers,linux-arm64,linux-armv6l,linux-armv7l,linux-ppc64le,linux-s390x,linux-x64,linux-x86,osx-x64-pkg,osx-x64-tar,src,sunos-x64,sunos-x86,win-x64-7z,win-x64-exe,win-x64-msi,win-x64-zip,win-x86-7z,win-x86-exe,win-x86-msi,win-x86-zip	3.10.10	5.1.281.98	1.9.1	1.2.11	1.0.2k	48	Boron	-
#7 1.081 v6.10.1	2017-03-21	aix-ppc64,headers,linux-arm64,linux-armv6l,linux-armv7l,linux-ppc64le,linux-s390x,linux-x64,linux-x86,osx-x64-pkg,osx-x64-tar,src,sunos-x64,sunos-x86,win-x64-7z,win-x64-exe,win-x64-msi,win-x64-zip,win-x86-7z,win-x86-exe,win-x86-msi,win-x86-zip	3.10.10	5.1.281.95	1.9.1	1.2.8	1.0.2k	48	Boron	-
#7 1.081 v6.10.0	2017-02-21	aix-ppc64,headers,linux-arm64,linux-armv6l,linux-armv7l,linux-ppc64le,linux-s390x,linux-x64,linux-x86,osx-x64-pkg,osx-x64-tar,src,sunos-x64,sunos-x86,win-x64-7z,win-x64-exe,win-x64-msi,win-x64-zip,win-x86-7z,win-x86-exe,win-x86-msi,win-x86-zip	3.10.10	5.1.281.93	1.9.1	1.2.8	1.0.2k	48	Boron	-
#7 1.081 v6.9.5	2017-01-31	aix-ppc64,headers,linux-arm64,linux-armv6l,linux-armv7l,linux-ppc64le,linux-s390x,linux-x64,linux-x86,osx-x64-pkg,osx-x64-tar,src,sunos-x64,sunos-x86,win-x64-7z,win-x64-exe,win-x64-msi,win-x64-zip,win-x86-7z,win-x86-exe,win-x86-msi,win-x86-zip	3.10.10	5.1.281.89	1.9.1	1.2.8	1.0.2k	48	Boron	-
#7 1.081 v6.9.4	2017-01-05	aix-ppc64,headers,linux-arm64,linux-armv6l,linux-armv7l,linux-ppc64le,linux-s390x,linux-x64,linux-x86,osx-x64-pkg,osx-x64-tar,src,sunos-x64,sunos-x86,win-x64-7z,win-x64-exe,win-x64-msi,win-x64-zip,win-x86-7z,win-x86-exe,win-x86-msi,win-x86-zip	3.10.10	5.1.281.89	1.9.1	1.2.8	1.0.2j	48	Boron	-
#7 1.081 v6.9.3	2017-01-05	aix-ppc64,headers,linux-arm64,linux-armv6l,linux-armv7l,linux-ppc64le,linux-s390x,linux-x64,linux-x86,osx-x64-pkg,osx-x64-tar,src,sunos-x64,sunos-x86,win-x64-7z,win-x64-exe,win-x64-msi,win-x64-zip,win-x86-7z,win-x86-exe,win-x86-msi,win-x86-zip	3.10.10	5.1.281.89	1.9.1	1.2.8	1.0.2j	48	Boron	-
#7 1.081 v6.9.2	2016-12-06	aix-ppc64,headers,linux-arm64,linux-armv6l,linux-armv7l,linux-ppc64le,linux-s390x,linux-x64,linux-x86,osx-x64-pkg,osx-x64-tar,src,sunos-x64,sunos-x86,win-x64-7z,win-x64-exe,win-x64-msi,win-x64-zip,win-x86-7z,win-x86-exe,win-x86-msi,win-x86-zip	3.10.9	5.1.281.88	1.9.1	1.2.8	1.0.2j	48	Boron	-
#7 1.081 v6.9.1	2016-10-19	aix-ppc64,headers,linux-arm64,linux-armv6l,linux-armv7l,linux-ppc64le,linux-s390x,linux-x64,linux-x86,osx-x64-pkg,osx-x64-tar,src,sunos-x64,sunos-x86,win-x64-7z,win-x64-exe,win-x64-msi,win-x64-zip,win-x86-7z,win-x86-exe,win-x86-msi,win-x86-zip	3.10.8	5.1.281.84	1.9.1	1.2.8	1.0.2j	48	Boron	-
#7 1.081 v6.9.0	2016-10-18	aix-ppc64,headers,linux-arm64,linux-armv6l,linux-armv7l,linux-ppc64le,linux-s390x,linux-x64,linux-x86,osx-x64-pkg,osx-x64-tar,src,sunos-x64,sunos-x86,win-x64-7z,win-x64-exe,win-x64-msi,win-x64-zip,win-x86-7z,win-x86-exe,win-x86-msi,win-x86-zip	3.10.8	5.1.281.84	1.9.1	1.2.8	1.0.2j	48	Boron	-
#7 1.081 v6.8.1	2016-10-14	aix-ppc64,headers,linux-arm64,linux-armv6l,linux-armv7l,linux-ppc64le,linux-s390x,linux-x64,linux-x86,osx-x64-pkg,osx-x64-tar,src,sunos-x64,sunos-x86,win-x64-7z,win-x64-exe,win-x64-msi,win-x64-zip,win-x86-7z,win-x86-exe,win-x86-msi,win-x86-zip	3.10.8	5.1.281.84	1.9.1	1.2.8	1.0.2j	48	-	-
#7 1.081 v6.8.0	2016-10-12	aix-ppc64,headers,linux-arm64,linux-armv6l,linux-armv7l,linux-ppc64le,linux-s390x,linux-x64,linux-x86,osx-x64-pkg,osx-x64-tar,src,sunos-x64,sunos-x86,win-x64-7z,win-x64-exe,win-x64-msi,win-x64-zip,win-x86-7z,win-x86-exe,win-x86-msi,win-x86-zip	3.10.8	5.1.281.84	1.9.1	1.2.8	1.0.2j	48	-	-
#7 1.081 v6.7.0	2016-09-27	aix-ppc64,headers,linux-arm64,linux-armv6l,linux-armv7l,linux-ppc64le,linux-s390x,linux-x64,linux-x86,osx-x64-pkg,osx-x64-tar,src,sunos-x64,sunos-x86,win-x64-7z,win-x64-exe,win-x64-msi,win-x64-zip,win-x86-7z,win-x86-exe,win-x86-msi,win-x86-zip	3.10.3	5.1.281.83	1.9.1	1.2.8	1.0.2j	48	-	true
#7 1.081 v6.6.0	2016-09-14	headers,linux-arm64,linux-armv6l,linux-armv7l,linux-ppc64le,linux-s390x,linux-x64,linux-x86,osx-x64-pkg,osx-x64-tar,src,sunos-x64,sunos-x86,win-x64-7z,win-x64-exe,win-x64-msi,win-x64-zip,win-x86-7z,win-x86-exe,win-x86-msi,win-x86-zip	3.10.3	5.1.281.83	1.9.1	1.2.8	1.0.2h	48	-	-
#7 1.081 v6.5.0	2016-08-26	headers,linux-arm64,linux-armv6l,linux-armv7l,linux-ppc64le,linux-x64,linux-x86,osx-x64-pkg,osx-x64-tar,src,sunos-x64,sunos-x86,win-x64-7z,win-x64-exe,win-x64-msi,win-x64-zip,win-x86-7z,win-x86-exe,win-x86-msi,win-x86-zip	3.10.3	5.1.281.81	1.9.1	1.2.8	1.0.2h	48	-	-
#7 1.081 v6.4.0	2016-08-12	headers,linux-arm64,linux-armv6l,linux-armv7l,linux-ppc64le,linux-x64,linux-x86,osx-x64-pkg,osx-x64-tar,src,sunos-x64,sunos-x86,win-x64-7z,win-x64-exe,win-x64-msi,win-x64-zip,win-x86-7z,win-x86-exe,win-x86-msi,win-x86-zip	3.10.3	5.0.71.60	1.9.1	1.2.8	1.0.2h	48	-	-
#7 1.081 v6.3.1	2016-07-21	headers,linux-arm64,linux-armv6l,linux-armv7l,linux-ppc64le,linux-x64,linux-x86,osx-x64-pkg,osx-x64-tar,src,sunos-x64,sunos-x86,win-x64-7z,win-x64-exe,win-x64-msi,win-x64-zip,win-x86-7z,win-x86-exe,win-x86-msi,win-x86-zip	3.10.3	5.0.71.57	1.9.1	1.2.8	1.0.2h	48	-	-
#7 1.081 v6.3.0	2016-07-06	headers,linux-arm64,linux-armv6l,linux-armv7l,linux-ppc64le,linux-x64,linux-x86,osx-x64-pkg,osx-x64-tar,src,sunos-x64,sunos-x86,win-x64-7z,win-x64-exe,win-x64-msi,win-x64-zip,win-x86-7z,win-x86-exe,win-x86-msi,win-x86-zip	3.10.3	5.0.71.52	1.9.1	1.2.8	1.0.2h	48	-	-
#7 1.081 v6.2.2	2016-06-16	headers,linux-arm64,linux-armv6l,linux-armv7l,linux-ppc64le,linux-x64,linux-x86,osx-x64-pkg,osx-x64-tar,src,sunos-x64,sunos-x86,win-x64-7z,win-x64-exe,win-x64-msi,win-x64-zip,win-x86-7z,win-x86-exe,win-x86-msi,win-x86-zip	3.9.5	5.0.71.52	1.9.1	1.2.8	1.0.2h	48	-	-
#7 1.081 v6.2.1	2016-06-02	headers,linux-arm64,linux-armv6l,linux-armv7l,linux-ppc64le,linux-x64,linux-x86,osx-x64-pkg,osx-x64-tar,src,sunos-x64,sunos-x86,win-x64-7z,win-x64-exe,win-x64-msi,win-x64-zip,win-x86-7z,win-x86-exe,win-x86-msi,win-x86-zip	3.9.3	5.0.71.52	1.9.1	1.2.8	1.0.2h	48	-	-
#7 1.081 v6.2.0	2016-05-17	headers,linux-arm64,linux-armv6l,linux-armv7l,linux-ppc64le,linux-x64,linux-x86,osx-x64-pkg,osx-x64-tar,src,sunos-x64,sunos-x86,win-x64-exe,win-x64-msi,win-x86-exe,win-x86-msi	3.8.9	5.0.71.47	1.9.1	1.2.8	1.0.2h	48	-	-
#7 1.081 v6.1.0	2016-05-05	headers,linux-arm64,linux-armv6l,linux-armv7l,linux-ppc64le,linux-x64,linux-x86,osx-x64-pkg,osx-x64-tar,src,sunos-x64,sunos-x86,win-x64-exe,win-x64-msi,win-x86-exe,win-x86-msi	3.8.6	5.0.71.35	1.9.0	1.2.8	1.0.2h	48	-	-
#7 1.081 v6.0.0	2016-04-26	headers,linux-arm64,linux-armv6l,linux-armv7l,linux-ppc64le,linux-x64,linux-x86,osx-x64-pkg,osx-x64-tar,src,sunos-x64,sunos-x86,win-x64-exe,win-x64-msi,win-x86-exe,win-x86-msi	3.8.6	5.0.71.35	1.9.0	1.2.8	1.0.2g	48	-	-
#7 1.081 v5.12.0	2016-06-23	headers,linux-arm64,linux-armv6l,linux-armv7l,linux-ppc64le,linux-x64,linux-x86,osx-x64-pkg,osx-x64-tar,src,sunos-x64,sunos-x86,win-x64-exe,win-x64-msi,win-x86-exe,win-x86-msi	3.8.6	4.6.85.32	1.8.0	1.2.8	1.0.2h	47	-	-
#7 1.081 v5.11.1	2016-05-05	headers,linux-arm64,linux-armv6l,linux-armv7l,linux-ppc64le,linux-x64,linux-x86,osx-x64-pkg,osx-x64-tar,src,sunos-x64,sunos-x86,win-x64-exe,win-x64-msi,win-x86-exe,win-x86-msi	3.8.6	4.6.85.31	1.8.0	1.2.8	1.0.2h	47	-	-
#7 1.081 v5.11.0	2016-04-21	headers,linux-arm64,linux-armv6l,linux-armv7l,linux-ppc64le,linux-x64,linux-x86,osx-x64-pkg,osx-x64-tar,src,sunos-x64,sunos-x86,win-x64-exe,win-x64-msi,win-x86-exe,win-x86-msi	3.8.6	4.6.85.31	1.8.0	1.2.8	1.0.2g	47	-	-
#7 1.081 v5.10.1	2016-04-05	headers,linux-arm64,linux-armv6l,linux-armv7l,linux-ppc64le,linux-x64,linux-x86,osx-x64-pkg,osx-x64-tar,src,sunos-x64,sunos-x86,win-x64-exe,win-x64-msi,win-x86-exe,win-x86-msi	3.8.3	4.6.85.31	1.8.0	1.2.8	1.0.2g	47	-	-
#7 1.081 v5.10.0	2016-04-01	headers,linux-arm64,linux-armv6l,linux-armv7l,linux-ppc64le,linux-x64,linux-x86,osx-x64-pkg,osx-x64-tar,src,sunos-x64,sunos-x86,win-x64-exe,win-x64-msi,win-x86-exe,win-x86-msi	3.8.3	4.6.85.31	1.8.0	1.2.8	1.0.2g	47	-	-
#7 1.081 v5.9.1	2016-03-22	headers,linux-arm64,linux-armv6l,linux-armv7l,linux-ppc64le,linux-x64,linux-x86,osx-x64-pkg,osx-x64-tar,src,sunos-x64,sunos-x86,win-x64-exe,win-x64-msi,win-x86-exe,win-x86-msi	3.7.3	4.6.85.31	1.8.0	1.2.8	1.0.2g	47	-	-
#7 1.081 v5.9.0	2016-03-16	headers,linux-arm64,linux-armv6l,linux-armv7l,linux-ppc64le,linux-x64,linux-x86,osx-x64-pkg,osx-x64-tar,src,sunos-x64,sunos-x86,win-x64-exe,win-x64-msi,win-x86-exe,win-x86-msi	3.7.3	4.6.85.31	1.8.0	1.2.8	1.0.2g	47	-	-
#7 1.081 v5.8.0	2016-03-09	headers,linux-arm64,linux-armv6l,linux-armv7l,linux-ppc64le,linux-x64,linux-x86,osx-x64-pkg,osx-x64-tar,src,sunos-x64,sunos-x86,win-x64-exe,win-x64-msi,win-x86-exe,win-x86-msi	3.7.3	4.6.85.31	1.8.0	1.2.8	1.0.2g	47	-	-
#7 1.081 v5.7.1	2016-03-02	headers,linux-arm64,linux-armv6l,linux-armv7l,linux-ppc64le,linux-x64,linux-x86,osx-x64-pkg,osx-x64-tar,src,sunos-x64,sunos-x86,win-x64-exe,win-x64-msi,win-x86-exe,win-x86-msi	3.6.0	4.6.85.31	1.8.0	1.2.8	1.0.2g	47	-	-
#7 1.081 v5.7.0	2016-02-23	headers,linux-arm64,linux-armv6l,linux-armv7l,linux-ppc64le,linux-x64,linux-x86,osx-x64-pkg,osx-x64-tar,src,sunos-x64,sunos-x86,win-x64-exe,win-x64-msi,win-x86-exe,win-x86-msi	3.6.0	4.6.85.31	1.8.0	1.2.8	1.0.2f	47	-	-
#7 1.081 v5.6.0	2016-02-09	headers,linux-arm64,linux-armv6l,linux-armv7l,linux-x64,linux-x86,osx-x64-pkg,osx-x64-tar,src,sunos-x64,sunos-x86,win-x64-exe,win-x64-msi,win-x86-exe,win-x86-msi	3.6.0	4.6.85.31	1.8.0	1.2.8	1.0.2f	47	-	-
#7 1.081 v5.5.0	2016-01-21	headers,linux-arm64,linux-armv6l,linux-armv7l,linux-x64,linux-x86,osx-x64-pkg,osx-x64-tar,src,sunos-x64,sunos-x86,win-x64-exe,win-x64-msi,win-x86-exe,win-x86-msi	3.3.12	4.6.85.31	1.8.0	1.2.8	1.0.2e	47	-	-
#7 1.081 v5.4.1	2016-01-12	headers,linux-arm64,linux-armv6l,linux-armv7l,linux-x64,linux-x86,osx-x64-pkg,osx-x64-tar,src,sunos-x64,sunos-x86,win-x64-exe,win-x64-msi,win-x86-exe,win-x86-msi	3.3.12	4.6.85.31	1.8.0	1.2.8	1.0.2e	47	-	-
#7 1.081 v5.4.0	2016-01-06	headers,linux-arm64,linux-armv6l,linux-armv7l,linux-x64,linux-x86,osx-x64-pkg,osx-x64-tar,src,sunos-x64,sunos-x86,win-x64-exe,win-x64-msi,win-x86-exe,win-x86-msi	3.3.12	4.6.85.31	1.8.0	1.2.8	1.0.2e	47	-	-
#7 1.081 v5.3.0	2015-12-15	headers,linux-arm64,linux-armv6l,linux-armv7l,linux-x64,linux-x86,osx-x64-pkg,osx-x64-tar,src,sunos-x64,sunos-x86,win-x64-exe,win-x64-msi,win-x86-exe,win-x86-msi	3.3.12	4.6.85.31	1.8.0	1.2.8	1.0.2e	47	-	-
#7 1.081 v5.2.0	2015-12-09	headers,linux-arm64,linux-armv6l,linux-armv7l,linux-x64,linux-x86,osx-x64-pkg,osx-x64-tar,src,sunos-x64,sunos-x86,win-x64-exe,win-x64-msi,win-x86-exe,win-x86-msi	3.3.12	4.6.85.31	1.7.5	1.2.8	1.0.2e	47	-	-
#7 1.081 v5.1.1	2015-12-03	headers,linux-arm64,linux-armv6l,linux-armv7l,linux-x64,linux-x86,osx-x64-pkg,osx-x64-tar,src,sunos-x64,sunos-x86,win-x64-exe,win-x64-msi,win-x86-exe,win-x86-msi	3.3.12	4.6.85.31	1.7.5	1.2.8	1.0.2e	47	-	-
#7 1.081 v5.1.0	2015-11-17	headers,linux-arm64,linux-armv6l,linux-armv7l,linux-x64,linux-x86,osx-x64-pkg,osx-x64-tar,src,sunos-x64,sunos-x86,win-x64-exe,win-x64-msi,win-x86-exe,win-x86-msi	3.3.12	4.6.85.31	1.7.5	1.2.8	1.0.2d	47	-	-
#7 1.081 v5.0.0	2015-10-29	headers,linux-arm64,linux-armv6l,linux-armv7l,linux-x64,linux-x86,osx-x64-pkg,osx-x64-tar,src,sunos-x64,sunos-x86,win-x64-exe,win-x64-msi,win-x86-exe,win-x86-msi	3.3.6	4.6.85.28	1.7.5	1.2.8	1.0.2d	47	-	-
#7 1.081 v4.9.1	2018-03-29	headers,linux-arm64,linux-armv6l,linux-armv7l,linux-ppc64le,linux-x64,linux-x86,osx-x64-pkg,osx-x64-tar,src,sunos-x64,sunos-x86,win-x64-7z,win-x64-exe,win-x64-msi,win-x64-zip,win-x86-7z,win-x86-exe,win-x86-msi,win-x86-zip	2.15.11	4.5.103.53	1.9.1	1.2.11	1.0.2o	46	Argon	-
#7 1.081 v4.9.0	2018-03-28	headers,linux-arm64,linux-armv6l,linux-armv7l,linux-ppc64le,linux-x64,linux-x86,osx-x64-pkg,osx-x64-tar,src,sunos-x64,sunos-x86,win-x64-7z,win-x64-exe,win-x64-msi,win-x64-zip,win-x86-7z,win-x86-exe,win-x86-msi,win-x86-zip	2.15.11	4.5.103.53	1.9.1	1.2.11	1.0.2o	46	Argon	true
#7 1.081 v4.8.7	2017-12-07	headers,linux-arm64,linux-armv6l,linux-armv7l,linux-ppc64le,linux-x64,linux-x86,osx-x64-pkg,osx-x64-tar,src,sunos-x64,sunos-x86,win-x64-7z,win-x64-exe,win-x64-msi,win-x64-zip,win-x86-7z,win-x86-exe,win-x86-msi,win-x86-zip	2.15.11	4.5.103.53	1.9.1	1.2.11	1.0.2n	46	Argon	true
#7 1.081 v4.8.6	2017-11-06	headers,linux-arm64,linux-armv6l,linux-armv7l,linux-ppc64le,linux-x64,linux-x86,osx-x64-pkg,osx-x64-tar,src,sunos-x64,sunos-x86,win-x64-7z,win-x64-exe,win-x64-msi,win-x64-zip,win-x86-7z,win-x86-exe,win-x86-msi,win-x86-zip	2.15.11	4.5.103.53	1.9.1	1.2.11	1.0.2m	46	Argon	-
#7 1.081 v4.8.5	2017-10-24	headers,linux-arm64,linux-armv6l,linux-armv7l,linux-ppc64le,linux-x64,linux-x86,osx-x64-pkg,osx-x64-tar,src,sunos-x64,sunos-x86,win-x64-7z,win-x64-exe,win-x64-msi,win-x64-zip,win-x86-7z,win-x86-exe,win-x86-msi,win-x86-zip	2.15.11	4.5.103.47	1.9.1	1.2.11	1.0.2k	46	Argon	true
#7 1.081 v4.8.4	2017-07-11	headers,linux-arm64,linux-armv6l,linux-armv7l,linux-ppc64le,linux-x64,linux-x86,osx-x64-pkg,osx-x64-tar,src,sunos-x64,sunos-x86,win-x64-7z,win-x64-exe,win-x64-msi,win-x64-zip,win-x86-7z,win-x86-exe,win-x86-msi,win-x86-zip	2.15.11	4.5.103.47	1.9.1	1.2.11	1.0.2k	46	Argon	true
#7 1.081 v4.8.3	2017-05-02	headers,linux-arm64,linux-armv6l,linux-armv7l,linux-ppc64le,linux-x64,linux-x86,osx-x64-pkg,osx-x64-tar,src,sunos-x64,sunos-x86,win-x64-7z,win-x64-exe,win-x64-msi,win-x64-zip,win-x86-7z,win-x86-exe,win-x86-msi,win-x86-zip	2.15.11	4.5.103.47	1.9.1	1.2.11	1.0.2k	46	Argon	-
#7 1.081 v4.8.2	2017-04-04	headers,linux-arm64,linux-armv6l,linux-armv7l,linux-ppc64le,linux-x64,linux-x86,osx-x64-pkg,osx-x64-tar,src,sunos-x64,sunos-x86,win-x64-7z,win-x64-exe,win-x64-msi,win-x64-zip,win-x86-7z,win-x86-exe,win-x86-msi,win-x86-zip	2.15.11	4.5.103.46	1.9.1	1.2.11	1.0.2k	46	Argon	-
#7 1.081 v4.8.1	2017-03-21	headers,linux-arm64,linux-armv6l,linux-armv7l,linux-ppc64le,linux-x64,linux-x86,osx-x64-pkg,osx-x64-tar,src,sunos-x64,sunos-x86,win-x64-7z,win-x64-exe,win-x64-msi,win-x64-zip,win-x86-7z,win-x86-exe,win-x86-msi,win-x86-zip	2.15.11	4.5.103.46	1.9.1	1.2.8	1.0.2k	46	Argon	-
#7 1.081 v4.8.0	2017-02-21	headers,linux-arm64,linux-armv6l,linux-armv7l,linux-ppc64le,linux-x64,linux-x86,osx-x64-pkg,osx-x64-tar,src,sunos-x64,sunos-x86,win-x64-7z,win-x64-exe,win-x64-msi,win-x64-zip,win-x86-7z,win-x86-exe,win-x86-msi,win-x86-zip	2.15.11	4.5.103.45	1.9.1	1.2.8	1.0.2k	46	Argon	-
#7 1.081 v4.7.3	2017-01-31	headers,linux-arm64,linux-armv6l,linux-armv7l,linux-ppc64le,linux-x64,linux-x86,osx-x64-pkg,osx-x64-tar,src,sunos-x64,sunos-x86,win-x64-7z,win-x64-exe,win-x64-msi,win-x64-zip,win-x86-7z,win-x86-exe,win-x86-msi,win-x86-zip	2.15.11	4.5.103.43	1.9.1	1.2.8	1.0.2k	46	Argon	-
#7 1.081 v4.7.2	2017-01-05	headers,linux-arm64,linux-armv6l,linux-armv7l,linux-ppc64le,linux-x64,linux-x86,osx-x64-pkg,osx-x64-tar,src,sunos-x64,sunos-x86,win-x64-7z,win-x64-exe,win-x64-msi,win-x64-zip,win-x86-7z,win-x86-exe,win-x86-msi,win-x86-zip	2.15.11	4.5.103.43	1.9.1	1.2.8	1.0.2j	46	Argon	-
#7 1.081 v4.7.1	2017-01-05	headers,linux-arm64,linux-armv6l,linux-armv7l,linux-ppc64le,linux-x64,linux-x86,osx-x64-pkg,osx-x64-tar,src,sunos-x64,sunos-x86,win-x64-7z,win-x64-exe,win-x64-msi,win-x64-zip,win-x86-7z,win-x86-exe,win-x86-msi,win-x86-zip	2.15.11	4.5.103.43	1.9.1	1.2.8	1.0.2j	46	Argon	-
#7 1.081 v4.7.0	2016-12-06	headers,linux-arm64,linux-armv6l,linux-armv7l,linux-ppc64le,linux-x64,linux-x86,osx-x64-pkg,osx-x64-tar,src,sunos-x64,sunos-x86,win-x64-7z,win-x64-exe,win-x64-msi,win-x64-zip,win-x86-7z,win-x86-exe,win-x86-msi,win-x86-zip	2.15.11	4.5.103.43	1.9.1	1.2.8	1.0.2j	46	Argon	-
#7 1.081 v4.6.2	2016-11-08	headers,linux-arm64,linux-armv6l,linux-armv7l,linux-ppc64le,linux-x64,linux-x86,osx-x64-pkg,osx-x64-tar,src,sunos-x64,sunos-x86,win-x64-7z,win-x64-exe,win-x64-msi,win-x64-zip,win-x86-7z,win-x86-exe,win-x86-msi,win-x86-zip	2.15.11	4.5.103.42	1.9.1	1.2.8	1.0.2j	46	Argon	-
#7 1.081 v4.6.1	2016-10-18	headers,linux-arm64,linux-armv6l,linux-armv7l,linux-ppc64le,linux-x64,linux-x86,osx-x64-pkg,osx-x64-tar,src,sunos-x64,sunos-x86,win-x64-7z,win-x64-exe,win-x64-msi,win-x64-zip,win-x86-7z,win-x86-exe,win-x86-msi,win-x86-zip	2.15.9	4.5.103.37	1.9.1	1.2.8	1.0.2j	46	Argon	true
#7 1.081 v4.6.0	2016-09-27	headers,linux-arm64,linux-armv6l,linux-armv7l,linux-ppc64le,linux-x64,linux-x86,osx-x64-pkg,osx-x64-tar,src,sunos-x64,sunos-x86,win-x64-7z,win-x64-exe,win-x64-msi,win-x64-zip,win-x86-7z,win-x86-exe,win-x86-msi,win-x86-zip	2.15.9	4.5.103.37	1.9.1	1.2.8	1.0.2j	46	Argon	true
#7 1.081 v4.5.0	2016-08-16	headers,linux-arm64,linux-armv6l,linux-armv7l,linux-ppc64le,linux-x64,linux-x86,osx-x64-pkg,osx-x64-tar,src,sunos-x64,sunos-x86,win-x64-7z,win-x64-exe,win-x64-msi,win-x64-zip,win-x86-7z,win-x86-exe,win-x86-msi,win-x86-zip	2.15.9	4.5.103.37	1.9.1	1.2.8	1.0.2h	46	Argon	-
#7 1.081 v4.4.7	2016-06-28	headers,linux-arm64,linux-armv6l,linux-armv7l,linux-ppc64le,linux-x64,linux-x86,osx-x64-pkg,osx-x64-tar,src,sunos-x64,sunos-x86,win-x64-exe,win-x64-msi,win-x86-exe,win-x86-msi	2.15.8	4.5.103.36	1.8.0	1.2.8	1.0.2h	46	Argon	-
#7 1.081 v4.4.6	2016-06-23	headers,linux-arm64,linux-armv6l,linux-armv7l,linux-ppc64le,linux-x64,linux-x86,osx-x64-pkg,osx-x64-tar,src,sunos-x64,sunos-x86,win-x64-exe,win-x64-msi,win-x86-exe,win-x86-msi	2.15.5	4.5.103.36	1.8.0	1.2.8	1.0.2h	46	Argon	-
#7 1.081 v4.4.5	2016-05-24	headers,linux-arm64,linux-armv6l,linux-armv7l,linux-ppc64le,linux-x64,linux-x86,osx-x64-pkg,osx-x64-tar,src,sunos-x64,sunos-x86,win-x64-exe,win-x64-msi,win-x86-exe,win-x86-msi	2.15.5	4.5.103.35	1.8.0	1.2.8	1.0.2h	46	Argon	-
#7 1.081 v4.4.4	2016-05-05	headers,linux-arm64,linux-armv6l,linux-armv7l,linux-ppc64le,linux-x64,linux-x86,osx-x64-pkg,osx-x64-tar,src,sunos-x64,sunos-x86,win-x64-exe,win-x64-msi,win-x86-exe,win-x86-msi	2.15.1	4.5.103.35	1.8.0	1.2.8	1.0.2h	46	Argon	-
#7 1.081 v4.4.3	2016-04-12	headers,linux-arm64,linux-armv6l,linux-armv7l,linux-ppc64le,linux-x64,linux-x86,osx-x64-pkg,osx-x64-tar,src,sunos-x64,sunos-x86,win-x64-exe,win-x64-msi,win-x86-exe,win-x86-msi	2.15.1	4.5.103.35	1.8.0	1.2.8	1.0.2g	46	Argon	-
#7 1.081 v4.4.2	2016-04-01	headers,linux-arm64,linux-armv6l,linux-armv7l,linux-ppc64le,linux-x64,linux-x86,osx-x64-pkg,osx-x64-tar,src,sunos-x64,sunos-x86,win-x64-exe,win-x64-msi,win-x86-exe,win-x86-msi	2.15.0	4.5.103.35	1.8.0	1.2.8	1.0.2g	46	Argon	-
#7 1.081 v4.4.1	2016-03-22	headers,linux-arm64,linux-armv6l,linux-armv7l,linux-ppc64le,linux-x64,linux-x86,osx-x64-pkg,osx-x64-tar,src,sunos-x64,sunos-x86,win-x64-exe,win-x64-msi,win-x86-exe,win-x86-msi	2.14.20	4.5.103.35	1.8.0	1.2.8	1.0.2g	46	Argon	-
#7 1.081 v4.4.0	2016-03-08	headers,linux-arm64,linux-armv6l,linux-armv7l,linux-ppc64le,linux-x64,linux-x86,osx-x64-pkg,osx-x64-tar,src,sunos-x64,sunos-x86,win-x64-exe,win-x64-msi,win-x86-exe,win-x86-msi	2.14.20	4.5.103.35	1.8.0	1.2.8	1.0.2g	46	Argon	-
#7 1.081 v4.3.2	2016-03-02	headers,linux-arm64,linux-armv6l,linux-armv7l,linux-ppc64le,linux-x64,linux-x86,osx-x64-pkg,osx-x64-tar,src,sunos-x64,sunos-x86,win-x64-exe,win-x64-msi,win-x86-exe,win-x86-msi	2.14.12	4.5.103.35	1.8.0	1.2.8	1.0.2g	46	Argon	-
#7 1.081 v4.3.1	2016-02-16	headers,linux-arm64,linux-armv6l,linux-armv7l,linux-x64,linux-x86,osx-x64-pkg,osx-x64-tar,src,sunos-x64,sunos-x86,win-x64-exe,win-x64-msi,win-x86-exe,win-x86-msi	2.14.12	4.5.103.35	1.8.0	1.2.8	1.0.2f	46	Argon	-
#7 1.081 v4.3.0	2016-02-09	headers,linux-arm64,linux-armv6l,linux-armv7l,linux-x64,linux-x86,osx-x64-pkg,osx-x64-tar,src,sunos-x64,sunos-x86,win-x64-exe,win-x64-msi,win-x86-exe,win-x86-msi	2.14.12	4.5.103.35	1.8.0	1.2.8	1.0.2f	46	Argon	-
#7 1.081 v4.2.6	2016-01-21	headers,linux-arm64,linux-armv6l,linux-armv7l,linux-x64,linux-x86,osx-x64-pkg,osx-x64-tar,src,sunos-x64,sunos-x86,win-x64-exe,win-x64-msi,win-x86-exe,win-x86-msi	2.14.12	4.5.103.35	1.8.0	1.2.8	1.0.2e	46	Argon	-
#7 1.081 v4.2.5	2016-01-20	headers,linux-arm64,linux-armv6l,linux-armv7l,linux-x64,linux-x86,osx-x64-pkg,osx-x64-tar,src,sunos-x64,sunos-x86,win-x64-exe,win-x64-msi,win-x86-exe,win-x86-msi	2.14.12	4.5.103.35	1.8.0	1.2.8	1.0.2e	46	Argon	-
#7 1.081 v4.2.4	2015-12-23	headers,linux-arm64,linux-armv6l,linux-armv7l,linux-x64,linux-x86,osx-x64-pkg,osx-x64-tar,src,sunos-x64,sunos-x86,win-x64-exe,win-x64-msi,win-x86-exe,win-x86-msi	2.14.12	4.5.103.35	1.7.5	1.2.8	1.0.2e	46	Argon	-
#7 1.081 v4.2.3	2015-12-03	headers,linux-arm64,linux-armv6l,linux-armv7l,linux-x64,linux-x86,osx-x64-pkg,osx-x64-tar,src,sunos-x64,sunos-x86,win-x64-exe,win-x64-msi,win-x86-exe,win-x86-msi	2.14.7	4.5.103.35	1.7.5	1.2.8	1.0.2e	46	Argon	-
#7 1.081 v4.2.2	2015-11-03	headers,linux-arm64,linux-armv6l,linux-armv7l,linux-x64,linux-x86,osx-x64-pkg,osx-x64-tar,src,sunos-x64,sunos-x86,win-x64-exe,win-x64-msi,win-x86-exe,win-x86-msi	2.14.7	4.5.103.35	1.7.5	1.2.8	1.0.2d	46	Argon	-
#7 1.081 v4.2.1	2015-10-13	headers,linux-arm64,linux-armv6l,linux-armv7l,linux-x64,linux-x86,osx-x64-pkg,osx-x64-tar,src,sunos-x64,sunos-x86,win-x64-exe,win-x64-msi,win-x86-exe,win-x86-msi	2.14.7	4.5.103.35	1.7.5	1.2.8	1.0.2d	46	Argon	-
#7 1.081 v4.2.0	2015-10-12	headers,linux-arm64,linux-armv6l,linux-armv7l,linux-x64,linux-x86,osx-x64-pkg,osx-x64-tar,src,sunos-x64,sunos-x86,win-x64-exe,win-x64-msi,win-x86-exe,win-x86-msi	2.14.7	4.5.103.35	1.7.5	1.2.8	1.0.2d	46	Argon	-
#7 1.081 v4.1.2	2015-10-05	headers,linux-arm64,linux-armv6l,linux-armv7l,linux-x64,linux-x86,osx-x64-pkg,osx-x64-tar,src,sunos-x64,sunos-x86,win-x64-exe,win-x64-msi,win-x86-exe,win-x86-msi	2.14.4	4.5.103.35	1.7.5	1.2.8	1.0.2d	46	-	-
#7 1.081 v4.1.1	2015-09-23	headers,linux-arm64,linux-armv6l,linux-armv7l,linux-x64,linux-x86,osx-x64-pkg,osx-x64-tar,src,sunos-x64,sunos-x86,win-x64-exe,win-x64-msi,win-x86-exe,win-x86-msi	2.14.4	4.5.103.33	1.7.4	1.2.8	1.0.2d	46	-	-
#7 1.081 v4.1.0	2015-09-17	headers,linux-arm64,linux-armv6l,linux-armv7l,linux-x64,linux-x86,osx-x64-pkg,osx-x64-tar,src,sunos-x64,sunos-x86,win-x64-exe,win-x64-msi,win-x86-exe,win-x86-msi	2.14.3	4.5.103.33	1.7.4	1.2.8	1.0.2d	46	-	-
#7 1.081 v4.0.0	2015-09-08	headers,linux-arm64,linux-armv6l,linux-armv7l,linux-x64,linux-x86,osx-x64-pkg,osx-x64-tar,src,sunos-x64,sunos-x86,win-x64-exe,win-x64-msi,win-x86-exe,win-x86-msi	2.14.2	4.5.103.30	1.7.3	1.2.8	1.0.2d	46	-	-
#7 1.081 v0.12.18	2017-02-22	headers,linux-x64,linux-x86,osx-x64-pkg,osx-x64-tar,osx-x86-tar,src,sunos-x86,win-x64-exe,win-x86-exe,win-x86-msi	2.15.11	3.28.71.20	1.6.1	1.2.8	1.0.1u	14	-	-
#7 1.081 v0.12.17	2016-10-18	headers,linux-x64,linux-x86,osx-x64-pkg,osx-x64-tar,osx-x86-tar,src,sunos-x64,sunos-x86,win-x64-exe,win-x86-exe,win-x86-msi	2.15.1	3.28.71.19	1.6.1	1.2.8	1.0.1u	14	-	true
#7 1.081 v0.12.16	2016-09-27	headers,linux-x64,linux-x86,osx-x64-pkg,osx-x64-tar,osx-x86-tar,src,sunos-x64,sunos-x86,win-x64-exe,win-x86-exe,win-x86-msi	2.15.1	3.28.71.19	1.6.1	1.2.8	1.0.1u	14	-	true
#7 1.081 v0.12.15	2016-06-23	headers,linux-x64,linux-x86,osx-x64-pkg,osx-x64-tar,osx-x86-tar,src,sunos-x64,sunos-x86,win-x64-exe,win-x86-exe,win-x86-msi	2.15.1	3.28.71.19	1.6.1	1.2.8	1.0.1t	14	-	true
#7 1.081 v0.12.14	2016-05-06	headers,linux-x64,linux-x86,osx-x64-pkg,osx-x64-tar,osx-x86-tar,src,sunos-x64,sunos-x86,win-x64-exe,win-x86-exe,win-x86-msi	2.15.1	3.28.71.19	1.6.1	1.2.8	1.0.1t	14	-	-
#7 1.081 v0.12.13	2016-03-31	headers,linux-x64,linux-x86,osx-x64-pkg,osx-x64-tar,osx-x86-tar,src,sunos-x64,sunos-x86,win-x64-exe,win-x86-exe,win-x86-msi	2.15.0	3.28.71.19	1.6.1	1.2.8	1.0.1s	14	-	-
#7 1.081 v0.12.12	2016-03-08	headers,linux-x64,linux-x86,osx-x64-pkg,osx-x64-tar,osx-x86-tar,src,sunos-x64,sunos-x86,win-x64-exe,win-x86-exe,win-x86-msi	2.14.9	3.28.71.19	1.6.1	1.2.8	1.0.1s	14	-	-
#7 1.081 v0.12.11	2016-03-03	headers,linux-x64,linux-x86,osx-x64-pkg,osx-x64-tar,osx-x86-tar,src,sunos-x64,sunos-x86,win-x64-exe,win-x86-exe,win-x86-msi	2.14.9	3.28.71.19	1.6.1	1.2.8	1.0.1s	14	-	-
#7 1.081 v0.12.10	2016-02-09	headers,linux-x64,linux-x86,osx-x64-pkg,osx-x64-tar,osx-x86-tar,src,sunos-x64,sunos-x86,win-x64-exe,win-x86-exe,win-x86-msi	2.14.9	3.28.71.19	1.6.1	1.2.8	1.0.1r	14	-	-
#7 1.081 v0.12.9	2015-12-03	headers,linux-x64,linux-x86,osx-x64-pkg,osx-x64-tar,osx-x86-tar,src,sunos-x64,sunos-x86,win-x64-exe,win-x86-exe,win-x86-msi	2.14.9	3.28.71.19	1.6.1	1.2.8	1.0.1q	14	-	-
#7 1.081 v0.12.8	2015-11-24	headers,linux-x64,linux-x86,osx-x64-pkg,osx-x64-tar,osx-x86-tar,src,sunos-x64,sunos-x86,win-x64-exe,win-x86-exe,win-x86-msi	2.14.9	3.28.71.19	1.6.1	1.2.8	1.0.1p	14	-	-
#7 1.081 v0.12.7	2015-07-09	linux-x64,linux-x86,osx-x64-pkg,osx-x64-tar,osx-x86-tar,src,sunos-x64,sunos-x86,win-x64-exe,win-x86-exe,win-x86-msi	2.11.3	3.28.71.19	1.6.1	1.2.8	1.0.1p	14	-	-
#7 1.081 v0.12.6	2015-07-04	linux-x64,linux-x86,osx-x64-pkg,osx-x64-tar,osx-x86-tar,src,sunos-x64,sunos-x86,win-x64-exe,win-x86-exe,win-x86-msi	2.11.2	3.28.71.19	1.6.1	1.2.8	1.0.1o	14	-	-
#7 1.081 v0.12.5	2015-06-22	linux-x64,linux-x86,osx-x64-pkg,osx-x64-tar,osx-x86-tar,src,sunos-x64,sunos-x86,win-x64-exe,win-x86-exe,win-x86-msi	2.11.2	3.28.71.19	1.6.1	1.2.8	1.0.1o	14	-	-
#7 1.081 v0.12.4	2015-05-23	linux-x64,linux-x86,osx-x64-pkg,osx-x64-tar,osx-x86-tar,src,sunos-x64,sunos-x86,win-x64-exe,win-x86-exe,win-x86-msi	2.10.1	3.28.71.19	1.5.0	1.2.8	1.0.1m	14	-	-
#7 1.081 v0.12.3	2015-05-14	linux-x64,linux-x86,osx-x64-pkg,osx-x64-tar,osx-x86-tar,src,sunos-x64,sunos-x86,win-x64-exe,win-x86-exe,win-x86-msi	2.9.1	3.28.71.19	1.5.0	1.2.8	1.0.1m	14	-	-
#7 1.081 v0.12.2	2015-03-31	linux-x64,linux-x86,osx-x64-pkg,osx-x64-tar,osx-x86-tar,src,sunos-x64,sunos-x86,win-x64-exe,win-x86-exe,win-x86-msi	2.7.4	3.28.73.0	1.4.2	1.2.8	1.0.1m	14	-	-
#7 1.081 v0.12.1	2015-03-24	linux-x64,linux-x86,osx-x64-pkg,osx-x64-tar,osx-x86-tar,src,sunos-x64,sunos-x86,win-x64-exe,win-x86-exe,win-x86-msi	2.5.1	3.28.73.0	1.0.2	1.2.8	1.0.1m	14	-	-
#7 1.081 v0.12.0	2015-02-06	linux-x64,linux-x86,osx-x64-pkg,osx-x64-tar,osx-x86-tar,src,sunos-x64,sunos-x86,win-x64-exe,win-x86-exe,win-x86-msi	2.5.1	3.28.73.0	1.0.2	1.2.8	1.0.1l	14	-	-
#7 1.081 v0.11.16	2015-01-30	linux-x64,linux-x86,osx-x64-pkg,osx-x64-tar,osx-x86-tar,src,sunos-x64,sunos-x86,win-x64-exe,win-x86-exe,win-x86-msi	2.3.0	3.28.73.0	1.0.2	1.2.8	1.0.1l	14	-	-
#7 1.081 v0.11.15	2015-01-20	linux-x64,linux-x86,osx-x64-pkg,osx-x64-tar,osx-x86-tar,src,sunos-x64,sunos-x86,win-x64-exe,win-x86-exe,win-x86-msi	2.1.6	3.28.73.0	1.0.2	1.2.8	1.0.1j	14	-	-
#7 1.081 v0.11.14	2014-08-19	linux-x64,linux-x86,osx-x64-pkg,osx-x64-tar,osx-x86-tar,src,sunos-x64,sunos-x86,win-x64-exe,win-x86-exe,win-x86-msi	2.0.0	3.26.33.0	1.0.0	1.2.3	1.0.1i	14	-	-
#7 1.081 v0.11.13	2014-05-02	linux-x64,linux-x86,osx-x64-pkg,osx-x64-tar,osx-x86-tar,src,sunos-x64,sunos-x86,win-x64-exe,win-x86-exe,win-x86-msi	1.4.9	3.25.30.0	0.11.25	1.2.3	1.0.1g	14	-	-
#7 1.081 v0.11.12	2014-03-11	linux-x64,linux-x86,osx-x64-pkg,osx-x64-tar,osx-x86-tar,src,sunos-x64,sunos-x86,win-x64-exe,win-x86-exe,win-x86-msi	1.4.3	3.22.24.19	0.11.22	1.2.3	1.0.1f	14	-	-
#7 1.081 v0.11.11	2014-01-29	linux-x64,linux-x86,osx-x64-pkg,osx-x64-tar,osx-x86-tar,src,sunos-x64,sunos-x86,win-x64-exe,win-x86-exe,win-x86-msi	1.3.25	3.22.24.19	0.11.18	1.2.3	1.0.1f	14	-	-
#7 1.081 v0.11.10	2013-12-31	linux-x64,linux-x86,osx-x64-pkg,osx-x64-tar,osx-x86-tar,src,sunos-x64,sunos-x86,win-x64-exe,win-x86-exe,win-x86-msi	1.3.22	3.22.24.10	0.11.17	1.2.3	1.0.1e	13	-	-
#7 1.081 v0.11.9	2013-11-21	linux-x64,linux-x86,osx-x64-pkg,osx-x64-tar,osx-x86-tar,src,sunos-x64,sunos-x86,win-x64-exe,win-x86-exe,win-x86-msi	1.3.15	3.22.24.5	0.11.15	1.2.3	1.0.1e	13	-	-
#7 1.081 v0.11.8	2013-10-30	linux-x64,linux-x86,osx-x64-pkg,osx-x64-tar,osx-x86-tar,src,sunos-x64,sunos-x86,win-x64-exe,win-x86-exe,win-x86-msi	1.3.13	3.21.18.3	0.11.14	1.2.3	1.0.1e	13	-	-
#7 1.081 v0.11.7	2013-09-04	linux-x64,linux-x86,osx-x64-pkg,osx-x64-tar,osx-x86-tar,src,sunos-x64,sunos-x86,win-x64-exe,win-x86-exe,win-x86-msi	1.3.8	3.20.17.0	0.11.13	1.2.3	1.0.1e	0x000C	-	-
#7 1.081 v0.11.6	2013-08-21	linux-x64,linux-x86,osx-x64-pkg,osx-x64-tar,osx-x86-tar,src,sunos-x64,sunos-x86,win-x86-msi	1.3.8	3.20.14.1	0.11.8	1.2.3	1.0.1e	0x000C	-	-
#7 1.081 v0.11.5	2013-08-07	linux-x64,linux-x86,osx-x64-pkg,osx-x64-tar,osx-x86-tar,src,sunos-x64,sunos-x86,win-x64-exe,win-x86-exe,win-x86-msi	1.3.6	3.20.11.0	0.11.7	1.2.3	1.0.1e	0x000C	-	-
#7 1.081 v0.11.4	2013-07-12	linux-x64,linux-x86,osx-x64-pkg,osx-x64-tar,osx-x86-tar,src,sunos-x64,sunos-x86,win-x86-msi	1.3.4	3.20.2.0	0.11.5	1.2.3	1.0.1e	0x000C	-	-
#7 1.081 v0.11.3	2013-06-26	linux-x64,linux-x86,osx-x64-pkg,osx-x64-tar,osx-x86-tar,src,sunos-x64,sunos-x86,win-x64-exe,win-x86-exe,win-x86-msi	1.2.25	3.19.13.0	0.11.5	1.2.3	1.0.1e	0x000C	-	-
#7 1.081 v0.11.2	2013-05-13	linux-x64,linux-x86,osx-x64-pkg,osx-x64-tar,osx-x86-tar,src,sunos-x64,sunos-x86,win-x64-exe,win-x86-exe,win-x86-msi	1.2.21	3.19.0.0	0.11.2	1.2.3	1.0.1e	0x000C	-	-
#7 1.081 v0.11.1	2013-04-19	linux-x64,linux-x86,osx-x64-pkg,osx-x64-tar,osx-x86-tar,src,sunos-x64,sunos-x86,win-x64-exe,win-x86-exe,win-x86-msi	1.2.18	3.18.0.0	0.11.1	1.2.3	1.0.1e	0x000C	-	-
#7 1.081 v0.11.0	2013-03-28	linux-x64,linux-x86,osx-x64-pkg,osx-x64-tar,osx-x86-tar,src,sunos-x64,sunos-x86,win-x64-exe,win-x86-exe,win-x86-msi	1.2.15	3.17.13.0	0.10.3	1.2.3	1.0.1e	0x000C	-	-
#7 1.082 v0.10.48	2016-10-18	headers,linux-x64,linux-x86,osx-x64-pkg,osx-x64-tar,osx-x86-tar,src,sunos-x64,sunos-x86,win-x64-exe,win-x86-exe,win-x86-msi	2.15.1	3.14.5.11	0.10.37	1.2.8	1.0.1u	11	-	true
#7 1.082 v0.10.47	2016-09-27	headers,linux-x64,linux-x86,osx-x64-pkg,osx-x64-tar,osx-x86-tar,src,sunos-x64,sunos-x86,win-x64-exe,win-x86-exe,win-x86-msi	2.15.1	3.14.5.11	0.10.37	1.2.8	1.0.1u	11	-	true
#7 1.082 v0.10.46	2016-06-23	headers,linux-x64,linux-x86,osx-x64-pkg,osx-x64-tar,osx-x86-tar,src,sunos-x64,sunos-x86,win-x64-exe,win-x86-exe,win-x86-msi	2.15.1	3.14.5.9	0.10.37	1.2.8	1.0.1t	11	-	true
#7 1.082 v0.10.45	2016-05-06	headers,linux-x64,linux-x86,osx-x64-pkg,osx-x64-tar,osx-x86-tar,src,sunos-x64,sunos-x86,win-x64-exe,win-x86-exe,win-x86-msi	2.15.1	3.14.5.9	0.10.36	1.2.8	1.0.1t	11	-	-
#7 1.082 v0.10.44	2016-03-31	headers,linux-x64,linux-x86,osx-x64-pkg,osx-x64-tar,osx-x86-tar,src,sunos-x64,sunos-x86,win-x64-exe,win-x86-exe,win-x86-msi	2.15.0	3.14.5.9	0.10.36	1.2.8	1.0.1s	11	-	-
#7 1.082 v0.10.43	2016-03-03	headers,linux-x64,linux-x86,osx-x64-pkg,osx-x64-tar,osx-x86-tar,src,sunos-x64,sunos-x86,win-x64-exe,win-x86-exe,win-x86-msi	1.4.29	3.14.5.9	0.10.36	1.2.8	1.0.1s	11	-	-
#7 1.082 v0.10.42	2016-02-09	headers,linux-x64,linux-x86,osx-x64-pkg,osx-x64-tar,osx-x86-tar,src,sunos-x64,sunos-x86,win-x64-exe,win-x86-exe,win-x86-msi	1.4.29	3.14.5.9	0.10.36	1.2.8	1.0.1r	11	-	-
#7 1.082 v0.10.41	2015-12-03	headers,linux-x64,linux-x86,osx-x64-pkg,osx-x64-tar,osx-x86-tar,src,sunos-x64,sunos-x86,win-x64-exe,win-x86-exe,win-x86-msi	1.4.29	3.14.5.9	0.10.36	1.2.8	1.0.1q	11	-	-
#7 1.082 v0.10.40	2015-07-09	linux-x64,linux-x86,osx-x64-pkg,osx-x64-tar,osx-x86-tar,src,sunos-x64,sunos-x86,win-x64-exe,win-x86-exe,win-x86-msi	1.4.28	3.14.5.9	0.10.36	1.2.8	1.0.1p	11	-	-
#7 1.082 v0.10.39	2015-06-19	linux-x64,linux-x86,osx-x64-pkg,osx-x64-tar,osx-x86-tar,src,sunos-x64,sunos-x86,win-x64-exe,win-x86-exe,win-x86-msi	1.4.28	3.14.5.9	0.10.36	1.2.8	1.0.1o	11	-	-
#7 1.082 v0.10.38	2015-03-23	linux-x64,linux-x86,osx-x64-pkg,osx-x64-tar,osx-x86-tar,src,sunos-x64,sunos-x86,win-x64-exe,win-x86-exe,win-x86-msi	1.4.28	3.14.5.9	0.10.36	1.2.8	1.0.1m	11	-	-
#7 1.082 v0.10.37	2015-03-11	linux-x64,linux-x86,osx-x64-pkg,osx-x64-tar,osx-x86-tar,src,sunos-x64,sunos-x86,win-x64-exe,win-x86-exe,win-x86-msi	1.4.28	3.14.5.9	0.10.36	1.2.8	1.0.1l	11	-	-
#7 1.082 v0.10.36	2015-01-26	linux-x64,linux-x86,osx-x64-pkg,osx-x64-tar,osx-x86-tar,src,sunos-x64,sunos-x86,win-x64-exe,win-x86-exe,win-x86-msi	1.4.28	3.14.5.9	0.10.30	1.2.8	1.0.1l	11	-	-
#7 1.082 v0.10.35	2014-12-22	linux-x64,linux-x86,osx-x64-pkg,osx-x64-tar,osx-x86-tar,src,sunos-x64,sunos-x86,win-x64-exe,win-x86-exe,win-x86-msi	1.4.28	3.14.5.9	0.10.30	1.2.8	1.0.1j	11	-	-
#7 1.082 v0.10.34	2014-12-17	linux-x64,linux-x86,osx-x64-pkg,osx-x64-tar,osx-x86-tar,src,sunos-x64,sunos-x86,win-x64-exe,win-x86-exe,win-x86-msi	1.4.28	3.14.5.9	0.10.30	1.2.8	1.0.1j	11	-	-
#7 1.082 v0.10.33	2014-10-21	linux-x64,linux-x86,osx-x64-pkg,osx-x64-tar,osx-x86-tar,src,sunos-x64,sunos-x86,win-x64-exe,win-x86-exe,win-x86-msi	1.4.28	3.14.5.9	0.10.29	1.2.3	1.0.1j	11	-	-
#7 1.082 v0.10.32	2014-09-16	linux-x64,linux-x86,osx-x64-pkg,osx-x64-tar,osx-x86-tar,src,sunos-x64,sunos-x86,win-x64-exe,win-x86-exe,win-x86-msi	1.4.28	3.14.5.9	0.10.28	1.2.3	1.0.1i	11	-	-
#7 1.082 v0.10.31	2014-08-19	linux-x64,linux-x86,osx-x64-pkg,osx-x64-tar,osx-x86-tar,src,sunos-x64,sunos-x86,win-x64-exe,win-x86-exe,win-x86-msi	1.4.23	3.14.5.9	0.10.28	1.2.3	1.0.1i	11	-	-
#7 1.082 v0.10.30	2014-07-31	linux-x64,linux-x86,osx-x64-pkg,osx-x64-tar,osx-x86-tar,src,sunos-x64,sunos-x86,win-x64-exe,win-x86-exe,win-x86-msi	1.4.21	3.14.5.9	0.10.28	1.2.3	1.0.1h	11	-	-
#7 1.082 v0.10.29	2014-06-09	linux-x64,linux-x86,osx-x64-pkg,osx-x64-tar,osx-x86-tar,src,sunos-x64,sunos-x86,win-x64-exe,win-x86-exe,win-x86-msi	1.4.14	3.14.5.9	0.10.27	1.2.3	1.0.1h	11	-	-
#7 1.082 v0.10.28	2014-05-02	linux-x64,linux-x86,osx-x64-pkg,osx-x64-tar,osx-x86-tar,src,sunos-x64,sunos-x86,win-x64-exe,win-x86-exe,win-x86-msi	1.4.9	3.14.5.9	0.10.27	1.2.3	1.0.1g	11	-	-
#7 1.082 v0.10.27	2014-05-01	linux-x64,linux-x86,osx-x64-pkg,osx-x64-tar,osx-x86-tar,src,sunos-x64,sunos-x86,win-x64-exe,win-x86-exe,win-x86-msi	1.4.8	3.14.5.9	0.10.27	1.2.3	1.0.1g	11	-	-
#7 1.082 v0.10.26	2014-02-18	linux-x64,linux-x86,osx-x64-pkg,osx-x64-tar,osx-x86-tar,src,sunos-x64,sunos-x86,win-x64-exe,win-x86-exe,win-x86-msi	1.4.3	3.14.5.9	0.10.25	1.2.3	1.0.1e	11	-	-
#7 1.082 v0.10.25	2014-01-23	linux-x64,linux-x86,osx-x64-pkg,osx-x64-tar,osx-x86-tar,src,sunos-x64,sunos-x86,win-x64-exe,win-x86-exe,win-x86-msi	1.3.24	3.14.5.9	0.10.23	1.2.3	1.0.1e	11	-	-
#7 1.082 v0.10.24	2013-12-19	linux-x64,linux-x86,osx-x64-pkg,osx-x64-tar,osx-x86-tar,src,sunos-x64,sunos-x86,win-x64-exe,win-x86-exe,win-x86-msi	1.3.21	3.14.5.9	0.10.21	1.2.3	1.0.1e	11	-	-
#7 1.082 v0.10.23	2013-12-12	linux-x64,linux-x86,osx-x64-pkg,osx-x64-tar,osx-x86-tar,src,sunos-x64,sunos-x86,win-x64-exe,win-x86-exe,win-x86-msi	1.3.17	3.14.5.9	0.10.20	1.2.3	1.0.1e	11	-	-
#7 1.082 v0.10.22	2013-11-12	linux-x64,linux-x86,osx-x64-pkg,osx-x64-tar,osx-x86-tar,src,sunos-x64,sunos-x86,win-x64-exe,win-x86-exe,win-x86-msi	1.3.14	3.14.5.9	0.10.19	1.2.3	1.0.1e	11	-	-
#7 1.082 v0.10.21	2013-10-18	linux-x64,linux-x86,osx-x64-pkg,osx-x64-tar,osx-x86-tar,src,sunos-x64,sunos-x86,win-x64-exe,win-x86-exe,win-x86-msi	1.3.11	3.14.5.9	0.10.18	1.2.3	1.0.1e	11	-	-
#7 1.082 v0.10.20	2013-09-30	linux-x64,linux-x86,osx-x64-pkg,osx-x64-tar,osx-x86-tar,src,sunos-x64,sunos-x86,win-x64-exe,win-x86-exe,win-x86-msi	1.3.11	3.14.5.9	0.10.17	1.2.3	1.0.1e	11	-	-
#7 1.082 v0.10.19	2013-09-24	linux-x64,linux-x86,osx-x64-pkg,osx-x64-tar,osx-x86-tar,src,sunos-x64,sunos-x86,win-x64-exe,win-x86-exe,win-x86-msi	1.3.11	3.14.5.9	0.10.17	1.2.3	1.0.1e	11	-	-
#7 1.082 v0.10.18	2013-09-04	linux-x64,linux-x86,osx-x64-pkg,osx-x64-tar,osx-x86-tar,src,sunos-x64,sunos-x86,win-x64-exe,win-x86-exe,win-x86-msi	1.3.8	3.14.5.9	0.10.15	1.2.3	1.0.1e	11	-	-
#7 1.082 v0.10.17	2013-08-21	linux-x64,linux-x86,osx-x64-pkg,osx-x64-tar,osx-x86-tar,src,sunos-x64,sunos-x86,win-x64-exe,win-x86-exe,win-x86-msi	1.3.8	3.14.5.9	0.10.14	1.2.3	1.0.1e	11	-	-
#7 1.082 v0.10.16	2013-08-16	linux-x64,linux-x86,osx-x64-pkg,osx-x64-tar,osx-x86-tar,src,sunos-x64,sunos-x86,win-x64-exe,win-x86-exe,win-x86-msi	1.3.8	3.14.5.9	0.10.13	1.2.3	1.0.1e	11	-	-
#7 1.082 v0.10.15	2013-07-25	linux-x64,linux-x86,osx-x64-pkg,osx-x64-tar,osx-x86-tar,src,sunos-x64,sunos-x86,win-x64-exe,win-x86-exe,win-x86-msi	1.3.5	3.14.5.9	0.10.13	1.2.3	1.0.1e	11	-	-
#7 1.082 v0.10.14	2013-07-25	linux-x64,linux-x86,osx-x64-pkg,osx-x64-tar,osx-x86-tar,src,sunos-x64,sunos-x86,win-x64-exe,win-x86-exe,win-x86-msi	1.3.5	3.14.5.9	0.10.13	1.2.3	1.0.1e	11	-	-
#7 1.082 v0.10.13	2013-07-09	linux-x64,linux-x86,osx-x64-pkg,osx-x64-tar,osx-x86-tar,src,sunos-x64,sunos-x86,win-x64-exe,win-x86-exe,win-x86-msi	1.3.2	3.14.5.9	0.10.12	1.2.3	1.0.1e	11	-	-
#7 1.082 v0.10.12	2013-06-18	linux-x64,linux-x86,osx-x64-pkg,osx-x64-tar,osx-x86-tar,src,sunos-x64,sunos-x86,win-x64-exe,win-x86-exe,win-x86-msi	1.2.32	3.14.5.9	0.10.11	1.2.3	1.0.1e	11	-	-
#7 1.082 v0.10.11	2013-06-13	linux-x64,linux-x86,osx-x64-pkg,osx-x64-tar,osx-x86-tar,src,sunos-x64,sunos-x86,win-x64-exe,win-x86-exe,win-x86-msi	1.2.30	3.14.5.9	0.10.11	1.2.3	1.0.1e	11	-	-
#7 1.082 v0.10.10	2013-06-04	linux-x64,linux-x86,osx-x64-pkg,osx-x64-tar,osx-x86-tar,src,sunos-x64,sunos-x86,win-x64-exe,win-x86-exe,win-x86-msi	1.2.25	3.14.5.9	0.10.10	1.2.3	1.0.1e	11	-	-
#7 1.082 v0.10.9	2013-05-30	linux-x64,linux-x86,osx-x64-pkg,osx-x64-tar,osx-x86-tar,src,sunos-x64,sunos-x86,win-x64-exe,win-x86-exe,win-x86-msi	1.2.24	3.14.5.9	0.10.9	1.2.3	1.0.1e	11	-	-
#7 1.082 v0.10.8	2013-05-24	linux-x64,linux-x86,osx-x64-pkg,osx-x64-tar,osx-x86-tar,src,sunos-x64,sunos-x86,win-x64-exe,win-x86-exe,win-x86-msi	1.2.23	3.14.5.9	0.10.8	1.2.3	1.0.1e	11	-	-
#7 1.082 v0.10.7	2013-05-17	linux-x64,linux-x86,osx-x64-pkg,osx-x64-tar,osx-x86-tar,src,sunos-x64,sunos-x86,win-x64-exe,win-x86-exe,win-x86-msi	1.2.21	3.14.5.8	0.10.7	1.2.3	1.0.1e	11	-	-
#7 1.082 v0.10.6	2013-05-14	linux-x64,linux-x86,osx-x64-pkg,osx-x64-tar,osx-x86-tar,src,sunos-x64,sunos-x86,win-x64-exe,win-x86-exe,win-x86-msi	1.2.18	3.14.5.8	0.10.5	1.2.3	1.0.1e	11	-	-
#7 1.082 v0.10.5	2013-04-23	linux-x64,linux-x86,osx-x64-pkg,osx-x64-tar,osx-x86-tar,src,sunos-x64,sunos-x86,win-x64-exe,win-x86-exe,win-x86-msi	1.2.18	3.14.5.8	0.10.5	1.2.3	1.0.1e	11	-	-
#7 1.082 v0.10.4	2013-04-11	linux-x64,linux-x86,osx-x64-pkg,osx-x64-tar,osx-x86-tar,src,sunos-x64,sunos-x86,win-x64-exe,win-x86-exe,win-x86-msi	1.2.18	3.14.5.8	0.10.4	1.2.3	1.0.1e	11	-	-
#7 1.082 v0.10.3	2013-04-03	linux-x64,linux-x86,osx-x64-pkg,osx-x64-tar,osx-x86-tar,src,sunos-x64,sunos-x86,win-x64-exe,win-x86-exe,win-x86-msi	1.2.17	3.14.5.8	0.10.3	1.2.3	1.0.1e	0x000B	-	-
#7 1.082 v0.10.2	2013-03-28	linux-x64,linux-x86,osx-x64-pkg,osx-x64-tar,osx-x86-tar,src,sunos-x64,sunos-x86,win-x64-exe,win-x86-exe,win-x86-msi	1.2.15	3.14.5.8	0.10.3	1.2.3	1.0.1e	0x000B	-	-
#7 1.082 v0.10.1	2013-03-21	linux-x64,linux-x86,osx-x64-pkg,osx-x64-tar,osx-x86-tar,src,sunos-x64,sunos-x86,win-x64-exe,win-x86-exe,win-x86-msi	1.2.15	3.14.5.8	0.10	1.2.3	1.0.1e	0x000B	-	-
#7 1.082 v0.10.0	2013-03-11	linux-x64,linux-x86,osx-x64-pkg,osx-x64-tar,osx-x86-tar,src,sunos-x64,sunos-x86,win-x64-exe,win-x86-exe,win-x86-msi	1.2.14	3.14.5.8	0.9	1.2.3	1.0.1e	0x000B	-	-
#7 1.082 v0.9.12	2013-03-06	linux-x64,linux-x86,osx-x64-pkg,osx-x64-tar,osx-x86-tar,src,sunos-x64,sunos-x86,win-x64-exe,win-x86-exe,win-x86-msi	1.2.12	3.14.5.8	0.9	1.2.3	1.0.1e	0x000B	-	-
#7 1.082 v0.9.11	2013-03-01	linux-x64,linux-x86,osx-x64-pkg,osx-x64-tar,osx-x86-tar,src,sunos-x64,sunos-x86,win-x64-exe,win-x86-exe,win-x86-msi	1.2.12	3.14.5.0	0.9	1.2.3	1.0.1e	0x000B	-	-
#7 1.082 v0.9.10	2013-02-19	linux-x64,linux-x86,osx-x64-pkg,osx-x64-tar,osx-x86-tar,src,sunos-x64,sunos-x86,win-x64-exe,win-x86-exe,win-x86-msi	1.2.12	3.15.11.15	0.9	1.2.3	1.0.1c	0x000B	-	-
#7 1.082 v0.9.9	2013-02-07	linux-x64,linux-x86,osx-x64-pkg,osx-x64-tar,osx-x86-tar,src,sunos-x64,sunos-x86,win-x64-exe,win-x86-exe,win-x86-msi	1.2.10	3.15.11.10	0.9	1.2.3	1.0.1c	0x000B	-	-
#7 1.082 v0.9.8	2013-01-24	linux-x64,linux-x86,osx-x64-pkg,osx-x64-tar,osx-x86-tar,src,sunos-x64,sunos-x86,win-x64-exe,win-x86-exe,win-x86-msi	1.2.3	3.15.11.10	0.9	1.2.3	1.0.1c	0x000A	-	-
#7 1.082 v0.9.7	2013-01-18	linux-x64,linux-x86,osx-x64-pkg,osx-x64-tar,osx-x86-tar,src,sunos-x64,sunos-x86,win-x64-exe,win-x86-exe,win-x86-msi	1.2.2	3.15.11.7	0.9	1.2.3	1.0.1c	0x000A	-	-
#7 1.082 v0.9.6	2013-01-11	linux-x64,linux-x86,osx-x64-pkg,osx-x64-tar,osx-x86-tar,src,sunos-x64,sunos-x86,win-x64-exe,win-x86-exe,win-x86-msi	1.2.0	3.15.11.5	0.9	1.2.3	1.0.1c	0x000A	-	-
#7 1.082 v0.9.5	2012-12-30	linux-x64,linux-x86,osx-x64-tar,osx-x86-tar,src,sunos-x64,sunos-x86,win-x64-exe,win-x86-exe,win-x86-msi	1.1.70	3.13.7.4	0.9	1.2.3	1.0.1c	0x000A	-	-
#7 1.082 v0.9.4	2012-12-21	linux-x64,linux-x86,osx-x64-pkg,osx-x64-tar,osx-x86-tar,src,sunos-x64,sunos-x86,win-x64-exe,win-x86-exe,win-x86-msi	1.1.70	3.13.7.4	0.9	1.2.3	1.0.1c	0x000A	-	-
#7 1.082 v0.9.3	2012-10-24	linux-x64,linux-x86,osx-x64-pkg,osx-x64-tar,osx-x86-tar,src,sunos-x64,sunos-x86,win-x64-exe,win-x86-exe,win-x86-msi	1.1.64	3.13.7.4	0.9	1.2.3	1.0.1c	0x000A	-	-
#7 1.082 v0.9.2	2012-09-17	linux-x64,linux-x86,osx-x64-pkg,osx-x64-tar,osx-x86-tar,src,sunos-x64,sunos-x86,win-x64-exe,win-x86-exe,win-x86-msi	1.1.61	3.11.10.22	0.9	1.2.3	1.0.1c	0x000A	-	-
#7 1.082 v0.9.1	2012-08-28	linux-x64,linux-x86,osx-x64-pkg,osx-x64-tar,osx-x86-tar,src,sunos-x64,sunos-x86,win-x64-exe,win-x86-exe,win-x86-msi	1.1.59	3.11.10.19	0.9	1.2.3	1.0.0f	0x000A	-	-
#7 1.082 v0.9.0	2012-07-20	osx-x64-pkg,src,win-x64-exe,win-x86-exe,win-x86-msi	1.1.44	3.11.10.15	0.9	1.2.3	1.0.0f	1	-	-
#7 1.082 v0.8.28	2014-07-31	linux-x64,linux-x86,osx-x64-tar,osx-x86-tar,src,sunos-x64,sunos-x86,win-x64-exe,win-x86-exe,win-x86-msi	1.2.30	3.11.10.26	0.8	1.2.3	1.0.0f	1	-	-
#7 1.082 v0.8.27	2014-06-09	linux-x64,linux-x86,osx-x64-pkg,osx-x64-tar,osx-x86-tar,src,sunos-x64,sunos-x86,win-x86-msi	1.2.30	3.11.10.26	0.8	1.2.3	1.0.0f	1	-	-
#7 1.082 v0.8.26	2013-10-18	linux-x64,linux-x86,osx-x64-pkg,osx-x64-tar,osx-x86-tar,src,sunos-x64,sunos-x86,win-x64-exe,win-x86-exe,win-x86-msi	1.2.30	3.11.10.26	0.8	1.2.3	1.0.0f	1	-	-
#7 1.082 v0.8.25	2013-06-13	linux-x64,linux-x86,osx-x64-pkg,osx-x64-tar,osx-x86-tar,src,sunos-x64,sunos-x86,win-x64-exe,win-x86-exe,win-x86-msi	1.2.30	3.11.10.25	0.8	1.2.3	1.0.0f	1	-	-
#7 1.082 v0.8.24	2013-06-03	linux-x64,linux-x86,osx-x64-pkg,osx-x64-tar,osx-x86-tar,src,sunos-x64,sunos-x86,win-x64-exe,win-x86-exe,win-x86-msi	1.2.24	3.11.10.25	0.8	1.2.3	1.0.0f	1	-	-
#7 1.082 v0.8.23	2013-04-09	linux-x64,linux-x86,osx-x64-pkg,osx-x64-tar,osx-x86-tar,src,sunos-x64,sunos-x86,win-x64-exe,win-x86-exe,win-x86-msi	1.2.18	3.11.10.25	0.8	1.2.3	1.0.0f	1	-	-
#7 1.082 v0.8.22	2013-03-06	linux-x64,linux-x86,osx-x64-pkg,osx-x64-tar,osx-x86-tar,src,sunos-x64,sunos-x86,win-x64-exe,win-x86-exe,win-x86-msi	1.2.14	3.11.10.25	0.8	1.2.3	1.0.0f	1	-	-
#7 1.082 v0.8.21	2013-02-25	linux-x64,linux-x86,osx-x64-pkg,osx-x64-tar,osx-x86-tar,src,sunos-x64,sunos-x86,win-x64-exe,win-x86-exe,win-x86-msi	1.2.11	3.11.10.25	0.8	1.2.3	1.0.0f	1	-	-
#7 1.082 v0.8.20	2013-02-15	linux-x64,linux-x86,osx-x64-pkg,osx-x64-tar,osx-x86-tar,src,sunos-x64,sunos-x86,win-x64-exe,win-x86-exe,win-x86-msi	1.2.11	3.11.10.25	0.8	1.2.3	1.0.0f	1	-	-
#7 1.082 v0.8.19	2013-02-06	linux-x64,linux-x86,osx-x64-pkg,osx-x64-tar,osx-x86-tar,src,sunos-x64,sunos-x86,win-x64-exe,win-x86-exe,win-x86-msi	1.2.10	3.11.10.25	0.8	1.2.3	1.0.0f	1	-	-
#7 1.082 v0.8.18	2013-01-18	linux-x64,linux-x86,osx-x64-pkg,osx-x64-tar,osx-x86-tar,src,sunos-x64,sunos-x86,win-x64-exe,win-x86-exe,win-x86-msi	1.2.2	3.11.10.25	0.8	1.2.3	1.0.0f	1	-	-
#7 1.082 v0.8.17	2013-01-10	linux-x64,linux-x86,osx-x64-pkg,osx-x64-tar,osx-x86-tar,src,sunos-x64,sunos-x86,win-x64-exe,win-x86-exe,win-x86-msi	1.2.0	3.11.10.25	0.8	1.2.3	1.0.0f	1	-	-
#7 1.082 v0.8.16	2012-12-12	linux-x64,linux-x86,osx-x64-pkg,osx-x64-tar,osx-x86-tar,src,sunos-x64,sunos-x86,win-x64-exe,win-x86-exe,win-x86-msi	1.1.69	3.11.10.25	0.8	1.2.3	1.0.0f	1	-	-
#7 1.082 v0.8.15	2012-11-26	linux-x64,linux-x86,osx-x64-pkg,osx-x64-tar,osx-x86-tar,src,sunos-x64,sunos-x86,win-x64-exe,win-x86-exe,win-x86-msi	1.1.66	3.11.10.25	0.8	1.2.3	1.0.0f	1	-	-
#7 1.082 v0.8.14	2012-10-25	linux-x64,linux-x86,osx-x64-pkg,osx-x64-tar,osx-x86-tar,src,sunos-x64,sunos-x86,win-x64-exe,win-x86-exe,win-x86-msi	1.1.65	3.11.10.25	0.8	1.2.3	1.0.0f	1	-	-
#7 1.082 v0.8.13	2012-10-25	linux-x64,linux-x86,osx-x64-pkg,osx-x64-tar,osx-x86-tar,src,sunos-x64,sunos-x86,win-x64-exe,win-x86-exe,win-x86-msi	1.1.65	3.11.10.25	0.8	1.2.3	1.0.0f	1	-	-
#7 1.082 v0.8.12	2012-10-11	linux-x64,linux-x86,osx-x64-pkg,osx-x64-tar,osx-x86-tar,src,sunos-x64,sunos-x86,win-x64-exe,win-x86-exe,win-x86-msi	1.1.63	3.11.10.22	0.8	1.2.3	1.0.0f	1	-	-
#7 1.082 v0.8.11	2012-09-27	linux-x64,linux-x86,osx-x64-pkg,osx-x64-tar,osx-x86-tar,src,sunos-x64,sunos-x86,win-x64-exe,win-x86-exe,win-x86-msi	1.1.62	3.11.10.22	0.8	1.2.3	1.0.0f	1	-	-
#7 1.082 v0.8.10	2012-09-25	linux-x64,linux-x86,osx-x64-pkg,osx-x64-tar,osx-x86-tar,src,sunos-x64,sunos-x86,win-x64-exe,win-x86-exe,win-x86-msi	1.1.62	3.11.10.22	0.8	1.2.3	1.0.0f	1	-	-
#7 1.082 v0.8.9	2012-09-11	linux-x64,linux-x86,osx-x64-pkg,osx-x64-tar,osx-x86-tar,src,sunos-x64,sunos-x86,win-x64-exe,win-x86-exe,win-x86-msi	1.1.61	3.11.10.22	0.8	1.2.3	1.0.0f	1	-	-
#7 1.082 v0.8.8	2012-08-22	linux-x64,linux-x86,osx-x64-pkg,osx-x64-tar,osx-x86-tar,src,sunos-x64,sunos-x86,win-x64-exe,win-x64-msi,win-x86-exe,win-x86-msi	1.1.59	3.11.10.19	0.8	1.2.3	1.0.0f	1	-	-
#7 1.082 v0.8.7	2012-08-15	linux-x64,linux-x86,osx-x64-pkg,osx-x64-tar,osx-x86-tar,src,sunos-x64,sunos-x86,win-x64-exe,win-x86-exe,win-x86-msi	1.1.49	3.11.10.17	0.8	1.2.3	1.0.0f	1	-	-
#7 1.082 v0.8.6	2012-08-06	linux-x64,linux-x86,osx-x64-pkg,osx-x64-tar,osx-x86-tar,src,sunos-x64,sunos-x86,win-x64-exe,win-x86-exe,win-x86-msi	1.1.48	3.11.10.17	0.8	1.2.3	1.0.0f	1	-	-
#7 1.082 v0.8.5	2012-08-02	osx-x64-pkg,src,win-x64-exe,win-x86-exe,win-x86-msi	1.1.46	3.11.10.17	0.8	1.2.3	1.0.0f	1	-	-
#7 1.082 v0.8.4	2012-07-24	osx-x64-pkg,src,win-x64-exe,win-x86-exe,win-x86-msi	1.1.45	3.11.10.17	0.8	1.2.3	1.0.0f	1	-	-
#7 1.082 v0.8.3	2012-07-17	osx-x64-pkg,src,win-x64-exe,win-x86-exe,win-x86-msi	1.1.43	3.11.10.15	0.8	1.2.3	1.0.0f	1	-	-
#7 1.082 v0.8.2	2012-07-09	osx-x64-pkg,src,win-x64-exe,win-x86-exe,win-x86-msi	1.1.36	3.11.10.14	0.8	1.2.3	1.0.0f	1	-	-
#7 1.082 v0.8.1	2012-06-29	osx-x64-pkg,src,win-x64-exe,win-x86-exe,win-x86-msi	1.1.33	3.11.10.12	0.8	1.2.3	1.0.0f	1	-	-
#7 1.082 v0.8.0	2012-06-22	osx-x64-pkg,src,win-x64-exe,win-x86-exe,win-x86-msi	1.1.32	3.11.10.10	0.8	1.2.3	1.0.0f	1	-	-
#7 1.082 v0.7.12	2012-06-19	osx-x64-pkg,src,win-x64-exe,win-x86-exe,win-x86-msi	1.1.30	3.11.10.0	0.6	1.2.3	1.0.0f	1	-	-
#7 1.082 v0.7.11	2012-06-15	osx-x64-pkg,src,win-x64-exe,win-x64-msi,win-x86-exe,win-x86-msi	1.1.26	3.11.10.0	0.6	1.2.3	1.0.0f	1	-	-
#7 1.082 v0.7.10	2012-06-11	osx-x64-pkg,src,win-x64-exe,win-x86-exe	1.1.25	3.9.24.31	0.6	1.2.3	1.0.0f	1	-	-
#7 1.082 v0.7.9	2012-05-29	osx-x64-pkg,src,win-x64-exe,win-x86-exe	1.1.23	3.11.1.0	0.6	1.2.3	1.0.0f	1	-	-
#7 1.082 v0.7.8	2012-04-18	osx-x64-pkg,src,win-x64-exe,win-x86-exe	1.1.18	3.9.24.9	0.6	1.2.3	1.0.0f	1	-	-
#7 1.082 v0.7.7	2012-03-30	osx-x64-pkg,src,win-x64-exe,win-x86-exe	1.1.15	3.9.24.7	0.6	1.2.3	0.9.8r	1	-	-
#7 1.082 v0.7.6	2012-03-13	osx-x64-pkg,src,win-x64-exe,win-x86-exe	1.1.8	3.9.17.0	0.6	1.2.3	0.9.8r	1	-	-
#7 1.082 v0.7.5	2012-02-23	osx-x64-pkg,src,win-x64-exe,win-x86-exe	1.1.1	3.9.5.0	0.6	1.2.3	0.9.8r	1	-	-
#7 1.082 v0.7.4	2012-02-14	osx-x64-pkg,src,win-x64-exe,win-x86-exe	1.1.1	3.9.5.0	0.6	1.2.3	0.9.8r	1	-	-
#7 1.082 v0.7.3	
#7 1.082 [output clipped, log limit 200KiB/s reached]
#7 1.446 ++++ read -r LTS_ALIAS_LINE
#7 1.446 ++++ LTS_ALIAS=lts/jod
#7 1.446 ++++ LTS_VERSION=v22.14.0
#7 1.446 ++++ nvm_make_alias lts/jod v22.14.0
#7 1.771 ++++ read -r LTS_ALIAS_LINE
#7 1.771 ++++ LTS_ALIAS=lts/iron
#7 1.771 ++++ LTS_VERSION=v20.19.0
#7 1.771 ++++ nvm_make_alias lts/iron v20.19.0
#7 2.079 ++++ read -r LTS_ALIAS_LINE
#7 2.079 ++++ LTS_ALIAS=lts/hydrogen
#7 2.079 ++++ LTS_VERSION=v18.20.8
#7 2.079 ++++ nvm_make_alias lts/hydrogen v18.20.8
#7 2.299 ++++ read -r LTS_ALIAS_LINE
#7 2.299 ++++ LTS_ALIAS=lts/gallium
#7 2.299 ++++ LTS_VERSION=v16.20.2
#7 2.299 ++++ nvm_make_alias lts/gallium v16.20.2
#7 2.540 ++++ read -r LTS_ALIAS_LINE
#7 2.540 ++++ LTS_ALIAS=lts/fermium
#7 2.540 ++++ LTS_VERSION=v14.21.3
#7 2.540 ++++ nvm_make_alias lts/fermium v14.21.3
#7 2.765 ++++ read -r LTS_ALIAS_LINE
#7 2.765 ++++ LTS_ALIAS=lts/erbium
#7 2.765 ++++ LTS_VERSION=v12.22.12
#7 2.765 ++++ nvm_make_alias lts/erbium v12.22.12
#7 2.976 ++++ read -r LTS_ALIAS_LINE
#7 2.976 ++++ LTS_ALIAS=lts/dubnium
#7 2.976 ++++ LTS_VERSION=v10.24.1
#7 2.976 ++++ nvm_make_alias lts/dubnium v10.24.1
#7 3.276 ++++ read -r LTS_ALIAS_LINE
#7 3.276 ++++ LTS_ALIAS=lts/carbon
#7 3.276 ++++ LTS_VERSION=v8.17.0
#7 3.276 ++++ nvm_make_alias lts/carbon v8.17.0
#7 3.612 ++++ read -r LTS_ALIAS_LINE
#7 3.612 ++++ LTS_ALIAS=lts/boron
#7 3.612 ++++ LTS_VERSION=v6.17.1
#7 3.612 ++++ nvm_make_alias lts/boron v6.17.1
#7 3.887 ++++ read -r LTS_ALIAS_LINE
#7 3.887 ++++ LTS_ALIAS=lts/argon
#7 3.887 ++++ LTS_VERSION=v4.9.1
#7 3.887 ++++ nvm_make_alias lts/argon v4.9.1
#7 4.210 ++++ read -r LTS_ALIAS_LINE
#7 4.210 ++++ '[' -n '' ']'
#7 4.213 +++++ command awk -v lts= '{
#7 4.213         if (!$1) { next }
#7 4.213         if (lts && $10 ~ /^\-?$/) { next }
#7 4.213         if (lts && lts != "*" && tolower($10) !~ tolower(lts)) { next }
#7 4.213         if ($10 !~ /^\-?$/) {
#7 4.213           if ($10 && $10 != prev) {
#7 4.213             print $1, $10, "*"
#7 4.213           } else {
#7 4.213             print $1, $10
#7 4.213           }
#7 4.213         } else {
#7 4.213           print $1
#7 4.213         }
#7 4.213         prev=$10;
#7 4.213       }'
#7 4.213 +++++ awk -v lts= '{
#7 4.213         if (!$1) { next }
#7 4.213         if (lts && $10 ~ /^\-?$/) { next }
#7 4.213         if (lts && lts != "*" && tolower($10) !~ tolower(lts)) { next }
#7 4.213         if ($10 !~ /^\-?$/) {
#7 4.213           if ($10 && $10 != prev) {
#7 4.213             print $1, $10, "*"
#7 4.213           } else {
#7 4.213             print $1, $10
#7 4.213           }
#7 4.213         } else {
#7 4.213           print $1
#7 4.213         }
#7 4.213         prev=$10;
#7 4.213       }'
#7 4.214 +++++ nvm_grep -w v20
#7 4.214 +++++ GREP_OPTIONS=
#7 4.214 +++++ command grep -w v20
#7 4.214 +++++ grep -w v20
#7 4.214 +++++ command sort -t. -u -k 1.2,1n -k 2,2n -k 3,3n
#7 4.214 +++++ sort -t. -u -k 1.2,1n -k 2,2n -k 3,3n
#7 4.219 ++++ VERSIONS='v20.0.0
#7 4.219 v20.1.0
#7 4.219 v20.2.0
#7 4.219 v20.3.0
#7 4.219 v20.3.1
#7 4.219 v20.4.0
#7 4.219 v20.5.0
#7 4.219 v20.5.1
#7 4.219 v20.6.0
#7 4.219 v20.6.1
#7 4.219 v20.7.0
#7 4.219 v20.8.0
#7 4.219 v20.8.1
#7 4.219 v20.9.0 Iron
#7 4.219 v20.10.0 Iron
#7 4.219 v20.11.0 Iron
#7 4.219 v20.11.1 Iron
#7 4.219 v20.12.0 Iron
#7 4.219 v20.12.1 Iron
#7 4.219 v20.12.2 Iron
#7 4.219 v20.13.0 Iron
#7 4.219 v20.13.1 Iron
#7 4.219 v20.14.0 Iron
#7 4.219 v20.15.0 Iron
#7 4.219 v20.15.1 Iron
#7 4.219 v20.16.0 Iron
#7 4.219 v20.17.0 Iron
#7 4.219 v20.18.0 Iron
#7 4.219 v20.18.1 Iron
#7 4.219 v20.18.2 Iron
#7 4.219 v20.18.3 Iron
#7 4.219 v20.19.0 Iron *'
#7 4.219 ++++ '[' -z 'v20.0.0
#7 4.219 v20.1.0
#7 4.219 v20.2.0
#7 4.219 v20.3.0
#7 4.219 v20.3.1
#7 4.219 v20.4.0
#7 4.219 v20.5.0
#7 4.219 v20.5.1
#7 4.219 v20.6.0
#7 4.219 v20.6.1
#7 4.219 v20.7.0
#7 4.219 v20.8.0
#7 4.219 v20.8.1
#7 4.219 v20.9.0 Iron
#7 4.219 v20.10.0 Iron
#7 4.219 v20.11.0 Iron
#7 4.219 v20.11.1 Iron
#7 4.219 v20.12.0 Iron
#7 4.219 v20.12.1 Iron
#7 4.219 v20.12.2 Iron
#7 4.219 v20.13.0 Iron
#7 4.219 v20.13.1 Iron
#7 4.219 v20.14.0 Iron
#7 4.219 v20.15.0 Iron
#7 4.219 v20.15.1 Iron
#7 4.219 v20.16.0 Iron
#7 4.219 v20.17.0 Iron
#7 4.219 v20.18.0 Iron
#7 4.219 v20.18.1 Iron
#7 4.219 v20.18.2 Iron
#7 4.219 v20.18.3 Iron
#7 4.219 v20.19.0 Iron *' ']'
#7 4.219 ++++ nvm_echo 'v20.0.0
#7 4.219 v20.1.0
#7 4.219 v20.2.0
#7 4.219 v20.3.0
#7 4.219 v20.3.1
#7 4.219 v20.4.0
#7 4.219 v20.5.0
#7 4.219 v20.5.1
#7 4.219 v20.6.0
#7 4.219 v20.6.1
#7 4.219 v20.7.0
#7 4.219 v20.8.0
#7 4.219 v20.8.1
#7 4.219 v20.9.0 Iron
#7 4.219 v20.10.0 Iron
#7 4.219 v20.11.0 Iron
#7 4.219 v20.11.1 Iron
#7 4.219 v20.12.0 Iron
#7 4.219 v20.12.1 Iron
#7 4.219 v20.12.2 Iron
#7 4.219 v20.13.0 Iron
#7 4.219 v20.13.1 Iron
#7 4.219 v20.14.0 Iron
#7 4.219 v20.15.0 Iron
#7 4.219 v20.15.1 Iron
#7 4.219 v20.16.0 Iron
#7 4.219 v20.17.0 Iron
#7 4.219 v20.18.0 Iron
#7 4.219 v20.18.1 Iron
#7 4.219 v20.18.2 Iron
#7 4.219 v20.18.3 Iron
#7 4.219 v20.19.0 Iron *'
#7 4.219 ++++ command printf '%s\n' 'v20.0.0
#7 4.219 v20.1.0
#7 4.219 v20.2.0
#7 4.219 v20.3.0
#7 4.219 v20.3.1
#7 4.219 v20.4.0
#7 4.219 v20.5.0
#7 4.219 v20.5.1
#7 4.219 v20.6.0
#7 4.219 v20.6.1
#7 4.219 v20.7.0
#7 4.219 v20.8.0
#7 4.219 v20.8.1
#7 4.219 v20.9.0 Iron
#7 4.219 v20.10.0 Iron
#7 4.219 v20.11.0 Iron
#7 4.219 v20.11.1 Iron
#7 4.219 v20.12.0 Iron
#7 4.219 v20.12.1 Iron
#7 4.219 v20.12.2 Iron
#7 4.219 v20.13.0 Iron
#7 4.219 v20.13.1 Iron
#7 4.219 v20.14.0 Iron
#7 4.219 v20.15.0 Iron
#7 4.219 v20.15.1 Iron
#7 4.219 v20.16.0 Iron
#7 4.219 v20.17.0 Iron
#7 4.219 v20.18.0 Iron
#7 4.219 v20.18.1 Iron
#7 4.219 v20.18.2 Iron
#7 4.219 v20.18.3 Iron
#7 4.219 v20.19.0 Iron *'
#7 4.220 +++ NVM_LS_REMOTE_OUTPUT='v20.0.0
#7 4.220 v20.1.0
#7 4.220 v20.2.0
#7 4.220 v20.3.0
#7 4.220 v20.3.1
#7 4.220 v20.4.0
#7 4.220 v20.5.0
#7 4.220 v20.5.1
#7 4.220 v20.6.0
#7 4.220 v20.6.1
#7 4.220 v20.7.0
#7 4.220 v20.8.0
#7 4.220 v20.8.1
#7 4.220 v20.9.0 Iron
#7 4.220 v20.10.0 Iron
#7 4.220 v20.11.0 Iron
#7 4.220 v20.11.1 Iron
#7 4.220 v20.12.0 Iron
#7 4.220 v20.12.1 Iron
#7 4.220 v20.12.2 Iron
#7 4.220 v20.13.0 Iron
#7 4.220 v20.13.1 Iron
#7 4.220 v20.14.0 Iron
#7 4.220 v20.15.0 Iron
#7 4.220 v20.15.1 Iron
#7 4.220 v20.16.0 Iron
#7 4.220 v20.17.0 Iron
#7 4.220 v20.18.0 Iron
#7 4.220 v20.18.1 Iron
#7 4.220 v20.18.2 Iron
#7 4.220 v20.18.3 Iron
#7 4.220 v20.19.0 Iron * '
#7 4.220 +++ :
#7 4.220 +++ NVM_LS_REMOTE_EXIT_CODE=0
#7 4.220 +++ NVM_LS_REMOTE_PRE_MERGED_OUTPUT='v20.0.0
#7 4.220 v20.1.0
#7 4.220 v20.2.0
#7 4.220 v20.3.0
#7 4.220 v20.3.1
#7 4.220 v20.4.0
#7 4.220 v20.5.0
#7 4.220 v20.5.1
#7 4.220 v20.6.0
#7 4.220 v20.6.1
#7 4.220 v20.7.0
#7 4.220 v20.8.0
#7 4.220 v20.8.1
#7 4.220 v20.9.0 Iron
#7 4.220 v20.10.0 Iron
#7 4.220 v20.11.0 Iron
#7 4.220 v20.11.1 Iron
#7 4.220 v20.12.0 Iron
#7 4.220 v20.12.1 Iron
#7 4.220 v20.12.2 Iron
#7 4.220 v20.13.0 Iron
#7 4.220 v20.13.1 Iron
#7 4.220 v20.14.0 Iron
#7 4.220 v20.15.0 Iron
#7 4.220 v20.15.1 Iron
#7 4.220 v20.16.0 Iron
#7 4.220 v20.17.0 Iron
#7 4.220 v20.18.0 Iron
#7 4.220 v20.18.1 Iron
#7 4.220 v20.18.2 Iron
#7 4.220 v20.18.3 Iron
#7 4.220 v20.19.0 Iron * '
#7 4.220 +++ NVM_LS_REMOTE_POST_MERGED_OUTPUT=
#7 4.220 +++ local NVM_LS_REMOTE_IOJS_EXIT_CODE
#7 4.220 +++ NVM_LS_REMOTE_IOJS_EXIT_CODE=0
#7 4.220 +++ local NVM_LS_REMOTE_IOJS_OUTPUT
#7 4.220 +++ NVM_LS_REMOTE_IOJS_OUTPUT=
#7 4.220 +++ '[' -z '' ']'
#7 4.220 +++ '[' -z '' ']'
#7 4.221 ++++ nvm_ls_remote_iojs 20
#7 4.221 ++++ NVM_LTS=
#7 4.221 ++++ nvm_ls_remote_index_tab iojs std 20
#7 4.221 ++++ local LTS
#7 4.221 ++++ LTS=
#7 4.221 ++++ '[' 3 -lt 3 ']'
#7 4.221 ++++ local FLAVOR
#7 4.221 ++++ FLAVOR=iojs
#7 4.221 ++++ local TYPE
#7 4.221 ++++ TYPE=std
#7 4.221 ++++ local MIRROR
#7 4.221 +++++ nvm_get_mirror iojs std
#7 4.221 +++++ case "${1}-${2}" in
#7 4.221 +++++ nvm_echo https://iojs.org/dist
#7 4.221 +++++ command printf '%s\n' https://iojs.org/dist
#7 4.222 ++++ MIRROR=https://iojs.org/dist
#7 4.222 ++++ '[' -z https://iojs.org/dist ']'
#7 4.222 ++++ local PREFIX
#7 4.222 ++++ PREFIX=
#7 4.222 ++++ case "${FLAVOR}-${TYPE}" in
#7 4.222 +++++ nvm_iojs_prefix
#7 4.222 +++++ nvm_echo iojs
#7 4.222 +++++ command printf '%s\n' iojs
#7 4.223 ++++ PREFIX=iojs-
#7 4.223 ++++ local SORT_COMMAND
#7 4.223 ++++ SORT_COMMAND='command sort'
#7 4.223 ++++ case "${FLAVOR}" in
#7 4.223 ++++ local PATTERN
#7 4.223 ++++ PATTERN=20
#7 4.223 ++++ '[' 0 = . ']'
#7 4.223 ++++ local VERSIONS
#7 4.223 ++++ '[' -n 20 ']'
#7 4.223 ++++ '[' 20 '!=' '*' ']'
#7 4.223 ++++ '[' iojs = iojs ']'
#7 4.224 ++++++ nvm_strip_iojs_prefix 20
#7 4.224 ++++++ local NVM_IOJS_PREFIX
#7 4.224 +++++++ nvm_iojs_prefix
#7 4.224 +++++++ nvm_echo iojs
#7 4.224 +++++++ command printf '%s\n' iojs
#7 4.225 ++++++ NVM_IOJS_PREFIX=iojs
#7 4.225 ++++++ '[' 20 = iojs ']'
#7 4.225 ++++++ nvm_echo 20
#7 4.225 ++++++ command printf '%s\n' 20
#7 4.225 +++++ nvm_ensure_version_prefix 20
#7 4.225 +++++ local NVM_VERSION
#7 4.226 ++++++ nvm_strip_iojs_prefix 20
#7 4.226 ++++++ local NVM_IOJS_PREFIX
#7 4.226 ++++++ command sed -e 's/^\([0-9]\)/v\1/g'
#7 4.226 ++++++ sed -e 's/^\([0-9]\)/v\1/g'
#7 4.227 +++++++ nvm_iojs_prefix
#7 4.227 +++++++ nvm_echo iojs
#7 4.227 +++++++ command printf '%s\n' iojs
#7 4.227 ++++++ NVM_IOJS_PREFIX=iojs
#7 4.227 ++++++ '[' 20 = iojs ']'
#7 4.227 ++++++ nvm_echo 20
#7 4.227 ++++++ command printf '%s\n' 20
#7 4.229 +++++ NVM_VERSION=v20
#7 4.229 +++++ nvm_is_iojs_version 20
#7 4.229 +++++ case "${1-}" in
#7 4.229 +++++ return 1
#7 4.229 +++++ nvm_echo v20
#7 4.229 +++++ command printf '%s\n' v20
#7 4.229 ++++ PATTERN=v20
#7 4.229 ++++ nvm_is_zsh
#7 4.229 ++++ '[' -n '' ']'
#7 4.229 ++++ local VERSION_LIST
#7 4.230 +++++ nvm_download -L -s https://iojs.org/dist/index.tab -o -
#7 4.230 +++++ local CURL_COMPRESSED_FLAG
#7 4.230 +++++ nvm_has curl
#7 4.230 +++++ type curl
#7 4.230 +++++ command sed '
#7 4.230         1d;
#7 4.230         s/^/iojs-/;
#7 4.230       '
#7 4.231 +++++ nvm_curl_use_compression
#7 4.231 +++++ nvm_curl_libz_support
#7 4.231 +++++ sed '
#7 4.231         1d;
#7 4.231         s/^/iojs-/;
#7 4.231       '
#7 4.231 +++++ curl -V
#7 4.231 +++++ nvm_grep '^Features:'
#7 4.231 +++++ GREP_OPTIONS=
#7 4.231 +++++ command grep '^Features:'
#7 4.231 +++++ grep '^Features:'
#7 4.232 +++++ nvm_grep -q libz
#7 4.232 +++++ GREP_OPTIONS=
#7 4.232 +++++ command grep -q libz
#7 4.232 +++++ grep -q libz
#7 4.239 ++++++ nvm_curl_version
#7 4.239 ++++++ curl -V
#7 4.240 ++++++ command awk '{ if ($1 == "curl") print $2 }'
#7 4.240 ++++++ awk '{ if ($1 == "curl") print $2 }'
#7 4.240 ++++++ command sed 's/-.*$//g'
#7 4.240 ++++++ sed 's/-.*$//g'
#7 4.248 +++++ nvm_version_greater_than_or_equal_to 7.68.0 7.21.0
#7 4.248 +++++ command awk 'BEGIN {
#7 4.248     if (ARGV[1] == "" || ARGV[2] == "") exit(1)
#7 4.248     split(ARGV[1], a, /\./);
#7 4.248     split(ARGV[2], b, /\./);
#7 4.248     for (i=1; i<=3; i++) {
#7 4.248       if (a[i] && a[i] !~ /^[0-9]+$/) exit(2);
#7 4.248       if (a[i] < b[i]) exit(3);
#7 4.248       else if (a[i] > b[i]) exit(0);
#7 4.248     }
#7 4.248     exit(0)
#7 4.248   }' 7.68.0 7.21.0
#7 4.248 +++++ awk 'BEGIN {
#7 4.248     if (ARGV[1] == "" || ARGV[2] == "") exit(1)
#7 4.248     split(ARGV[1], a, /\./);
#7 4.248     split(ARGV[2], b, /\./);
#7 4.248     for (i=1; i<=3; i++) {
#7 4.248       if (a[i] && a[i] !~ /^[0-9]+$/) exit(2);
#7 4.248       if (a[i] < b[i]) exit(3);
#7 4.248       else if (a[i] > b[i]) exit(0);
#7 4.248     }
#7 4.248     exit(0)
#7 4.248   }' 7.68.0 7.21.0
#7 4.250 +++++ CURL_COMPRESSED_FLAG=--compressed
#7 4.250 +++++ curl --fail --compressed -q -L -s https://iojs.org/dist/index.tab -o -
#7 4.612 ++++ VERSION_LIST='iojs-v3.3.1	2015-09-15	headers,linux-arm64,linux-armv6l,linux-armv7l,linux-x64,linux-x86,osx-x64-pkg,osx-x64-tar,src,sunos-x64,sunos-x86,win-x64-exe,win-x64-msi,win-x86-exe,win-x86-msi	2.14.3	4.4.63.30	1.7.4	1.2.8	1.0.2d	45
#7 4.612 iojs-v3.3.0	2015-09-02	headers,linux-armv6l,linux-armv7l,linux-x64,linux-x86,osx-x64-pkg,osx-x64-tar,src,win-x64-exe,win-x64-msi,win-x86-exe,win-x86-msi	2.13.3	4.4.63.30	1.7.3	1.2.8	1.0.2d	45
#7 4.612 iojs-v3.2.0	2015-08-25	headers,linux-armv6l,linux-armv7l,linux-x64,linux-x86,osx-x64-pkg,osx-x64-tar,src,win-x64-exe,win-x64-msi,win-x86-exe,win-x86-msi	2.13.3	4.4.63.26	1.6.1	1.2.8	1.0.2d	45
#7 4.612 iojs-v3.1.0	2015-08-19	headers,linux-armv6l,linux-armv7l,linux-x64,linux-x86,osx-x64-pkg,osx-x64-tar,src,win-x64-exe,win-x64-msi,win-x86-exe,win-x86-msi	2.13.3	4.4.63.26	1.6.1	1.2.8	1.0.2d	45
#7 4.612 iojs-v3.0.0	2015-08-04	headers,linux-armv6l,linux-armv7l,linux-x64,linux-x86,osx-x64-pkg,osx-x64-tar,src,win-x64-exe,win-x64-msi,win-x86-exe,win-x86-msi	2.13.3	4.4.63.26	1.6.1	1.2.8	1.0.2d	45
#7 4.612 iojs-v2.5.0	2015-07-28	headers,linux-armv6l,linux-armv7l,linux-x64,linux-x86,osx-x64-pkg,osx-x64-tar,src,win-x64-exe,win-x64-msi,win-x86-exe,win-x86-msi	2.13.2	4.2.77.21	1.6.1	1.2.8	1.0.2d	44
#7 4.612 iojs-v2.4.0	2015-07-17	headers,linux-armv6l,linux-armv7l,linux-x64,linux-x86,osx-x64-pkg,osx-x64-tar,src,win-x64-exe,win-x64-msi,win-x86-exe,win-x86-msi	2.13.0	4.2.77.20	1.6.1	1.2.8	1.0.2d	44
#7 4.612 iojs-v2.3.4	2015-07-12	headers,linux-armv6l,linux-armv7l,linux-x64,linux-x86,osx-x64-pkg,osx-x64-tar,src,win-x64-exe,win-x64-msi,win-x86-exe,win-x86-msi	2.12.1	4.2.77.20	1.6.1	1.2.8	1.0.2d	44
#7 4.612 iojs-v2.3.3	2015-07-04	headers,linux-armv6l,linux-armv7l,linux-x64,linux-x86,osx-x64-pkg,osx-x64-tar,src,win-x64-exe,win-x64-msi,win-x86-exe,win-x86-msi	2.11.3	4.2.77.20	1.6.1	1.2.8	1.0.2c	44
#7 4.612 iojs-v2.3.2	2015-07-02	headers,linux-armv6l,linux-armv7l,linux-x64,linux-x86,osx-x64-pkg,osx-x64-tar,src,win-x64-exe,win-x64-msi,win-x86-exe,win-x86-msi	2.11.3	4.2.77.20	1.6.1	1.2.8	1.0.2c	44
#7 4.612 iojs-v2.3.1	2015-06-23	linux-armv6l,linux-armv7l,linux-x64,linux-x86,osx-x64-pkg,osx-x64-tar,src,win-x64-exe,win-x64-msi,win-x86-exe,win-x86-msi	2.11.3	4.2.77.20	1.6.1	1.2.8	1.0.2c	44
#7 4.612 iojs-v2.3.0	2015-06-13	linux-armv6l,linux-armv7l,linux-x64,linux-x86,osx-x64-pkg,osx-x64-tar,src,win-x64-exe,win-x64-msi,win-x86-exe,win-x86-msi	2.11.1	4.2.77.20	1.6.1	1.2.8	1.0.2c	44
#7 4.612 iojs-v2.2.1	2015-06-01	linux-armv6l,linux-armv7l,linux-x64,linux-x86,osx-x64-pkg,osx-x64-tar,src,win-x64-exe,win-x64-msi,win-x86-exe,win-x86-msi	2.11.0	4.2.77.20	1.5.0	1.2.8	1.0.2a	44
#7 4.612 iojs-v2.2.0	2015-06-01	linux-armv6l,linux-armv7l,linux-x64,linux-x86,osx-x64-pkg,osx-x64-tar,src,win-x64-exe,win-x64-msi,win-x86-exe,win-x86-msi	2.11.0	4.2.77.20	1.5.0	1.2.8	1.0.2a	44
#7 4.612 iojs-v2.1.0	2015-05-24	linux-armv6l,linux-armv7l,linux-x64,linux-x86,osx-x64-pkg,osx-x64-tar,src,win-x64-exe,win-x64-msi,win-x86-exe,win-x86-msi	2.10.1	4.2.77.20	1.5.0	1.2.8	1.0.2a	44
#7 4.612 iojs-v2.0.2	2015-05-15	linux-armv6l,linux-armv7l,linux-x64,linux-x86,osx-x64-pkg,osx-x64-tar,src,win-x64-exe,win-x64-msi,win-x86-exe,win-x86-msi	2.9.0	4.2.77.20	1.5.0	1.2.8	1.0.2a	44
#7 4.612 iojs-v2.0.1	2015-05-08	linux-armv6l,linux-armv7l,linux-x64,linux-x86,osx-x64-pkg,osx-x64-tar,src,win-x64-exe,win-x64-msi,win-x86-exe,win-x86-msi	2.9.0	4.2.77.20	1.5.0	1.2.8	1.0.2a	44
#7 4.612 iojs-v2.0.0	2015-05-04	linux-armv6l,linux-armv7l,linux-x64,linux-x86,osx-x64-pkg,osx-x64-tar,src,win-x64-exe,win-x64-msi,win-x86-exe,win-x86-msi	2.9.0	4.2.77.18	1.4.2	1.2.8	1.0.2a	44
#7 4.612 iojs-v1.8.4	2015-07-12	headers,linux-armv6l,linux-armv7l,linux-x64,linux-x86,osx-x64-pkg,osx-x64-tar,src,win-x64-exe,win-x64-msi,win-x86-exe,win-x86-msi	2.9.0	4.1.0.27	1.4.2	1.2.8	1.0.2d	43
#7 4.612 iojs-v1.8.3	2015-07-04	headers,linux-armv6l,linux-armv7l,linux-x64,linux-x86,osx-x64-pkg,osx-x64-tar,src,win-x64-exe,win-x64-msi,win-x86-exe,win-x86-msi	2.9.0	4.1.0.27	1.4.2	1.2.8	1.0.2c	43
#7 4.612 iojs-v1.8.2	2015-05-18	linux-armv6l,linux-armv7l,linux-x64,linux-x86,osx-x64-pkg,osx-x64-tar,src,win-x64-exe,win-x64-msi,win-x86-exe,win-x86-msi	2.9.0	4.1.0.27	1.4.2	1.2.8	1.0.2a	43
#7 4.612 iojs-v1.8.1	2015-04-21	linux-armv6l,linux-armv7l,linux-x64,linux-x86,osx-x64-pkg,osx-x64-tar,src,win-x64-exe,win-x64-msi,win-x86-exe,win-x86-msi	2.8.3	4.1.0.27	1.4.2	1.2.8	1.0.2a	43
#7 4.612 iojs-v1.7.1	2015-04-17	linux-armv6l,linux-armv7l,linux-x64,linux-x86,osx-x64-pkg,osx-x64-tar,src,win-x64-exe,win-x64-msi,win-x86-exe,win-x86-msi	2.7.6	4.1.0.27	1.4.2	1.2.8	1.0.1m	43
#7 4.612 iojs-v1.6.4	2015-04-06	linux-armv6l,linux-armv7l,linux-x64,linux-x86,osx-x64-pkg,osx-x64-tar,src,win-x64-exe,win-x64-msi,win-x86-exe,win-x86-msi	2.7.5	4.1.0.27	1.4.2	1.2.8	1.0.1m	43
#7 4.612 iojs-v1.6.3	2015-03-31	linux-armv6l,linux-armv7l,linux-x64,linux-x86,osx-x64-pkg,osx-x64-tar,src,win-x64-exe,win-x64-msi,win-x86-exe,win-x86-msi	2.7.4	4.1.0.27	1.4.2	1.2.8	1.0.1m	43
#7 4.612 iojs-v1.6.2	2015-03-23	linux-armv6l,linux-armv7l,linux-x64,linux-x86,osx-x64-pkg,osx-x64-tar,src,win-x64-exe,win-x64-msi,win-x86-exe,win-x86-msi	2.7.1	4.1.0.25	1.4.2	1.2.8	1.0.1m	43
#7 4.612 iojs-v1.6.1	2015-03-20	linux-armv6l,linux-armv7l,linux-x64,linux-x86,osx-x64-pkg,osx-x64-tar,src,win-x64-exe,win-x64-msi,win-x86-exe,win-x86-msi	2.7.1	4.1.0.21	1.4.2	1.2.8	1.0.1m	43
#7 4.612 iojs-v1.6.0	2015-03-20	linux-armv6l,linux-armv7l,linux-x64,linux-x86,osx-x64-pkg,osx-x64-tar,src,win-x64-exe,win-x64-msi,win-x86-exe,win-x86-msi	2.7.1	4.1.0.21	1.4.2	1.2.8	1.0.1m	43
#7 4.612 iojs-v1.5.1	2015-03-09	linux-armv6l,linux-armv7l,linux-x64,linux-x86,osx-x64-pkg,osx-x64-tar,src,win-x64-exe,win-x64-msi,win-x86-exe,win-x86-msi	2.7.0	4.1.0.21	1.4.2	1.2.8	1.0.1k	43
#7 4.612 iojs-v1.5.0	2015-03-06	linux-armv6l,linux-armv7l,linux-x64,linux-x86,osx-x64-pkg,osx-x64-tar,src,win-x64-exe,win-x64-msi,win-x86-exe,win-x86-msi	2.7.0	4.1.0.21	1.4.2	1.2.8	1.0.1k	43
#7 4.612 iojs-v1.4.3	2015-03-03	linux-armv6l,linux-armv7l,linux-x64,linux-x86,osx-x64-pkg,osx-x64-tar,src,win-x64-exe,win-x64-msi,win-x86-exe,win-x86-msi	2.6.1	4.1.0.21	1.4.2	1.2.8	1.0.1k	43
#7 4.612 iojs-v1.4.2	2015-02-28	linux-armv6l,linux-armv7l,linux-x64,linux-x86,osx-x64-pkg,osx-x64-tar,src,win-x64-exe,win-x64-msi,win-x86-exe,win-x86-msi	2.6.1	4.1.0.21	1.4.2	1.2.8	1.0.1k	43
#7 4.612 iojs-v1.4.1	2015-02-27	linux-armv6l,linux-armv7l,linux-x64,linux-x86,osx-x64-pkg,osx-x64-tar,src,win-x64-exe,win-x64-msi,win-x86-exe,win-x86-msi	2.6.0	4.1.0.21	1.4.2	1.2.8	1.0.1k	43
#7 4.612 iojs-v1.3.0	2015-02-20	linux-armv6l,linux-armv7l,linux-x64,linux-x86,osx-x64-pkg,osx-x64-tar,src,win-x64-exe,win-x64-msi,win-x86-exe,win-x86-msi	2.5.1	4.1.0.14	1.4.0	1.2.8	1.0.1k	43
#7 4.612 iojs-v1.2.0	2015-02-11	linux-armv6l,linux-armv7l,linux-x64,linux-x86,osx-x64-pkg,osx-x64-tar,src,win-x64-exe,win-x64-msi,win-x86-exe,win-x86-msi	2.5.1	4.1.0.14	1.4.0	1.2.8	1.0.1k	43
#7 4.612 iojs-v1.1.0	2015-02-03	linux-armv7l,linux-x64,linux-x86,osx-x64-pkg,osx-x64-tar,src,win-x64-exe,win-x64-msi,win-x86-exe,win-x86-msi	2.4.1	4.1.0.14	1.3.0	1.2.8	1.0.1k	43
#7 4.612 iojs-v1.0.4	2015-01-24	linux-armv7l,linux-x64,linux-x86,osx-x64-pkg,osx-x64-tar,src,win-x64-exe,win-x64-msi,win-x86-exe,win-x86-msi	2.3.0	4.1.0.12	1.2.1	1.2.8	1.0.1k	42
#7 4.612 iojs-v1.0.3	2015-01-20	linux-armv7l,linux-x64,linux-x86,osx-x64-pkg,osx-x64-tar,src,win-x64-exe,win-x64-msi,win-x86-exe,win-x86-msi	2.2.0	4.1.0.7	1.2.1	1.2.8	1.0.1k	42
#7 4.612 iojs-v1.0.2	2015-01-16	linux-armv7l,linux-x64,linux-x86,osx-x64-pkg,osx-x64-tar,src,win-x64-exe,win-x64-msi,win-x86-exe,win-x86-msi	2.1.18	3.31.74.1	1.2.1	1.2.8	1.0.1k	42
#7 4.612 iojs-v1.0.1	2015-01-14	linux-armv7l,linux-x64,linux-x86,osx-x64-pkg,osx-x64-tar,src,win-x64-exe,win-x64-msi,win-x86-exe,win-x86-msi	2.1.18	3.31.74.1	1.2.0	1.2.8	1.0.1k	42
#7 4.612 iojs-v1.0.0	2015-01-14	linux-armv7l,linux-x64,linux-x86,osx-x64-pkg,osx-x64-tar,src,win-x64-exe,win-x64-msi,win-x86-exe,win-x86-msi	2.1.18	3.31.74.1	1.2.0	1.2.8	1.0.1k	42'
#7 4.612 ++++ local LTS_ALIAS
#7 4.612 ++++ local LTS_VERSION
#7 4.613 +++++ nvm_alias_path
#7 4.613 ++++++ nvm_version_dir old
#7 4.613 ++++++ local NVM_WHICH_DIR
#7 4.613 ++++++ NVM_WHICH_DIR=old
#7 4.613 ++++++ '[' -z old ']'
#7 4.613 ++++++ '[' old = new ']'
#7 4.613 ++++++ '[' _old = _iojs ']'
#7 4.613 ++++++ '[' _old = _old ']'
#7 4.613 ++++++ nvm_echo /root/.nvm
#7 4.613 ++++++ command printf '%s\n' /root/.nvm
#7 4.614 +++++ nvm_echo /root/.nvm/alias
#7 4.614 +++++ command printf '%s\n' /root/.nvm/alias
#7 4.614 ++++ command mkdir -p /root/.nvm/alias/lts
#7 4.614 ++++ mkdir -p /root/.nvm/alias/lts
#7 4.616 ++++ command awk '{
#7 4.616         if ($10 ~ /^\-?$/) { next }
#7 4.616         if ($10 && !a[tolower($10)]++) {
#7 4.616           if (alias) { print alias, version }
#7 4.616           alias_name = "lts/" tolower($10)
#7 4.616           if (!alias) { print "lts/*", alias_name }
#7 4.616           alias = alias_name
#7 4.616           version = $1
#7 4.616         }
#7 4.616       }
#7 4.616       END {
#7 4.616         if (alias) {
#7 4.616           print alias, version
#7 4.616         }
#7 4.616       }'
#7 4.616 ++++ awk '{
#7 4.616         if ($10 ~ /^\-?$/) { next }
#7 4.616         if ($10 && !a[tolower($10)]++) {
#7 4.616           if (alias) { print alias, version }
#7 4.616           alias_name = "lts/" tolower($10)
#7 4.616           if (!alias) { print "lts/*", alias_name }
#7 4.616           alias = alias_name
#7 4.616           version = $1
#7 4.616         }
#7 4.616       }
#7 4.616       END {
#7 4.616         if (alias) {
#7 4.616           print alias, version
#7 4.616         }
#7 4.616       }'
#7 4.617 ++++ read -r LTS_ALIAS_LINE
#7 4.620 ++++ '[' -n '' ']'
#7 4.621 +++++ command awk -v lts= '{
#7 4.621         if (!$1) { next }
#7 4.621         if (lts && $10 ~ /^\-?$/) { next }
#7 4.621         if (lts && lts != "*" && tolower($10) !~ tolower(lts)) { next }
#7 4.621         if ($10 !~ /^\-?$/) {
#7 4.621           if ($10 && $10 != prev) {
#7 4.621             print $1, $10, "*"
#7 4.621           } else {
#7 4.621             print $1, $10
#7 4.621           }
#7 4.621         } else {
#7 4.621           print $1
#7 4.621         }
#7 4.621         prev=$10;
#7 4.621       }'
#7 4.621 +++++ awk -v lts= '{
#7 4.621         if (!$1) { next }
#7 4.621         if (lts && $10 ~ /^\-?$/) { next }
#7 4.621         if (lts && lts != "*" && tolower($10) !~ tolower(lts)) { next }
#7 4.621         if ($10 !~ /^\-?$/) {
#7 4.621           if ($10 && $10 != prev) {
#7 4.621             print $1, $10, "*"
#7 4.621           } else {
#7 4.621             print $1, $10
#7 4.621           }
#7 4.621         } else {
#7 4.621           print $1
#7 4.621         }
#7 4.621         prev=$10;
#7 4.621       }'
#7 4.621 +++++ nvm_grep -w v20
#7 4.621 +++++ GREP_OPTIONS=
#7 4.621 +++++ command grep -w v20
#7 4.621 +++++ grep -w v20
#7 4.621 +++++ command sort
#7 4.622 +++++ sort
#7 4.626 ++++ VERSIONS=
#7 4.626 ++++ '[' -z '' ']'
#7 4.626 ++++ nvm_echo N/A
#7 4.626 ++++ command printf '%s\n' N/A
#7 4.626 ++++ return 3
#7 4.626 +++ NVM_LS_REMOTE_IOJS_OUTPUT=N/A
#7 4.626 +++ NVM_LS_REMOTE_IOJS_EXIT_CODE=3
#7 4.627 ++++ nvm_echo 'v20.0.0
#7 4.627 v20.1.0
#7 4.627 v20.2.0
#7 4.627 v20.3.0
#7 4.627 v20.3.1
#7 4.627 v20.4.0
#7 4.627 v20.5.0
#7 4.627 v20.5.1
#7 4.627 v20.6.0
#7 4.627 v20.6.1
#7 4.627 v20.7.0
#7 4.627 v20.8.0
#7 4.627 v20.8.1
#7 4.627 v20.9.0 Iron
#7 4.627 v20.10.0 Iron
#7 4.627 v20.11.0 Iron
#7 4.627 v20.11.1 Iron
#7 4.627 v20.12.0 Iron
#7 4.627 v20.12.1 Iron
#7 4.627 v20.12.2 Iron
#7 4.627 v20.13.0 Iron
#7 4.627 v20.13.1 Iron
#7 4.627 v20.14.0 Iron
#7 4.627 v20.15.0 Iron
#7 4.627 v20.15.1 Iron
#7 4.627 v20.16.0 Iron
#7 4.627 v20.17.0 Iron
#7 4.627 v20.18.0 Iron
#7 4.627 v20.18.1 Iron
#7 4.627 v20.18.2 Iron
#7 4.627 v20.18.3 Iron
#7 4.627 v20.19.0 Iron * 
#7 4.627 N/A
#7 4.627 '
#7 4.627 ++++ command printf '%s\n' 'v20.0.0
#7 4.627 v20.1.0
#7 4.627 v20.2.0
#7 4.627 v20.3.0
#7 4.627 v20.3.1
#7 4.627 v20.4.0
#7 4.627 v20.5.0
#7 4.627 v20.5.1
#7 4.627 v20.6.0
#7 4.627 v20.6.1
#7 4.627 v20.7.0
#7 4.627 v20.8.0
#7 4.627 v20.8.1
#7 4.627 v20.9.0 Iron
#7 4.627 v20.10.0 Iron
#7 4.627 v20.11.0 Iron
#7 4.627 v20.11.1 Iron
#7 4.627 v20.12.0 Iron
#7 4.627 v20.12.1 Iron
#7 4.627 v20.12.2 Iron
#7 4.627 v20.13.0 Iron
#7 4.627 v20.13.1 Iron
#7 4.627 v20.14.0 Iron
#7 4.627 v20.15.0 Iron
#7 4.627 v20.15.1 Iron
#7 4.627 v20.16.0 Iron
#7 4.627 v20.17.0 Iron
#7 4.627 v20.18.0 Iron
#7 4.627 v20.18.1 Iron
#7 4.627 v20.18.2 Iron
#7 4.627 v20.18.3 Iron
#7 4.627 v20.19.0 Iron * 
#7 4.627 N/A
#7 4.627 '
#7 4.627 ++++ nvm_grep -v N/A
#7 4.627 ++++ GREP_OPTIONS=
#7 4.627 ++++ command grep -v N/A
#7 4.627 ++++ grep -v N/A
#7 4.627 ++++ command sed '/^ *$/d'
#7 4.627 ++++ sed '/^ *$/d'
#7 4.630 +++ VERSIONS='v20.0.0
#7 4.630 v20.1.0
#7 4.630 v20.2.0
#7 4.630 v20.3.0
#7 4.630 v20.3.1
#7 4.630 v20.4.0
#7 4.630 v20.5.0
#7 4.630 v20.5.1
#7 4.630 v20.6.0
#7 4.630 v20.6.1
#7 4.630 v20.7.0
#7 4.630 v20.8.0
#7 4.630 v20.8.1
#7 4.630 v20.9.0 Iron
#7 4.630 v20.10.0 Iron
#7 4.630 v20.11.0 Iron
#7 4.630 v20.11.1 Iron
#7 4.630 v20.12.0 Iron
#7 4.630 v20.12.1 Iron
#7 4.630 v20.12.2 Iron
#7 4.630 v20.13.0 Iron
#7 4.630 v20.13.1 Iron
#7 4.630 v20.14.0 Iron
#7 4.630 v20.15.0 Iron
#7 4.630 v20.15.1 Iron
#7 4.630 v20.16.0 Iron
#7 4.630 v20.17.0 Iron
#7 4.630 v20.18.0 Iron
#7 4.630 v20.18.1 Iron
#7 4.630 v20.18.2 Iron
#7 4.630 v20.18.3 Iron
#7 4.630 v20.19.0 Iron * '
#7 4.630 +++ '[' -z 'v20.0.0
#7 4.630 v20.1.0
#7 4.630 v20.2.0
#7 4.630 v20.3.0
#7 4.630 v20.3.1
#7 4.630 v20.4.0
#7 4.630 v20.5.0
#7 4.630 v20.5.1
#7 4.630 v20.6.0
#7 4.630 v20.6.1
#7 4.630 v20.7.0
#7 4.630 v20.8.0
#7 4.630 v20.8.1
#7 4.630 v20.9.0 Iron
#7 4.630 v20.10.0 Iron
#7 4.630 v20.11.0 Iron
#7 4.630 v20.11.1 Iron
#7 4.630 v20.12.0 Iron
#7 4.630 v20.12.1 Iron
#7 4.630 v20.12.2 Iron
#7 4.630 v20.13.0 Iron
#7 4.630 v20.13.1 Iron
#7 4.630 v20.14.0 Iron
#7 4.630 v20.15.0 Iron
#7 4.630 v20.15.1 Iron
#7 4.630 v20.16.0 Iron
#7 4.630 v20.17.0 Iron
#7 4.630 v20.18.0 Iron
#7 4.630 v20.18.1 Iron
#7 4.630 v20.18.2 Iron
#7 4.630 v20.18.3 Iron
#7 4.630 v20.19.0 Iron * ' ']'
#7 4.630 +++ nvm_echo 'v20.0.0
#7 4.630 v20.1.0
#7 4.630 v20.2.0
#7 4.630 v20.3.0
#7 4.630 v20.3.1
#7 4.630 v20.4.0
#7 4.630 v20.5.0
#7 4.630 v20.5.1
#7 4.630 v20.6.0
#7 4.630 v20.6.1
#7 4.630 v20.7.0
#7 4.630 v20.8.0
#7 4.630 v20.8.1
#7 4.630 v20.9.0 Iron
#7 4.630 v20.10.0 Iron
#7 4.630 v20.11.0 Iron
#7 4.630 v20.11.1 Iron
#7 4.630 v20.12.0 Iron
#7 4.630 v20.12.1 Iron
#7 4.630 v20.12.2 Iron
#7 4.630 v20.13.0 Iron
#7 4.630 v20.13.1 Iron
#7 4.630 v20.14.0 Iron
#7 4.630 v20.15.0 Iron
#7 4.630 v20.15.1 Iron
#7 4.630 v20.16.0 Iron
#7 4.630 v20.17.0 Iron
#7 4.630 v20.18.0 Iron
#7 4.630 v20.18.1 Iron
#7 4.630 v20.18.2 Iron
#7 4.630 v20.18.3 Iron
#7 4.630 v20.19.0 Iron * '
#7 4.631 +++ command printf '%s\n' 'v20.0.0
#7 4.631 v20.1.0
#7 4.631 v20.2.0
#7 4.631 v20.3.0
#7 4.631 v20.3.1
#7 4.631 v20.4.0
#7 4.631 v20.5.0
#7 4.631 v20.5.1
#7 4.631 v20.6.0
#7 4.631 v20.6.1
#7 4.631 v20.7.0
#7 4.631 v20.8.0
#7 4.631 v20.8.1
#7 4.631 v20.9.0 Iron
#7 4.631 v20.10.0 Iron
#7 4.631 v20.11.0 Iron
#7 4.631 v20.11.1 Iron
#7 4.631 v20.12.0 Iron
#7 4.631 v20.12.1 Iron
#7 4.631 v20.12.2 Iron
#7 4.631 v20.13.0 Iron
#7 4.631 v20.13.1 Iron
#7 4.631 v20.14.0 Iron
#7 4.631 v20.15.0 Iron
#7 4.631 v20.15.1 Iron
#7 4.631 v20.16.0 Iron
#7 4.631 v20.17.0 Iron
#7 4.631 v20.18.0 Iron
#7 4.631 v20.18.1 Iron
#7 4.631 v20.18.2 Iron
#7 4.631 v20.18.3 Iron
#7 4.631 v20.19.0 Iron * '
#7 4.631 +++ command sed 's/ *$//g'
#7 4.631 +++ sed 's/ *$//g'
#7 4.633 +++ return 0
#7 4.634 ++ VERSION='v20.19.0 Iron *'
#7 4.634 ++ '[' -n true ']'
#7 4.634 ++ command awk 'BEGIN {
#7 4.634       n = split(ARGV[1], a);
#7 4.634       print a[1]
#7 4.634     }' 'v20.19.0 Iron *'
#7 4.634 ++ awk 'BEGIN {
#7 4.634       n = split(ARGV[1], a);
#7 4.634       print a[1]
#7 4.634     }' 'v20.19.0 Iron *'
#7 4.636 ++ '[' 'v20.19.0 Iron *' = N/A ']'
#7 4.637 + VERSION=v20.19.0
#7 4.637 + '[' v20.19.0 = N/A ']'
#7 4.637 + ADDITIONAL_PARAMETERS=
#7 4.637 + '[' 0 -ne 0 ']'
#7 4.637 + '[' -n '' ']'
#7 4.637 + '[' '' = N/A ']'
#7 4.637 + local FLAVOR
#7 4.637 + nvm_is_iojs_version v20.19.0
#7 4.637 + case "${1-}" in
#7 4.637 + return 1
#7 4.637 ++ nvm_node_prefix
#7 4.637 ++ nvm_echo node
#7 4.638 ++ command printf '%s\n' node
#7 4.638 + FLAVOR=node
#7 4.638 + local EXIT_CODE
#7 4.638 + EXIT_CODE=0
#7 4.638 + nvm_is_version_installed v20.19.0
#7 4.638 + '[' -z v20.19.0 ']'
#7 4.638 + local NVM_NODE_BINARY
#7 4.638 + NVM_NODE_BINARY=node
#7 4.638 ++ nvm_get_os
#7 4.638 ++ local NVM_UNAME
#7 4.639 +++ command uname -a
#7 4.639 +++ uname -a
#7 4.640 ++ NVM_UNAME='Linux buildkitsandbox 6.8.12-5-pve #1 SMP PREEMPT_DYNAMIC PMX 6.8.12-5 (2024-12-03T10:26Z) x86_64 GNU/Linux'
#7 4.640 ++ local NVM_OS
#7 4.640 ++ case "${NVM_UNAME}" in
#7 4.640 ++ NVM_OS=linux
#7 4.640 ++ nvm_echo linux
#7 4.640 ++ command printf '%s\n' linux
#7 4.641 + '[' _linux = _win ']'
#7 4.641 ++ nvm_version_path v20.19.0
#7 4.645 + '[' -x /root/.nvm/versions/node/v20.19.0/bin/node ']'
#7 4.645 + return 0
#7 4.645 + nvm_err 'v20.19.0 is already installed.'
#7 4.645 + nvm_echo 'v20.19.0 is already installed.'
#7 4.645 + command printf '%s\n' 'v20.19.0 is already installed.'
#7 4.645 v20.19.0 is already installed.
#7 4.645 + nvm use v20.19.0
#7 4.646 + '[' 2 -lt 1 ']'
#7 4.646 + local DEFAULT_IFS
#7 4.646 ++ nvm_echo t
#7 4.646 ++ command printf '%s\n' t
#7 4.647 ++ command tr t '\t'
#7 4.647 ++ tr t '\t'
#7 4.648 + DEFAULT_IFS=' 	
#7 4.648 '
#7 4.648 + '[' hxB '!=' hxB ']'
#7 4.648 + '[' hxB '!=' hxB ']'
#7 4.648 + '[' -n /usr/bin/bash ']'
#7 4.648 + '[' hxB '!=' hxB ']'
#7 4.648 + '[' ' 	
#7 4.648 ' '!=' ' 	
#7 4.648 ' ']'
#7 4.648 + local i
#7 4.649 + for i in "$@"
#7 4.649 + case $i in
#7 4.649 + for i in "$@"
#7 4.649 + case $i in
#7 4.649 + local COMMAND
#7 4.649 + COMMAND=use
#7 4.649 + shift
#7 4.649 + local VERSION
#7 4.649 + local ADDITIONAL_PARAMETERS
#7 4.649 + case $COMMAND in
#7 4.649 + local PROVIDED_VERSION
#7 4.649 + local NVM_SILENT
#7 4.649 + local NVM_SILENT_ARG
#7 4.649 + local NVM_DELETE_PREFIX
#7 4.649 + NVM_DELETE_PREFIX=0
#7 4.649 + local NVM_LTS
#7 4.649 + local IS_VERSION_FROM_NVMRC
#7 4.649 + IS_VERSION_FROM_NVMRC=0
#7 4.649 + '[' 1 -ne 0 ']'
#7 4.649 + case "$1" in
#7 4.649 + '[' -n v20.19.0 ']'
#7 4.649 + PROVIDED_VERSION=v20.19.0
#7 4.649 + shift
#7 4.649 + '[' 0 -ne 0 ']'
#7 4.649 + '[' -n '' ']'
#7 4.649 + '[' -z v20.19.0 ']'
#7 4.649 ++ nvm_match_version v20.19.0
#7 4.649 ++ local NVM_IOJS_PREFIX
#7 4.650 +++ nvm_iojs_prefix
#7 4.650 +++ nvm_echo iojs
#7 4.650 +++ command printf '%s\n' iojs
#7 4.650 ++ NVM_IOJS_PREFIX=iojs
#7 4.650 ++ local PROVIDED_VERSION
#7 4.650 ++ PROVIDED_VERSION=v20.19.0
#7 4.650 ++ case "_${PROVIDED_VERSION}" in
#7 4.650 ++ nvm_version v20.19.0
#7 4.650 ++ local PATTERN
#7 4.650 ++ PATTERN=v20.19.0
#7 4.650 ++ local VERSION
#7 4.650 ++ '[' -z v20.19.0 ']'
#7 4.650 ++ '[' v20.19.0 = current ']'
#7 4.650 ++ local NVM_NODE_PREFIX
#7 4.650 +++ nvm_node_prefix
#7 4.651 +++ nvm_echo node
#7 4.651 +++ command printf '%s\n' node
#7 4.651 ++ NVM_NODE_PREFIX=node
#7 4.651 ++ case "_${PATTERN}" in
#7 4.652 +++ nvm_ls v20.19.0
#7 4.652 +++ local PATTERN
#7 4.652 +++ command tail -1
#7 4.652 +++ PATTERN=v20.19.0
#7 4.652 +++ local VERSIONS
#7 4.652 +++ VERSIONS=
#7 4.652 +++ '[' v20.19.0 = current ']'
#7 4.652 +++ local NVM_IOJS_PREFIX
#7 4.652 +++ tail -1
#7 4.652 ++++ nvm_iojs_prefix
#7 4.652 ++++ nvm_echo iojs
#7 4.652 ++++ command printf '%s\n' iojs
#7 4.653 +++ NVM_IOJS_PREFIX=iojs
#7 4.653 +++ local NVM_NODE_PREFIX
#7 4.653 ++++ nvm_node_prefix
#7 4.653 ++++ nvm_echo node
#7 4.653 ++++ command printf '%s\n' node
#7 4.654 +++ NVM_NODE_PREFIX=node
#7 4.654 +++ local NVM_VERSION_DIR_IOJS
#7 4.654 ++++ nvm_version_dir iojs
#7 4.654 ++++ local NVM_WHICH_DIR
#7 4.654 ++++ NVM_WHICH_DIR=iojs
#7 4.654 ++++ '[' -z iojs ']'
#7 4.654 ++++ '[' iojs = new ']'
#7 4.654 ++++ '[' _iojs = _iojs ']'
#7 4.654 ++++ nvm_echo /root/.nvm/versions/io.js
#7 4.654 ++++ command printf '%s\n' /root/.nvm/versions/io.js
#7 4.655 +++ NVM_VERSION_DIR_IOJS=/root/.nvm/versions/io.js
#7 4.655 +++ local NVM_VERSION_DIR_NEW
#7 4.655 ++++ nvm_version_dir new
#7 4.655 ++++ local NVM_WHICH_DIR
#7 4.655 ++++ NVM_WHICH_DIR=new
#7 4.655 ++++ '[' -z new ']'
#7 4.655 ++++ '[' new = new ']'
#7 4.655 ++++ nvm_echo /root/.nvm/versions/node
#7 4.655 ++++ command printf '%s\n' /root/.nvm/versions/node
#7 4.655 +++ NVM_VERSION_DIR_NEW=/root/.nvm/versions/node
#7 4.656 +++ local NVM_VERSION_DIR_OLD
#7 4.656 ++++ nvm_version_dir old
#7 4.656 ++++ local NVM_WHICH_DIR
#7 4.656 ++++ NVM_WHICH_DIR=old
#7 4.656 ++++ '[' -z old ']'
#7 4.656 ++++ '[' old = new ']'
#7 4.656 ++++ '[' _old = _iojs ']'
#7 4.656 ++++ '[' _old = _old ']'
#7 4.656 ++++ nvm_echo /root/.nvm
#7 4.656 ++++ command printf '%s\n' /root/.nvm
#7 4.656 +++ NVM_VERSION_DIR_OLD=/root/.nvm
#7 4.656 +++ case "${PATTERN}" in
#7 4.656 +++ nvm_resolve_local_alias v20.19.0
#7 4.656 +++ '[' -z v20.19.0 ']'
#7 4.656 +++ local VERSION
#7 4.656 +++ local EXIT_CODE
#7 4.657 ++++ nvm_resolve_alias v20.19.0
#7 4.657 ++++ '[' -z v20.19.0 ']'
#7 4.657 ++++ local PATTERN
#7 4.657 ++++ PATTERN=v20.19.0
#7 4.657 ++++ local ALIAS
#7 4.657 ++++ ALIAS=v20.19.0
#7 4.657 ++++ local ALIAS_TEMP
#7 4.657 ++++ local SEEN_ALIASES
#7 4.657 ++++ SEEN_ALIASES=v20.19.0
#7 4.657 ++++ true
#7 4.657 +++++ nvm_alias v20.19.0
#7 4.662 +++++ nvm_echo
#7 4.662 +++++ command printf '%s\n' ''
#7 4.662 ++++ ALIAS_TEMP=
#7 4.662 ++++ '[' -z '' ']'
#7 4.662 ++++ break
#7 4.662 ++++ '[' -n v20.19.0 ']'
#7 4.662 ++++ '[' _v20.19.0 '!=' _v20.19.0 ']'
#7 4.662 ++++ nvm_validate_implicit_alias v20.19.0
#7 4.664 ++++ return 2
#7 4.664 +++ VERSION=
#7 4.664 +++ EXIT_CODE=2
#7 4.664 +++ '[' -z '' ']'
#7 4.664 +++ return 2
#7 4.665 ++++ nvm_ensure_version_prefix v20.19.0
#7 4.665 ++++ local NVM_VERSION
#7 4.666 +++++ nvm_strip_iojs_prefix v20.19.0
#7 4.666 +++++ local NVM_IOJS_PREFIX
#7 4.666 +++++ command sed -e 's/^\([0-9]\)/v\1/g'
#7 4.666 +++++ sed -e 's/^\([0-9]\)/v\1/g'
#7 4.666 ++++++ nvm_iojs_prefix
#7 4.666 ++++++ nvm_echo iojs
#7 4.666 ++++++ command printf '%s\n' iojs
#7 4.667 +++++ NVM_IOJS_PREFIX=iojs
#7 4.667 +++++ '[' v20.19.0 = iojs ']'
#7 4.667 +++++ nvm_echo v20.19.0
#7 4.667 +++++ command printf '%s\n' v20.19.0
#7 4.669 ++++ NVM_VERSION=v20.19.0
#7 4.669 ++++ nvm_is_iojs_version v20.19.0
#7 4.669 ++++ case "${1-}" in
#7 4.669 ++++ return 1
#7 4.669 ++++ nvm_echo v20.19.0
#7 4.669 ++++ command printf '%s\n' v20.19.0
#7 4.669 +++ PATTERN=v20.19.0
#7 4.669 +++ '[' v20.19.0 = N/A ']'
#7 4.669 +++ local NVM_PATTERN_STARTS_WITH_V
#7 4.669 +++ case $PATTERN in
#7 4.669 +++ NVM_PATTERN_STARTS_WITH_V=true
#7 4.669 +++ '[' true = true ']'
#7 4.670 ++++ nvm_num_version_groups v20.19.0
#7 4.670 ++++ local VERSION
#7 4.670 ++++ VERSION=v20.19.0
#7 4.670 ++++ VERSION=20.19.0
#7 4.670 ++++ VERSION=20.19.0
#7 4.670 ++++ '[' -z 20.19.0 ']'
#7 4.670 ++++ local NVM_NUM_DOTS
#7 4.670 +++++ nvm_echo 20.19.0
#7 4.671 +++++ command printf '%s\n' 20.19.0
#7 4.671 +++++ command sed -e 's/[^\.]//g'
#7 4.671 +++++ sed -e 's/[^\.]//g'
#7 4.673 ++++ NVM_NUM_DOTS=..
#7 4.673 ++++ local NVM_NUM_GROUPS
#7 4.673 ++++ NVM_NUM_GROUPS=...
#7 4.673 ++++ nvm_echo 3
#7 4.673 ++++ command printf '%s\n' 3
#7 4.674 +++ '[' _3 = _3 ']'
#7 4.674 +++ nvm_is_version_installed v20.19.0
#7 4.674 +++ '[' -z v20.19.0 ']'
#7 4.674 +++ local NVM_NODE_BINARY
#7 4.674 +++ NVM_NODE_BINARY=node
#7 4.674 ++++ nvm_get_os
#7 4.674 ++++ local NVM_UNAME
#7 4.675 +++++ command uname -a
#7 4.675 +++++ uname -a
#7 4.676 ++++ NVM_UNAME='Linux buildkitsandbox 6.8.12-5-pve #1 SMP PREEMPT_DYNAMIC PMX 6.8.12-5 (2024-12-03T10:26Z) x86_64 GNU/Linux'
#7 4.676 ++++ local NVM_OS
#7 4.676 ++++ case "${NVM_UNAME}" in
#7 4.676 ++++ NVM_OS=linux
#7 4.676 ++++ nvm_echo linux
#7 4.676 ++++ command printf '%s\n' linux
#7 4.677 +++ '[' _linux = _win ']'
#7 4.677 ++++ nvm_version_path v20.19.0
#7 4.681 +++ '[' -x /root/.nvm/versions/node/v20.19.0/bin/node ']'
#7 4.681 +++ return 0
#7 4.681 +++ VERSIONS=v20.19.0
#7 4.681 +++ '[' '' = true ']'
#7 4.681 +++ '[' -z v20.19.0 ']'
#7 4.681 +++ nvm_echo v20.19.0
#7 4.681 +++ command printf '%s\n' v20.19.0
#7 4.682 ++ VERSION=v20.19.0
#7 4.682 ++ '[' -z v20.19.0 ']'
#7 4.682 ++ '[' _v20.19.0 = _N/A ']'
#7 4.682 ++ nvm_echo v20.19.0
#7 4.682 ++ command printf '%s\n' v20.19.0
#7 4.682 + VERSION=v20.19.0
#7 4.682 + '[' -z v20.19.0 ']'
#7 4.682 + '[' _v20.19.0 = _system ']'
#7 4.682 + '[' _v20.19.0 = $'_\342\210\236' ']'
#7 4.682 + '[' v20.19.0 = N/A ']'
#7 4.682 + nvm_ensure_version_installed v20.19.0 0
#7 4.683 + local PROVIDED_VERSION
#7 4.683 + PROVIDED_VERSION=v20.19.0
#7 4.683 + local IS_VERSION_FROM_NVMRC
#7 4.683 + IS_VERSION_FROM_NVMRC=0
#7 4.683 + '[' v20.19.0 = system ']'
#7 4.683 + local LOCAL_VERSION
#7 4.683 + local EXIT_CODE
#7 4.683 ++ nvm_version v20.19.0
#7 4.683 ++ local PATTERN
#7 4.683 ++ PATTERN=v20.19.0
#7 4.683 ++ local VERSION
#7 4.683 ++ '[' -z v20.19.0 ']'
#7 4.683 ++ '[' v20.19.0 = current ']'
#7 4.683 ++ local NVM_NODE_PREFIX
#7 4.683 +++ nvm_node_prefix
#7 4.683 +++ nvm_echo node
#7 4.684 +++ command printf '%s\n' node
#7 4.684 ++ NVM_NODE_PREFIX=node
#7 4.684 ++ case "_${PATTERN}" in
#7 4.685 +++ nvm_ls v20.19.0
#7 4.685 +++ local PATTERN
#7 4.685 +++ command tail -1
#7 4.685 +++ PATTERN=v20.19.0
#7 4.685 +++ local VERSIONS
#7 4.685 +++ VERSIONS=
#7 4.685 +++ '[' v20.19.0 = current ']'
#7 4.685 +++ local NVM_IOJS_PREFIX
#7 4.685 +++ tail -1
#7 4.685 ++++ nvm_iojs_prefix
#7 4.685 ++++ nvm_echo iojs
#7 4.685 ++++ command printf '%s\n' iojs
#7 4.686 +++ NVM_IOJS_PREFIX=iojs
#7 4.686 +++ local NVM_NODE_PREFIX
#7 4.686 ++++ nvm_node_prefix
#7 4.686 ++++ nvm_echo node
#7 4.686 ++++ command printf '%s\n' node
#7 4.687 +++ NVM_NODE_PREFIX=node
#7 4.687 +++ local NVM_VERSION_DIR_IOJS
#7 4.687 ++++ nvm_version_dir iojs
#7 4.687 ++++ local NVM_WHICH_DIR
#7 4.687 ++++ NVM_WHICH_DIR=iojs
#7 4.687 ++++ '[' -z iojs ']'
#7 4.687 ++++ '[' iojs = new ']'
#7 4.687 ++++ '[' _iojs = _iojs ']'
#7 4.687 ++++ nvm_echo /root/.nvm/versions/io.js
#7 4.687 ++++ command printf '%s\n' /root/.nvm/versions/io.js
#7 4.688 +++ NVM_VERSION_DIR_IOJS=/root/.nvm/versions/io.js
#7 4.688 +++ local NVM_VERSION_DIR_NEW
#7 4.688 ++++ nvm_version_dir new
#7 4.688 ++++ local NVM_WHICH_DIR
#7 4.688 ++++ NVM_WHICH_DIR=new
#7 4.688 ++++ '[' -z new ']'
#7 4.688 ++++ '[' new = new ']'
#7 4.688 ++++ nvm_echo /root/.nvm/versions/node
#7 4.688 ++++ command printf '%s\n' /root/.nvm/versions/node
#7 4.689 +++ NVM_VERSION_DIR_NEW=/root/.nvm/versions/node
#7 4.689 +++ local NVM_VERSION_DIR_OLD
#7 4.689 ++++ nvm_version_dir old
#7 4.689 ++++ local NVM_WHICH_DIR
#7 4.689 ++++ NVM_WHICH_DIR=old
#7 4.689 ++++ '[' -z old ']'
#7 4.689 ++++ '[' old = new ']'
#7 4.689 ++++ '[' _old = _iojs ']'
#7 4.689 ++++ '[' _old = _old ']'
#7 4.689 ++++ nvm_echo /root/.nvm
#7 4.689 ++++ command printf '%s\n' /root/.nvm
#7 4.689 +++ NVM_VERSION_DIR_OLD=/root/.nvm
#7 4.689 +++ case "${PATTERN}" in
#7 4.689 +++ nvm_resolve_local_alias v20.19.0
#7 4.689 +++ '[' -z v20.19.0 ']'
#7 4.689 +++ local VERSION
#7 4.689 +++ local EXIT_CODE
#7 4.690 ++++ nvm_resolve_alias v20.19.0
#7 4.690 ++++ '[' -z v20.19.0 ']'
#7 4.690 ++++ local PATTERN
#7 4.690 ++++ PATTERN=v20.19.0
#7 4.690 ++++ local ALIAS
#7 4.690 ++++ ALIAS=v20.19.0
#7 4.690 ++++ local ALIAS_TEMP
#7 4.690 ++++ local SEEN_ALIASES
#7 4.690 ++++ SEEN_ALIASES=v20.19.0
#7 4.690 ++++ true
#7 4.690 +++++ nvm_alias v20.19.0
#7 4.695 +++++ nvm_echo
#7 4.695 +++++ command printf '%s\n' ''
#7 4.695 ++++ ALIAS_TEMP=
#7 4.695 ++++ '[' -z '' ']'
#7 4.695 ++++ break
#7 4.695 ++++ '[' -n v20.19.0 ']'
#7 4.695 ++++ '[' _v20.19.0 '!=' _v20.19.0 ']'
#7 4.695 ++++ nvm_validate_implicit_alias v20.19.0
#7 4.697 ++++ return 2
#7 4.697 +++ VERSION=
#7 4.697 +++ EXIT_CODE=2
#7 4.697 +++ '[' -z '' ']'
#7 4.697 +++ return 2
#7 4.698 ++++ nvm_ensure_version_prefix v20.19.0
#7 4.698 ++++ local NVM_VERSION
#7 4.699 +++++ nvm_strip_iojs_prefix v20.19.0
#7 4.699 +++++ local NVM_IOJS_PREFIX
#7 4.699 +++++ command sed -e 's/^\([0-9]\)/v\1/g'
#7 4.699 +++++ sed -e 's/^\([0-9]\)/v\1/g'
#7 4.699 ++++++ nvm_iojs_prefix
#7 4.699 ++++++ nvm_echo iojs
#7 4.699 ++++++ command printf '%s\n' iojs
#7 4.700 +++++ NVM_IOJS_PREFIX=iojs
#7 4.700 +++++ '[' v20.19.0 = iojs ']'
#7 4.700 +++++ nvm_echo v20.19.0
#7 4.700 +++++ command printf '%s\n' v20.19.0
#7 4.701 ++++ NVM_VERSION=v20.19.0
#7 4.701 ++++ nvm_is_iojs_version v20.19.0
#7 4.701 ++++ case "${1-}" in
#7 4.701 ++++ return 1
#7 4.701 ++++ nvm_echo v20.19.0
#7 4.701 ++++ command printf '%s\n' v20.19.0
#7 4.702 +++ PATTERN=v20.19.0
#7 4.702 +++ '[' v20.19.0 = N/A ']'
#7 4.702 +++ local NVM_PATTERN_STARTS_WITH_V
#7 4.702 +++ case $PATTERN in
#7 4.702 +++ NVM_PATTERN_STARTS_WITH_V=true
#7 4.702 +++ '[' true = true ']'
#7 4.702 ++++ nvm_num_version_groups v20.19.0
#7 4.702 ++++ local VERSION
#7 4.702 ++++ VERSION=v20.19.0
#7 4.702 ++++ VERSION=20.19.0
#7 4.702 ++++ VERSION=20.19.0
#7 4.702 ++++ '[' -z 20.19.0 ']'
#7 4.702 ++++ local NVM_NUM_DOTS
#7 4.703 +++++ nvm_echo 20.19.0
#7 4.703 +++++ command printf '%s\n' 20.19.0
#7 4.703 +++++ command sed -e 's/[^\.]//g'
#7 4.703 +++++ sed -e 's/[^\.]//g'
#7 4.706 ++++ NVM_NUM_DOTS=..
#7 4.706 ++++ local NVM_NUM_GROUPS
#7 4.706 ++++ NVM_NUM_GROUPS=...
#7 4.706 ++++ nvm_echo 3
#7 4.706 ++++ command printf '%s\n' 3
#7 4.706 +++ '[' _3 = _3 ']'
#7 4.706 +++ nvm_is_version_installed v20.19.0
#7 4.706 +++ '[' -z v20.19.0 ']'
#7 4.706 +++ local NVM_NODE_BINARY
#7 4.706 +++ NVM_NODE_BINARY=node
#7 4.707 ++++ nvm_get_os
#7 4.707 ++++ local NVM_UNAME
#7 4.707 +++++ command uname -a
#7 4.707 +++++ uname -a
#7 4.709 ++++ NVM_UNAME='Linux buildkitsandbox 6.8.12-5-pve #1 SMP PREEMPT_DYNAMIC PMX 6.8.12-5 (2024-12-03T10:26Z) x86_64 GNU/Linux'
#7 4.709 ++++ local NVM_OS
#7 4.709 ++++ case "${NVM_UNAME}" in
#7 4.709 ++++ NVM_OS=linux
#7 4.709 ++++ nvm_echo linux
#7 4.709 ++++ command printf '%s\n' linux
#7 4.709 +++ '[' _linux = _win ']'
#7 4.710 ++++ nvm_version_path v20.19.0
#7 4.713 +++ '[' -x /root/.nvm/versions/node/v20.19.0/bin/node ']'
#7 4.713 +++ return 0
#7 4.713 +++ VERSIONS=v20.19.0
#7 4.713 +++ '[' '' = true ']'
#7 4.713 +++ '[' -z v20.19.0 ']'
#7 4.713 +++ nvm_echo v20.19.0
#7 4.713 +++ command printf '%s\n' v20.19.0
#7 4.715 ++ VERSION=v20.19.0
#7 4.715 ++ '[' -z v20.19.0 ']'
#7 4.715 ++ '[' _v20.19.0 = _N/A ']'
#7 4.715 ++ nvm_echo v20.19.0
#7 4.715 ++ command printf '%s\n' v20.19.0
#7 4.715 + LOCAL_VERSION=v20.19.0
#7 4.715 + EXIT_CODE=0
#7 4.715 + local NVM_VERSION_DIR
#7 4.715 + '[' 0 '!=' 0 ']'
#7 4.715 + nvm_is_version_installed v20.19.0
#7 4.715 + '[' -z v20.19.0 ']'
#7 4.715 + local NVM_NODE_BINARY
#7 4.715 + NVM_NODE_BINARY=node
#7 4.716 ++ nvm_get_os
#7 4.716 ++ local NVM_UNAME
#7 4.716 +++ command uname -a
#7 4.716 +++ uname -a
#7 4.718 ++ NVM_UNAME='Linux buildkitsandbox 6.8.12-5-pve #1 SMP PREEMPT_DYNAMIC PMX 6.8.12-5 (2024-12-03T10:26Z) x86_64 GNU/Linux'
#7 4.718 ++ local NVM_OS
#7 4.718 ++ case "${NVM_UNAME}" in
#7 4.718 ++ NVM_OS=linux
#7 4.718 ++ nvm_echo linux
#7 4.718 ++ command printf '%s\n' linux
#7 4.718 + '[' _linux = _win ']'
#7 4.718 ++ nvm_version_path v20.19.0
#7 4.722 + '[' -x /root/.nvm/versions/node/v20.19.0/bin/node ']'
#7 4.722 + return 0
#7 4.722 + local NVM_VERSION_DIR
#7 4.723 ++ nvm_version_path v20.19.0
#7 4.723 ++ local VERSION
#7 4.723 ++ VERSION=v20.19.0
#7 4.723 ++ '[' -z v20.19.0 ']'
#7 4.723 ++ nvm_is_iojs_version v20.19.0
#7 4.723 ++ case "${1-}" in
#7 4.723 ++ return 1
#7 4.723 ++ nvm_version_greater 0.12.0 v20.19.0
#7 4.723 ++ command awk 'BEGIN {
#7 4.723     if (ARGV[1] == "" || ARGV[2] == "") exit(1)
#7 4.723     split(ARGV[1], a, /\./);
#7 4.723     split(ARGV[2], b, /\./);
#7 4.723     for (i=1; i<=3; i++) {
#7 4.723       if (a[i] && a[i] !~ /^[0-9]+$/) exit(2);
#7 4.723       if (b[i] && b[i] !~ /^[0-9]+$/) { exit(0); }
#7 4.723       if (a[i] < b[i]) exit(3);
#7 4.723       else if (a[i] > b[i]) exit(0);
#7 4.723     }
#7 4.723     exit(4)
#7 4.723   }' 0.12.0 20.19.0
#7 4.723 ++ awk 'BEGIN {
#7 4.723     if (ARGV[1] == "" || ARGV[2] == "") exit(1)
#7 4.723     split(ARGV[1], a, /\./);
#7 4.723     split(ARGV[2], b, /\./);
#7 4.723     for (i=1; i<=3; i++) {
#7 4.723       if (a[i] && a[i] !~ /^[0-9]+$/) exit(2);
#7 4.723       if (b[i] && b[i] !~ /^[0-9]+$/) { exit(0); }
#7 4.723       if (a[i] < b[i]) exit(3);
#7 4.723       else if (a[i] > b[i]) exit(0);
#7 4.723     }
#7 4.723     exit(4)
#7 4.723   }' 0.12.0 20.19.0
#7 4.725 +++ nvm_version_dir new
#7 4.725 +++ local NVM_WHICH_DIR
#7 4.725 +++ NVM_WHICH_DIR=new
#7 4.725 +++ '[' -z new ']'
#7 4.725 +++ '[' new = new ']'
#7 4.725 +++ nvm_echo /root/.nvm/versions/node
#7 4.725 +++ command printf '%s\n' /root/.nvm/versions/node
#7 4.726 ++ nvm_echo /root/.nvm/versions/node/v20.19.0
#7 4.726 ++ command printf '%s\n' /root/.nvm/versions/node/v20.19.0
#7 4.726 + NVM_VERSION_DIR=/root/.nvm/versions/node/v20.19.0
#7 4.727 ++ nvm_change_path /root/.nvm/versions/node/v20.19.0/bin:/usr/local/sbin:/usr/local/bin:/usr/sbin:/usr/bin:/sbin:/bin /bin /root/.nvm/versions/node/v20.19.0
#7 4.727 ++ '[' -z /root/.nvm/versions/node/v20.19.0/bin:/usr/local/sbin:/usr/local/bin:/usr/sbin:/usr/bin:/sbin:/bin ']'
#7 4.727 ++ nvm_echo /root/.nvm/versions/node/v20.19.0/bin:/usr/local/sbin:/usr/local/bin:/usr/sbin:/usr/bin:/sbin:/bin
#7 4.727 ++ command printf '%s\n' /root/.nvm/versions/node/v20.19.0/bin:/usr/local/sbin:/usr/local/bin:/usr/sbin:/usr/bin:/sbin:/bin
#7 4.727 ++ nvm_grep -q '/root/.nvm/[^/]*/bin'
#7 4.727 ++ GREP_OPTIONS=
#7 4.727 ++ command grep -q '/root/.nvm/[^/]*/bin'
#7 4.727 ++ grep -q '/root/.nvm/[^/]*/bin'
#7 4.730 ++ nvm_echo /root/.nvm/versions/node/v20.19.0/bin:/usr/local/sbin:/usr/local/bin:/usr/sbin:/usr/bin:/sbin:/bin
#7 4.730 ++ command printf '%s\n' /root/.nvm/versions/node/v20.19.0/bin:/usr/local/sbin:/usr/local/bin:/usr/sbin:/usr/bin:/sbin:/bin
#7 4.730 ++ nvm_grep -q '/root/.nvm/versions/[^/]*/[^/]*/bin'
#7 4.730 ++ GREP_OPTIONS=
#7 4.730 ++ command grep -q '/root/.nvm/versions/[^/]*/[^/]*/bin'
#7 4.730 ++ grep -q '/root/.nvm/versions/[^/]*/[^/]*/bin'
#7 4.732 ++ nvm_echo /root/.nvm/versions/node/v20.19.0/bin:/usr/local/sbin:/usr/local/bin:/usr/sbin:/usr/bin:/sbin:/bin
#7 4.732 ++ command printf '%s\n' /root/.nvm/versions/node/v20.19.0/bin:/usr/local/sbin:/usr/local/bin:/usr/sbin:/usr/bin:/sbin:/bin
#7 4.732 ++ nvm_grep -Eq '(^|:)(/usr(/local)?)?/bin:.*/root/.nvm/[^/]*/bin'
#7 4.732 ++ GREP_OPTIONS=
#7 4.732 ++ command grep -Eq '(^|:)(/usr(/local)?)?/bin:.*/root/.nvm/[^/]*/bin'
#7 4.732 ++ grep -Eq '(^|:)(/usr(/local)?)?/bin:.*/root/.nvm/[^/]*/bin'
#7 4.734 ++ nvm_echo /root/.nvm/versions/node/v20.19.0/bin:/usr/local/sbin:/usr/local/bin:/usr/sbin:/usr/bin:/sbin:/bin
#7 4.734 ++ command printf '%s\n' /root/.nvm/versions/node/v20.19.0/bin:/usr/local/sbin:/usr/local/bin:/usr/sbin:/usr/bin:/sbin:/bin
#7 4.734 ++ nvm_grep -Eq '(^|:)(/usr(/local)?)?/bin:.*/root/.nvm/versions/[^/]*/[^/]*/bin'
#7 4.735 ++ GREP_OPTIONS=
#7 4.735 ++ command grep -Eq '(^|:)(/usr(/local)?)?/bin:.*/root/.nvm/versions/[^/]*/[^/]*/bin'
#7 4.735 ++ grep -Eq '(^|:)(/usr(/local)?)?/bin:.*/root/.nvm/versions/[^/]*/[^/]*/bin'
#7 4.737 ++ nvm_echo /root/.nvm/versions/node/v20.19.0/bin:/usr/local/sbin:/usr/local/bin:/usr/sbin:/usr/bin:/sbin:/bin
#7 4.737 ++ command printf '%s\n' /root/.nvm/versions/node/v20.19.0/bin:/usr/local/sbin:/usr/local/bin:/usr/sbin:/usr/bin:/sbin:/bin
#7 4.737 ++ command sed -e 's#/root/.nvm/[^/]*/bin[^:]*#/root/.nvm/versions/node/v20.19.0/bin#' -e 's#/root/.nvm/versions/[^/]*/[^/]*/bin[^:]*#/root/.nvm/versions/node/v20.19.0/bin#'
#7 4.737 ++ sed -e 's#/root/.nvm/[^/]*/bin[^:]*#/root/.nvm/versions/node/v20.19.0/bin#' -e 's#/root/.nvm/versions/[^/]*/[^/]*/bin[^:]*#/root/.nvm/versions/node/v20.19.0/bin#'
#7 4.740 + PATH=/root/.nvm/versions/node/v20.19.0/bin:/usr/local/sbin:/usr/local/bin:/usr/sbin:/usr/bin:/sbin:/bin
#7 4.740 + nvm_has manpath
#7 4.740 + type manpath
#7 4.740 + export PATH
#7 4.740 + hash -r
#7 4.740 + export NVM_BIN=/root/.nvm/versions/node/v20.19.0/bin
#7 4.740 + NVM_BIN=/root/.nvm/versions/node/v20.19.0/bin
#7 4.740 + export NVM_INC=/root/.nvm/versions/node/v20.19.0/include/node
#7 4.740 + NVM_INC=/root/.nvm/versions/node/v20.19.0/include/node
#7 4.740 + '[' '' = true ']'
#7 4.740 + local NVM_USE_OUTPUT
#7 4.740 + NVM_USE_OUTPUT=
#7 4.740 + '[' 0 -ne 1 ']'
#7 4.740 + nvm_is_iojs_version v20.19.0
#7 4.740 + case "${1-}" in
#7 4.740 + return 1
#7 4.740 ++ nvm_print_npm_version
#7 4.740 ++ nvm_has npm
#7 4.740 ++ type npm
#7 4.741 +++ npm --version
#7 4.832 ++ command printf ' (npm v10.8.2)'
#7 4.832 ++ printf ' (npm v10.8.2)'
#7 4.832 + NVM_USE_OUTPUT='Now using node v20.19.0 (npm v10.8.2)'
#7 4.832 + '[' _v20.19.0 '!=' _system ']'
#7 4.832 + local NVM_USE_CMD
#7 4.832 + NVM_USE_CMD='nvm use --delete-prefix'
#7 4.832 + '[' -n v20.19.0 ']'
#7 4.832 + NVM_USE_CMD='nvm use --delete-prefix v20.19.0'
#7 4.832 + '[' 0 -eq 1 ']'
#7 4.832 + nvm_die_on_prefix 0 'nvm use --delete-prefix v20.19.0' /root/.nvm/versions/node/v20.19.0
#7 4.832 + local NVM_DELETE_PREFIX
#7 4.832 + NVM_DELETE_PREFIX=0
#7 4.832 + case "${NVM_DELETE_PREFIX}" in
#7 4.832 + local NVM_COMMAND
#7 4.832 + NVM_COMMAND='nvm use --delete-prefix v20.19.0'
#7 4.832 + local NVM_VERSION_DIR
#7 4.832 + NVM_VERSION_DIR=/root/.nvm/versions/node/v20.19.0
#7 4.832 + '[' -z 'nvm use --delete-prefix v20.19.0' ']'
#7 4.832 + '[' -z /root/.nvm/versions/node/v20.19.0 ']'
#7 4.832 + '[' -n '' ']'
#7 4.832 + local NVM_OS
#7 4.833 ++ nvm_get_os
#7 4.833 ++ local NVM_UNAME
#7 4.833 +++ command uname -a
#7 4.833 +++ uname -a
#7 4.835 ++ NVM_UNAME='Linux buildkitsandbox 6.8.12-5-pve #1 SMP PREEMPT_DYNAMIC PMX 6.8.12-5 (2024-12-03T10:26Z) x86_64 GNU/Linux'
#7 4.835 ++ local NVM_OS
#7 4.835 ++ case "${NVM_UNAME}" in
#7 4.835 ++ NVM_OS=linux
#7 4.835 ++ nvm_echo linux
#7 4.835 ++ command printf '%s\n' linux
#7 4.835 + NVM_OS=linux
#7 4.835 + local NVM_NPM_CONFIG_x_PREFIX_ENV
#7 4.836 ++ command awk 'BEGIN { for (name in ENVIRON) if (toupper(name) == "NPM_CONFIG_PREFIX") { print name; break } }'
#7 4.836 ++ awk 'BEGIN { for (name in ENVIRON) if (toupper(name) == "NPM_CONFIG_PREFIX") { print name; break } }'
#7 4.838 + NVM_NPM_CONFIG_x_PREFIX_ENV=
#7 4.838 + '[' -n '' ']'
#7 4.838 + local NVM_NPM_BUILTIN_NPMRC
#7 4.838 + NVM_NPM_BUILTIN_NPMRC=/root/.nvm/versions/node/v20.19.0/lib/node_modules/npm/npmrc
#7 4.838 + nvm_npmrc_bad_news_bears /root/.nvm/versions/node/v20.19.0/lib/node_modules/npm/npmrc
#7 4.838 + local NVM_NPMRC
#7 4.838 + NVM_NPMRC=/root/.nvm/versions/node/v20.19.0/lib/node_modules/npm/npmrc
#7 4.838 + '[' -n /root/.nvm/versions/node/v20.19.0/lib/node_modules/npm/npmrc ']'
#7 4.838 + '[' -f /root/.nvm/versions/node/v20.19.0/lib/node_modules/npm/npmrc ']'
#7 4.838 + return 1
#7 4.838 + local NVM_NPM_GLOBAL_NPMRC
#7 4.838 + NVM_NPM_GLOBAL_NPMRC=/root/.nvm/versions/node/v20.19.0/etc/npmrc
#7 4.838 + nvm_npmrc_bad_news_bears /root/.nvm/versions/node/v20.19.0/etc/npmrc
#7 4.838 + local NVM_NPMRC
#7 4.838 + NVM_NPMRC=/root/.nvm/versions/node/v20.19.0/etc/npmrc
#7 4.838 + '[' -n /root/.nvm/versions/node/v20.19.0/etc/npmrc ']'
#7 4.838 + '[' -f /root/.nvm/versions/node/v20.19.0/etc/npmrc ']'
#7 4.838 + return 1
#7 4.838 + local NVM_NPM_USER_NPMRC
#7 4.838 + NVM_NPM_USER_NPMRC=/root/.npmrc
#7 4.838 + nvm_npmrc_bad_news_bears /root/.npmrc
#7 4.838 + local NVM_NPMRC
#7 4.838 + NVM_NPMRC=/root/.npmrc
#7 4.838 + '[' -n /root/.npmrc ']'
#7 4.838 + '[' -f /root/.npmrc ']'
#7 4.838 + return 1
#7 4.838 + local NVM_NPM_PROJECT_NPMRC
#7 4.839 ++ nvm_find_project_dir
#7 4.839 ++ local path_
#7 4.839 ++ path_=/
#7 4.839 ++ '[' / '!=' '' ']'
#7 4.839 ++ '[' '!' -f //package.json ']'
#7 4.839 ++ '[' '!' -d //node_modules ']'
#7 4.839 ++ path_=
#7 4.839 ++ '[' '' '!=' '' ']'
#7 4.839 ++ nvm_echo ''
#7 4.839 ++ command printf '%s\n' ''
#7 4.839 + NVM_NPM_PROJECT_NPMRC=/.npmrc
#7 4.839 + nvm_npmrc_bad_news_bears /.npmrc
#7 4.839 + local NVM_NPMRC
#7 4.839 + NVM_NPMRC=/.npmrc
#7 4.839 + '[' -n /.npmrc ']'
#7 4.839 + '[' -f /.npmrc ']'
#7 4.839 + return 1
#7 4.839 + '[' -n 'Now using node v20.19.0 (npm v10.8.2)' ']'
#7 4.839 + '[' 0 -ne 1 ']'
#7 4.839 + nvm_echo 'Now using node v20.19.0 (npm v10.8.2)'
#7 4.839 + command printf '%s\n' 'Now using node v20.19.0 (npm v10.8.2)'
#7 4.839 Now using node v20.19.0 (npm v10.8.2)
#7 4.840 + EXIT_CODE=0
#7 4.840 + '[' 0 -eq 0 ']'
#7 4.840 + '[' 0 = 1 ']'
#7 4.840 + '[' 0 -ne 0 ']'
#7 4.840 + '[' 0 -ne 0 ']'
#7 4.840 + '[' -n '' ']'
#7 4.840 + nvm_ensure_default_set 20
#7 4.840 + local VERSION
#7 4.840 + VERSION=20
#7 4.840 + '[' -z 20 ']'
#7 4.840 + nvm_alias default
#7 4.845 + return 0
#7 4.845 + '[' 0 -ne 0 ']'
#7 4.845 + return 0
#7 4.846 + EXIT_CODE=0
#7 4.846 + set -e
#7 4.846 + return 0
#7 4.846 + nvm use 20
#7 4.846 + '[' 2 -lt 1 ']'
#7 4.846 + local DEFAULT_IFS
#7 4.847 ++ nvm_echo t
#7 4.847 ++ command printf '%s\n' t
#7 4.847 ++ command tr t '\t'
#7 4.847 ++ tr t '\t'
#7 4.849 + DEFAULT_IFS=' 	
#7 4.849 '
#7 4.849 + '[' hxB '!=' ehxB ']'
#7 4.849 + set +e
#7 4.849 + local EXIT_CODE
#7 4.849 + IFS=' 	
#7 4.849 '
#7 4.849 + nvm use 20
#7 4.850 + '[' 2 -lt 1 ']'
#7 4.850 + local DEFAULT_IFS
#7 4.851 ++ nvm_echo t
#7 4.851 ++ command printf '%s\n' t
#7 4.851 ++ command tr t '\t'
#7 4.851 ++ tr t '\t'
#7 4.853 + DEFAULT_IFS=' 	
#7 4.853 '
#7 4.853 + '[' hxB '!=' hxB ']'
#7 4.853 + '[' hxB '!=' hxB ']'
#7 4.853 + '[' -n /usr/bin/bash ']'
#7 4.853 + '[' hxB '!=' hxB ']'
#7 4.853 + '[' ' 	
#7 4.853 ' '!=' ' 	
#7 4.853 ' ']'
#7 4.853 + local i
#7 4.853 + for i in "$@"
#7 4.853 + case $i in
#7 4.853 + for i in "$@"
#7 4.853 + case $i in
#7 4.853 + local COMMAND
#7 4.853 + COMMAND=use
#7 4.853 + shift
#7 4.853 + local VERSION
#7 4.853 + local ADDITIONAL_PARAMETERS
#7 4.853 + case $COMMAND in
#7 4.853 + local PROVIDED_VERSION
#7 4.853 + local NVM_SILENT
#7 4.853 + local NVM_SILENT_ARG
#7 4.853 + local NVM_DELETE_PREFIX
#7 4.853 + NVM_DELETE_PREFIX=0
#7 4.853 + local NVM_LTS
#7 4.853 + local IS_VERSION_FROM_NVMRC
#7 4.853 + IS_VERSION_FROM_NVMRC=0
#7 4.853 + '[' 1 -ne 0 ']'
#7 4.853 + case "$1" in
#7 4.853 + '[' -n 20 ']'
#7 4.853 + PROVIDED_VERSION=20
#7 4.853 + shift
#7 4.853 + '[' 0 -ne 0 ']'
#7 4.853 + '[' -n '' ']'
#7 4.853 + '[' -z 20 ']'
#7 4.853 ++ nvm_match_version 20
#7 4.854 ++ local NVM_IOJS_PREFIX
#7 4.854 +++ nvm_iojs_prefix
#7 4.854 +++ nvm_echo iojs
#7 4.854 +++ command printf '%s\n' iojs
#7 4.854 ++ NVM_IOJS_PREFIX=iojs
#7 4.854 ++ local PROVIDED_VERSION
#7 4.854 ++ PROVIDED_VERSION=20
#7 4.854 ++ case "_${PROVIDED_VERSION}" in
#7 4.854 ++ nvm_version 20
#7 4.854 ++ local PATTERN
#7 4.854 ++ PATTERN=20
#7 4.854 ++ local VERSION
#7 4.854 ++ '[' -z 20 ']'
#7 4.854 ++ '[' 20 = current ']'
#7 4.854 ++ local NVM_NODE_PREFIX
#7 4.855 +++ nvm_node_prefix
#7 4.855 +++ nvm_echo node
#7 4.855 +++ command printf '%s\n' node
#7 4.855 ++ NVM_NODE_PREFIX=node
#7 4.855 ++ case "_${PATTERN}" in
#7 4.856 +++ nvm_ls 20
#7 4.856 +++ local PATTERN
#7 4.856 +++ PATTERN=20
#7 4.856 +++ local VERSIONS
#7 4.856 +++ VERSIONS=
#7 4.856 +++ '[' 20 = current ']'
#7 4.856 +++ local NVM_IOJS_PREFIX
#7 4.856 +++ command tail -1
#7 4.856 +++ tail -1
#7 4.857 ++++ nvm_iojs_prefix
#7 4.857 ++++ nvm_echo iojs
#7 4.857 ++++ command printf '%s\n' iojs
#7 4.857 +++ NVM_IOJS_PREFIX=iojs
#7 4.857 +++ local NVM_NODE_PREFIX
#7 4.858 ++++ nvm_node_prefix
#7 4.858 ++++ nvm_echo node
#7 4.858 ++++ command printf '%s\n' node
#7 4.858 +++ NVM_NODE_PREFIX=node
#7 4.858 +++ local NVM_VERSION_DIR_IOJS
#7 4.858 ++++ nvm_version_dir iojs
#7 4.858 ++++ local NVM_WHICH_DIR
#7 4.858 ++++ NVM_WHICH_DIR=iojs
#7 4.858 ++++ '[' -z iojs ']'
#7 4.858 ++++ '[' iojs = new ']'
#7 4.858 ++++ '[' _iojs = _iojs ']'
#7 4.858 ++++ nvm_echo /root/.nvm/versions/io.js
#7 4.858 ++++ command printf '%s\n' /root/.nvm/versions/io.js
#7 4.859 +++ NVM_VERSION_DIR_IOJS=/root/.nvm/versions/io.js
#7 4.859 +++ local NVM_VERSION_DIR_NEW
#7 4.859 ++++ nvm_version_dir new
#7 4.859 ++++ local NVM_WHICH_DIR
#7 4.859 ++++ NVM_WHICH_DIR=new
#7 4.859 ++++ '[' -z new ']'
#7 4.859 ++++ '[' new = new ']'
#7 4.859 ++++ nvm_echo /root/.nvm/versions/node
#7 4.859 ++++ command printf '%s\n' /root/.nvm/versions/node
#7 4.860 +++ NVM_VERSION_DIR_NEW=/root/.nvm/versions/node
#7 4.860 +++ local NVM_VERSION_DIR_OLD
#7 4.860 ++++ nvm_version_dir old
#7 4.860 ++++ local NVM_WHICH_DIR
#7 4.860 ++++ NVM_WHICH_DIR=old
#7 4.860 ++++ '[' -z old ']'
#7 4.860 ++++ '[' old = new ']'
#7 4.860 ++++ '[' _old = _iojs ']'
#7 4.860 ++++ '[' _old = _old ']'
#7 4.860 ++++ nvm_echo /root/.nvm
#7 4.860 ++++ command printf '%s\n' /root/.nvm
#7 4.861 +++ NVM_VERSION_DIR_OLD=/root/.nvm
#7 4.861 +++ case "${PATTERN}" in
#7 4.861 +++ nvm_resolve_local_alias 20
#7 4.861 +++ '[' -z 20 ']'
#7 4.861 +++ local VERSION
#7 4.861 +++ local EXIT_CODE
#7 4.861 ++++ nvm_resolve_alias 20
#7 4.861 ++++ '[' -z 20 ']'
#7 4.861 ++++ local PATTERN
#7 4.861 ++++ PATTERN=20
#7 4.861 ++++ local ALIAS
#7 4.861 ++++ ALIAS=20
#7 4.861 ++++ local ALIAS_TEMP
#7 4.861 ++++ local SEEN_ALIASES
#7 4.861 ++++ SEEN_ALIASES=20
#7 4.861 ++++ true
#7 4.862 +++++ nvm_alias 20
#7 4.866 +++++ nvm_echo
#7 4.866 +++++ command printf '%s\n' ''
#7 4.866 ++++ ALIAS_TEMP=
#7 4.866 ++++ '[' -z '' ']'
#7 4.866 ++++ break
#7 4.866 ++++ '[' -n 20 ']'
#7 4.866 ++++ '[' _20 '!=' _20 ']'
#7 4.866 ++++ nvm_validate_implicit_alias 20
#7 4.868 ++++ return 2
#7 4.869 +++ VERSION=
#7 4.869 +++ EXIT_CODE=2
#7 4.869 +++ '[' -z '' ']'
#7 4.869 +++ return 2
#7 4.869 ++++ nvm_ensure_version_prefix 20
#7 4.869 ++++ local NVM_VERSION
#7 4.870 +++++ nvm_strip_iojs_prefix 20
#7 4.870 +++++ local NVM_IOJS_PREFIX
#7 4.870 +++++ command sed -e 's/^\([0-9]\)/v\1/g'
#7 4.870 +++++ sed -e 's/^\([0-9]\)/v\1/g'
#7 4.870 ++++++ nvm_iojs_prefix
#7 4.871 ++++++ nvm_echo iojs
#7 4.871 ++++++ command printf '%s\n' iojs
#7 4.871 +++++ NVM_IOJS_PREFIX=iojs
#7 4.871 +++++ '[' 20 = iojs ']'
#7 4.871 +++++ nvm_echo 20
#7 4.871 +++++ command printf '%s\n' 20
#7 4.873 ++++ NVM_VERSION=v20
#7 4.873 ++++ nvm_is_iojs_version 20
#7 4.873 ++++ case "${1-}" in
#7 4.873 ++++ return 1
#7 4.873 ++++ nvm_echo v20
#7 4.873 ++++ command printf '%s\n' v20
#7 4.873 +++ PATTERN=v20
#7 4.873 +++ '[' v20 = N/A ']'
#7 4.873 +++ local NVM_PATTERN_STARTS_WITH_V
#7 4.873 +++ case $PATTERN in
#7 4.873 +++ NVM_PATTERN_STARTS_WITH_V=true
#7 4.873 +++ '[' true = true ']'
#7 4.874 ++++ nvm_num_version_groups v20
#7 4.874 ++++ local VERSION
#7 4.874 ++++ VERSION=v20
#7 4.874 ++++ VERSION=20
#7 4.874 ++++ VERSION=20
#7 4.874 ++++ '[' -z 20 ']'
#7 4.874 ++++ local NVM_NUM_DOTS
#7 4.875 +++++ nvm_echo 20
#7 4.875 +++++ command printf '%s\n' 20
#7 4.875 +++++ command sed -e 's/[^\.]//g'
#7 4.875 +++++ sed -e 's/[^\.]//g'
#7 4.878 ++++ NVM_NUM_DOTS=
#7 4.878 ++++ local NVM_NUM_GROUPS
#7 4.878 ++++ NVM_NUM_GROUPS=.
#7 4.878 ++++ nvm_echo 1
#7 4.879 ++++ command printf '%s\n' 1
#7 4.879 +++ '[' _1 = _3 ']'
#7 4.879 +++ case "${PATTERN}" in
#7 4.879 +++ local NUM_VERSION_GROUPS
#7 4.879 ++++ nvm_num_version_groups v20
#7 4.879 ++++ local VERSION
#7 4.879 ++++ VERSION=v20
#7 4.879 ++++ VERSION=20
#7 4.879 ++++ VERSION=20
#7 4.879 ++++ '[' -z 20 ']'
#7 4.879 ++++ local NVM_NUM_DOTS
#7 4.880 +++++ nvm_echo 20
#7 4.880 +++++ command printf '%s\n' 20
#7 4.881 +++++ command sed -e 's/[^\.]//g'
#7 4.881 +++++ sed -e 's/[^\.]//g'
#7 4.883 ++++ NVM_NUM_DOTS=
#7 4.883 ++++ local NVM_NUM_GROUPS
#7 4.883 ++++ NVM_NUM_GROUPS=.
#7 4.883 ++++ nvm_echo 1
#7 4.883 ++++ command printf '%s\n' 1
#7 4.884 +++ NUM_VERSION_GROUPS=1
#7 4.884 +++ '[' 1 = 2 ']'
#7 4.884 +++ '[' 1 = 1 ']'
#7 4.884 +++ PATTERN=v20.
#7 4.884 +++ nvm_is_zsh
#7 4.884 +++ '[' -n '' ']'
#7 4.884 +++ nvm_is_zsh
#7 4.884 +++ '[' -n '' ']'
#7 4.884 +++ local NVM_DIRS_TO_SEARCH1
#7 4.884 +++ NVM_DIRS_TO_SEARCH1=
#7 4.884 +++ local NVM_DIRS_TO_SEARCH2
#7 4.884 +++ NVM_DIRS_TO_SEARCH2=
#7 4.884 +++ local NVM_DIRS_TO_SEARCH3
#7 4.884 +++ NVM_DIRS_TO_SEARCH3=
#7 4.884 +++ local NVM_ADD_SYSTEM
#7 4.884 +++ NVM_ADD_SYSTEM=false
#7 4.884 +++ nvm_is_iojs_version v20.
#7 4.884 +++ case "${1-}" in
#7 4.884 +++ return 1
#7 4.884 +++ '[' v20. = node- ']'
#7 4.884 +++ NVM_DIRS_TO_SEARCH1=/root/.nvm
#7 4.884 +++ NVM_DIRS_TO_SEARCH2=/root/.nvm/versions/node
#7 4.884 +++ NVM_DIRS_TO_SEARCH3=/root/.nvm/versions/io.js
#7 4.884 +++ nvm_has_system_iojs
#7 4.884 ++++ nvm deactivate
#7 4.893 ++++ command -v iojs
#7 4.893 +++ '[' '' '!=' '' ']'
#7 4.893 +++ nvm_has_system_node
#7 4.894 ++++ nvm deactivate
#7 4.903 ++++ command -v node
#7 4.903 +++ '[' '' '!=' '' ']'
#7 4.903 +++ '[' -d /root/.nvm ']'
#7 4.904 +++ command ls -1qA /root/.nvm
#7 4.904 +++ ls -1qA /root/.nvm
#7 4.904 +++ nvm_grep -q .
#7 4.904 +++ GREP_OPTIONS=
#7 4.904 +++ command grep -q .
#7 4.904 +++ grep -q .
#7 4.907 +++ '[' -d /root/.nvm/versions/node ']'
#7 4.907 +++ command ls -1qA /root/.nvm/versions/node
#7 4.907 +++ ls -1qA /root/.nvm/versions/node
#7 4.907 +++ nvm_grep -q .
#7 4.907 +++ GREP_OPTIONS=
#7 4.907 +++ command grep -q .
#7 4.907 +++ grep -q .
#7 4.910 +++ '[' -d /root/.nvm/versions/io.js ']'
#7 4.910 +++ NVM_DIRS_TO_SEARCH3=/root/.nvm/versions/node
#7 4.910 +++ local SEARCH_PATTERN
#7 4.910 +++ '[' -z v20. ']'
#7 4.910 ++++ nvm_echo v20.
#7 4.910 ++++ command printf '%s\n' v20.
#7 4.911 ++++ command sed 's#\.#\\\.#g;'
#7 4.911 ++++ sed 's#\.#\\\.#g;'
#7 4.913 +++ SEARCH_PATTERN='v20\.'
#7 4.913 +++ '[' -n /root/.nvm/root/.nvm/versions/node/root/.nvm/versions/node ']'
#7 4.914 ++++ command sed -e '
#7 4.914             s#/root/.nvm/versions/io.js/#versions/iojs/#;
#7 4.914             s#^/root/.nvm/##;
#7 4.914             \#^[^v]# d;
#7 4.914             \#^versions$# d;
#7 4.914             s#^versions/##;
#7 4.914             s#^v#node/v#;
#7 4.914             \#v20\.# !d;
#7 4.914           ' -e 's#^\([^/]\{1,\}\)/\(.*\)$#\2.\1#;'
#7 4.914 ++++ sed -e '
#7 4.914             s#/root/.nvm/versions/io.js/#versions/iojs/#;
#7 4.914             s#^/root/.nvm/##;
#7 4.914             \#^[^v]# d;
#7 4.914             \#^versions$# d;
#7 4.914             s#^versions/##;
#7 4.914             s#^v#node/v#;
#7 4.914             \#v20\.# !d;
#7 4.914           ' -e 's#^\([^/]\{1,\}\)/\(.*\)$#\2.\1#;'
#7 4.914 ++++ command find /root/.nvm/CODE_OF_CONDUCT.md /root/.nvm/CONTRIBUTING.md /root/.nvm/Dockerfile /root/.nvm/GOVERNANCE.md /root/.nvm/LICENSE.md /root/.nvm/Makefile /root/.nvm/PROJECT_CHARTER.md /root/.nvm/README.md /root/.nvm/ROADMAP.md /root/.nvm/alias /root/.nvm/bash_completion /root/.nvm/install.sh /root/.nvm/nvm-exec /root/.nvm/nvm.sh /root/.nvm/package.json /root/.nvm/rename_test.sh /root/.nvm/test /root/.nvm/update_test_mocks.sh /root/.nvm/versions /root/.nvm/versions/node/v20.19.0 /root/.nvm/versions/node/v20.19.0 -name . -o -type d -prune -o -path 'v20.*'
#7 4.914 ++++ find /root/.nvm/CODE_OF_CONDUCT.md /root/.nvm/CONTRIBUTING.md /root/.nvm/Dockerfile /root/.nvm/GOVERNANCE.md /root/.nvm/LICENSE.md /root/.nvm/Makefile /root/.nvm/PROJECT_CHARTER.md /root/.nvm/README.md /root/.nvm/ROADMAP.md /root/.nvm/alias /root/.nvm/bash_completion /root/.nvm/install.sh /root/.nvm/nvm-exec /root/.nvm/nvm.sh /root/.nvm/package.json /root/.nvm/rename_test.sh /root/.nvm/test /root/.nvm/update_test_mocks.sh /root/.nvm/versions /root/.nvm/versions/node/v20.19.0 /root/.nvm/versions/node/v20.19.0 -name . -o -type d -prune -o -path 'v20.*'
#7 4.914 ++++ command sort -t. -u -k 1.2,1n -k 2,2n -k 3,3n
#7 4.914 ++++ sort -t. -u -k 1.2,1n -k 2,2n -k 3,3n
#7 4.915 ++++ command sed -e 's#\(.*\)\.\([^\.]\{1,\}\)$#\2-\1#;' -e 's#^node-##;'
#7 4.915 ++++ sed -e 's#\(.*\)\.\([^\.]\{1,\}\)$#\2-\1#;' -e 's#^node-##;'
#7 4.919 +++ VERSIONS=v20.19.0
#7 4.919 +++ '[' false = true ']'
#7 4.919 +++ '[' -z v20.19.0 ']'
#7 4.919 +++ nvm_echo v20.19.0
#7 4.919 +++ command printf '%s\n' v20.19.0
#7 4.920 ++ VERSION=v20.19.0
#7 4.920 ++ '[' -z v20.19.0 ']'
#7 4.920 ++ '[' _v20.19.0 = _N/A ']'
#7 4.920 ++ nvm_echo v20.19.0
#7 4.920 ++ command printf '%s\n' v20.19.0
#7 4.921 + VERSION=v20.19.0
#7 4.921 + '[' -z v20.19.0 ']'
#7 4.921 + '[' _v20.19.0 = _system ']'
#7 4.921 + '[' _v20.19.0 = $'_\342\210\236' ']'
#7 4.921 + '[' v20.19.0 = N/A ']'
#7 4.921 + nvm_ensure_version_installed v20.19.0 0
#7 4.921 + local PROVIDED_VERSION
#7 4.921 + PROVIDED_VERSION=v20.19.0
#7 4.921 + local IS_VERSION_FROM_NVMRC
#7 4.921 + IS_VERSION_FROM_NVMRC=0
#7 4.921 + '[' v20.19.0 = system ']'
#7 4.921 + local LOCAL_VERSION
#7 4.921 + local EXIT_CODE
#7 4.921 ++ nvm_version v20.19.0
#7 4.921 ++ local PATTERN
#7 4.921 ++ PATTERN=v20.19.0
#7 4.921 ++ local VERSION
#7 4.921 ++ '[' -z v20.19.0 ']'
#7 4.921 ++ '[' v20.19.0 = current ']'
#7 4.921 ++ local NVM_NODE_PREFIX
#7 4.922 +++ nvm_node_prefix
#7 4.922 +++ nvm_echo node
#7 4.922 +++ command printf '%s\n' node
#7 4.922 ++ NVM_NODE_PREFIX=node
#7 4.922 ++ case "_${PATTERN}" in
#7 4.923 +++ nvm_ls v20.19.0
#7 4.923 +++ local PATTERN
#7 4.923 +++ PATTERN=v20.19.0
#7 4.923 +++ local VERSIONS
#7 4.923 +++ VERSIONS=
#7 4.923 +++ command tail -1
#7 4.923 +++ '[' v20.19.0 = current ']'
#7 4.923 +++ local NVM_IOJS_PREFIX
#7 4.923 +++ tail -1
#7 4.924 ++++ nvm_iojs_prefix
#7 4.924 ++++ nvm_echo iojs
#7 4.924 ++++ command printf '%s\n' iojs
#7 4.924 +++ NVM_IOJS_PREFIX=iojs
#7 4.924 +++ local NVM_NODE_PREFIX
#7 4.925 ++++ nvm_node_prefix
#7 4.925 ++++ nvm_echo node
#7 4.925 ++++ command printf '%s\n' node
#7 4.925 +++ NVM_NODE_PREFIX=node
#7 4.925 +++ local NVM_VERSION_DIR_IOJS
#7 4.925 ++++ nvm_version_dir iojs
#7 4.925 ++++ local NVM_WHICH_DIR
#7 4.925 ++++ NVM_WHICH_DIR=iojs
#7 4.925 ++++ '[' -z iojs ']'
#7 4.925 ++++ '[' iojs = new ']'
#7 4.925 ++++ '[' _iojs = _iojs ']'
#7 4.925 ++++ nvm_echo /root/.nvm/versions/io.js
#7 4.925 ++++ command printf '%s\n' /root/.nvm/versions/io.js
#7 4.926 +++ NVM_VERSION_DIR_IOJS=/root/.nvm/versions/io.js
#7 4.926 +++ local NVM_VERSION_DIR_NEW
#7 4.926 ++++ nvm_version_dir new
#7 4.926 ++++ local NVM_WHICH_DIR
#7 4.926 ++++ NVM_WHICH_DIR=new
#7 4.926 ++++ '[' -z new ']'
#7 4.926 ++++ '[' new = new ']'
#7 4.926 ++++ nvm_echo /root/.nvm/versions/node
#7 4.926 ++++ command printf '%s\n' /root/.nvm/versions/node
#7 4.926 +++ NVM_VERSION_DIR_NEW=/root/.nvm/versions/node
#7 4.926 +++ local NVM_VERSION_DIR_OLD
#7 4.927 ++++ nvm_version_dir old
#7 4.927 ++++ local NVM_WHICH_DIR
#7 4.927 ++++ NVM_WHICH_DIR=old
#7 4.927 ++++ '[' -z old ']'
#7 4.927 ++++ '[' old = new ']'
#7 4.927 ++++ '[' _old = _iojs ']'
#7 4.927 ++++ '[' _old = _old ']'
#7 4.927 ++++ nvm_echo /root/.nvm
#7 4.927 ++++ command printf '%s\n' /root/.nvm
#7 4.927 +++ NVM_VERSION_DIR_OLD=/root/.nvm
#7 4.927 +++ case "${PATTERN}" in
#7 4.927 +++ nvm_resolve_local_alias v20.19.0
#7 4.927 +++ '[' -z v20.19.0 ']'
#7 4.927 +++ local VERSION
#7 4.927 +++ local EXIT_CODE
#7 4.928 ++++ nvm_resolve_alias v20.19.0
#7 4.928 ++++ '[' -z v20.19.0 ']'
#7 4.928 ++++ local PATTERN
#7 4.928 ++++ PATTERN=v20.19.0
#7 4.928 ++++ local ALIAS
#7 4.928 ++++ ALIAS=v20.19.0
#7 4.928 ++++ local ALIAS_TEMP
#7 4.928 ++++ local SEEN_ALIASES
#7 4.928 ++++ SEEN_ALIASES=v20.19.0
#7 4.928 ++++ true
#7 4.928 +++++ nvm_alias v20.19.0
#7 4.933 +++++ nvm_echo
#7 4.933 +++++ command printf '%s\n' ''
#7 4.933 ++++ ALIAS_TEMP=
#7 4.933 ++++ '[' -z '' ']'
#7 4.933 ++++ break
#7 4.933 ++++ '[' -n v20.19.0 ']'
#7 4.933 ++++ '[' _v20.19.0 '!=' _v20.19.0 ']'
#7 4.933 ++++ nvm_validate_implicit_alias v20.19.0
#7 4.935 ++++ return 2
#7 4.936 +++ VERSION=
#7 4.936 +++ EXIT_CODE=2
#7 4.936 +++ '[' -z '' ']'
#7 4.936 +++ return 2
#7 4.936 ++++ nvm_ensure_version_prefix v20.19.0
#7 4.936 ++++ local NVM_VERSION
#7 4.937 +++++ nvm_strip_iojs_prefix v20.19.0
#7 4.937 +++++ local NVM_IOJS_PREFIX
#7 4.937 +++++ command sed -e 's/^\([0-9]\)/v\1/g'
#7 4.937 +++++ sed -e 's/^\([0-9]\)/v\1/g'
#7 4.937 ++++++ nvm_iojs_prefix
#7 4.937 ++++++ nvm_echo iojs
#7 4.937 ++++++ command printf '%s\n' iojs
#7 4.938 +++++ NVM_IOJS_PREFIX=iojs
#7 4.938 +++++ '[' v20.19.0 = iojs ']'
#7 4.938 +++++ nvm_echo v20.19.0
#7 4.938 +++++ command printf '%s\n' v20.19.0
#7 4.940 ++++ NVM_VERSION=v20.19.0
#7 4.940 ++++ nvm_is_iojs_version v20.19.0
#7 4.940 ++++ case "${1-}" in
#7 4.940 ++++ return 1
#7 4.940 ++++ nvm_echo v20.19.0
#7 4.940 ++++ command printf '%s\n' v20.19.0
#7 4.940 +++ PATTERN=v20.19.0
#7 4.940 +++ '[' v20.19.0 = N/A ']'
#7 4.940 +++ local NVM_PATTERN_STARTS_WITH_V
#7 4.940 +++ case $PATTERN in
#7 4.940 +++ NVM_PATTERN_STARTS_WITH_V=true
#7 4.940 +++ '[' true = true ']'
#7 4.940 ++++ nvm_num_version_groups v20.19.0
#7 4.941 ++++ local VERSION
#7 4.941 ++++ VERSION=v20.19.0
#7 4.941 ++++ VERSION=20.19.0
#7 4.941 ++++ VERSION=20.19.0
#7 4.941 ++++ '[' -z 20.19.0 ']'
#7 4.941 ++++ local NVM_NUM_DOTS
#7 4.942 +++++ nvm_echo 20.19.0
#7 4.942 +++++ command printf '%s\n' 20.19.0
#7 4.942 +++++ command sed -e 's/[^\.]//g'
#7 4.942 +++++ sed -e 's/[^\.]//g'
#7 4.944 ++++ NVM_NUM_DOTS=..
#7 4.944 ++++ local NVM_NUM_GROUPS
#7 4.944 ++++ NVM_NUM_GROUPS=...
#7 4.944 ++++ nvm_echo 3
#7 4.944 ++++ command printf '%s\n' 3
#7 4.945 +++ '[' _3 = _3 ']'
#7 4.945 +++ nvm_is_version_installed v20.19.0
#7 4.945 +++ '[' -z v20.19.0 ']'
#7 4.945 +++ local NVM_NODE_BINARY
#7 4.945 +++ NVM_NODE_BINARY=node
#7 4.945 ++++ nvm_get_os
#7 4.945 ++++ local NVM_UNAME
#7 4.946 +++++ command uname -a
#7 4.946 +++++ uname -a
#7 4.947 ++++ NVM_UNAME='Linux buildkitsandbox 6.8.12-5-pve #1 SMP PREEMPT_DYNAMIC PMX 6.8.12-5 (2024-12-03T10:26Z) x86_64 GNU/Linux'
#7 4.947 ++++ local NVM_OS
#7 4.947 ++++ case "${NVM_UNAME}" in
#7 4.947 ++++ NVM_OS=linux
#7 4.947 ++++ nvm_echo linux
#7 4.947 ++++ command printf '%s\n' linux
#7 4.948 +++ '[' _linux = _win ']'
#7 4.948 ++++ nvm_version_path v20.19.0
#7 4.952 +++ '[' -x /root/.nvm/versions/node/v20.19.0/bin/node ']'
#7 4.952 +++ return 0
#7 4.952 +++ VERSIONS=v20.19.0
#7 4.952 +++ '[' '' = true ']'
#7 4.952 +++ '[' -z v20.19.0 ']'
#7 4.952 +++ nvm_echo v20.19.0
#7 4.952 +++ command printf '%s\n' v20.19.0
#7 4.953 ++ VERSION=v20.19.0
#7 4.953 ++ '[' -z v20.19.0 ']'
#7 4.953 ++ '[' _v20.19.0 = _N/A ']'
#7 4.953 ++ nvm_echo v20.19.0
#7 4.953 ++ command printf '%s\n' v20.19.0
#7 4.954 + LOCAL_VERSION=v20.19.0
#7 4.954 + EXIT_CODE=0
#7 4.954 + local NVM_VERSION_DIR
#7 4.954 + '[' 0 '!=' 0 ']'
#7 4.954 + nvm_is_version_installed v20.19.0
#7 4.954 + '[' -z v20.19.0 ']'
#7 4.954 + local NVM_NODE_BINARY
#7 4.954 + NVM_NODE_BINARY=node
#7 4.954 ++ nvm_get_os
#7 4.954 ++ local NVM_UNAME
#7 4.955 +++ command uname -a
#7 4.955 +++ uname -a
#7 4.956 ++ NVM_UNAME='Linux buildkitsandbox 6.8.12-5-pve #1 SMP PREEMPT_DYNAMIC PMX 6.8.12-5 (2024-12-03T10:26Z) x86_64 GNU/Linux'
#7 4.956 ++ local NVM_OS
#7 4.956 ++ case "${NVM_UNAME}" in
#7 4.956 ++ NVM_OS=linux
#7 4.956 ++ nvm_echo linux
#7 4.956 ++ command printf '%s\n' linux
#7 4.957 + '[' _linux = _win ']'
#7 4.957 ++ nvm_version_path v20.19.0
#7 4.961 + '[' -x /root/.nvm/versions/node/v20.19.0/bin/node ']'
#7 4.961 + return 0
#7 4.961 + local NVM_VERSION_DIR
#7 4.961 ++ nvm_version_path v20.19.0
#7 4.961 ++ local VERSION
#7 4.961 ++ VERSION=v20.19.0
#7 4.961 ++ '[' -z v20.19.0 ']'
#7 4.961 ++ nvm_is_iojs_version v20.19.0
#7 4.962 ++ case "${1-}" in
#7 4.962 ++ return 1
#7 4.962 ++ nvm_version_greater 0.12.0 v20.19.0
#7 4.962 ++ command awk 'BEGIN {
#7 4.962     if (ARGV[1] == "" || ARGV[2] == "") exit(1)
#7 4.962     split(ARGV[1], a, /\./);
#7 4.962     split(ARGV[2], b, /\./);
#7 4.962     for (i=1; i<=3; i++) {
#7 4.962       if (a[i] && a[i] !~ /^[0-9]+$/) exit(2);
#7 4.962       if (b[i] && b[i] !~ /^[0-9]+$/) { exit(0); }
#7 4.962       if (a[i] < b[i]) exit(3);
#7 4.962       else if (a[i] > b[i]) exit(0);
#7 4.962     }
#7 4.962     exit(4)
#7 4.962   }' 0.12.0 20.19.0
#7 4.962 ++ awk 'BEGIN {
#7 4.962     if (ARGV[1] == "" || ARGV[2] == "") exit(1)
#7 4.962     split(ARGV[1], a, /\./);
#7 4.962     split(ARGV[2], b, /\./);
#7 4.962     for (i=1; i<=3; i++) {
#7 4.962       if (a[i] && a[i] !~ /^[0-9]+$/) exit(2);
#7 4.962       if (b[i] && b[i] !~ /^[0-9]+$/) { exit(0); }
#7 4.962       if (a[i] < b[i]) exit(3);
#7 4.962       else if (a[i] > b[i]) exit(0);
#7 4.962     }
#7 4.962     exit(4)
#7 4.962   }' 0.12.0 20.19.0
#7 4.965 +++ nvm_version_dir new
#7 4.965 +++ local NVM_WHICH_DIR
#7 4.965 +++ NVM_WHICH_DIR=new
#7 4.965 +++ '[' -z new ']'
#7 4.965 +++ '[' new = new ']'
#7 4.965 +++ nvm_echo /root/.nvm/versions/node
#7 4.965 +++ command printf '%s\n' /root/.nvm/versions/node
#7 4.965 ++ nvm_echo /root/.nvm/versions/node/v20.19.0
#7 4.965 ++ command printf '%s\n' /root/.nvm/versions/node/v20.19.0
#7 4.965 + NVM_VERSION_DIR=/root/.nvm/versions/node/v20.19.0
#7 4.966 ++ nvm_change_path /root/.nvm/versions/node/v20.19.0/bin:/usr/local/sbin:/usr/local/bin:/usr/sbin:/usr/bin:/sbin:/bin /bin /root/.nvm/versions/node/v20.19.0
#7 4.966 ++ '[' -z /root/.nvm/versions/node/v20.19.0/bin:/usr/local/sbin:/usr/local/bin:/usr/sbin:/usr/bin:/sbin:/bin ']'
#7 4.966 ++ nvm_echo /root/.nvm/versions/node/v20.19.0/bin:/usr/local/sbin:/usr/local/bin:/usr/sbin:/usr/bin:/sbin:/bin
#7 4.966 ++ command printf '%s\n' /root/.nvm/versions/node/v20.19.0/bin:/usr/local/sbin:/usr/local/bin:/usr/sbin:/usr/bin:/sbin:/bin
#7 4.966 ++ nvm_grep -q '/root/.nvm/[^/]*/bin'
#7 4.967 ++ GREP_OPTIONS=
#7 4.967 ++ command grep -q '/root/.nvm/[^/]*/bin'
#7 4.967 ++ grep -q '/root/.nvm/[^/]*/bin'
#7 4.969 ++ nvm_echo /root/.nvm/versions/node/v20.19.0/bin:/usr/local/sbin:/usr/local/bin:/usr/sbin:/usr/bin:/sbin:/bin
#7 4.969 ++ command printf '%s\n' /root/.nvm/versions/node/v20.19.0/bin:/usr/local/sbin:/usr/local/bin:/usr/sbin:/usr/bin:/sbin:/bin
#7 4.969 ++ nvm_grep -q '/root/.nvm/versions/[^/]*/[^/]*/bin'
#7 4.969 ++ GREP_OPTIONS=
#7 4.969 ++ command grep -q '/root/.nvm/versions/[^/]*/[^/]*/bin'
#7 4.969 ++ grep -q '/root/.nvm/versions/[^/]*/[^/]*/bin'
#7 4.972 ++ nvm_echo /root/.nvm/versions/node/v20.19.0/bin:/usr/local/sbin:/usr/local/bin:/usr/sbin:/usr/bin:/sbin:/bin
#7 4.972 ++ command printf '%s\n' /root/.nvm/versions/node/v20.19.0/bin:/usr/local/sbin:/usr/local/bin:/usr/sbin:/usr/bin:/sbin:/bin
#7 4.972 ++ nvm_grep -Eq '(^|:)(/usr(/local)?)?/bin:.*/root/.nvm/[^/]*/bin'
#7 4.972 ++ GREP_OPTIONS=
#7 4.972 ++ command grep -Eq '(^|:)(/usr(/local)?)?/bin:.*/root/.nvm/[^/]*/bin'
#7 4.972 ++ grep -Eq '(^|:)(/usr(/local)?)?/bin:.*/root/.nvm/[^/]*/bin'
#7 4.975 ++ nvm_echo /root/.nvm/versions/node/v20.19.0/bin:/usr/local/sbin:/usr/local/bin:/usr/sbin:/usr/bin:/sbin:/bin
#7 4.975 ++ command printf '%s\n' /root/.nvm/versions/node/v20.19.0/bin:/usr/local/sbin:/usr/local/bin:/usr/sbin:/usr/bin:/sbin:/bin
#7 4.975 ++ nvm_grep -Eq '(^|:)(/usr(/local)?)?/bin:.*/root/.nvm/versions/[^/]*/[^/]*/bin'
#7 4.975 ++ GREP_OPTIONS=
#7 4.975 ++ command grep -Eq '(^|:)(/usr(/local)?)?/bin:.*/root/.nvm/versions/[^/]*/[^/]*/bin'
#7 4.975 ++ grep -Eq '(^|:)(/usr(/local)?)?/bin:.*/root/.nvm/versions/[^/]*/[^/]*/bin'
#7 4.977 ++ nvm_echo /root/.nvm/versions/node/v20.19.0/bin:/usr/local/sbin:/usr/local/bin:/usr/sbin:/usr/bin:/sbin:/bin
#7 4.977 ++ command printf '%s\n' /root/.nvm/versions/node/v20.19.0/bin:/usr/local/sbin:/usr/local/bin:/usr/sbin:/usr/bin:/sbin:/bin
#7 4.977 ++ command sed -e 's#/root/.nvm/[^/]*/bin[^:]*#/root/.nvm/versions/node/v20.19.0/bin#' -e 's#/root/.nvm/versions/[^/]*/[^/]*/bin[^:]*#/root/.nvm/versions/node/v20.19.0/bin#'
#7 4.977 ++ sed -e 's#/root/.nvm/[^/]*/bin[^:]*#/root/.nvm/versions/node/v20.19.0/bin#' -e 's#/root/.nvm/versions/[^/]*/[^/]*/bin[^:]*#/root/.nvm/versions/node/v20.19.0/bin#'
#7 4.980 + PATH=/root/.nvm/versions/node/v20.19.0/bin:/usr/local/sbin:/usr/local/bin:/usr/sbin:/usr/bin:/sbin:/bin
#7 4.980 + nvm_has manpath
#7 4.980 + type manpath
#7 4.980 + export PATH
#7 4.980 + hash -r
#7 4.980 + export NVM_BIN=/root/.nvm/versions/node/v20.19.0/bin
#7 4.980 + NVM_BIN=/root/.nvm/versions/node/v20.19.0/bin
#7 4.980 + export NVM_INC=/root/.nvm/versions/node/v20.19.0/include/node
#7 4.980 + NVM_INC=/root/.nvm/versions/node/v20.19.0/include/node
#7 4.980 + '[' '' = true ']'
#7 4.980 + local NVM_USE_OUTPUT
#7 4.980 + NVM_USE_OUTPUT=
#7 4.980 + '[' 0 -ne 1 ']'
#7 4.980 + nvm_is_iojs_version v20.19.0
#7 4.980 + case "${1-}" in
#7 4.980 + return 1
#7 4.981 ++ nvm_print_npm_version
#7 4.981 ++ nvm_has npm
#7 4.981 ++ type npm
#7 4.981 +++ npm --version
#7 5.069 ++ command printf ' (npm v10.8.2)'
#7 5.069 ++ printf ' (npm v10.8.2)'
#7 5.069 + NVM_USE_OUTPUT='Now using node v20.19.0 (npm v10.8.2)'
#7 5.070 + '[' _v20.19.0 '!=' _system ']'
#7 5.070 + local NVM_USE_CMD
#7 5.070 + NVM_USE_CMD='nvm use --delete-prefix'
#7 5.070 + '[' -n 20 ']'
#7 5.070 + NVM_USE_CMD='nvm use --delete-prefix v20.19.0'
#7 5.070 + '[' 0 -eq 1 ']'
#7 5.070 + nvm_die_on_prefix 0 'nvm use --delete-prefix v20.19.0' /root/.nvm/versions/node/v20.19.0
#7 5.070 + local NVM_DELETE_PREFIX
#7 5.070 + NVM_DELETE_PREFIX=0
#7 5.070 + case "${NVM_DELETE_PREFIX}" in
#7 5.070 + local NVM_COMMAND
#7 5.070 + NVM_COMMAND='nvm use --delete-prefix v20.19.0'
#7 5.070 + local NVM_VERSION_DIR
#7 5.070 + NVM_VERSION_DIR=/root/.nvm/versions/node/v20.19.0
#7 5.070 + '[' -z 'nvm use --delete-prefix v20.19.0' ']'
#7 5.070 + '[' -z /root/.nvm/versions/node/v20.19.0 ']'
#7 5.070 + '[' -n '' ']'
#7 5.070 + local NVM_OS
#7 5.070 ++ nvm_get_os
#7 5.070 ++ local NVM_UNAME
#7 5.071 +++ command uname -a
#7 5.071 +++ uname -a
#7 5.072 ++ NVM_UNAME='Linux buildkitsandbox 6.8.12-5-pve #1 SMP PREEMPT_DYNAMIC PMX 6.8.12-5 (2024-12-03T10:26Z) x86_64 GNU/Linux'
#7 5.072 ++ local NVM_OS
#7 5.072 ++ case "${NVM_UNAME}" in
#7 5.072 ++ NVM_OS=linux
#7 5.072 ++ nvm_echo linux
#7 5.072 ++ command printf '%s\n' linux
#7 5.073 + NVM_OS=linux
#7 5.073 + local NVM_NPM_CONFIG_x_PREFIX_ENV
#7 5.073 ++ command awk 'BEGIN { for (name in ENVIRON) if (toupper(name) == "NPM_CONFIG_PREFIX") { print name; break } }'
#7 5.073 ++ awk 'BEGIN { for (name in ENVIRON) if (toupper(name) == "NPM_CONFIG_PREFIX") { print name; break } }'
#7 5.075 + NVM_NPM_CONFIG_x_PREFIX_ENV=
#7 5.075 + '[' -n '' ']'
#7 5.075 + local NVM_NPM_BUILTIN_NPMRC
#7 5.075 + NVM_NPM_BUILTIN_NPMRC=/root/.nvm/versions/node/v20.19.0/lib/node_modules/npm/npmrc
#7 5.075 + nvm_npmrc_bad_news_bears /root/.nvm/versions/node/v20.19.0/lib/node_modules/npm/npmrc
#7 5.075 + local NVM_NPMRC
#7 5.075 + NVM_NPMRC=/root/.nvm/versions/node/v20.19.0/lib/node_modules/npm/npmrc
#7 5.075 + '[' -n /root/.nvm/versions/node/v20.19.0/lib/node_modules/npm/npmrc ']'
#7 5.075 + '[' -f /root/.nvm/versions/node/v20.19.0/lib/node_modules/npm/npmrc ']'
#7 5.075 + return 1
#7 5.075 + local NVM_NPM_GLOBAL_NPMRC
#7 5.075 + NVM_NPM_GLOBAL_NPMRC=/root/.nvm/versions/node/v20.19.0/etc/npmrc
#7 5.076 + nvm_npmrc_bad_news_bears /root/.nvm/versions/node/v20.19.0/etc/npmrc
#7 5.076 + local NVM_NPMRC
#7 5.076 + NVM_NPMRC=/root/.nvm/versions/node/v20.19.0/etc/npmrc
#7 5.076 + '[' -n /root/.nvm/versions/node/v20.19.0/etc/npmrc ']'
#7 5.076 + '[' -f /root/.nvm/versions/node/v20.19.0/etc/npmrc ']'
#7 5.076 + return 1
#7 5.076 + local NVM_NPM_USER_NPMRC
#7 5.076 + NVM_NPM_USER_NPMRC=/root/.npmrc
#7 5.076 + nvm_npmrc_bad_news_bears /root/.npmrc
#7 5.076 + local NVM_NPMRC
#7 5.076 + NVM_NPMRC=/root/.npmrc
#7 5.076 + '[' -n /root/.npmrc ']'
#7 5.076 + '[' -f /root/.npmrc ']'
#7 5.076 + return 1
#7 5.076 + local NVM_NPM_PROJECT_NPMRC
#7 5.076 ++ nvm_find_project_dir
#7 5.076 ++ local path_
#7 5.076 ++ path_=/
#7 5.076 ++ '[' / '!=' '' ']'
#7 5.076 ++ '[' '!' -f //package.json ']'
#7 5.076 ++ '[' '!' -d //node_modules ']'
#7 5.076 ++ path_=
#7 5.076 ++ '[' '' '!=' '' ']'
#7 5.076 ++ nvm_echo ''
#7 5.076 ++ command printf '%s\n' ''
#7 5.077 + NVM_NPM_PROJECT_NPMRC=/.npmrc
#7 5.077 + nvm_npmrc_bad_news_bears /.npmrc
#7 5.077 + local NVM_NPMRC
#7 5.077 + NVM_NPMRC=/.npmrc
#7 5.077 + '[' -n /.npmrc ']'
#7 5.077 + '[' -f /.npmrc ']'
#7 5.077 + return 1
#7 5.077 + '[' -n 'Now using node v20.19.0 (npm v10.8.2)' ']'
#7 5.077 + '[' 0 -ne 1 ']'
#7 5.077 + nvm_echo 'Now using node v20.19.0 (npm v10.8.2)'
#7 5.077 + command printf '%s\n' 'Now using node v20.19.0 (npm v10.8.2)'
#7 5.077 Now using node v20.19.0 (npm v10.8.2)
#7 5.077 + EXIT_CODE=0
#7 5.077 + set -e
#7 5.077 + return 0
#7 5.078 + echo 'export NVM_DIR="$HOME/.nvm"'
#7 5.487 + echo 'source "$NVM_DIR/nvm.sh"'
#7 5.487 /etc/docker-gitlab/build/install.sh: line 22: syntax error near unexpected token `&&'
#7 10.82 7.13.0	0.10.3	1.2.3	1.0.1e	0x000C	-	-
#7 10.82 v0.10.48	2016-10-18	headers,linux-x64,linux-x86,osx-x64-pkg,osx-x64-tar,osx-x86-tar,src,sunos-x64,sunos-x86,win-x64-exe,win-x86-exe,win-x86-msi	2.15.1	3.14.5.11	0.10.37	1.2.8	1.0.1u	11	-	true
#7 10.82 v0.10.47	2016-09-27	headers,linux-x64,linux-x86,osx-x64-pkg,osx-x64-tar,osx-x86-tar,src,sunos-x64,sunos-x86,win-x64-exe,win-x86-exe,win-x86-msi	2.15.1	3.14.5.11	0.10.37	1.2.8	1.0.1u	11	-	true
#7 10.82 v0.10.46	2016-06-23	headers,linux-x64,linux-x86,osx-x64-pkg,osx-x64-tar,osx-x86-tar,src,sunos-x64,sunos-x86,win-x64-exe,win-x86-exe,win-x86-msi	2.15.1	3.14.5.9	0.10.37	1.2.8	1.0.1t	11	-	true
#7 10.82 v0.10.45	2016-05-06	headers,linux-x64,linux-x86,osx-x64-pkg,osx-x64-tar,osx-x86-tar,src,sunos-x64,sunos-x86,win-x64-exe,win-x86-exe,win-x86-msi	2.15.1	3.14.5.9	0.10.36	1.2.8	1.0.1t	11	-	-
#7 10.82 v0.10.44	2016-03-31	headers,linux-x64,linux-x86,osx-x64-pkg,osx-x64-tar,osx-x86-tar,src,sunos-x64,sunos-x86,win-x64-exe,win-x86-exe,win-x86-msi	2.15.0	3.14.5.9	0.10.36	1.2.8	1.0.1s	11	-	-
#7 10.82 v0.10.43	2016-03-03	headers,linux-x64,linux-x86,osx-x64-pkg,osx-x64-tar,osx-x86-tar,src,sunos-x64,sunos-x86,win-x64-exe,win-x86-exe,win-x86-msi	1.4.29	3.14.5.9	0.10.36	1.2.8	1.0.1s	11	-	-
#7 10.82 v0.10.42	2016-02-09	headers,linux-x64,linux-x86,osx-x64-pkg,osx-x64-tar,osx-x86-tar,src,sunos-x64,sunos-x86,win-x64-exe,win-x86-exe,win-x86-msi	1.4.29	3.14.5.9	0.10.36	1.2.8	1.0.1r	11	-	-
#7 10.82 v0.10.41	2015-12-03	headers,linux-x64,linux-x86,osx-x64-pkg,osx-x64-tar,osx-x86-tar,src,sunos-x64,sunos-x86,win-x64-exe,win-x86-exe,win-x86-msi	1.4.29	3.14.5.9	0.10.36	1.2.8	1.0.1q	11	-	-
#7 10.82 v0.10.40	2015-07-09	linux-x64,linux-x86,osx-x64-pkg,osx-x64-tar,osx-x86-tar,src,sunos-x64,sunos-x86,win-x64-exe,win-x86-exe,win-x86-msi	1.4.28	3.14.5.9	0.10.36	1.2.8	1.0.1p	11	-	-
#7 10.82 v0.10.39	2015-06-19	linux-x64,linux-x86,osx-x64-pkg,osx-x64-tar,osx-x86-tar,src,sunos-x64,sunos-x86,win-x64-exe,win-x86-exe,win-x86-msi	1.4.28	3.14.5.9	0.10.36	1.2.8	1.0.1o	11	-	-
#7 10.82 v0.10.38	2015-03-23	linux-x64,linux-x86,osx-x64-pkg,osx-x64-tar,osx-x86-tar,src,sunos-x64,sunos-x86,win-x64-exe,win-x86-exe,win-x86-msi	1.4.28	3.14.5.9	0.10.36	1.2.8	1.0.1m	11	-	-
#7 10.82 v0.10.37	2015-03-11	linux-x64,linux-x86,osx-x64-pkg,osx-x64-tar,osx-x86-tar,src,sunos-x64,sunos-x86,win-x64-exe,win-x86-exe,win-x86-msi	1.4.28	3.14.5.9	0.10.36	1.2.8	1.0.1l	11	-	-
#7 10.82 v0.10.36	2015-01-26	linux-x64,linux-x86,osx-x64-pkg,osx-x64-tar,osx-x86-tar,src,sunos-x64,sunos-x86,win-x64-exe,win-x86-exe,win-x86-msi	1.4.28	3.14.5.9	0.10.30	1.2.8	1.0.1l	11	-	-
#7 10.82 v0.10.35	2014-12-22	linux-x64,linux-x86,osx-x64-pkg,osx-x64-tar,osx-x86-tar,src,sunos-x64,sunos-x86,win-x64-exe,win-x86-exe,win-x86-msi	1.4.28	3.14.5.9	0.10.30	1.2.8	1.0.1j	11	-	-
#7 10.82 v0.10.34	2014-12-17	linux-x64,linux-x86,osx-x64-pkg,osx-x64-tar,osx-x86-tar,src,sunos-x64,sunos-x86,win-x64-exe,win-x86-exe,win-x86-msi	1.4.28	3.14.5.9	0.10.30	1.2.8	1.0.1j	11	-	-
#7 10.82 v0.10.33	2014-10-21	linux-x64,linux-x86,osx-x64-pkg,osx-x64-tar,osx-x86-tar,src,sunos-x64,sunos-x86,win-x64-exe,win-x86-exe,win-x86-msi	1.4.28	3.14.5.9	0.10.29	1.2.3	1.0.1j	11	-	-
#7 10.82 v0.10.32	2014-09-16	linux-x64,linux-x86,osx-x64-pkg,osx-x64-tar,osx-x86-tar,src,sunos-x64,sunos-x86,win-x64-exe,win-x86-exe,win-x86-msi	1.4.28	3.14.5.9	0.10.28	1.2.3	1.0.1i	11	-	-
#7 10.82 v0.10.31	2014-08-19	linux-x64,linux-x86,osx-x64-pkg,osx-x64-tar,osx-x86-tar,src,sunos-x64,sunos-x86,win-x64-exe,win-x86-exe,win-x86-msi	1.4.23	3.14.5.9	0.10.28	1.2.3	1.0.1i	11	-	-
#7 10.82 v0.10.30	2014-07-31	linux-x64,linux-x86,osx-x64-pkg,osx-x64-tar,osx-x86-tar,src,sunos-x64,sunos-x86,win-x64-exe,win-x86-exe,win-x86-msi	1.4.21	3.14.5.9	0.10.28	1.2.3	1.0.1h	11	-	-
#7 10.82 v0.10.29	2014-06-09	linux-x64,linux-x86,osx-x64-pkg,osx-x64-tar,osx-x86-tar,src,sunos-x64,sunos-x86,win-x64-exe,win-x86-exe,win-x86-msi	1.4.14	3.14.5.9	0.10.27	1.2.3	1.0.1h	11	-	-
#7 10.82 v0.10.28	2014-05-02	linux-x64,linux-x86,osx-x64-pkg,osx-x64-tar,osx-x86-tar,src,sunos-x64,sunos-x86,win-x64-exe,win-x86-exe,win-x86-msi	1.4.9	3.14.5.9	0.10.27	1.2.3	1.0.1g	11	-	-
#7 10.82 v0.10.27	2014-05-01	linux-x64,linux-x86,osx-x64-pkg,osx-x64-tar,osx-x86-tar,src,sunos-x64,sunos-x86,win-x64-exe,win-x86-exe,win-x86-msi	1.4.8	3.14.5.9	0.10.27	1.2.3	1.0.1g	11	-	-
#7 10.82 v0.10.26	2014-02-18	linux-x64,linux-x86,osx-x64-pkg,osx-x64-tar,osx-x86-tar,src,sunos-x64,sunos-x86,win-x64-exe,win-x86-exe,win-x86-msi	1.4.3	3.14.5.9	0.10.25	1.2.3	1.0.1e	11	-	-
#7 10.82 v0.10.25	2014-01-23	linux-x64,linux-x86,osx-x64-pkg,osx-x64-tar,osx-x86-tar,src,sunos-x64,sunos-x86,win-x64-exe,win-x86-exe,win-x86-msi	1.3.24	3.14.5.9	0.10.23	1.2.3	1.0.1e	11	-	-
#7 10.82 v0.10.24	2013-12-19	linux-x64,linux-x86,osx-x64-pkg,osx-x64-tar,osx-x86-tar,src,sunos-x64,sunos-x86,win-x64-exe,win-x86-exe,win-x86-msi	1.3.21	3.14.5.9	0.10.21	1.2.3	1.0.1e	11	-	-
#7 10.82 v0.10.23	2013-12-12	linux-x64,linux-x86,osx-x64-pkg,osx-x64-tar,osx-x86-tar,src,sunos-x64,sunos-x86,win-x64-exe,win-x86-exe,win-x86-msi	1.3.17	3.14.5.9	0.10.20	1.2.3	1.0.1e	11	-	-
#7 10.82 v0.10.22	2013-11-12	linux-x64,linux-x86,osx-x64-pkg,osx-x64-tar,osx-x86-tar,src,sunos-x64,sunos-x86,win-x64-exe,win-x86-exe,win-x86-msi	1.3.14	3.14.5.9	0.10.19	1.2.3	1.0.1e	11	-	-
#7 10.82 v0.10.21	2013-10-18	linux-x64,linux-x86,osx-x64-pkg,osx-x64-tar,osx-x86-tar,src,sunos-x64,sunos-x86,win-x64-exe,win-x86-exe,win-x86-msi	1.3.11	3.14.5.9	0.10.18	1.2.3	1.0.1e	11	-	-
#7 10.82 v0.10.20	2013-09-30	linux-x64,linux-x86,osx-x64-pkg,osx-x64-tar,osx-x86-tar,src,sunos-x64,sunos-x86,win-x64-exe,win-x86-exe,win-x86-msi	1.3.11	3.14.5.9	0.10.17	1.2.3	1.0.1e	11	-	-
#7 10.82 v0.10.19	2013-09-24	linux-x64,linux-x86,osx-x64-pkg,osx-x64-tar,osx-x86-tar,src,sunos-x64,sunos-x86,win-x64-exe,win-x86-exe,win-x86-msi	1.3.11	3.14.5.9	0.10.17	1.2.3	1.0.1e	11	-	-
#7 10.82 v0.10.18	2013-09-04	linux-x64,linux-x86,osx-x64-pkg,osx-x64-tar,osx-x86-tar,src,sunos-x64,sunos-x86,win-x64-exe,win-x86-exe,win-x86-msi	1.3.8	3.14.5.9	0.10.15	1.2.3	1.0.1e	11	-	-
#7 10.82 v0.10.17	2013-08-21	linux-x64,linux-x86,osx-x64-pkg,osx-x64-tar,osx-x86-tar,src,sunos-x64,sunos-x86,win-x64-exe,win-x86-exe,win-x86-msi	1.3.8	3.14.5.9	0.10.14	1.2.3	1.0.1e	11	-	-
#7 10.82 v0.10.16	2013-08-16	linux-x64,linux-x86,osx-x64-pkg,osx-x64-tar,osx-x86-tar,src,sunos-x64,sunos-x86,win-x64-exe,win-x86-exe,win-x86-msi	1.3.8	3.14.5.9	0.10.13	1.2.3	1.0.1e	11	-	-
#7 10.82 v0.10.15	2013-07-25	linux-x64,linux-x86,osx-x64-pkg,osx-x64-tar,osx-x86-tar,src,sunos-x64,sunos-x86,win-x64-exe,win-x86-exe,win-x86-msi	1.3.5	3.14.5.9	0.10.13	1.2.3	1.0.1e	11	-	-
#7 10.82 v0.10.14	2013-07-25	linux-x64,linux-x86,osx-x64-pkg,osx-x64-tar,osx-x86-tar,src,sunos-x64,sunos-x86,win-x64-exe,win-x86-exe,win-x86-msi	1.3.5	3.14.5.9	0.10.13	1.2.3	1.0.1e	11	-	-
#7 10.82 v0.10.13	2013-07-09	linux-x64,linux-x86,osx-x64-pkg,osx-x64-tar,osx-x86-tar,src,sunos-x64,sunos-x86,win-x64-exe,win-x86-exe,win-x86-msi	1.3.2	3.14.5.9	0.10.12	1.2.3	1.0.1e	11	-	-
#7 10.82 v0.10.12	2013-06-18	linux-x64,linux-x86,osx-x64-pkg,osx-x64-tar,osx-x86-tar,src,sunos-x64,sunos-x86,win-x64-exe,win-x86-exe,win-x86-msi	1.2.32	3.14.5.9	0.10.11	1.2.3	1.0.1e	11	-	-
#7 10.82 v0.10.11	2013-06-13	linux-x64,linux-x86,osx-x64-pkg,osx-x64-tar,osx-x86-tar,src,sunos-x64,sunos-x86,win-x64-exe,win-x86-exe,win-x86-msi	1.2.30	3.14.5.9	0.10.11	1.2.3	1.0.1e	11	-	-
#7 10.82 v0.10.10	2013-06-04	linux-x64,linux-x86,osx-x64-pkg,osx-x64-tar,osx-x86-tar,src,sunos-x64,sunos-x86,win-x64-exe,win-x86-exe,win-x86-msi	1.2.25	3.14.5.9	0.10.10	1.2.3	1.0.1e	11	-	-
#7 10.82 v0.10.9	2013-05-30	linux-x64,linux-x86,osx-x64-pkg,osx-x64-tar,osx-x86-tar,src,sunos-x64,sunos-x86,win-x64-exe,win-x86-exe,win-x86-msi	1.2.24	3.14.5.9	0.10.9	1.2.3	1.0.1e	11	-	-
#7 10.82 v0.10.8	2013-05-24	linux-x64,linux-x86,osx-x64-pkg,osx-x64-tar,osx-x86-tar,src,sunos-x64,sunos-x86,win-x64-exe,win-x86-exe,win-x86-msi	1.2.23	3.14.5.9	0.10.8	1.2.3	1.0.1e	11	-	-
#7 10.82 v0.10.7	2013-05-17	linux-x64,linux-x86,osx-x64-pkg,osx-x64-tar,osx-x86-tar,src,sunos-x64,sunos-x86,win-x64-exe,win-x86-exe,win-x86-msi	1.2.21	3.14.5.8	0.10.7	1.2.3	1.0.1e	11	-	-
#7 10.82 v0.10.6	2013-05-14	linux-x64,linux-x86,osx-x64-pkg,osx-x64-tar,osx-x86-tar,src,sunos-x64,sunos-x86,win-x64-exe,win-x86-exe,win-x86-msi	1.2.18	3.14.5.8	0.10.5	1.2.3	1.0.1e	11	-	-
#7 10.82 v0.10.5	2013-04-23	linux-x64,linux-x86,osx-x64-pkg,osx-x64-tar,osx-x86-tar,src,sunos-x64,sunos-x86,win-x64-exe,win-x86-exe,win-x86-msi	1.2.18	3.14.5.8	0.10.5	1.2.3	1.0.1e	11	-	-
#7 10.82 v0.10.4	2013-04-11	linux-x64,linux-x86,osx-x64-pkg,osx-x64-tar,osx-x86-tar,src,sunos-x64,sunos-x86,win-x64-exe,win-x86-exe,win-x86-msi	1.2.18	3.14.5.8	0.10.4	1.2.3	1.0.1e	11	-	-
#7 10.82 v0.10.3	2013-04-03	linux-x64,linux-x86,osx-x64-pkg,osx-x64-tar,osx-x86-tar,src,sunos-x64,sunos-x86,win-x64-exe,win-x86-exe,win-x86-msi	1.2.17	3.14.5.8	0.10.3	1.2.3	1.0.1e	0x000B	-	-
#7 10.82 v0.10.2	2013-03-28	linux-x64,linux-x86,osx-x64-pkg,osx-x64-tar,osx-x86-tar,src,sunos-x64,sunos-x86,win-x64-exe,win-x86-exe,win-x86-msi	1.2.15	3.14.5.8	0.10.3	1.2.3	1.0.1e	0x000B	-	-
#7 10.82 v0.10.1	2013-03-21	linux-x64,linux-x86,osx-x64-pkg,osx-x64-tar,osx-x86-tar,src,sunos-x64,sunos-x86,win-x64-exe,win-x86-exe,win-x86-msi	1.2.15	3.14.5.8	0.10	1.2.3	1.0.1e	0x000B	-	-
#7 10.82 v0.10.0	2013-03-11	linux-x64,linux-x86,osx-x64-pkg,osx-x64-tar,osx-x86-tar,src,sunos-x64,sunos-x86,win-x64-exe,win-x86-exe,win-x86-msi	1.2.14	3.14.5.8	0.9	1.2.3	1.0.1e	0x000B	-	-
#7 10.82 v0.9.12	2013-03-06	linux-x64,linux-x86,osx-x64-pkg,osx-x64-tar,osx-x86-tar,src,sunos-x64,sunos-x86,win-x64-exe,win-x86-exe,win-x86-msi	1.2.12	3.14.5.8	0.9	1.2.3	1.0.1e	0x000B	-	-
#7 10.82 v0.9.11	2013-03-01	linux-x64,linux-x86,osx-x64-pkg,osx-x64-tar,osx-x86-tar,src,sunos-x64,sunos-x86,win-x64-exe,win-x86-exe,win-x86-msi	1.2.12	3.14.5.0	0.9	1.2.3	1.0.1e	0x000B	-	-
#7 10.82 v0.9.10	2013-02-19	linux-x64,linux-x86,osx-x64-pkg,osx-x64-tar,osx-x86-tar,src,sunos-x64,sunos-x86,win-x64-exe,win-x86-exe,win-x86-msi	1.2.12	3.15.11.15	0.9	1.2.3	1.0.1c	0x000B	-	-
#7 10.82 v0.9.9	2013-02-07	linux-x64,linux-x86,osx-x64-pkg,osx-x64-tar,osx-x86-tar,src,sunos-x64,sunos-x86,win-x64-exe,win-x86-exe,win-x86-msi	1.2.10	3.15.11.10	0.9	1.2.3	1.0.1c	0x000B	-	-
#7 10.82 v0.9.8	2013-01-24	linux-x64,linux-x86,osx-x64-pkg,osx-x64-tar,osx-x86-tar,src,sunos-x64,sunos-x86,win-x64-exe,win-x86-exe,win-x86-msi	1.2.3	3.15.11.10	0.9	1.2.3	1.0.1c	0x000A	-	-
#7 10.82 v0.9.7	2013-01-18	linux-x64,linux-x86,osx-x64-pkg,osx-x64-tar,osx-x86-tar,src,sunos-x64,sunos-x86,win-x64-exe,win-x86-exe,win-x86-msi	1.2.2	3.15.11.7	0.9	1.2.3	1.0.1c	0x000A	-	-
#7 10.82 v0.9.6	2013-01-11	linux-x64,linux-x86,osx-x64-pkg,osx-x64-tar,osx-x86-tar,src,sunos-x64,sunos-x86,win-x64-exe,win-x86-exe,win-x86-msi	1.2.0	3.15.11.5	0.9	1.2.3	1.0.1c	0x000A	-	-
#7 10.82 v0.9.5	2012-12-30	linux-x64,linux-x86,osx-x64-tar,osx-x86-tar,src,sunos-x64,sunos-x86,win-x64-exe,win-x86-exe,win-x86-msi	1.1.70	3.13.7.4	0.9	1.2.3	1.0.1c	0x000A	-	-
#7 10.82 v0.9.4	2012-12-21	linux-x64,linux-x86,osx-x64-pkg,osx-x64-tar,osx-x86-tar,src,sunos-x64,sunos-x86,win-x64-exe,win-x86-exe,win-x86-msi	1.1.70	3.13.7.4	0.9	1.2.3	1.0.1c	0x000A	-	-
#7 10.82 v0.9.3	2012-10-24	linux-x64,linux-x86,osx-x64-pkg,osx-x64-tar,osx-x86-tar,src,sunos-x64,sunos-x86,win-x64-exe,win-x86-exe,win-x86-msi	1.1.64	3.13.7.4	0.9	1.2.3	1.0.1c	0x000A	-	-
#7 10.82 v0.9.2	2012-09-17	linux-x64,linux-x86,osx-x64-pkg,osx-x64-tar,osx-x86-tar,src,sunos-x64,sunos-x86,win-x64-exe,win-x86-exe,win-x86-msi	1.1.61	3.11.10.22	0.9	1.2.3	1.0.1c	0x000A	-	-
#7 10.82 v0.9.1	2012-08-28	linux-x64,linux-x86,osx-x64-pkg,osx-x64-tar,osx-x86-tar,src,sunos-x64,sunos-x86,win-x64-exe,win-x86-exe,win-x86-msi	1.1.59	3.11.10.19	0.9	1.2.3	1.0.0f	0x000A	-	-
#7 10.82 v0.9.0	2012-07-20	osx-x64-pkg,src,win-x64-exe,win-x86-exe,win-x86-msi	1.1.44	3.11.10.15	0.9	1.2.3	1.0.0f	1	-	-
#7 10.82 v0.8.28	2014-07-31	linux-x64,linux-x86,osx-x64-tar,osx-x86-tar,src,sunos-x64,sunos-x86,win-x64-exe,win-x86-exe,win-x86-msi	1.2.30	3.11.10.26	0.8	1.2.3	1.0.0f	1	-	-
#7 10.82 v0.8.27	2014-06-09	linux-x64,linux-x86,osx-x64-pkg,osx-x64-tar,osx-x86-tar,src,sunos-x64,sunos-x86,win-x86-msi	1.2.30	3.11.10.26	0.8	1.2.3	1.0.0f	1	-	-
#7 10.82 v0.8.26	2013-10-18	linux-x64,linux-x86,osx-x64-pkg,osx-x64-tar,osx-x86-tar,src,sunos-x64,sunos-x86,win-x64-exe,win-x86-exe,win-x86-msi	1.2.30	3.11.10.26	0.8	1.2.3	1.0.0f	1	-	-
#7 10.82 v0.8.25	2013-06-13	linux-x64,linux-x86,osx-x64-pkg,osx-x64-tar,osx-x86-tar,src,sunos-x64,sunos-x86,win-x64-exe,win-x86-exe,win-x86-msi	1.2.30	3.11.10.25	0.8	1.2.3	1.0.0f	1	-	-
#7 10.82 v0.8.24	2013-06-03	linux-x64,linux-x86,osx-x64-pkg,osx-x64-tar,osx-x86-tar,src,sunos-x64,sunos-x86,win-x64-exe,win-x86-exe,win-x86-msi	1.2.24	3.11.10.25	0.8	1.2.3	1.0.0f	1	-	-
#7 10.82 v0.8.23	2013-04-09	linux-x64,linux-x86,osx-x64-pkg,osx-x64-tar,osx-x86-tar,src,sunos-x64,sunos-x86,win-x64-exe,win-x86-exe,win-x86-msi	1.2.18	3.11.10.25	0.8	1.2.3	1.0.0f	1	-	-
#7 10.82 v0.8.22	2013-03-06	linux-x64,linux-x86,osx-x64-pkg,osx-x64-tar,osx-x86-tar,src,sunos-x64,sunos-x86,win-x64-exe,win-x86-exe,win-x86-msi	1.2.14	3.11.10.25	0.8	1.2.3	1.0.0f	1	-	-
#7 10.82 v0.8.21	2013-02-25	linux-x64,linux-x86,osx-x64-pkg,osx-x64-tar,osx-x86-tar,src,sunos-x64,sunos-x86,win-x64-exe,win-x86-exe,win-x86-msi	1.2.11	3.11.10.25	0.8	1.2.3	1.0.0f	1	-	-
#7 10.82 v0.8.20	2013-02-15	linux-x64,linux-x86,osx-x64-pkg,osx-x64-tar,osx-x86-tar,src,sunos-x64,sunos-x86,win-x64-exe,win-x86-exe,win-x86-msi	1.2.11	3.11.10.25	0.8	1.2.3	1.0.0f	1	-	-
#7 10.82 v0.8.19	2013-02-06	linux-x64,linux-x86,osx-x64-pkg,osx-x64-tar,osx-x86-tar,src,sunos-x64,sunos-x86,win-x64-exe,win-x86-exe,win-x86-msi	1.2.10	3.11.10.25	0.8	1.2.3	1.0.0f	1	-	-
#7 10.82 v0.8.18	2013-01-18	linux-x64,linux-x86,osx-x64-pkg,osx-x64-tar,osx-x86-tar,src,sunos-x64,sunos-x86,win-x64-exe,win-x86-exe,win-x86-msi	1.2.2	3.11.10.25	0.8	1.2.3	1.0.0f	1	-	-
#7 10.82 v0.8.17	2013-01-10	linux-x64,linux-x86,osx-x64-pkg,osx-x64-tar,osx-x86-tar,src,sunos-x64,sunos-x86,win-x64-exe,win-x86-exe,win-x86-msi	1.2.0	3.11.10.25	0.8	1.2.3	1.0.0f	1	-	-
#7 10.82 v0.8.16	2012-12-12	linux-x64,linux-x86,osx-x64-pkg,osx-x64-tar,osx-x86-tar,src,sunos-x64,sunos-x86,win-x64-exe,win-x86-exe,win-x86-msi	1.1.69	3.11.10.25	0.8	1.2.3	1.0.0f	1	-	-
#7 10.82 v0.8.15	2012-11-26	linux-x64,linux-x86,osx-x64-pkg,osx-x64-tar,osx-x86-tar,src,sunos-x64,sunos-x86,win-x64-exe,win-x86-exe,win-x86-msi	1.1.66	3.11.10.25	0.8	1.2.3	1.0.0f	1	-	-
#7 10.82 v0.8.14	2012-10-25	linux-x64,linux-x86,osx-x64-pkg,osx-x64-tar,osx-x86-tar,src,sunos-x64,sunos-x86,win-x64-exe,win-x86-exe,win-x86-msi	1.1.65	3.11.10.25	0.8	1.2.3	1.0.0f	1	-	-
#7 10.82 v0.8.13	2012-10-25	linux-x64,linux-x86,osx-x64-pkg,osx-x64-tar,osx-x86-tar,src,sunos-x64,sunos-x86,win-x64-exe,win-x86-exe,win-x86-msi	1.1.65	3.11.10.25	0.8	1.2.3	1.0.0f	1	-	-
#7 10.82 v0.8.12	2012-10-11	linux-x64,linux-x86,osx-x64-pkg,osx-x64-tar,osx-x86-tar,src,sunos-x64,sunos-x86,win-x64-exe,win-x86-exe,win-x86-msi	1.1.63	3.11.10.22	0.8	1.2.3	1.0.0f	1	-	-
#7 10.82 v0.8.11	2012-09-27	linux-x64,linux-x86,osx-x64-pkg,osx-x64-tar,osx-x86-tar,src,sunos-x64,sunos-x86,win-x64-exe,win-x86-exe,win-x86-msi	1.1.62	3.11.10.22	0.8	1.2.3	1.0.0f	1	-	-
#7 10.82 v0.8.10	2012-09-25	linux-x64,linux-x86,osx-x64-pkg,osx-x64-tar,osx-x86-tar,src,sunos-x64,sunos-x86,win-x64-exe,win-x86-exe,win-x86-msi	1.1.62	3.11.10.22	0.8	1.2.3	1.0.0f	1	-	-
#7 10.82 v0.8.9	2012-09-11	linux-x64,linux-x86,osx-x64-pkg,osx-x64-tar,osx-x86-tar,src,sunos-x64,sunos-x86,win-x64-exe,win-x86-exe,win-x86-msi	1.1.61	3.11.10.22	0.8	1.2.3	1.0.0f	1	-	-
#7 10.82 v0.8.8	2012-08-22	linux-x64,linux-x86,osx-x64-pkg,osx-x64-tar,osx-x86-tar,src,sunos-x64,sunos-x86,win-x64-exe,win-x64-msi,win-x86-exe,win-x86-msi	1.1.59	3.11.10.19	0.8	1.2.3	1.0.0f	1	-	-
#7 10.82 v0.8.7	2012-08-15	linux-x64,linux-x86,osx-x64-pkg,osx-x64-tar,osx-x86-tar,src,sunos-x64,sunos-x86,win-x64-exe,win-x86-exe,win-x86-msi	1.1.49	3.11.10.17	0.8	1.2.3	1.0.0f	1	-	-
#7 10.82 v0.8.6	2012-08-06	linux-x64,linux-x86,osx-x64-pkg,osx-x64-tar,osx-x86-tar,src,sunos-x64,sunos-x86,win-x64-exe,win-x86-exe,win-x86-msi	1.1.48	3.11.10.17	0.8	1.2.3	1.0.0f	1	-	-
#7 10.82 v0.8.5	2012-08-02	osx-x64-pkg,src,win-x64-exe,win-x86-exe,win-x86-msi	1.1.46	3.11.10.17	0.8	1.2.3	1.0.0f	1	-	-
#7 10.82 v0.8.4	2012-07-24	osx-x64-pkg,src,win-x64-exe,win-x86-exe,win-x86-msi	1.1.45	3.11.10.17	0.8	1.2.3	1.0.0f	1	-	-
#7 10.82 v0.8.3	2012-07-17	osx-x64-pkg,src,win-x64-exe,win-x86-exe,win-x86-msi	1.1.43	3.11.10.15	0.8	1.2.3	1.0.0f	1	-	-
#7 10.82 v0.8.2	2012-07-09	osx-x64-pkg,src,win-x64-exe,win-x86-exe,win-x86-msi	1.1.36	3.11.10.14	0.8	1.2.3	1.0.0f	1	-	-
#7 10.82 v0.8.1	2012-06-29	osx-x64-pkg,src,win-x64-exe,win-x86-exe,win-x86-msi	1.1.33	3.11.10.12	0.8	1.2.3	1.0.0f	1	-	-
#7 10.82 v0.8.0	2012-06-22	osx-x64-pkg,src,win-x64-exe,win-x86-exe,win-x86-msi	1.1.32	3.11.10.10	0.8	1.2.3	1.0.0f	1	-	-
#7 10.82 v0.7.12	2012-06-19	osx-x64-pkg,src,win-x64-exe,win-x86-exe,win-x86-msi	1.1.30	3.11.10.0	0.6	1.2.3	1.0.0f	1	-	-
#7 10.82 v0.7.11	2012-06-15	osx-x64-pkg,src,win-x64-exe,win-x64-msi,win-x86-exe,win-x86-msi	1.1.26	3.11.10.0	0.6	1.2.3	1.0.0f	1	-	-
#7 10.82 v0.7.10	2012-06-11	osx-x64-pkg,src,win-x64-exe,win-x86-exe	1.1.25	3.9.24.31	0.6	1.2.3	1.0.0f	1	-	-
#7 10.82 v0.7.9	2012-05-29	osx-x64-pkg,src,win-x64-exe,win-x86-exe	1.1.23	3.11.1.0	0.6	1.2.3	1.0.0f	1	-	-
#7 10.82 v0.7.8	2012-04-18	osx-x64-pkg,src,win-x64-exe,win-x86-exe	1.1.18	3.9.24.9	0.6	1.2.3	1.0.0f	1	-	-
#7 10.82 v0.7.7	2012-03-30	osx-x64-pkg,src,win-x64-exe,win-x86-exe	1.1.15	3.9.24.7	0.6	1.2.3	0.9.8r	1	-	-
#7 10.82 v0.7.6	2012-03-13	osx-x64-pkg,src,win-x64-exe,win-x86-exe	1.1.8	3.9.17.0	0.6	1.2.3	0.9.8r	1	-	-
#7 10.82 v0.7.5	2012-02-23	osx-x64-pkg,src,win-x64-exe,win-x86-exe	1.1.1	3.9.5.0	0.6	1.2.3	0.9.8r	1	-	-
#7 10.82 v0.7.4	2012-02-14	osx-x64-pkg,src,win-x64-exe,win-x86-exe	1.1.1	3.9.5.0	0.6	1.2.3	0.9.8r	1	-	-
#7 10.82 v0.7.3	2012-02-07	osx-x64-pkg,src,win-x86-exe	1.1.0-3	3.9.2.0	0.6	1.2.3	0.9.8r	1	-	-
#7 10.82 v0.7.2	2012-02-01	osx-x64-pkg,src,win-x86-exe	1.1.0-3	3.8.9.0	0.6	1.2.3	0.9.8r	1	-	-
#7 10.82 v0.7.1	2012-01-23	osx-x64-pkg,src,win-x86-exe	1.1.0-2	3.8.8.0	0.6	1.2.3	0.9.8r	1	-	-
#7 10.82 v0.7.0	2012-01-17	osx-x64-pkg,src,win-x86-exe	1.1.0-2	3.8.6.0	0.6	1.2.3	0.9.8r	1	-	-
#7 10.82 v0.6.21	2012-08-03	osx-x64-pkg,src,win-x64-exe,win-x86-exe	1.1.37	3.6.6.25	0.6	1.2.3	0.9.8r	1	-	-
#7 10.82 v0.6.20	2012-07-10	osx-x64-pkg,src,win-x64-exe,win-x86-exe	1.1.37	3.6.6.25	0.6	1.2.3	0.9.8r	1	-	-
#7 10.82 v0.6.19	2012-06-06	osx-x64-pkg,src,win-x64-exe,win-x86-exe	1.1.24	3.6.6.25	0.6	1.2.3	0.9.8r	1	-	-
#7 10.82 v0.6.18	2012-05-14	osx-x64-pkg,src,win-x64-exe,win-x86-exe	1.1.21	3.6.6.25	0.6	1.2.3	0.9.8r	1	-	-
#7 10.82 v0.6.17	2012-05-04	osx-x64-pkg,src,win-x64-exe,win-x86-exe	1.1.21	3.6.6.25	0.6	1.2.3	0.9.8r	1	-	-
#7 10.82 v0.6.16	2012-04-27	osx-x64-pkg,src,win-x64-exe,win-x86-exe	1.1.19	3.6.6.25	0.6	1.2.3	0.9.8r	1	-	-
#7 10.82 v0.6.15	2012-04-08	osx-x64-pkg,src,win-x64-exe,win-x86-exe	1.1.16	3.6.6.24	0.6	1.2.3	0.9.8r	1	-	-
#7 10.82 v0.6.14	2012-03-23	osx-x64-pkg,src,win-x64-exe,win-x86-exe	1.1.12	3.6.6.24	0.6	1.2.3	0.9.8r	1	-	-
#7 10.82 v0.6.13	2012-03-15	osx-x64-pkg,src,win-x64-exe,win-x86-exe	1.1.9	3.6.6.24	0.6	1.2.3	0.9.8r	1	-	-
#7 10.82 v0.6.12	2012-03-02	osx-x64-pkg,src,win-x86-exe	1.1.4	3.6.6.24	0.6	1.2.3	0.9.8r	1	-	-
#7 10.82 v0.6.11	2012-02-08	osx-x64-pkg,src,win-x86-exe	1.1.1	3.6.6.20	0.6	1.2.3	0.9.8r	1	-	-
#7 10.82 v0.6.10	2012-02-03	osx-x64-pkg,src,win-x86-exe	1.1.0-3	3.6.6.20	0.6	1.2.3	0.9.8r	1	-	-
#7 10.82 v0.6.9	2012-01-27	osx-x64-pkg,src,win-x86-exe	1.1.0-3	3.6.6.19	0.6	1.2.3	0.9.8r	1	-	-
#7 10.82 v0.6.8	2012-01-20	osx-x64-pkg,src,win-x86-exe	1.1.0-2	3.6.6.19	0.6	1.2.3	0.9.8r	1	-	-
#7 10.82 v0.6.7	2012-01-07	osx-x64-pkg,src,win-x86-exe	1.1.0-beta-10	3.6.6.15	0.6	1.2.3	0.9.8r	1	-	-
#7 10.82 v0.6.6	2011-12-15	osx-x64-pkg,src,win-x86-exe	1.1.0-beta-4	3.6.6.14	0.6	1.2.3	0.9.8r	1	-	-
#7 10.82 v0.6.5	2011-12-04	osx-x64-pkg,src,win-x86-exe	1.1.0-alpha-6	3.6.6.11	0.6	1.2.3	0.9.8r	1	-	-
#7 10.82 v0.6.4	2011-12-02	osx-x64-pkg,src,win-x86-exe	1.1.0-alpha-6	3.6.6.8	0.6	1.2.3	0.9.8r	1	-	-
#7 10.82 v0.6.3	2011-11-25	osx-x64-pkg,src,win-x86-exe	1.1.0-alpha-2	3.6.6.8	0.6	1.2.3	0.9.8r	1	-	-
#7 10.82 v0.6.2	2011-11-18	osx-x64-pkg,src,win-x86-exe	-	3.6.6.8	0.6	1.2.3	0.9.8r	1	-	-
#7 10.82 v0.6.1	2011-11-11	osx-x64-pkg,src,win-x86-exe	-	3.6.6.7	0.1	1.2.3	0.9.8r	1	-	-
#7 10.82 v0.6.0	2011-11-04	src,win-x86-exe	-	3.6.6.6	0.1	1.2.3	0.9.8r	1	-	-
#7 10.82 v0.5.10	2011-10-22	src,win-x86-exe	-	3.7.0.0	0.1	1.2.3	0.9.8r	1	-	-
#7 10.82 v0.5.9	2011-10-11	src,win-x86-exe	-	3.6.4.0	0.1	1.2.3	0.9.8r	1	-	-
#7 10.82 v0.5.8	2011-09-30	src,win-x86-exe	-	3.6.4.0	0.1	1.2.3	0.9.8r	1	-	-
#7 10.82 v0.5.7	2011-09-16	src,win-x86-exe	-	3.6.4.0	0.1	-	0.9.8r	1	-	-
#7 10.82 v0.5.6	2011-08-26	src,win-x86-exe	-	3.6.2.0	0.1	-	0.9.8r	1	-	-
#7 10.82 v0.5.5	2011-08-26	src,win-x86-exe	-	3.5.8.0	0.1	-	0.9.8r	1	-	-
#7 10.82 v0.5.4	2011-08-26	src,win-x86-exe	-	3.5.4.3	0.1	-	-	1	-	-
#7 10.82 v0.5.3	2011-08-26	src,win-x86-exe	-	3.4.14.0	0.1	-	-	1	-	-
#7 10.82 v0.5.2	2011-08-26	src,win-x86-exe	-	3.4.14.0	0.1	-	-	1	-	-
#7 10.82 v0.5.1	2011-08-26	src,win-x86-exe	-	3.4.10.0	0.1	-	-	1	-	-
#7 10.82 v0.5.0	2011-08-26	src	-	3.1.8.25	-	-	-	1	-	-
#7 10.82 v0.4.12	2011-09-15	src	-	3.1.8.26	-	-	-	1	-	-
#7 10.82 v0.4.11	2011-08-26	src	-	3.1.8.26	-	-	-	1	-	-
#7 10.82 v0.4.10	2011-08-26	src	-	3.1.8.26	-	-	-	1	-	-
#7 10.82 v0.4.9	2011-08-26	src	-	3.1.8.25	-	-	-	1	-	-
#7 10.82 v0.4.8	2011-08-26	src	-	3.1.8.16	-	-	-	1	-	-
#7 10.82 v0.4.7	2011-08-26	src	-	3.1.8.10	-	-	-	1	-	-
#7 10.82 v0.4.6	2011-08-26	src	-	3.1.8.10	-	-	-	1	-	-
#7 10.82 v0.4.5	2011-08-26	src	-	3.1.8.8	-	-	-	1	-	-
#7 10.82 v0.4.4	2011-08-26	src	-	3.1.8.5	-	-	-	1	-	-
#7 10.82 v0.4.3	2011-08-26	src	-	3.1.8.3	-	-	-	1	-	-
#7 10.82 v0.4.2	2011-08-26	src	-	3.1.8.0	-	-	-	1	-	-
#7 10.82 v0.4.1	2011-08-26	src	-	3.1.5.0	-	-	-	1	-	-
#7 10.82 v0.4.0	2011-08-26	src	-	3.1.2.0	-	-	-	1	-	-
#7 10.82 v0.3.8	2011-08-26	src	-	3.1.1.0	-	-	-	1	-	-
#7 10.82 v0.3.7	2011-08-26	src	-	3.0.10.0	-	-	-	1	-	-
#7 10.82 v0.3.6	2011-08-26	src	-	3.0.9.0	-	-	-	1	-	-
#7 10.82 v0.3.5	2011-08-26	src	-	3.0.4.1	-	-	-	1	-	-
#7 10.82 v0.3.4	2011-08-26	src	-	3.0.4.1	-	-	-	1	-	-
#7 10.82 v0.3.3	2011-08-26	src	-	3.0.4.1	-	-	-	1	-	-
#7 10.82 v0.3.2	2011-08-26	src	-	3.0.3.0	-	-	-	1	-	-
#7 10.82 v0.3.1	2011-08-26	src	-	2.5.3.0	-	-	-	1	-	-
#7 10.82 v0.3.0	2011-08-26	src	-	2.5.1.0	-	-	-	1	-	-
#7 10.82 v0.2.6	2011-08-26	src	-	2.3.8.0	-	-	-	1	-	-
#7 10.82 v0.2.5	2011-08-26	src	-	2.3.8.0	-	-	-	1	-	-
#7 10.82 v0.2.4	2011-08-26	src	-	2.3.8.0	-	-	-	1	-	-
#7 10.82 v0.2.3	2011-08-26	src	-	2.3.8.0	-	-	-	1	-	-
#7 10.82 v0.2.2	2011-08-26	src	-	2.3.8.0	-	-	-	1	-	-
#7 10.82 v0.2.1	2011-08-26	src	-	2.3.8.0	-	-	-	1	-	-
#7 10.82 v0.2.0	2011-08-26	src	-	2.3.8.0	-	-	-	1	-	-
#7 10.82 v0.1.104	2011-08-26	src	-	2.3.6.1	-	-	-	-	-	-
#7 10.82 v0.1.103	2011-08-26	src	-	2.3.5.0	-	-	-	-	-	-
#7 10.82 v0.1.102	2011-08-26	src	-	2.3.2.0	-	-	-	-	-	-
#7 10.82 v0.1.101	2011-08-26	src	-	2.3.0.0	-	-	-	-	-	-
#7 10.82 v0.1.100	2011-08-26	src	-	2.2.21.0	-	-	-	-	-	-
#7 10.82 v0.1.99	2011-08-26	src	-	2.2.18.0	-	-	-	-	-	-
#7 10.82 v0.1.98	2011-08-26	src	-	2.2.16.0	-	-	-	-	-	-
#7 10.82 v0.1.97	2011-08-26	src	-	2.2.12.0	-	-	-	-	-	-
#7 10.82 v0.1.96	2011-08-26	src	-	2.2.0	-	-	-	-	-	-
#7 10.82 v0.1.95	2011-08-26	src	-	2.2.0	-	-	-	-	-	-
#7 10.82 v0.1.94	2011-08-26	src	-	2.2.8.0	-	-	-	-	-	-
#7 10.82 v0.1.93	2011-08-26	src	-	2.2.6.0	-	-	-	-	-	-
#7 10.82 v0.1.92	2011-08-26	src	-	2.2.4.2	-	-	-	-	-	-
#7 10.82 v0.1.91	2011-08-26	src	-	2.2.3.1	-	-	-	-	-	-
#7 10.82 v0.1.90	2011-08-26	src	-	2.2.0.3	-	-	-	-	-	-
#7 10.82 v0.1.33	2011-08-26	src	-	2.1.6.0	-	-	-	-	-	-
#7 10.82 v0.1.32	2011-08-26	src	-	2.1.3.0	-	-	-	-	-	-
#7 10.82 v0.1.31	2011-08-26	src	-	2.1.2.0	-	-	-	-	-	-
#7 10.82 v0.1.30	2011-08-26	src	-	2.1.1.1	-	-	-	-	-	-
#7 10.82 v0.1.29	2011-08-26	src	-	2.1.0.0	-	-	-	-	-	-
#7 10.82 v0.1.28	2011-08-26	src	-	2.1.0.0	-	-	-	-	-	-
#7 10.82 v0.1.27	2011-08-26	src	-	2.1.0.0	-	-	-	-	-	-
#7 10.82 v0.1.26	2011-08-26	src	-	2.0.6.1	-	-	-	-	-	-
#7 10.82 v0.1.25	2011-08-26	src	-	2.0.5.4	-	-	-	-	-	-
#7 10.82 v0.1.24	2011-08-26	src	-	2.0.5.4	-	-	-	-	-	-
#7 10.82 v0.1.23	2011-08-26	src	-	2.0.0	-	-	-	-	-	-
#7 10.82 v0.1.22	2011-08-26	src	-	2.0.0	-	-	-	-	-	-
#7 10.82 v0.1.21	2011-08-26	src	-	2.0.0	-	-	-	-	-	-
#7 10.82 v0.1.20	2011-08-26	src	-	2.0.2.0	-	-	-	-	-	-
#7 10.82 v0.1.19	2011-08-26	src	-	2.0.2.0	-	-	-	-	-	-
#7 10.82 v0.1.18	2011-08-26	src	-	1.3.18.0	-	-	-	-	-	-
#7 10.82 v0.1.17	2011-08-26	src	-	1.3.18.0	-	-	-	-	-	-
#7 10.82 v0.1.16	2011-08-26	src	-	1.3.18.0	-	-	-	-	-	-
#7 10.82 v0.1.15	2011-08-26	src	-	1.3.16.0	-	-	-	-	-	-
#7 10.82 v0.1.14	2011-08-26	src	-	1.3.15.0	-	-	-	-	-	-'
#7 10.82 ++++ local LTS_ALIAS
#7 10.82 ++++ local LTS_VERSION
#7 10.82 +++++ nvm_alias_path
#7 10.82 ++++++ nvm_version_dir old
#7 10.82 ++++++ local NVM_WHICH_DIR
#7 10.82 ++++++ NVM_WHICH_DIR=old
#7 10.82 ++++++ '[' -z old ']'
#7 10.82 ++++++ '[' old = new ']'
#7 10.82 ++++++ '[' _old = _iojs ']'
#7 10.82 ++++++ '[' _old = _old ']'
#7 10.82 ++++++ nvm_echo /root/.nvm
#7 10.82 ++++++ command printf '%s\n' /root/.nvm
#7 10.82 +++++ nvm_echo /root/.nvm/alias
#7 10.82 +++++ command printf '%s\n' /root/.nvm/alias
#7 10.82 ++++ command mkdir -p /root/.nvm/alias/lts
#7 10.82 ++++ mkdir -p /root/.nvm/alias/lts
#7 10.82 ++++ command awk '{
#7 10.82         if ($10 ~ /^\-?$/) { next }
#7 10.82         if ($10 && !a[tolower($10)]++) {
#7 10.82           if (alias) { print alias, version }
#7 10.82           alias_name = "lts/" tolower($10)
#7 10.82           if (!alias) { print "lts/*", alias_name }
#7 10.82           alias = alias_name
#7 10.82           version = $1
#7 10.82         }
#7 10.82       }
#7 10.82       END {
#7 10.82         if (alias) {
#7 10.82           print alias, version
#7 10.82         }
#7 10.82       }'
#7 10.82 ++++ awk '{
#7 10.82         if ($10 ~ /^\-?$/) { next }
#7 10.82         if ($10 && !a[tolower($10)]++) {
#7 10.82           if (alias) { print alias, version }
#7 10.82           alias_name = "lts/" tolower($10)
#7 10.82           if (!alias) { print "lts/*", alias_name }
#7 10.82           alias = alias_name
#7 10.82           version = $1
#7 10.82         }
#7 10.82       }
#7 10.82       END {
#7 10.82         if (alias) {
#7 10.82           print alias, version
#7 10.82         }
#7 10.82       }'
#7 10.82 ++++ read -r LTS_ALIAS_LINE
#7 10.82 ++++ LTS_ALIAS='lts/*'
#7 10.82 ++++ LTS_VERSION=lts/jod
#7 10.82 ++++ nvm_make_alias 'lts/*' lts/jod
#7 10.82 ++++ read -r LTS_ALIAS_LINE
#7 10.82 ++++ LTS_ALIAS=lts/jod
#7 10.82 ++++ LTS_VERSION=v22.14.0
#7 10.82 ++++ nvm_make_alias lts/jod v22.14.0
#7 10.82 ++++ read -r LTS_ALIAS_LINE
#7 10.82 ++++ LTS_ALIAS=lts/iron
#7 10.82 ++++ LTS_VERSION=v20.19.0
#7 10.82 ++++ nvm_make_alias lts/iron v20.19.0
#7 10.82 ++++ read -r LTS_ALIAS_LINE
#7 10.82 ++++ LTS_ALIAS=lts/hydrogen
#7 10.82 ++++ LTS_VERSION=v18.20.8
#7 10.82 ++++ nvm_make_alias lts/hydrogen v18.20.8
#7 10.82 ++++ read -r LTS_ALIAS_LINE
#7 10.82 ++++ LTS_ALIAS=lts/gallium
#7 10.82 ++++ LTS_VERSION=v16.20.2
#7 10.82 ++++ nvm_make_alias lts/gallium v16.20.2
#7 10.82 ++++ read -r LTS_ALIAS_LINE
#7 10.82 ++++ LTS_ALIAS=lts/fermium
#7 10.82 ++++ LTS_VERSION=v14.21.3
#7 10.82 ++++ nvm_make_alias lts/fermium v14.21.3
#7 10.82 ++++ read -r LTS_ALIAS_LINE
#7 10.82 ++++ LTS_ALIAS=lts/erbium
#7 10.82 ++++ LTS_VERSION=v12.22.12
#7 10.82 ++++ nvm_make_alias lts/erbium v12.22.12
#7 10.82 ++++ read -r LTS_ALIAS_LINE
#7 10.82 ++++ LTS_ALIAS=lts/dubnium
#7 10.82 ++++ LTS_VERSION=v10.24.1
#7 10.82 ++++ nvm_make_alias lts/dubnium v10.24.1
#7 10.82 ++++ read -r LTS_ALIAS_LINE
#7 10.82 ++++ LTS_ALIAS=lts/carbon
#7 10.82 ++++ LTS_VERSION=v8.17.0
#7 10.82 ++++ nvm_make_alias lts/carbon v8.17.0
#7 10.82 ++++ read -r LTS_ALIAS_LINE
#7 10.82 ++++ LTS_ALIAS=lts/boron
#7 10.82 ++++ LTS_VERSION=v6.17.1
#7 10.82 ++++ nvm_make_alias lts/boron v6.17.1
#7 10.82 ++++ read -r LTS_ALIAS_LINE
#7 10.82 ++++ LTS_ALIAS=lts/argon
#7 10.82 ++++ LTS_VERSION=v4.9.1
#7 10.82 ++++ nvm_make_alias lts/argon v4.9.1
#7 10.82 ++++ read -r LTS_ALIAS_LINE
#7 10.82 ++++ '[' -n '' ']'
#7 10.82 +++++ command awk -v lts= '{
#7 10.82         if (!$1) { next }
#7 10.82         if (lts && $10 ~ /^\-?$/) { next }
#7 10.82         if (lts && lts != "*" && tolower($10) !~ tolower(lts)) { next }
#7 10.82         if ($10 !~ /^\-?$/) {
#7 10.82           if ($10 && $10 != prev) {
#7 10.82             print $1, $10, "*"
#7 10.82           } else {
#7 10.82             print $1, $10
#7 10.82           }
#7 10.82         } else {
#7 10.82           print $1
#7 10.82         }
#7 10.82         prev=$10;
#7 10.82       }'
#7 10.82 +++++ awk -v lts= '{
#7 10.82         if (!$1) { next }
#7 10.82         if (lts && $10 ~ /^\-?$/) { next }
#7 10.82         if (lts && lts != "*" && tolower($10) !~ tolower(lts)) { next }
#7 10.82         if ($10 !~ /^\-?$/) {
#7 10.82           if ($10 && $10 != prev) {
#7 10.82             print $1, $10, "*"
#7 10.82           } else {
#7 10.82             print $1, $10
#7 10.82           }
#7 10.82         } else {
#7 10.82           print $1
#7 10.82         }
#7 10.82         prev=$10;
#7 10.82       }'
#7 10.82 +++++ nvm_grep -w v20
#7 10.82 +++++ GREP_OPTIONS=
#7 10.82 +++++ command grep -w v20
#7 10.82 +++++ grep -w v20
#7 10.82 +++++ command sort -t. -u -k 1.2,1n -k 2,2n -k 3,3n
#7 10.82 +++++ sort -t. -u -k 1.2,1n -k 2,2n -k 3,3n
#7 10.82 ++++ VERSIONS='v20.0.0
#7 10.82 v20.1.0
#7 10.82 v20.2.0
#7 10.82 v20.3.0
#7 10.82 v20.3.1
#7 10.82 v20.4.0
#7 10.82 v20.5.0
#7 10.82 v20.5.1
#7 10.82 v20.6.0
#7 10.82 v20.6.1
#7 10.82 v20.7.0
#7 10.82 v20.8.0
#7 10.82 v20.8.1
#7 10.82 v20.9.0 Iron
#7 10.82 v20.10.0 Iron
#7 10.82 v20.11.0 Iron
#7 10.82 v20.11.1 Iron
#7 10.82 v20.12.0 Iron
#7 10.82 v20.12.1 Iron
#7 10.82 v20.12.2 Iron
#7 10.82 v20.13.0 Iron
#7 10.82 v20.13.1 Iron
#7 10.82 v20.14.0 Iron
#7 10.82 v20.15.0 Iron
#7 10.82 v20.15.1 Iron
#7 10.82 v20.16.0 Iron
#7 10.82 v20.17.0 Iron
#7 10.82 v20.18.0 Iron
#7 10.82 v20.18.1 Iron
#7 10.82 v20.18.2 Iron
#7 10.82 v20.18.3 Iron
#7 10.82 v20.19.0 Iron *'
#7 10.82 ++++ '[' -z 'v20.0.0
#7 10.82 v20.1.0
#7 10.82 v20.2.0
#7 10.82 v20.3.0
#7 10.82 v20.3.1
#7 10.82 v20.4.0
#7 10.82 v20.5.0
#7 10.82 v20.5.1
#7 10.82 v20.6.0
#7 10.82 v20.6.1
#7 10.82 v20.7.0
#7 10.82 v20.8.0
#7 10.82 v20.8.1
#7 10.82 v20.9.0 Iron
#7 10.82 v20.10.0 Iron
#7 10.82 v20.11.0 Iron
#7 10.82 v20.11.1 Iron
#7 10.82 v20.12.0 Iron
#7 10.82 v20.12.1 Iron
#7 10.82 v20.12.2 Iron
#7 10.82 v20.13.0 Iron
#7 10.82 v20.13.1 Iron
#7 10.82 v20.14.0 Iron
#7 10.82 v20.15.0 Iron
#7 10.82 v20.15.1 Iron
#7 10.82 v20.16.0 Iron
#7 10.82 v20.17.0 Iron
#7 10.82 v20.18.0 Iron
#7 10.82 v20.18.1 Iron
#7 10.82 v20.18.2 Iron
#7 10.82 v20.18.3 Iron
#7 10.82 v20.19.0 Iron *' ']'
#7 10.82 ++++ nvm_echo 'v20.0.0
#7 10.82 v20.1.0
#7 10.82 v20.2.0
#7 10.82 v20.3.0
#7 10.82 v20.3.1
#7 10.82 v20.4.0
#7 10.82 v20.5.0
#7 10.82 v20.5.1
#7 10.82 v20.6.0
#7 10.82 v20.6.1
#7 10.82 v20.7.0
#7 10.82 v20.8.0
#7 10.82 v20.8.1
#7 10.82 v20.9.0 Iron
#7 10.82 v20.10.0 Iron
#7 10.82 v20.11.0 Iron
#7 10.82 v20.11.1 Iron
#7 10.82 v20.12.0 Iron
#7 10.82 v20.12.1 Iron
#7 10.82 v20.12.2 Iron
#7 10.82 v20.13.0 Iron
#7 10.82 v20.13.1 Iron
#7 10.82 v20.14.0 Iron
#7 10.82 v20.15.0 Iron
#7 10.82 v20.15.1 Iron
#7 10.82 v20.16.0 Iron
#7 10.82 v20.17.0 Iron
#7 10.82 v20.18.0 Iron
#7 10.82 v20.18.1 Iron
#7 10.82 v20.18.2 Iron
#7 10.82 v20.18.3 Iron
#7 10.82 v20.19.0 Iron *'
#7 10.82 ++++ command printf '%s\n' 'v20.0.0
#7 10.82 v20.1.0
#7 10.82 v20.2.0
#7 10.82 v20.3.0
#7 10.82 v20.3.1
#7 10.82 v20.4.0
#7 10.82 v20.5.0
#7 10.82 v20.5.1
#7 10.82 v20.6.0
#7 10.82 v20.6.1
#7 10.82 v20.7.0
#7 10.82 v20.8.0
#7 10.82 v20.8.1
#7 10.82 v20.9.0 Iron
#7 10.82 v20.10.0 Iron
#7 10.82 v20.11.0 Iron
#7 10.82 v20.11.1 Iron
#7 10.82 v20.12.0 Iron
#7 10.82 v20.12.1 Iron
#7 10.82 v20.12.2 Iron
#7 10.82 v20.13.0 Iron
#7 10.82 v20.13.1 Iron
#7 10.82 v20.14.0 Iron
#7 10.82 v20.15.0 Iron
#7 10.82 v20.15.1 Iron
#7 10.82 v20.16.0 Iron
#7 10.82 v20.17.0 Iron
#7 10.82 v20.18.0 Iron
#7 10.82 v20.18.1 Iron
#7 10.82 v20.18.2 Iron
#7 10.82 v20.18.3 Iron
#7 10.82 v20.19.0 Iron *'
#7 10.82 +++ NVM_LS_REMOTE_OUTPUT='v20.0.0
#7 10.82 v20.1.0
#7 10.82 v20.2.0
#7 10.82 v20.3.0
#7 10.82 v20.3.1
#7 10.82 v20.4.0
#7 10.82 v20.5.0
#7 10.82 v20.5.1
#7 10.82 v20.6.0
#7 10.82 v20.6.1
#7 10.82 v20.7.0
#7 10.82 v20.8.0
#7 10.82 v20.8.1
#7 10.82 v20.9.0 Iron
#7 10.82 v20.10.0 Iron
#7 10.82 v20.11.0 Iron
#7 10.82 v20.11.1 Iron
#7 10.82 v20.12.0 Iron
#7 10.82 v20.12.1 Iron
#7 10.82 v20.12.2 Iron
#7 10.82 v20.13.0 Iron
#7 10.82 v20.13.1 Iron
#7 10.82 v20.14.0 Iron
#7 10.82 v20.15.0 Iron
#7 10.82 v20.15.1 Iron
#7 10.82 v20.16.0 Iron
#7 10.82 v20.17.0 Iron
#7 10.82 v20.18.0 Iron
#7 10.82 v20.18.1 Iron
#7 10.82 v20.18.2 Iron
#7 10.82 v20.18.3 Iron
#7 10.82 v20.19.0 Iron * '
#7 10.82 +++ :
#7 10.82 +++ NVM_LS_REMOTE_EXIT_CODE=0
#7 10.82 +++ NVM_LS_REMOTE_PRE_MERGED_OUTPUT='v20.0.0
#7 10.82 v20.1.0
#7 10.82 v20.2.0
#7 10.82 v20.3.0
#7 10.82 v20.3.1
#7 10.82 v20.4.0
#7 10.82 v20.5.0
#7 10.82 v20.5.1
#7 10.82 v20.6.0
#7 10.82 v20.6.1
#7 10.82 v20.7.0
#7 10.82 v20.8.0
#7 10.82 v20.8.1
#7 10.82 v20.9.0 Iron
#7 10.82 v20.10.0 Iron
#7 10.82 v20.11.0 Iron
#7 10.82 v20.11.1 Iron
#7 10.82 v20.12.0 Iron
#7 10.82 v20.12.1 Iron
#7 10.82 v20.12.2 Iron
#7 10.82 v20.13.0 Iron
#7 10.82 v20.13.1 Iron
#7 10.82 v20.14.0 Iron
#7 10.82 v20.15.0 Iron
#7 10.82 v20.15.1 Iron
#7 10.82 v20.16.0 Iron
#7 10.82 v20.17.0 Iron
#7 10.82 v20.18.0 Iron
#7 10.82 v20.18.1 Iron
#7 10.82 v20.18.2 Iron
#7 10.82 v20.18.3 Iron
#7 10.82 v20.19.0 Iron * '
#7 10.82 +++ NVM_LS_REMOTE_POST_MERGED_OUTPUT=
#7 10.82 +++ local NVM_LS_REMOTE_IOJS_EXIT_CODE
#7 10.82 +++ NVM_LS_REMOTE_IOJS_EXIT_CODE=0
#7 10.82 +++ local NVM_LS_REMOTE_IOJS_OUTPUT
#7 10.82 +++ NVM_LS_REMOTE_IOJS_OUTPUT=
#7 10.82 +++ '[' -z '' ']'
#7 10.82 +++ '[' -z '' ']'
#7 10.82 ++++ nvm_ls_remote_iojs 20
#7 10.82 ++++ NVM_LTS=
#7 10.82 ++++ nvm_ls_remote_index_tab iojs std 20
#7 10.82 ++++ local LTS
#7 10.82 ++++ LTS=
#7 10.82 ++++ '[' 3 -lt 3 ']'
#7 10.82 ++++ local FLAVOR
#7 10.82 ++++ FLAVOR=iojs
#7 10.82 ++++ local TYPE
#7 10.82 ++++ TYPE=std
#7 10.82 ++++ local MIRROR
#7 10.82 +++++ nvm_get_mirror iojs std
#7 10.82 +++++ case "${1}-${2}" in
#7 10.82 +++++ nvm_echo https://iojs.org/dist
#7 10.82 +++++ command printf '%s\n' https://iojs.org/dist
#7 10.82 ++++ MIRROR=https://iojs.org/dist
#7 10.82 ++++ '[' -z https://iojs.org/dist ']'
#7 10.82 ++++ local PREFIX
#7 10.82 ++++ PREFIX=
#7 10.82 ++++ case "${FLAVOR}-${TYPE}" in
#7 10.82 +++++ nvm_iojs_prefix
#7 10.82 +++++ nvm_echo iojs
#7 10.82 +++++ command printf '%s\n' iojs
#7 10.82 ++++ PREFIX=iojs-
#7 10.82 ++++ local SORT_COMMAND
#7 10.82 ++++ SORT_COMMAND='command sort'
#7 10.82 ++++ case "${FLAVOR}" in
#7 10.82 ++++ local PATTERN
#7 10.82 ++++ PATTERN=20
#7 10.82 ++++ '[' 0 = . ']'
#7 10.82 ++++ local VERSIONS
#7 10.82 ++++ '[' -n 20 ']'
#7 10.82 ++++ '[' 20 '!=' '*' ']'
#7 10.82 ++++ '[' iojs = iojs ']'
#7 10.82 ++++++ nvm_strip_iojs_prefix 20
#7 10.82 ++++++ local NVM_IOJS_PREFIX
#7 10.82 +++++++ nvm_iojs_prefix
#7 10.82 +++++++ nvm_echo iojs
#7 10.82 +++++++ command printf '%s\n' iojs
#7 10.82 ++++++ NVM_IOJS_PREFIX=iojs
#7 10.82 ++++++ '[' 20 = iojs ']'
#7 10.82 ++++++ nvm_echo 20
#7 10.82 ++++++ command printf '%s\n' 20
#7 10.82 +++++ nvm_ensure_version_prefix 20
#7 10.82 +++++ local NVM_VERSION
#7 10.82 ++++++ nvm_strip_iojs_prefix 20
#7 10.82 ++++++ local NVM_IOJS_PREFIX
#7 10.82 ++++++ command sed -e 's/^\([0-9]\)/v\1/g'
#7 10.82 ++++++ sed -e 's/^\([0-9]\)/v\1/g'
#7 10.82 +++++++ nvm_iojs_prefix
#7 10.82 +++++++ nvm_echo iojs
#7 10.82 +++++++ command printf '%s\n' iojs
#7 10.82 ++++++ NVM_IOJS_PREFIX=iojs
#7 10.82 ++++++ '[' 20 = iojs ']'
#7 10.82 ++++++ nvm_echo 20
#7 10.82 ++++++ command printf '%s\n' 20
#7 10.82 +++++ NVM_VERSION=v20
#7 10.82 +++++ nvm_is_iojs_version 20
#7 10.82 +++++ case "${1-}" in
#7 10.82 +++++ return 1
#7 10.82 +++++ nvm_echo v20
#7 10.82 +++++ command printf '%s\n' v20
#7 10.82 ++++ PATTERN=v20
#7 10.82 ++++ nvm_is_zsh
#7 10.82 ++++ '[' -n '' ']'
#7 10.82 ++++ local VERSION_LIST
#7 10.82 +++++ nvm_download -L -s https://iojs.org/dist/index.tab -o -
#7 10.82 +++++ local CURL_COMPRESSED_FLAG
#7 10.82 +++++ nvm_has curl
#7 10.82 +++++ type curl
#7 10.82 +++++ command sed '
#7 10.82         1d;
#7 10.82         s/^/iojs-/;
#7 10.82       '
#7 10.82 +++++ nvm_curl_use_compression
#7 10.82 +++++ nvm_curl_libz_support
#7 10.82 +++++ sed '
#7 10.82         1d;
#7 10.82         s/^/iojs-/;
#7 10.82       '
#7 10.82 +++++ curl -V
#7 10.82 +++++ nvm_grep '^Features:'
#7 10.82 +++++ GREP_OPTIONS=
#7 10.82 +++++ command grep '^Features:'
#7 10.82 +++++ grep '^Features:'
#7 10.82 +++++ nvm_grep -q libz
#7 10.82 +++++ GREP_OPTIONS=
#7 10.82 +++++ command grep -q libz
#7 10.82 +++++ grep -q libz
#7 10.82 ++++++ nvm_curl_version
#7 10.82 ++++++ curl -V
#7 10.82 ++++++ command awk '{ if ($1 == "curl") print $2 }'
#7 10.82 ++++++ awk '{ if ($1 == "curl") print $2 }'
#7 10.82 ++++++ command sed 's/-.*$//g'
#7 10.82 ++++++ sed 's/-.*$//g'
#7 10.82 +++++ nvm_version_greater_than_or_equal_to 7.68.0 7.21.0
#7 10.82 +++++ command awk 'BEGIN {
#7 10.82     if (ARGV[1] == "" || ARGV[2] == "") exit(1)
#7 10.82     split(ARGV[1], a, /\./);
#7 10.82     split(ARGV[2], b, /\./);
#7 10.82     for (i=1; i<=3; i++) {
#7 10.82       if (a[i] && a[i] !~ /^[0-9]+$/) exit(2);
#7 10.82       if (a[i] < b[i]) exit(3);
#7 10.82       else if (a[i] > b[i]) exit(0);
#7 10.82     }
#7 10.82     exit(0)
#7 10.82   }' 7.68.0 7.21.0
#7 10.82 +++++ awk 'BEGIN {
#7 10.82     if (ARGV[1] == "" || ARGV[2] == "") exit(1)
#7 10.82     split(ARGV[1], a, /\./);
#7 10.82     split(ARGV[2], b, /\./);
#7 10.82     for (i=1; i<=3; i++) {
#7 10.82       if (a[i] && a[i] !~ /^[0-9]+$/) exit(2);
#7 10.82       if (a[i] < b[i]) exit(3);
#7 10.82       else if (a[i] > b[i]) exit(0);
#7 10.82     }
#7 10.82     exit(0)
#7 10.82   }' 7.68.0 7.21.0
#7 10.82 +++++ CURL_COMPRESSED_FLAG=--compressed
#7 10.82 +++++ curl --fail --compressed -q -L -s https://iojs.org/dist/index.tab -o -
#7 10.82 ++++ VERSION_LIST='iojs-v3.3.1	2015-09-15	headers,linux-arm64,linux-armv6l,linux-armv7l,linux-x64,linux-x86,osx-x64-pkg,osx-x64-tar,src,sunos-x64,sunos-x86,win-x64-exe,win-x64-msi,win-x86-exe,win-x86-msi	2.14.3	4.4.63.30	1.7.4	1.2.8	1.0.2d	45
#7 10.82 iojs-v3.3.0	2015-09-02	headers,linux-armv6l,linux-armv7l,linux-x64,linux-x86,osx-x64-pkg,osx-x64-tar,src,win-x64-exe,win-x64-msi,win-x86-exe,win-x86-msi	2.13.3	4.4.63.30	1.7.3	1.2.8	1.0.2d	45
#7 10.82 iojs-v3.2.0	2015-08-25	headers,linux-armv6l,linux-armv7l,linux-x64,linux-x86,osx-x64-pkg,osx-x64-tar,src,win-x64-exe,win-x64-msi,win-x86-exe,win-x86-msi	2.13.3	4.4.63.26	1.6.1	1.2.8	1.0.2d	45
#7 10.82 iojs-v3.1.0	2015-08-19	headers,linux-armv6l,linux-armv7l,linux-x64,linux-x86,osx-x64-pkg,osx-x64-tar,src,win-x64-exe,win-x64-msi,win-x86-exe,win-x86-msi	2.13.3	4.4.63.26	1.6.1	1.2.8	1.0.2d	45
#7 10.82 iojs-v3.0.0	2015-08-04	headers,linux-armv6l,linux-armv7l,linux-x64,linux-x86,osx-x64-pkg,osx-x64-tar,src,win-x64-exe,win-x64-msi,win-x86-exe,win-x86-msi	2.13.3	4.4.63.26	1.6.1	1.2.8	1.0.2d	45
#7 10.82 iojs-v2.5.0	2015-07-28	headers,linux-armv6l,linux-armv7l,linux-x64,linux-x86,osx-x64-pkg,osx-x64-tar,src,win-x64-exe,win-x64-msi,win-x86-exe,win-x86-msi	2.13.2	4.2.77.21	1.6.1	1.2.8	1.0.2d	44
#7 10.82 iojs-v2.4.0	2015-07-17	headers,linux-armv6l,linux-armv7l,linux-x64,linux-x86,osx-x64-pkg,osx-x64-tar,src,win-x64-exe,win-x64-msi,win-x86-exe,win-x86-msi	2.13.0	4.2.77.20	1.6.1	1.2.8	1.0.2d	44
#7 10.82 iojs-v2.3.4	2015-07-12	headers,linux-armv6l,linux-armv7l,linux-x64,linux-x86,osx-x64-pkg,osx-x64-tar,src,win-x64-exe,win-x64-msi,win-x86-exe,win-x86-msi	2.12.1	4.2.77.20	1.6.1	1.2.8	1.0.2d	44
#7 10.82 iojs-v2.3.3	2015-07-04	headers,linux-armv6l,linux-armv7l,linux-x64,linux-x86,osx-x64-pkg,osx-x64-tar,src,win-x64-exe,win-x64-msi,win-x86-exe,win-x86-msi	2.11.3	4.2.77.20	1.6.1	1.2.8	1.0.2c	44
#7 10.82 iojs-v2.3.2	2015-07-02	headers,linux-armv6l,linux-armv7l,linux-x64,linux-x86,osx-x64-pkg,osx-x64-tar,src,win-x64-exe,win-x64-msi,win-x86-exe,win-x86-msi	2.11.3	4.2.77.20	1.6.1	1.2.8	1.0.2c	44
#7 10.82 iojs-v2.3.1	2015-06-23	linux-armv6l,linux-armv7l,linux-x64,linux-x86,osx-x64-pkg,osx-x64-tar,src,win-x64-exe,win-x64-msi,win-x86-exe,win-x86-msi	2.11.3	4.2.77.20	1.6.1	1.2.8	1.0.2c	44
#7 10.82 iojs-v2.3.0	2015-06-13	linux-armv6l,linux-armv7l,linux-x64,linux-x86,osx-x64-pkg,osx-x64-tar,src,win-x64-exe,win-x64-msi,win-x86-exe,win-x86-msi	2.11.1	4.2.77.20	1.6.1	1.2.8	1.0.2c	44
#7 10.82 iojs-v2.2.1	2015-06-01	linux-armv6l,linux-armv7l,linux-x64,linux-x86,osx-x64-pkg,osx-x64-tar,src,win-x64-exe,win-x64-msi,win-x86-exe,win-x86-msi	2.11.0	4.2.77.20	1.5.0	1.2.8	1.0.2a	44
#7 10.82 iojs-v2.2.0	2015-06-01	linux-armv6l,linux-armv7l,linux-x64,linux-x86,osx-x64-pkg,osx-x64-tar,src,win-x64-exe,win-x64-msi,win-x86-exe,win-x86-msi	2.11.0	4.2.77.20	1.5.0	1.2.8	1.0.2a	44
#7 10.82 iojs-v2.1.0	2015-05-24	linux-armv6l,linux-armv7l,linux-x64,linux-x86,osx-x64-pkg,osx-x64-tar,src,win-x64-exe,win-x64-msi,win-x86-exe,win-x86-msi	2.10.1	4.2.77.20	1.5.0	1.2.8	1.0.2a	44
#7 10.82 iojs-v2.0.2	2015-05-15	linux-armv6l,linux-armv7l,linux-x64,linux-x86,osx-x64-pkg,osx-x64-tar,src,win-x64-exe,win-x64-msi,win-x86-exe,win-x86-msi	2.9.0	4.2.77.20	1.5.0	1.2.8	1.0.2a	44
#7 10.82 iojs-v2.0.1	2015-05-08	linux-armv6l,linux-armv7l,linux-x64,linux-x86,osx-x64-pkg,osx-x64-tar,src,win-x64-exe,win-x64-msi,win-x86-exe,win-x86-msi	2.9.0	4.2.77.20	1.5.0	1.2.8	1.0.2a	44
#7 10.82 iojs-v2.0.0	2015-05-04	linux-armv6l,linux-armv7l,linux-x64,linux-x86,osx-x64-pkg,osx-x64-tar,src,win-x64-exe,win-x64-msi,win-x86-exe,win-x86-msi	2.9.0	4.2.77.18	1.4.2	1.2.8	1.0.2a	44
#7 10.82 iojs-v1.8.4	2015-07-12	headers,linux-armv6l,linux-armv7l,linux-x64,linux-x86,osx-x64-pkg,osx-x64-tar,src,win-x64-exe,win-x64-msi,win-x86-exe,win-x86-msi	2.9.0	4.1.0.27	1.4.2	1.2.8	1.0.2d	43
#7 10.82 iojs-v1.8.3	2015-07-04	headers,linux-armv6l,linux-armv7l,linux-x64,linux-x86,osx-x64-pkg,osx-x64-tar,src,win-x64-exe,win-x64-msi,win-x86-exe,win-x86-msi	2.9.0	4.1.0.27	1.4.2	1.2.8	1.0.2c	43
#7 10.82 iojs-v1.8.2	2015-05-18	linux-armv6l,linux-armv7l,linux-x64,linux-x86,osx-x64-pkg,osx-x64-tar,src,win-x64-exe,win-x64-msi,win-x86-exe,win-x86-msi	2.9.0	4.1.0.27	1.4.2	1.2.8	1.0.2a	43
#7 10.82 iojs-v1.8.1	2015-04-21	linux-armv6l,linux-armv7l,linux-x64,linux-x86,osx-x64-pkg,osx-x64-tar,src,win-x64-exe,win-x64-msi,win-x86-exe,win-x86-msi	2.8.3	4.1.0.27	1.4.2	1.2.8	1.0.2a	43
#7 10.82 iojs-v1.7.1	2015-04-17	linux-armv6l,linux-armv7l,linux-x64,linux-x86,osx-x64-pkg,osx-x64-tar,src,win-x64-exe,win-x64-msi,win-x86-exe,win-x86-msi	2.7.6	4.1.0.27	1.4.2	1.2.8	1.0.1m	43
#7 10.82 iojs-v1.6.4	2015-04-06	linux-armv6l,linux-armv7l,linux-x64,linux-x86,osx-x64-pkg,osx-x64-tar,src,win-x64-exe,win-x64-msi,win-x86-exe,win-x86-msi	2.7.5	4.1.0.27	1.4.2	1.2.8	1.0.1m	43
#7 10.82 iojs-v1.6.3	2015-03-31	linux-armv6l,linux-armv7l,linux-x64,linux-x86,osx-x64-pkg,osx-x64-tar,src,win-x64-exe,win-x64-msi,win-x86-exe,win-x86-msi	2.7.4	4.1.0.27	1.4.2	1.2.8	1.0.1m	43
#7 10.82 iojs-v1.6.2	2015-03-23	linux-armv6l,linux-armv7l,linux-x64,linux-x86,osx-x64-pkg,osx-x64-tar,src,win-x64-exe,win-x64-msi,win-x86-exe,win-x86-msi	2.7.1	4.1.0.25	1.4.2	1.2.8	1.0.1m	43
#7 10.82 iojs-v1.6.1	2015-03-20	linux-armv6l,linux-armv7l,linux-x64,linux-x86,osx-x64-pkg,osx-x64-tar,src,win-x64-exe,win-x64-msi,win-x86-exe,win-x86-msi	2.7.1	4.1.0.21	1.4.2	1.2.8	1.0.1m	43
#7 10.82 iojs-v1.6.0	2015-03-20	linux-armv6l,linux-armv7l,linux-x64,linux-x86,osx-x64-pkg,osx-x64-tar,src,win-x64-exe,win-x64-msi,win-x86-exe,win-x86-msi	2.7.1	4.1.0.21	1.4.2	1.2.8	1.0.1m	43
#7 10.82 iojs-v1.5.1	2015-03-09	linux-armv6l,linux-armv7l,linux-x64,linux-x86,osx-x64-pkg,osx-x64-tar,src,win-x64-exe,win-x64-msi,win-x86-exe,win-x86-msi	2.7.0	4.1.0.21	1.4.2	1.2.8	1.0.1k	43
#7 10.82 iojs-v1.5.0	2015-03-06	linux-armv6l,linux-armv7l,linux-x64,linux-x86,osx-x64-pkg,osx-x64-tar,src,win-x64-exe,win-x64-msi,win-x86-exe,win-x86-msi	2.7.0	4.1.0.21	1.4.2	1.2.8	1.0.1k	43
#7 10.82 iojs-v1.4.3	2015-03-03	linux-armv6l,linux-armv7l,linux-x64,linux-x86,osx-x64-pkg,osx-x64-tar,src,win-x64-exe,win-x64-msi,win-x86-exe,win-x86-msi	2.6.1	4.1.0.21	1.4.2	1.2.8	1.0.1k	43
#7 10.82 iojs-v1.4.2	2015-02-28	linux-armv6l,linux-armv7l,linux-x64,linux-x86,osx-x64-pkg,osx-x64-tar,src,win-x64-exe,win-x64-msi,win-x86-exe,win-x86-msi	2.6.1	4.1.0.21	1.4.2	1.2.8	1.0.1k	43
#7 10.82 iojs-v1.4.1	2015-02-27	linux-armv6l,linux-armv7l,linux-x64,linux-x86,osx-x64-pkg,osx-x64-tar,src,win-x64-exe,win-x64-msi,win-x86-exe,win-x86-msi	2.6.0	4.1.0.21	1.4.2	1.2.8	1.0.1k	43
#7 10.82 iojs-v1.3.0	2015-02-20	linux-armv6l,linux-armv7l,linux-x64,linux-x86,osx-x64-pkg,osx-x64-tar,src,win-x64-exe,win-x64-msi,win-x86-exe,win-x86-msi	2.5.1	4.1.0.14	1.4.0	1.2.8	1.0.1k	43
#7 10.82 iojs-v1.2.0	2015-02-11	linux-armv6l,linux-armv7l,linux-x64,linux-x86,osx-x64-pkg,osx-x64-tar,src,win-x64-exe,win-x64-msi,win-x86-exe,win-x86-msi	2.5.1	4.1.0.14	1.4.0	1.2.8	1.0.1k	43
#7 10.82 iojs-v1.1.0	2015-02-03	linux-armv7l,linux-x64,linux-x86,osx-x64-pkg,osx-x64-tar,src,win-x64-exe,win-x64-msi,win-x86-exe,win-x86-msi	2.4.1	4.1.0.14	1.3.0	1.2.8	1.0.1k	43
#7 10.82 iojs-v1.0.4	2015-01-24	linux-armv7l,linux-x64,linux-x86,osx-x64-pkg,osx-x64-tar,src,win-x64-exe,win-x64-msi,win-x86-exe,win-x86-msi	2.3.0	4.1.0.12	1.2.1	1.2.8	1.0.1k	42
#7 10.82 iojs-v1.0.3	2015-01-20	linux-armv7l,linux-x64,linux-x86,osx-x64-pkg,osx-x64-tar,src,win-x64-exe,win-x64-msi,win-x86-exe,win-x86-msi	2.2.0	4.1.0.7	1.2.1	1.2.8	1.0.1k	42
#7 10.82 iojs-v1.0.2	2015-01-16	linux-armv7l,linux-x64,linux-x86,osx-x64-pkg,osx-x64-tar,src,win-x64-exe,win-x64-msi,win-x86-exe,win-x86-msi	2.1.18	3.31.74.1	1.2.1	1.2.8	1.0.1k	42
#7 10.82 iojs-v1.0.1	2015-01-14	linux-armv7l,linux-x64,linux-x86,osx-x64-pkg,osx-x64-tar,src,win-x64-exe,win-x64-msi,win-x86-exe,win-x86-msi	2.1.18	3.31.74.1	1.2.0	1.2.8	1.0.1k	42
#7 10.82 iojs-v1.0.0	2015-01-14	linux-armv7l,linux-x64,linux-x86,osx-x64-pkg,osx-x64-tar,src,win-x64-exe,win-x64-msi,win-x86-exe,win-x86-msi	2.1.18	3.31.74.1	1.2.0	1.2.8	1.0.1k	42'
#7 10.82 ++++ local LTS_ALIAS
#7 10.82 ++++ local LTS_VERSION
#7 10.82 +++++ nvm_alias_path
#7 10.82 ++++++ nvm_version_dir old
#7 10.82 ++++++ local NVM_WHICH_DIR
#7 10.82 ++++++ NVM_WHICH_DIR=old
#7 10.82 ++++++ '[' -z old ']'
#7 10.82 ++++++ '[' old = new ']'
#7 10.82 ++++++ '[' _old = _iojs ']'
#7 10.82 ++++++ '[' _old = _old ']'
#7 10.82 ++++++ nvm_echo /root/.nvm
#7 10.82 ++++++ command printf '%s\n' /root/.nvm
#7 10.82 +++++ nvm_echo /root/.nvm/alias
#7 10.82 +++++ command printf '%s\n' /root/.nvm/alias
#7 10.82 ++++ command mkdir -p /root/.nvm/alias/lts
#7 10.82 ++++ mkdir -p /root/.nvm/alias/lts
#7 10.82 ++++ command awk '{
#7 10.82         if ($10 ~ /^\-?$/) { next }
#7 10.82         if ($10 && !a[tolower($10)]++) {
#7 10.82           if (alias) { print alias, version }
#7 10.82           alias_name = "lts/" tolower($10)
#7 10.82           if (!alias) { print "lts/*", alias_name }
#7 10.82           alias = alias_name
#7 10.82           version = $1
#7 10.82         }
#7 10.82       }
#7 10.82       END {
#7 10.82         if (alias) {
#7 10.82           print alias, version
#7 10.82         }
#7 10.82       }'
#7 10.82 ++++ awk '{
#7 10.82         if ($10 ~ /^\-?$/) { next }
#7 10.82         if ($10 && !a[tolower($10)]++) {
#7 10.82           if (alias) { print alias, version }
#7 10.82           alias_name = "lts/" tolower($10)
#7 10.82           if (!alias) { print "lts/*", alias_name }
#7 10.82           alias = alias_name
#7 10.82           version = $1
#7 10.82         }
#7 10.82       }
#7 10.82       END {
#7 10.82         if (alias) {
#7 10.82           print alias, version
#7 10.82         }
#7 10.82       }'
#7 10.82 ++++ read -r LTS_ALIAS_LINE
#7 10.82 ++++ '[' -n '' ']'
#7 10.82 +++++ command awk -v lts= '{
#7 10.82         if (!$1) { next }
#7 10.82         if (lts && $10 ~ /^\-?$/) { next }
#7 10.82         if (lts && lts != "*" && tolower($10) !~ tolower(lts)) { next }
#7 10.82         if ($10 !~ /^\-?$/) {
#7 10.82           if ($10 && $10 != prev) {
#7 10.82             print $1, $10, "*"
#7 10.82           } else {
#7 10.82             print $1, $10
#7 10.82           }
#7 10.82         } else {
#7 10.82           print $1
#7 10.82         }
#7 10.82         prev=$10;
#7 10.82       }'
#7 10.82 +++++ awk -v lts= '{
#7 10.82         if (!$1) { next }
#7 10.82         if (lts && $10 ~ /^\-?$/) { next }
#7 10.82         if (lts && lts != "*" && tolower($10) !~ tolower(lts)) { next }
#7 10.82         if ($10 !~ /^\-?$/) {
#7 10.82           if ($10 && $10 != prev) {
#7 10.82             print $1, $10, "*"
#7 10.82           } else {
#7 10.82             print $1, $10
#7 10.82           }
#7 10.82         } else {
#7 10.82           print $1
#7 10.82         }
#7 10.82         prev=$10;
#7 10.82       }'
#7 10.82 +++++ nvm_grep -w v20
#7 10.82 +++++ GREP_OPTIONS=
#7 10.82 +++++ command grep -w v20
#7 10.82 +++++ grep -w v20
#7 10.82 +++++ command sort
#7 10.82 +++++ sort
#7 10.82 ++++ VERSIONS=
#7 10.82 ++++ '[' -z '' ']'
#7 10.82 ++++ nvm_echo N/A
#7 10.82 ++++ command printf '%s\n' N/A
#7 10.82 ++++ return 3
#7 10.82 +++ NVM_LS_REMOTE_IOJS_OUTPUT=N/A
#7 10.82 +++ NVM_LS_REMOTE_IOJS_EXIT_CODE=3
#7 10.82 ++++ nvm_echo 'v20.0.0
#7 10.82 v20.1.0
#7 10.82 v20.2.0
#7 10.82 v20.3.0
#7 10.82 v20.3.1
#7 10.82 v20.4.0
#7 10.82 v20.5.0
#7 10.82 v20.5.1
#7 10.82 v20.6.0
#7 10.82 v20.6.1
#7 10.82 v20.7.0
#7 10.82 v20.8.0
#7 10.82 v20.8.1
#7 10.82 v20.9.0 Iron
#7 10.82 v20.10.0 Iron
#7 10.82 v20.11.0 Iron
#7 10.82 v20.11.1 Iron
#7 10.82 v20.12.0 Iron
#7 10.82 v20.12.1 Iron
#7 10.82 v20.12.2 Iron
#7 10.82 v20.13.0 Iron
#7 10.82 v20.13.1 Iron
#7 10.82 v20.14.0 Iron
#7 10.82 v20.15.0 Iron
#7 10.82 v20.15.1 Iron
#7 10.82 v20.16.0 Iron
#7 10.82 v20.17.0 Iron
#7 10.82 v20.18.0 Iron
#7 10.82 v20.18.1 Iron
#7 10.82 v20.18.2 Iron
#7 10.82 v20.18.3 Iron
#7 10.82 v20.19.0 Iron * 
#7 10.82 N/A
#7 10.82 '
#7 10.82 ++++ command printf '%s\n' 'v20.0.0
#7 10.82 v20.1.0
#7 10.82 v20.2.0
#7 10.82 v20.3.0
#7 10.82 v20.3.1
#7 10.82 v20.4.0
#7 10.82 v20.5.0
#7 10.82 v20.5.1
#7 10.82 v20.6.0
#7 10.82 v20.6.1
#7 10.82 v20.7.0
#7 10.82 v20.8.0
#7 10.82 v20.8.1
#7 10.82 v20.9.0 Iron
#7 10.82 v20.10.0 Iron
#7 10.82 v20.11.0 Iron
#7 10.82 v20.11.1 Iron
#7 10.82 v20.12.0 Iron
#7 10.82 v20.12.1 Iron
#7 10.82 v20.12.2 Iron
#7 10.82 v20.13.0 Iron
#7 10.82 v20.13.1 Iron
#7 10.82 v20.14.0 Iron
#7 10.82 v20.15.0 Iron
#7 10.82 v20.15.1 Iron
#7 10.82 v20.16.0 Iron
#7 10.82 v20.17.0 Iron
#7 10.82 v20.18.0 Iron
#7 10.82 v20.18.1 Iron
#7 10.82 v20.18.2 Iron
#7 10.82 v20.18.3 Iron
#7 10.82 v20.19.0 Iron * 
#7 10.82 N/A
#7 10.82 '
#7 10.82 ++++ nvm_grep -v N/A
#7 10.82 ++++ GREP_OPTIONS=
#7 10.82 ++++ command grep -v N/A
#7 10.82 ++++ grep -v N/A
#7 10.82 ++++ command sed '/^ *$/d'
#7 10.82 ++++ sed '/^ *$/d'
#7 10.82 +++ VERSIONS='v20.0.0
#7 10.82 v20.1.0
#7 10.82 v20.2.0
#7 10.82 v20.3.0
#7 10.82 v20.3.1
#7 10.82 v20.4.0
#7 10.82 v20.5.0
#7 10.82 v20.5.1
#7 10.82 v20.6.0
#7 10.82 v20.6.1
#7 10.82 v20.7.0
#7 10.82 v20.8.0
#7 10.82 v20.8.1
#7 10.82 v20.9.0 Iron
#7 10.82 v20.10.0 Iron
#7 10.82 v20.11.0 Iron
#7 10.82 v20.11.1 Iron
#7 10.82 v20.12.0 Iron
#7 10.82 v20.12.1 Iron
#7 10.82 v20.12.2 Iron
#7 10.82 v20.13.0 Iron
#7 10.82 v20.13.1 Iron
#7 10.82 v20.14.0 Iron
#7 10.82 v20.15.0 Iron
#7 10.82 v20.15.1 Iron
#7 10.82 v20.16.0 Iron
#7 10.82 v20.17.0 Iron
#7 10.82 v20.18.0 Iron
#7 10.82 v20.18.1 Iron
#7 10.82 v20.18.2 Iron
#7 10.82 v20.18.3 Iron
#7 10.82 v20.19.0 Iron * '
#7 10.82 +++ '[' -z 'v20.0.0
#7 10.82 v20.1.0
#7 10.82 v20.2.0
#7 10.82 v20.3.0
#7 10.82 v20.3.1
#7 10.82 v20.4.0
#7 10.82 v20.5.0
#7 10.82 v20.5.1
#7 10.82 v20.6.0
#7 10.82 v20.6.1
#7 10.82 v20.7.0
#7 10.82 v20.8.0
#7 10.82 v20.8.1
#7 10.82 v20.9.0 Iron
#7 10.82 v20.10.0 Iron
#7 10.82 v20.11.0 Iron
#7 10.82 v20.11.1 Iron
#7 10.82 v20.12.0 Iron
#7 10.82 v20.12.1 Iron
#7 10.82 v20.12.2 Iron
#7 10.82 v20.13.0 Iron
#7 10.82 v20.13.1 Iron
#7 10.82 v20.14.0 Iron
#7 10.82 v20.15.0 Iron
#7 10.82 v20.15.1 Iron
#7 10.82 v20.16.0 Iron
#7 10.82 v20.17.0 Iron
#7 10.82 v20.18.0 Iron
#7 10.82 v20.18.1 Iron
#7 10.82 v20.18.2 Iron
#7 10.82 v20.18.3 Iron
#7 10.82 v20.19.0 Iron * ' ']'
#7 10.82 +++ nvm_echo 'v20.0.0
#7 10.82 v20.1.0
#7 10.82 v20.2.0
#7 10.82 v20.3.0
#7 10.82 v20.3.1
#7 10.82 v20.4.0
#7 10.82 v20.5.0
#7 10.82 v20.5.1
#7 10.82 v20.6.0
#7 10.82 v20.6.1
#7 10.82 v20.7.0
#7 10.82 v20.8.0
#7 10.82 v20.8.1
#7 10.82 v20.9.0 Iron
#7 10.82 v20.10.0 Iron
#7 10.82 v20.11.0 Iron
#7 10.82 v20.11.1 Iron
#7 10.82 v20.12.0 Iron
#7 10.82 v20.12.1 Iron
#7 10.82 v20.12.2 Iron
#7 10.82 v20.13.0 Iron
#7 10.82 v20.13.1 Iron
#7 10.82 v20.14.0 Iron
#7 10.82 v20.15.0 Iron
#7 10.82 v20.15.1 Iron
#7 10.82 v20.16.0 Iron
#7 10.82 v20.17.0 Iron
#7 10.82 v20.18.0 Iron
#7 10.82 v20.18.1 Iron
#7 10.82 v20.18.2 Iron
#7 10.82 v20.18.3 Iron
#7 10.82 v20.19.0 Iron * '
#7 10.82 +++ command printf '%s\n' 'v20.0.0
#7 10.82 v20.1.0
#7 10.82 v20.2.0
#7 10.82 v20.3.0
#7 10.82 v20.3.1
#7 10.82 v20.4.0
#7 10.82 v20.5.0
#7 10.82 v20.5.1
#7 10.82 v20.6.0
#7 10.82 v20.6.1
#7 10.82 v20.7.0
#7 10.82 v20.8.0
#7 10.82 v20.8.1
#7 10.82 v20.9.0 Iron
#7 10.82 v20.10.0 Iron
#7 10.82 v20.11.0 Iron
#7 10.82 v20.11.1 Iron
#7 10.82 v20.12.0 Iron
#7 10.82 v20.12.1 Iron
#7 10.82 v20.12.2 Iron
#7 10.82 v20.13.0 Iron
#7 10.82 v20.13.1 Iron
#7 10.82 v20.14.0 Iron
#7 10.82 v20.15.0 Iron
#7 10.82 v20.15.1 Iron
#7 10.82 v20.16.0 Iron
#7 10.82 v20.17.0 Iron
#7 10.82 v20.18.0 Iron
#7 10.82 v20.18.1 Iron
#7 10.82 v20.18.2 Iron
#7 10.82 v20.18.3 Iron
#7 10.82 v20.19.0 Iron * '
#7 10.82 +++ command sed 's/ *$//g'
#7 10.82 +++ sed 's/ *$//g'
#7 10.82 +++ return 0
#7 10.82 ++ VERSION='v20.19.0 Iron *'
#7 10.82 ++ '[' -n true ']'
#7 10.82 ++ command awk 'BEGIN {
#7 10.82       n = split(ARGV[1], a);
#7 10.82       print a[1]
#7 10.82     }' 'v20.19.0 Iron *'
#7 10.82 ++ awk 'BEGIN {
#7 10.82       n = split(ARGV[1], a);
#7 10.82       print a[1]
#7 10.82     }' 'v20.19.0 Iron *'
#7 10.82 ++ '[' 'v20.19.0 Iron *' = N/A ']'
#7 10.82 + VERSION=v20.19.0
#7 10.82 + '[' v20.19.0 = N/A ']'
#7 10.82 + ADDITIONAL_PARAMETERS=
#7 10.82 + '[' 0 -ne 0 ']'
#7 10.82 + '[' -n '' ']'
#7 10.82 + '[' '' = N/A ']'
#7 10.82 + local FLAVOR
#7 10.82 + nvm_is_iojs_version v20.19.0
#7 10.82 + case "${1-}" in
#7 10.82 + return 1
#7 10.82 ++ nvm_node_prefix
#7 10.82 ++ nvm_echo node
#7 10.82 ++ command printf '%s\n' node
#7 10.82 + FLAVOR=node
#7 10.82 + local EXIT_CODE
#7 10.82 + EXIT_CODE=0
#7 10.82 + nvm_is_version_installed v20.19.0
#7 10.82 + '[' -z v20.19.0 ']'
#7 10.82 + local NVM_NODE_BINARY
#7 10.82 + NVM_NODE_BINARY=node
#7 10.82 ++ nvm_get_os
#7 10.82 ++ local NVM_UNAME
#7 10.82 +++ command uname -a
#7 10.82 +++ uname -a
#7 10.82 ++ NVM_UNAME='Linux buildkitsandbox 6.8.12-5-pve #1 SMP PREEMPT_DYNAMIC PMX 6.8.12-5 (2024-12-03T10:26Z) x86_64 GNU/Linux'
#7 10.82 ++ local NVM_OS
#7 10.82 ++ case "${NVM_UNAME}" in
#7 10.82 ++ NVM_OS=linux
#7 10.82 ++ nvm_echo linux
#7 10.82 ++ command printf '%s\n' linux
#7 10.82 + '[' _linux = _win ']'
#7 10.82 ++ nvm_version_path v20.19.0
#7 10.82 + '[' -x /root/.nvm/versions/node/v20.19.0/bin/node ']'
#7 10.82 + return 0
#7 10.82 + nvm_err 'v20.19.0 is already installed.'
#7 10.82 + nvm_echo 'v20.19.0 is already installed.'
#7 10.82 + command printf '%s\n' 'v20.19.0 is already installed.'
#7 10.82 v20.19.0 is already installed.
#7 10.82 + nvm use v20.19.0
#7 10.82 + '[' 2 -lt 1 ']'
#7 10.82 + local DEFAULT_IFS
#7 10.82 ++ nvm_echo t
#7 10.82 ++ command printf '%s\n' t
#7 10.82 ++ command tr t '\t'
#7 10.82 ++ tr t '\t'
#7 10.82 + DEFAULT_IFS=' 	
#7 10.82 '
#7 10.82 + '[' hxB '!=' hxB ']'
#7 10.82 + '[' hxB '!=' hxB ']'
#7 10.82 + '[' -n /usr/bin/bash ']'
#7 10.82 + '[' hxB '!=' hxB ']'
#7 10.82 + '[' ' 	
#7 10.82 ' '!=' ' 	
#7 10.82 ' ']'
#7 10.82 + local i
#7 10.82 + for i in "$@"
#7 10.82 + case $i in
#7 10.82 + for i in "$@"
#7 10.82 + case $i in
#7 10.82 + local COMMAND
#7 10.82 + COMMAND=use
#7 10.82 + shift
#7 10.82 + local VERSION
#7 10.82 + local ADDITIONAL_PARAMETERS
#7 10.82 + case $COMMAND in
#7 10.82 + local PROVIDED_VERSION
#7 10.82 + local NVM_SILENT
#7 10.82 + local NVM_SILENT_ARG
#7 10.82 + local NVM_DELETE_PREFIX
#7 10.82 + NVM_DELETE_PREFIX=0
#7 10.82 + local NVM_LTS
#7 10.82 + local IS_VERSION_FROM_NVMRC
#7 10.82 + IS_VERSION_FROM_NVMRC=0
#7 10.82 + '[' 1 -ne 0 ']'
#7 10.82 + case "$1" in
#7 10.82 + '[' -n v20.19.0 ']'
#7 10.82 + PROVIDED_VERSION=v20.19.0
#7 10.82 + shift
#7 10.82 + '[' 0 -ne 0 ']'
#7 10.82 + '[' -n '' ']'
#7 10.82 + '[' -z v20.19.0 ']'
#7 10.82 ++ nvm_match_version v20.19.0
#7 10.82 ++ local NVM_IOJS_PREFIX
#7 10.82 +++ nvm_iojs_prefix
#7 10.82 +++ nvm_echo iojs
#7 10.82 +++ command printf '%s\n' iojs
#7 10.82 ++ NVM_IOJS_PREFIX=iojs
#7 10.82 ++ local PROVIDED_VERSION
#7 10.82 ++ PROVIDED_VERSION=v20.19.0
#7 10.82 ++ case "_${PROVIDED_VERSION}" in
#7 10.82 ++ nvm_version v20.19.0
#7 10.82 ++ local PATTERN
#7 10.82 ++ PATTERN=v20.19.0
#7 10.82 ++ local VERSION
#7 10.82 ++ '[' -z v20.19.0 ']'
#7 10.82 ++ '[' v20.19.0 = current ']'
#7 10.82 ++ local NVM_NODE_PREFIX
#7 10.82 +++ nvm_node_prefix
#7 10.82 +++ nvm_echo node
#7 10.82 +++ command printf '%s\n' node
#7 10.82 ++ NVM_NODE_PREFIX=node
#7 10.82 ++ case "_${PATTERN}" in
#7 10.82 +++ nvm_ls v20.19.0
#7 10.82 +++ local PATTERN
#7 10.82 +++ command tail -1
#7 10.82 +++ PATTERN=v20.19.0
#7 10.82 +++ local VERSIONS
#7 10.82 +++ VERSIONS=
#7 10.82 +++ '[' v20.19.0 = current ']'
#7 10.82 +++ local NVM_IOJS_PREFIX
#7 10.82 +++ tail -1
#7 10.82 ++++ nvm_iojs_prefix
#7 10.82 ++++ nvm_echo iojs
#7 10.82 ++++ command printf '%s\n' iojs
#7 10.82 +++ NVM_IOJS_PREFIX=iojs
#7 10.82 +++ local NVM_NODE_PREFIX
#7 10.82 ++++ nvm_node_prefix
#7 10.82 ++++ nvm_echo node
#7 10.82 ++++ command printf '%s\n' node
#7 10.82 +++ NVM_NODE_PREFIX=node
#7 10.82 +++ local NVM_VERSION_DIR_IOJS
#7 10.82 ++++ nvm_version_dir iojs
#7 10.82 ++++ local NVM_WHICH_DIR
#7 10.82 ++++ NVM_WHICH_DIR=iojs
#7 10.82 ++++ '[' -z iojs ']'
#7 10.82 ++++ '[' iojs = new ']'
#7 10.82 ++++ '[' _iojs = _iojs ']'
#7 10.82 ++++ nvm_echo /root/.nvm/versions/io.js
#7 10.82 ++++ command printf '%s\n' /root/.nvm/versions/io.js
#7 10.82 +++ NVM_VERSION_DIR_IOJS=/root/.nvm/versions/io.js
#7 10.82 +++ local NVM_VERSION_DIR_NEW
#7 10.82 ++++ nvm_version_dir new
#7 10.82 ++++ local NVM_WHICH_DIR
#7 10.82 ++++ NVM_WHICH_DIR=new
#7 10.82 ++++ '[' -z new ']'
#7 10.82 ++++ '[' new = new ']'
#7 10.82 ++++ nvm_echo /root/.nvm/versions/node
#7 10.82 ++++ command printf '%s\n' /root/.nvm/versions/node
#7 10.82 +++ NVM_VERSION_DIR_NEW=/root/.nvm/versions/node
#7 10.82 +++ local NVM_VERSION_DIR_OLD
#7 10.82 ++++ nvm_version_dir old
#7 10.82 ++++ local NVM_WHICH_DIR
#7 10.82 ++++ NVM_WHICH_DIR=old
#7 10.82 ++++ '[' -z old ']'
#7 10.82 ++++ '[' old = new ']'
#7 10.82 ++++ '[' _old = _iojs ']'
#7 10.82 ++++ '[' _old = _old ']'
#7 10.82 ++++ nvm_echo /root/.nvm
#7 10.82 ++++ command printf '%s\n' /root/.nvm
#7 10.82 +++ NVM_VERSION_DIR_OLD=/root/.nvm
#7 10.82 +++ case "${PATTERN}" in
#7 10.82 +++ nvm_resolve_local_alias v20.19.0
#7 10.82 +++ '[' -z v20.19.0 ']'
#7 10.82 +++ local VERSION
#7 10.82 +++ local EXIT_CODE
#7 10.82 ++++ nvm_resolve_alias v20.19.0
#7 10.82 ++++ '[' -z v20.19.0 ']'
#7 10.82 ++++ local PATTERN
#7 10.82 ++++ PATTERN=v20.19.0
#7 10.82 ++++ local ALIAS
#7 10.82 ++++ ALIAS=v20.19.0
#7 10.82 ++++ local ALIAS_TEMP
#7 10.82 ++++ local SEEN_ALIASES
#7 10.82 ++++ SEEN_ALIASES=v20.19.0
#7 10.82 ++++ true
#7 10.82 +++++ nvm_alias v20.19.0
#7 10.82 +++++ nvm_echo
#7 10.82 +++++ command printf '%s\n' ''
#7 10.82 ++++ ALIAS_TEMP=
#7 10.82 ++++ '[' -z '' ']'
#7 10.82 ++++ break
#7 10.82 ++++ '[' -n v20.19.0 ']'
#7 10.82 ++++ '[' _v20.19.0 '!=' _v20.19.0 ']'
#7 10.82 ++++ nvm_validate_implicit_alias v20.19.0
#7 10.82 ++++ return 2
#7 10.82 +++ VERSION=
#7 10.82 +++ EXIT_CODE=2
#7 10.82 +++ '[' -z '' ']'
#7 10.82 +++ return 2
#7 10.82 ++++ nvm_ensure_version_prefix v20.19.0
#7 10.82 ++++ local NVM_VERSION
#7 10.82 +++++ nvm_strip_iojs_prefix v20.19.0
#7 10.82 +++++ local NVM_IOJS_PREFIX
#7 10.82 +++++ command sed -e 's/^\([0-9]\)/v\1/g'
#7 10.82 +++++ sed -e 's/^\([0-9]\)/v\1/g'
#7 10.82 ++++++ nvm_iojs_prefix
#7 10.82 ++++++ nvm_echo iojs
#7 10.82 ++++++ command printf '%s\n' iojs
#7 10.82 +++++ NVM_IOJS_PREFIX=iojs
#7 10.82 +++++ '[' v20.19.0 = iojs ']'
#7 10.82 +++++ nvm_echo v20.19.0
#7 10.82 +++++ command printf '%s\n' v20.19.0
#7 10.82 ++++ NVM_VERSION=v20.19.0
#7 10.82 ++++ nvm_is_iojs_version v20.19.0
#7 10.82 ++++ case "${1-}" in
#7 10.82 ++++ return 1
#7 10.82 ++++ nvm_echo v20.19.0
#7 10.82 ++++ command printf '%s\n' v20.19.0
#7 10.82 +++ PATTERN=v20.19.0
#7 10.82 +++ '[' v20.19.0 = N/A ']'
#7 10.82 +++ local NVM_PATTERN_STARTS_WITH_V
#7 10.82 +++ case $PATTERN in
#7 10.82 +++ NVM_PATTERN_STARTS_WITH_V=true
#7 10.82 +++ '[' true = true ']'
#7 10.82 ++++ nvm_num_version_groups v20.19.0
#7 10.82 ++++ local VERSION
#7 10.82 ++++ VERSION=v20.19.0
#7 10.82 ++++ VERSION=20.19.0
#7 10.82 ++++ VERSION=20.19.0
#7 10.82 ++++ '[' -z 20.19.0 ']'
#7 10.82 ++++ local NVM_NUM_DOTS
#7 10.82 +++++ nvm_echo 20.19.0
#7 10.82 +++++ command printf '%s\n' 20.19.0
#7 10.82 +++++ command sed -e 's/[^\.]//g'
#7 10.82 +++++ sed -e 's/[^\.]//g'
#7 10.82 ++++ NVM_NUM_DOTS=..
#7 10.82 ++++ local NVM_NUM_GROUPS
#7 10.82 ++++ NVM_NUM_GROUPS=...
#7 10.82 ++++ nvm_echo 3
#7 10.82 ++++ command printf '%s\n' 3
#7 10.82 +++ '[' _3 = _3 ']'
#7 10.82 +++ nvm_is_version_installed v20.19.0
#7 10.82 +++ '[' -z v20.19.0 ']'
#7 10.82 +++ local NVM_NODE_BINARY
#7 10.82 +++ NVM_NODE_BINARY=node
#7 10.82 ++++ nvm_get_os
#7 10.82 ++++ local NVM_UNAME
#7 10.82 +++++ command uname -a
#7 10.82 +++++ uname -a
#7 10.82 ++++ NVM_UNAME='Linux buildkitsandbox 6.8.12-5-pve #1 SMP PREEMPT_DYNAMIC PMX 6.8.12-5 (2024-12-03T10:26Z) x86_64 GNU/Linux'
#7 10.82 ++++ local NVM_OS
#7 10.82 ++++ case "${NVM_UNAME}" in
#7 10.82 ++++ NVM_OS=linux
#7 10.82 ++++ nvm_echo linux
#7 10.82 ++++ command printf '%s\n' linux
#7 10.82 +++ '[' _linux = _win ']'
#7 10.82 ++++ nvm_version_path v20.19.0
#7 10.82 +++ '[' -x /root/.nvm/versions/node/v20.19.0/bin/node ']'
#7 10.82 +++ return 0
#7 10.82 +++ VERSIONS=v20.19.0
#7 10.82 +++ '[' '' = true ']'
#7 10.82 +++ '[' -z v20.19.0 ']'
#7 10.82 +++ nvm_echo v20.19.0
#7 10.82 +++ command printf '%s\n' v20.19.0
#7 10.82 ++ VERSION=v20.19.0
#7 10.82 ++ '[' -z v20.19.0 ']'
#7 10.82 ++ '[' _v20.19.0 = _N/A ']'
#7 10.82 ++ nvm_echo v20.19.0
#7 10.82 ++ command printf '%s\n' v20.19.0
#7 10.82 + VERSION=v20.19.0
#7 10.82 + '[' -z v20.19.0 ']'
#7 10.82 + '[' _v20.19.0 = _system ']'
#7 10.82 + '[' _v20.19.0 = $'_\342\210\236' ']'
#7 10.82 + '[' v20.19.0 = N/A ']'
#7 10.82 + nvm_ensure_version_installed v20.19.0 0
#7 10.82 + local PROVIDED_VERSION
#7 10.82 + PROVIDED_VERSION=v20.19.0
#7 10.82 + local IS_VERSION_FROM_NVMRC
#7 10.82 + IS_VERSION_FROM_NVMRC=0
#7 10.82 + '[' v20.19.0 = system ']'
#7 10.82 + local LOCAL_VERSION
#7 10.82 + local EXIT_CODE
#7 10.82 ++ nvm_version v20.19.0
#7 10.82 ++ local PATTERN
#7 10.82 ++ PATTERN=v20.19.0
#7 10.82 ++ local VERSION
#7 10.82 ++ '[' -z v20.19.0 ']'
#7 10.82 ++ '[' v20.19.0 = current ']'
#7 10.82 ++ local NVM_NODE_PREFIX
#7 10.82 +++ nvm_node_prefix
#7 10.82 +++ nvm_echo node
#7 10.82 +++ command printf '%s\n' node
#7 10.82 ++ NVM_NODE_PREFIX=node
#7 10.82 ++ case "_${PATTERN}" in
#7 10.82 +++ nvm_ls v20.19.0
#7 10.82 +++ local PATTERN
#7 10.82 +++ command tail -1
#7 10.82 +++ PATTERN=v20.19.0
#7 10.82 +++ local VERSIONS
#7 10.82 +++ VERSIONS=
#7 10.82 +++ '[' v20.19.0 = current ']'
#7 10.82 +++ local NVM_IOJS_PREFIX
#7 10.82 +++ tail -1
#7 10.82 ++++ nvm_iojs_prefix
#7 10.82 ++++ nvm_echo iojs
#7 10.82 ++++ command printf '%s\n' iojs
#7 10.82 +++ NVM_IOJS_PREFIX=iojs
#7 10.82 +++ local NVM_NODE_PREFIX
#7 10.82 ++++ nvm_node_prefix
#7 10.82 ++++ nvm_echo node
#7 10.82 ++++ command printf '%s\n' node
#7 10.82 +++ NVM_NODE_PREFIX=node
#7 10.82 +++ local NVM_VERSION_DIR_IOJS
#7 10.82 ++++ nvm_version_dir iojs
#7 10.82 ++++ local NVM_WHICH_DIR
#7 10.82 ++++ NVM_WHICH_DIR=iojs
#7 10.82 ++++ '[' -z iojs ']'
#7 10.82 ++++ '[' iojs = new ']'
#7 10.82 ++++ '[' _iojs = _iojs ']'
#7 10.82 ++++ nvm_echo /root/.nvm/versions/io.js
#7 10.82 ++++ command printf '%s\n' /root/.nvm/versions/io.js
#7 10.82 +++ NVM_VERSION_DIR_IOJS=/root/.nvm/versions/io.js
#7 10.82 +++ local NVM_VERSION_DIR_NEW
#7 10.82 ++++ nvm_version_dir new
#7 10.82 ++++ local NVM_WHICH_DIR
#7 10.82 ++++ NVM_WHICH_DIR=new
#7 10.82 ++++ '[' -z new ']'
#7 10.82 ++++ '[' new = new ']'
#7 10.82 ++++ nvm_echo /root/.nvm/versions/node
#7 10.82 ++++ command printf '%s\n' /root/.nvm/versions/node
#7 10.82 +++ NVM_VERSION_DIR_NEW=/root/.nvm/versions/node
#7 10.82 +++ local NVM_VERSION_DIR_OLD
#7 10.82 ++++ nvm_version_dir old
#7 10.82 ++++ local NVM_WHICH_DIR
#7 10.82 ++++ NVM_WHICH_DIR=old
#7 10.82 ++++ '[' -z old ']'
#7 10.82 ++++ '[' old = new ']'
#7 10.82 ++++ '[' _old = _iojs ']'
#7 10.82 ++++ '[' _old = _old ']'
#7 10.82 ++++ nvm_echo /root/.nvm
#7 10.82 ++++ command printf '%s\n' /root/.nvm
#7 10.82 +++ NVM_VERSION_DIR_OLD=/root/.nvm
#7 10.82 +++ case "${PATTERN}" in
#7 10.82 +++ nvm_resolve_local_alias v20.19.0
#7 10.82 +++ '[' -z v20.19.0 ']'
#7 10.82 +++ local VERSION
#7 10.82 +++ local EXIT_CODE
#7 10.82 ++++ nvm_resolve_alias v20.19.0
#7 10.82 ++++ '[' -z v20.19.0 ']'
#7 10.82 ++++ local PATTERN
#7 10.82 ++++ PATTERN=v20.19.0
#7 10.82 ++++ local ALIAS
#7 10.82 ++++ ALIAS=v20.19.0
#7 10.82 ++++ local ALIAS_TEMP
#7 10.82 ++++ local SEEN_ALIASES
#7 10.82 ++++ SEEN_ALIASES=v20.19.0
#7 10.82 ++++ true
#7 10.82 +++++ nvm_alias v20.19.0
#7 10.82 +++++ nvm_echo
#7 10.82 +++++ command printf '%s\n' ''
#7 10.82 ++++ ALIAS_TEMP=
#7 10.82 ++++ '[' -z '' ']'
#7 10.82 ++++ break
#7 10.82 ++++ '[' -n v20.19.0 ']'
#7 10.82 ++++ '[' _v20.19.0 '!=' _v20.19.0 ']'
#7 10.82 ++++ nvm_validate_implicit_alias v20.19.0
#7 10.82 ++++ return 2
#7 10.82 +++ VERSION=
#7 10.82 +++ EXIT_CODE=2
#7 10.82 +++ '[' -z '' ']'
#7 10.82 +++ return 2
#7 10.82 ++++ nvm_ensure_version_prefix v20.19.0
#7 10.82 ++++ local NVM_VERSION
#7 10.82 +++++ nvm_strip_iojs_prefix v20.19.0
#7 10.82 +++++ local NVM_IOJS_PREFIX
#7 10.82 +++++ command sed -e 's/^\([0-9]\)/v\1/g'
#7 10.82 +++++ sed -e 's/^\([0-9]\)/v\1/g'
#7 10.82 ++++++ nvm_iojs_prefix
#7 10.82 ++++++ nvm_echo iojs
#7 10.82 ++++++ command printf '%s\n' iojs
#7 10.82 +++++ NVM_IOJS_PREFIX=iojs
#7 10.82 +++++ '[' v20.19.0 = iojs ']'
#7 10.82 +++++ nvm_echo v20.19.0
#7 10.82 +++++ command printf '%s\n' v20.19.0
#7 10.82 ++++ NVM_VERSION=v20.19.0
#7 10.82 ++++ nvm_is_iojs_version v20.19.0
#7 10.82 ++++ case "${1-}" in
#7 10.82 ++++ return 1
#7 10.82 ++++ nvm_echo v20.19.0
#7 10.82 ++++ command printf '%s\n' v20.19.0
#7 10.82 +++ PATTERN=v20.19.0
#7 10.82 +++ '[' v20.19.0 = N/A ']'
#7 10.82 +++ local NVM_PATTERN_STARTS_WITH_V
#7 10.82 +++ case $PATTERN in
#7 10.82 +++ NVM_PATTERN_STARTS_WITH_V=true
#7 10.82 +++ '[' true = true ']'
#7 10.82 ++++ nvm_num_version_groups v20.19.0
#7 10.82 ++++ local VERSION
#7 10.82 ++++ VERSION=v20.19.0
#7 10.82 ++++ VERSION=20.19.0
#7 10.82 ++++ VERSION=20.19.0
#7 10.82 ++++ '[' -z 20.19.0 ']'
#7 10.82 ++++ local NVM_NUM_DOTS
#7 10.82 +++++ nvm_echo 20.19.0
#7 10.82 +++++ command printf '%s\n' 20.19.0
#7 10.82 +++++ command sed -e 's/[^\.]//g'
#7 10.82 +++++ sed -e 's/[^\.]//g'
#7 10.82 ++++ NVM_NUM_DOTS=..
#7 10.82 ++++ local NVM_NUM_GROUPS
#7 10.82 ++++ NVM_NUM_GROUPS=...
#7 10.82 ++++ nvm_echo 3
#7 10.82 ++++ command printf '%s\n' 3
#7 10.82 +++ '[' _3 = _3 ']'
#7 10.82 +++ nvm_is_version_installed v20.19.0
#7 10.82 +++ '[' -z v20.19.0 ']'
#7 10.82 +++ local NVM_NODE_BINARY
#7 10.82 +++ NVM_NODE_BINARY=node
#7 10.82 ++++ nvm_get_os
#7 10.82 ++++ local NVM_UNAME
#7 10.82 +++++ command uname -a
#7 10.82 +++++ uname -a
#7 10.82 ++++ NVM_UNAME='Linux buildkitsandbox 6.8.12-5-pve #1 SMP PREEMPT_DYNAMIC PMX 6.8.12-5 (2024-12-03T10:26Z) x86_64 GNU/Linux'
#7 10.82 ++++ local NVM_OS
#7 10.82 ++++ case "${NVM_UNAME}" in
#7 10.82 ++++ NVM_OS=linux
#7 10.82 ++++ nvm_echo linux
#7 10.82 ++++ command printf '%s\n' linux
#7 10.82 +++ '[' _linux = _win ']'
#7 10.82 ++++ nvm_version_path v20.19.0
#7 10.82 +++ '[' -x /root/.nvm/versions/node/v20.19.0/bin/node ']'
#7 10.82 +++ return 0
#7 10.82 +++ VERSIONS=v20.19.0
#7 10.82 +++ '[' '' = true ']'
#7 10.82 +++ '[' -z v20.19.0 ']'
#7 10.82 +++ nvm_echo v20.19.0
#7 10.82 +++ command printf '%s\n' v20.19.0
#7 10.82 ++ VERSION=v20.19.0
#7 10.82 ++ '[' -z v20.19.0 ']'
#7 10.82 ++ '[' _v20.19.0 = _N/A ']'
#7 10.82 ++ nvm_echo v20.19.0
#7 10.82 ++ command printf '%s\n' v20.19.0
#7 10.82 + LOCAL_VERSION=v20.19.0
#7 10.82 + EXIT_CODE=0
#7 10.82 + local NVM_VERSION_DIR
#7 10.82 + '[' 0 '!=' 0 ']'
#7 10.82 + nvm_is_version_installed v20.19.0
#7 10.82 + '[' -z v20.19.0 ']'
#7 10.82 + local NVM_NODE_BINARY
#7 10.82 + NVM_NODE_BINARY=node
#7 10.82 ++ nvm_get_os
#7 10.82 ++ local NVM_UNAME
#7 10.82 +++ command uname -a
#7 10.82 +++ uname -a
#7 10.82 ++ NVM_UNAME='Linux buildkitsandbox 6.8.12-5-pve #1 SMP PREEMPT_DYNAMIC PMX 6.8.12-5 (2024-12-03T10:26Z) x86_64 GNU/Linux'
#7 10.82 ++ local NVM_OS
#7 10.82 ++ case "${NVM_UNAME}" in
#7 10.82 ++ NVM_OS=linux
#7 10.82 ++ nvm_echo linux
#7 10.82 ++ command printf '%s\n' linux
#7 10.82 + '[' _linux = _win ']'
#7 10.82 ++ nvm_version_path v20.19.0
#7 10.82 + '[' -x /root/.nvm/versions/node/v20.19.0/bin/node ']'
#7 10.82 + return 0
#7 10.82 + local NVM_VERSION_DIR
#7 10.82 ++ nvm_version_path v20.19.0
#7 10.82 ++ local VERSION
#7 10.82 ++ VERSION=v20.19.0
#7 10.82 ++ '[' -z v20.19.0 ']'
#7 10.82 ++ nvm_is_iojs_version v20.19.0
#7 10.82 ++ case "${1-}" in
#7 10.82 ++ return 1
#7 10.82 ++ nvm_version_greater 0.12.0 v20.19.0
#7 10.82 ++ command awk 'BEGIN {
#7 10.82     if (ARGV[1] == "" || ARGV[2] == "") exit(1)
#7 10.82     split(ARGV[1], a, /\./);
#7 10.82     split(ARGV[2], b, /\./);
#7 10.82     for (i=1; i<=3; i++) {
#7 10.82       if (a[i] && a[i] !~ /^[0-9]+$/) exit(2);
#7 10.82       if (b[i] && b[i] !~ /^[0-9]+$/) { exit(0); }
#7 10.82       if (a[i] < b[i]) exit(3);
#7 10.82       else if (a[i] > b[i]) exit(0);
#7 10.82     }
#7 10.82     exit(4)
#7 10.82   }' 0.12.0 20.19.0
#7 10.82 ++ awk 'BEGIN {
#7 10.82     if (ARGV[1] == "" || ARGV[2] == "") exit(1)
#7 10.82     split(ARGV[1], a, /\./);
#7 10.82     split(ARGV[2], b, /\./);
#7 10.82     for (i=1; i<=3; i++) {
#7 10.82       if (a[i] && a[i] !~ /^[0-9]+$/) exit(2);
#7 10.82       if (b[i] && b[i] !~ /^[0-9]+$/) { exit(0); }
#7 10.82       if (a[i] < b[i]) exit(3);
#7 10.82       else if (a[i] > b[i]) exit(0);
#7 10.82     }
#7 10.82     exit(4)
#7 10.82   }' 0.12.0 20.19.0
#7 10.82 +++ nvm_version_dir new
#7 10.82 +++ local NVM_WHICH_DIR
#7 10.82 +++ NVM_WHICH_DIR=new
#7 10.82 +++ '[' -z new ']'
#7 10.82 +++ '[' new = new ']'
#7 10.82 +++ nvm_echo /root/.nvm/versions/node
#7 10.82 +++ command printf '%s\n' /root/.nvm/versions/node
#7 10.82 ++ nvm_echo /root/.nvm/versions/node/v20.19.0
#7 10.82 ++ command printf '%s\n' /root/.nvm/versions/node/v20.19.0
#7 10.82 + NVM_VERSION_DIR=/root/.nvm/versions/node/v20.19.0
#7 10.82 ++ nvm_change_path /root/.nvm/versions/node/v20.19.0/bin:/usr/local/sbin:/usr/local/bin:/usr/sbin:/usr/bin:/sbin:/bin /bin /root/.nvm/versions/node/v20.19.0
#7 10.82 ++ '[' -z /root/.nvm/versions/node/v20.19.0/bin:/usr/local/sbin:/usr/local/bin:/usr/sbin:/usr/bin:/sbin:/bin ']'
#7 10.82 ++ nvm_echo /root/.nvm/versions/node/v20.19.0/bin:/usr/local/sbin:/usr/local/bin:/usr/sbin:/usr/bin:/sbin:/bin
#7 10.82 ++ command printf '%s\n' /root/.nvm/versions/node/v20.19.0/bin:/usr/local/sbin:/usr/local/bin:/usr/sbin:/usr/bin:/sbin:/bin
#7 10.82 ++ nvm_grep -q '/root/.nvm/[^/]*/bin'
#7 10.82 ++ GREP_OPTIONS=
#7 10.82 ++ command grep -q '/root/.nvm/[^/]*/bin'
#7 10.82 ++ grep -q '/root/.nvm/[^/]*/bin'
#7 10.82 ++ nvm_echo /root/.nvm/versions/node/v20.19.0/bin:/usr/local/sbin:/usr/local/bin:/usr/sbin:/usr/bin:/sbin:/bin
#7 10.82 ++ command printf '%s\n' /root/.nvm/versions/node/v20.19.0/bin:/usr/local/sbin:/usr/local/bin:/usr/sbin:/usr/bin:/sbin:/bin
#7 10.82 ++ nvm_grep -q '/root/.nvm/versions/[^/]*/[^/]*/bin'
#7 10.82 ++ GREP_OPTIONS=
#7 10.82 ++ command grep -q '/root/.nvm/versions/[^/]*/[^/]*/bin'
#7 10.82 ++ grep -q '/root/.nvm/versions/[^/]*/[^/]*/bin'
#7 10.82 ++ nvm_echo /root/.nvm/versions/node/v20.19.0/bin:/usr/local/sbin:/usr/local/bin:/usr/sbin:/usr/bin:/sbin:/bin
#7 10.82 ++ command printf '%s\n' /root/.nvm/versions/node/v20.19.0/bin:/usr/local/sbin:/usr/local/bin:/usr/sbin:/usr/bin:/sbin:/bin
#7 10.82 ++ nvm_grep -Eq '(^|:)(/usr(/local)?)?/bin:.*/root/.nvm/[^/]*/bin'
#7 10.82 ++ GREP_OPTIONS=
#7 10.82 ++ command grep -Eq '(^|:)(/usr(/local)?)?/bin:.*/root/.nvm/[^/]*/bin'
#7 10.82 ++ grep -Eq '(^|:)(/usr(/local)?)?/bin:.*/root/.nvm/[^/]*/bin'
#7 10.82 ++ nvm_echo /root/.nvm/versions/node/v20.19.0/bin:/usr/local/sbin:/usr/local/bin:/usr/sbin:/usr/bin:/sbin:/bin
#7 10.82 ++ command printf '%s\n' /root/.nvm/versions/node/v20.19.0/bin:/usr/local/sbin:/usr/local/bin:/usr/sbin:/usr/bin:/sbin:/bin
#7 10.82 ++ nvm_grep -Eq '(^|:)(/usr(/local)?)?/bin:.*/root/.nvm/versions/[^/]*/[^/]*/bin'
#7 10.82 ++ GREP_OPTIONS=
#7 10.82 ++ command grep -Eq '(^|:)(/usr(/local)?)?/bin:.*/root/.nvm/versions/[^/]*/[^/]*/bin'
#7 10.82 ++ grep -Eq '(^|:)(/usr(/local)?)?/bin:.*/root/.nvm/versions/[^/]*/[^/]*/bin'
#7 10.82 ++ nvm_echo /root/.nvm/versions/node/v20.19.0/bin:/usr/local/sbin:/usr/local/bin:/usr/sbin:/usr/bin:/sbin:/bin
#7 10.82 ++ command printf '%s\n' /root/.nvm/versions/node/v20.19.0/bin:/usr/local/sbin:/usr/local/bin:/usr/sbin:/usr/bin:/sbin:/bin
#7 10.82 ++ command sed -e 's#/root/.nvm/[^/]*/bin[^:]*#/root/.nvm/versions/node/v20.19.0/bin#' -e 's#/root/.nvm/versions/[^/]*/[^/]*/bin[^:]*#/root/.nvm/versions/node/v20.19.0/bin#'
#7 10.82 ++ sed -e 's#/root/.nvm/[^/]*/bin[^:]*#/root/.nvm/versions/node/v20.19.0/bin#' -e 's#/root/.nvm/versions/[^/]*/[^/]*/bin[^:]*#/root/.nvm/versions/node/v20.19.0/bin#'
#7 10.82 + PATH=/root/.nvm/versions/node/v20.19.0/bin:/usr/local/sbin:/usr/local/bin:/usr/sbin:/usr/bin:/sbin:/bin
#7 10.82 + nvm_has manpath
#7 10.82 + type manpath
#7 10.82 + export PATH
#7 10.82 + hash -r
#7 10.82 + export NVM_BIN=/root/.nvm/versions/node/v20.19.0/bin
#7 10.82 + NVM_BIN=/root/.nvm/versions/node/v20.19.0/bin
#7 10.82 + export NVM_INC=/root/.nvm/versions/node/v20.19.0/include/node
#7 10.82 + NVM_INC=/root/.nvm/versions/node/v20.19.0/include/node
#7 10.82 + '[' '' = true ']'
#7 10.82 + local NVM_USE_OUTPUT
#7 10.82 + NVM_USE_OUTPUT=
#7 10.82 + '[' 0 -ne 1 ']'
#7 10.82 + nvm_is_iojs_version v20.19.0
#7 10.82 + case "${1-}" in
#7 10.82 + return 1
#7 10.82 ++ nvm_print_npm_version
#7 10.82 ++ nvm_has npm
#7 10.82 ++ type npm
#7 10.82 +++ npm --version
#7 10.82 ++ command printf ' (npm v10.8.2)'
#7 10.82 ++ printf ' (npm v10.8.2)'
#7 10.82 + NVM_USE_OUTPUT='Now using node v20.19.0 (npm v10.8.2)'
#7 10.82 + '[' _v20.19.0 '!=' _system ']'
#7 10.82 + local NVM_USE_CMD
#7 10.82 + NVM_USE_CMD='nvm use --delete-prefix'
#7 10.82 + '[' -n v20.19.0 ']'
#7 10.82 + NVM_USE_CMD='nvm use --delete-prefix v20.19.0'
#7 10.82 + '[' 0 -eq 1 ']'
#7 10.82 + nvm_die_on_prefix 0 'nvm use --delete-prefix v20.19.0' /root/.nvm/versions/node/v20.19.0
#7 10.82 + local NVM_DELETE_PREFIX
#7 10.82 + NVM_DELETE_PREFIX=0
#7 10.82 + case "${NVM_DELETE_PREFIX}" in
#7 10.82 + local NVM_COMMAND
#7 10.82 + NVM_COMMAND='nvm use --delete-prefix v20.19.0'
#7 10.82 + local NVM_VERSION_DIR
#7 10.82 + NVM_VERSION_DIR=/root/.nvm/versions/node/v20.19.0
#7 10.82 + '[' -z 'nvm use --delete-prefix v20.19.0' ']'
#7 10.82 + '[' -z /root/.nvm/versions/node/v20.19.0 ']'
#7 10.82 + '[' -n '' ']'
#7 10.82 + local NVM_OS
#7 10.82 ++ nvm_get_os
#7 10.82 ++ local NVM_UNAME
#7 10.82 +++ command uname -a
#7 10.82 +++ uname -a
#7 10.82 ++ NVM_UNAME='Linux buildkitsandbox 6.8.12-5-pve #1 SMP PREEMPT_DYNAMIC PMX 6.8.12-5 (2024-12-03T10:26Z) x86_64 GNU/Linux'
#7 10.82 ++ local NVM_OS
#7 10.82 ++ case "${NVM_UNAME}" in
#7 10.82 ++ NVM_OS=linux
#7 10.82 ++ nvm_echo linux
#7 10.82 ++ command printf '%s\n' linux
#7 10.82 + NVM_OS=linux
#7 10.82 + local NVM_NPM_CONFIG_x_PREFIX_ENV
#7 10.82 ++ command awk 'BEGIN { for (name in ENVIRON) if (toupper(name) == "NPM_CONFIG_PREFIX") { print name; break } }'
#7 10.82 ++ awk 'BEGIN { for (name in ENVIRON) if (toupper(name) == "NPM_CONFIG_PREFIX") { print name; break } }'
#7 10.82 + NVM_NPM_CONFIG_x_PREFIX_ENV=
#7 10.82 + '[' -n '' ']'
#7 10.82 + local NVM_NPM_BUILTIN_NPMRC
#7 10.82 + NVM_NPM_BUILTIN_NPMRC=/root/.nvm/versions/node/v20.19.0/lib/node_modules/npm/npmrc
#7 10.82 + nvm_npmrc_bad_news_bears /root/.nvm/versions/node/v20.19.0/lib/node_modules/npm/npmrc
#7 10.82 + local NVM_NPMRC
#7 10.82 + NVM_NPMRC=/root/.nvm/versions/node/v20.19.0/lib/node_modules/npm/npmrc
#7 10.82 + '[' -n /root/.nvm/versions/node/v20.19.0/lib/node_modules/npm/npmrc ']'
#7 10.82 + '[' -f /root/.nvm/versions/node/v20.19.0/lib/node_modules/npm/npmrc ']'
#7 10.82 + return 1
#7 10.82 + local NVM_NPM_GLOBAL_NPMRC
#7 10.82 + NVM_NPM_GLOBAL_NPMRC=/root/.nvm/versions/node/v20.19.0/etc/npmrc
#7 10.82 + nvm_npmrc_bad_news_bears /root/.nvm/versions/node/v20.19.0/etc/npmrc
#7 10.82 + local NVM_NPMRC
#7 10.82 + NVM_NPMRC=/root/.nvm/versions/node/v20.19.0/etc/npmrc
#7 10.82 + '[' -n /root/.nvm/versions/node/v20.19.0/etc/npmrc ']'
#7 10.82 + '[' -f /root/.nvm/versions/node/v20.19.0/etc/npmrc ']'
#7 10.82 + return 1
#7 10.82 + local NVM_NPM_USER_NPMRC
#7 10.82 + NVM_NPM_USER_NPMRC=/root/.npmrc
#7 10.82 + nvm_npmrc_bad_news_bears /root/.npmrc
#7 10.82 + local NVM_NPMRC
#7 10.82 + NVM_NPMRC=/root/.npmrc
#7 10.82 + '[' -n /root/.npmrc ']'
#7 10.82 + '[' -f /root/.npmrc ']'
#7 10.82 + return 1
#7 10.82 + local NVM_NPM_PROJECT_NPMRC
#7 10.82 ++ nvm_find_project_dir
#7 10.82 ++ local path_
#7 10.82 ++ path_=/
#7 10.82 ++ '[' / '!=' '' ']'
#7 10.82 ++ '[' '!' -f //package.json ']'
#7 10.82 ++ '[' '!' -d //node_modules ']'
#7 10.82 ++ path_=
#7 10.82 ++ '[' '' '!=' '' ']'
#7 10.82 ++ nvm_echo ''
#7 10.82 ++ command printf '%s\n' ''
#7 10.82 + NVM_NPM_PROJECT_NPMRC=/.npmrc
#7 10.82 + nvm_npmrc_bad_news_bears /.npmrc
#7 10.82 + local NVM_NPMRC
#7 10.82 + NVM_NPMRC=/.npmrc
#7 10.82 + '[' -n /.npmrc ']'
#7 10.82 + '[' -f /.npmrc ']'
#7 10.82 + return 1
#7 10.82 + '[' -n 'Now using node v20.19.0 (npm v10.8.2)' ']'
#7 10.82 + '[' 0 -ne 1 ']'
#7 10.82 + nvm_echo 'Now using node v20.19.0 (npm v10.8.2)'
#7 10.82 + command printf '%s\n' 'Now using node v20.19.0 (npm v10.8.2)'
#7 10.82 + EXIT_CODE=0
#7 10.82 + '[' 0 -eq 0 ']'
#7 10.82 + '[' 0 = 1 ']'
#7 10.82 + '[' 0 -ne 0 ']'
#7 10.82 + '[' 0 -ne 0 ']'
#7 10.82 + '[' -n '' ']'
#7 10.82 + nvm_ensure_default_set 20
#7 10.82 + local VERSION
#7 10.82 + VERSION=20
#7 10.82 + '[' -z 20 ']'
#7 10.82 + nvm_alias default
#7 10.82 + return 0
#7 10.82 + '[' 0 -ne 0 ']'
#7 10.82 + return 0
#7 10.82 + EXIT_CODE=0
#7 10.82 + set -e
#7 10.82 + return 0
#7 10.82 + nvm use 20
#7 10.82 + '[' 2 -lt 1 ']'
#7 10.82 + local DEFAULT_IFS
#7 10.82 ++ nvm_echo t
#7 10.82 ++ command printf '%s\n' t
#7 10.82 ++ command tr t '\t'
#7 10.82 ++ tr t '\t'
#7 10.82 + DEFAULT_IFS=' 	
#7 10.82 '
#7 10.82 + '[' hxB '!=' ehxB ']'
#7 10.82 + set +e
#7 10.82 + local EXIT_CODE
#7 10.82 + IFS=' 	
#7 10.82 '
#7 10.82 + nvm use 20
#7 10.82 + '[' 2 -lt 1 ']'
#7 10.82 + local DEFAULT_IFS
#7 10.82 ++ nvm_echo t
#7 10.82 ++ command printf '%s\n' t
#7 10.82 ++ command tr t '\t'
#7 10.82 ++ tr t '\t'
#7 10.82 + DEFAULT_IFS=' 	
#7 10.82 '
#7 10.82 + '[' hxB '!=' hxB ']'
#7 10.82 + '[' hxB '!=' hxB ']'
#7 10.82 + '[' -n /usr/bin/bash ']'
#7 10.82 + '[' hxB '!=' hxB ']'
#7 10.82 + '[' ' 	
#7 10.82 ' '!=' ' 	
#7 10.82 ' ']'
#7 10.82 + local i
#7 10.82 + for i in "$@"
#7 10.82 + case $i in
#7 10.82 + for i in "$@"
#7 10.82 + case $i in
#7 10.82 + local COMMAND
#7 10.82 + COMMAND=use
#7 10.82 + shift
#7 10.82 + local VERSION
#7 10.82 + local ADDITIONAL_PARAMETERS
#7 10.82 + case $COMMAND in
#7 10.82 + local PROVIDED_VERSION
#7 10.82 + local NVM_SILENT
#7 10.82 + local NVM_SILENT_ARG
#7 10.82 + local NVM_DELETE_PREFIX
#7 10.82 + NVM_DELETE_PREFIX=0
#7 10.82 + local NVM_LTS
#7 10.82 + local IS_VERSION_FROM_NVMRC
#7 10.82 + IS_VERSION_FROM_NVMRC=0
#7 10.82 + '[' 1 -ne 0 ']'
#7 10.82 + case "$1" in
#7 10.82 + '[' -n 20 ']'
#7 10.82 + PROVIDED_VERSION=20
#7 10.82 + shift
#7 10.82 + '[' 0 -ne 0 ']'
#7 10.82 + '[' -n '' ']'
#7 10.82 + '[' -z 20 ']'
#7 10.82 ++ nvm_match_version 20
#7 10.82 ++ local NVM_IOJS_PREFIX
#7 10.82 +++ nvm_iojs_prefix
#7 10.82 +++ nvm_echo iojs
#7 10.82 +++ command printf '%s\n' iojs
#7 10.82 ++ NVM_IOJS_PREFIX=iojs
#7 10.82 ++ local PROVIDED_VERSION
#7 10.82 ++ PROVIDED_VERSION=20
#7 10.82 ++ case "_${PROVIDED_VERSION}" in
#7 10.82 ++ nvm_version 20
#7 10.82 ++ local PATTERN
#7 10.82 ++ PATTERN=20
#7 10.82 ++ local VERSION
#7 10.82 ++ '[' -z 20 ']'
#7 10.82 ++ '[' 20 = current ']'
#7 10.82 ++ local NVM_NODE_PREFIX
#7 10.82 +++ nvm_node_prefix
#7 10.82 +++ nvm_echo node
#7 10.82 +++ command printf '%s\n' node
#7 10.82 ++ NVM_NODE_PREFIX=node
#7 10.82 ++ case "_${PATTERN}" in
#7 10.82 +++ nvm_ls 20
#7 10.82 +++ local PATTERN
#7 10.82 +++ PATTERN=20
#7 10.82 +++ local VERSIONS
#7 10.82 +++ VERSIONS=
#7 10.82 +++ '[' 20 = current ']'
#7 10.82 +++ local NVM_IOJS_PREFIX
#7 10.82 +++ command tail -1
#7 10.82 +++ tail -1
#7 10.82 ++++ nvm_iojs_prefix
#7 10.82 ++++ nvm_echo iojs
#7 10.82 ++++ command printf '%s\n' iojs
#7 10.82 +++ NVM_IOJS_PREFIX=iojs
#7 10.82 +++ local NVM_NODE_PREFIX
#7 10.82 ++++ nvm_node_prefix
#7 10.82 ++++ nvm_echo node
#7 10.82 ++++ command printf '%s\n' node
#7 10.82 +++ NVM_NODE_PREFIX=node
#7 10.82 +++ local NVM_VERSION_DIR_IOJS
#7 10.82 ++++ nvm_version_dir iojs
#7 10.82 ++++ local NVM_WHICH_DIR
#7 10.82 ++++ NVM_WHICH_DIR=iojs
#7 10.82 ++++ '[' -z iojs ']'
#7 10.82 ++++ '[' iojs = new ']'
#7 10.82 ++++ '[' _iojs = _iojs ']'
#7 10.82 ++++ nvm_echo /root/.nvm/versions/io.js
#7 10.82 ++++ command printf '%s\n' /root/.nvm/versions/io.js
#7 10.82 +++ NVM_VERSION_DIR_IOJS=/root/.nvm/versions/io.js
#7 10.82 +++ local NVM_VERSION_DIR_NEW
#7 10.82 ++++ nvm_version_dir new
#7 10.82 ++++ local NVM_WHICH_DIR
#7 10.82 ++++ NVM_WHICH_DIR=new
#7 10.82 ++++ '[' -z new ']'
#7 10.82 ++++ '[' new = new ']'
#7 10.82 ++++ nvm_echo /root/.nvm/versions/node
#7 10.82 ++++ command printf '%s\n' /root/.nvm/versions/node
#7 10.82 +++ NVM_VERSION_DIR_NEW=/root/.nvm/versions/node
#7 10.82 +++ local NVM_VERSION_DIR_OLD
#7 10.82 ++++ nvm_version_dir old
#7 10.82 ++++ local NVM_WHICH_DIR
#7 10.82 ++++ NVM_WHICH_DIR=old
#7 10.82 ++++ '[' -z old ']'
#7 10.82 ++++ '[' old = new ']'
#7 10.82 ++++ '[' _old = _iojs ']'
#7 10.82 ++++ '[' _old = _old ']'
#7 10.82 ++++ nvm_echo /root/.nvm
#7 10.82 ++++ command printf '%s\n' /root/.nvm
#7 10.82 +++ NVM_VERSION_DIR_OLD=/root/.nvm
#7 10.82 +++ case "${PATTERN}" in
#7 10.82 +++ nvm_resolve_local_alias 20
#7 10.82 +++ '[' -z 20 ']'
#7 10.82 +++ local VERSION
#7 10.82 +++ local EXIT_CODE
#7 10.82 ++++ nvm_resolve_alias 20
#7 10.82 ++++ '[' -z 20 ']'
#7 10.82 ++++ local PATTERN
#7 10.82 ++++ PATTERN=20
#7 10.82 ++++ local ALIAS
#7 10.82 ++++ ALIAS=20
#7 10.82 ++++ local ALIAS_TEMP
#7 10.82 ++++ local SEEN_ALIASES
#7 10.82 ++++ SEEN_ALIASES=20
#7 10.82 ++++ true
#7 10.82 +++++ nvm_alias 20
#7 10.82 +++++ nvm_echo
#7 10.82 +++++ command printf '%s\n' ''
#7 10.82 ++++ ALIAS_TEMP=
#7 10.82 ++++ '[' -z '' ']'
#7 10.82 ++++ break
#7 10.82 ++++ '[' -n 20 ']'
#7 10.82 ++++ '[' _20 '!=' _20 ']'
#7 10.82 ++++ nvm_validate_implicit_alias 20
#7 10.82 ++++ return 2
#7 10.82 +++ VERSION=
#7 10.82 +++ EXIT_CODE=2
#7 10.82 +++ '[' -z '' ']'
#7 10.82 +++ return 2
#7 10.82 ++++ nvm_ensure_version_prefix 20
#7 10.82 ++++ local NVM_VERSION
#7 10.82 +++++ nvm_strip_iojs_prefix 20
#7 10.82 +++++ local NVM_IOJS_PREFIX
#7 10.82 +++++ command sed -e 's/^\([0-9]\)/v\1/g'
#7 10.82 +++++ sed -e 's/^\([0-9]\)/v\1/g'
#7 10.82 ++++++ nvm_iojs_prefix
#7 10.82 ++++++ nvm_echo iojs
#7 10.82 ++++++ command printf '%s\n' iojs
#7 10.82 +++++ NVM_IOJS_PREFIX=iojs
#7 10.82 +++++ '[' 20 = iojs ']'
#7 10.82 +++++ nvm_echo 20
#7 10.82 +++++ command printf '%s\n' 20
#7 10.82 ++++ NVM_VERSION=v20
#7 10.82 ++++ nvm_is_iojs_version 20
#7 10.82 ++++ case "${1-}" in
#7 10.82 ++++ return 1
#7 10.82 ++++ nvm_echo v20
#7 10.82 ++++ command printf '%s\n' v20
#7 10.82 +++ PATTERN=v20
#7 10.82 +++ '[' v20 = N/A ']'
#7 10.82 +++ local NVM_PATTERN_STARTS_WITH_V
#7 10.82 +++ case $PATTERN in
#7 10.82 +++ NVM_PATTERN_STARTS_WITH_V=true
#7 10.82 +++ '[' true = true ']'
#7 10.82 ++++ nvm_num_version_groups v20
#7 10.82 ++++ local VERSION
#7 10.82 ++++ VERSION=v20
#7 10.82 ++++ VERSION=20
#7 10.82 ++++ VERSION=20
#7 10.82 ++++ '[' -z 20 ']'
#7 10.82 ++++ local NVM_NUM_DOTS
#7 10.82 +++++ nvm_echo 20
#7 10.82 +++++ command printf '%s\n' 20
#7 10.82 +++++ command sed -e 's/[^\.]//g'
#7 10.82 +++++ sed -e 's/[^\.]//g'
#7 10.82 ++++ NVM_NUM_DOTS=
#7 10.82 ++++ local NVM_NUM_GROUPS
#7 10.82 ++++ NVM_NUM_GROUPS=.
#7 10.82 ++++ nvm_echo 1
#7 10.82 ++++ command printf '%s\n' 1
#7 10.82 +++ '[' _1 = _3 ']'
#7 10.82 +++ case "${PATTERN}" in
#7 10.82 +++ local NUM_VERSION_GROUPS
#7 10.82 ++++ nvm_num_version_groups v20
#7 10.82 ++++ local VERSION
#7 10.82 ++++ VERSION=v20
#7 10.82 ++++ VERSION=20
#7 10.82 ++++ VERSION=20
#7 10.82 ++++ '[' -z 20 ']'
#7 10.82 ++++ local NVM_NUM_DOTS
#7 10.82 +++++ nvm_echo 20
#7 10.82 +++++ command printf '%s\n' 20
#7 10.82 +++++ command sed -e 's/[^\.]//g'
#7 10.82 +++++ sed -e 's/[^\.]//g'
#7 10.82 ++++ NVM_NUM_DOTS=
#7 10.82 ++++ local NVM_NUM_GROUPS
#7 10.82 ++++ NVM_NUM_GROUPS=.
#7 10.82 ++++ nvm_echo 1
#7 10.82 ++++ command printf '%s\n' 1
#7 10.82 +++ NUM_VERSION_GROUPS=1
#7 10.82 +++ '[' 1 = 2 ']'
#7 10.82 +++ '[' 1 = 1 ']'
#7 10.82 +++ PATTERN=v20.
#7 10.82 +++ nvm_is_zsh
#7 10.82 +++ '[' -n '' ']'
#7 10.82 +++ nvm_is_zsh
#7 10.82 +++ '[' -n '' ']'
#7 10.82 +++ local NVM_DIRS_TO_SEARCH1
#7 10.82 +++ NVM_DIRS_TO_SEARCH1=
#7 10.82 +++ local NVM_DIRS_TO_SEARCH2
#7 10.82 +++ NVM_DIRS_TO_SEARCH2=
#7 10.82 +++ local NVM_DIRS_TO_SEARCH3
#7 10.82 +++ NVM_DIRS_TO_SEARCH3=
#7 10.82 +++ local NVM_ADD_SYSTEM
#7 10.82 +++ NVM_ADD_SYSTEM=false
#7 10.82 +++ nvm_is_iojs_version v20.
#7 10.82 +++ case "${1-}" in
#7 10.82 +++ return 1
#7 10.82 +++ '[' v20. = node- ']'
#7 10.82 +++ NVM_DIRS_TO_SEARCH1=/root/.nvm
#7 10.82 +++ NVM_DIRS_TO_SEARCH2=/root/.nvm/versions/node
#7 10.82 +++ NVM_DIRS_TO_SEARCH3=/root/.nvm/versions/io.js
#7 10.82 +++ nvm_has_system_iojs
#7 10.82 ++++ nvm deactivate
#7 10.82 ++++ command -v iojs
#7 10.82 +++ '[' '' '!=' '' ']'
#7 10.82 +++ nvm_has_system_node
#7 10.82 ++++ nvm deactivate
#7 10.82 ++++ command -v node
#7 10.82 +++ '[' '' '!=' '' ']'
#7 10.82 +++ '[' -d /root/.nvm ']'
#7 10.82 +++ command ls -1qA /root/.nvm
#7 10.82 +++ ls -1qA /root/.nvm
#7 10.82 +++ nvm_grep -q .
#7 10.82 +++ GREP_OPTIONS=
#7 10.82 +++ command grep -q .
#7 10.82 +++ grep -q .
#7 10.82 +++ '[' -d /root/.nvm/versions/node ']'
#7 10.82 +++ command ls -1qA /root/.nvm/versions/node
#7 10.82 +++ ls -1qA /root/.nvm/versions/node
#7 10.82 +++ nvm_grep -q .
#7 10.82 +++ GREP_OPTIONS=
#7 10.82 +++ command grep -q .
#7 10.82 +++ grep -q .
#7 10.82 +++ '[' -d /root/.nvm/versions/io.js ']'
#7 10.82 +++ NVM_DIRS_TO_SEARCH3=/root/.nvm/versions/node
#7 10.82 +++ local SEARCH_PATTERN
#7 10.82 +++ '[' -z v20. ']'
#7 10.82 ++++ nvm_echo v20.
#7 10.82 ++++ command printf '%s\n' v20.
#7 10.82 ++++ command sed 's#\.#\\\.#g;'
#7 10.82 ++++ sed 's#\.#\\\.#g;'
#7 10.82 +++ SEARCH_PATTERN='v20\.'
#7 10.82 +++ '[' -n /root/.nvm/root/.nvm/versions/node/root/.nvm/versions/node ']'
#7 10.82 ++++ command sed -e '
#7 10.82             s#/root/.nvm/versions/io.js/#versions/iojs/#;
#7 10.82             s#^/root/.nvm/##;
#7 10.82             \#^[^v]# d;
#7 10.82             \#^versions$# d;
#7 10.82             s#^versions/##;
#7 10.82             s#^v#node/v#;
#7 10.82             \#v20\.# !d;
#7 10.82           ' -e 's#^\([^/]\{1,\}\)/\(.*\)$#\2.\1#;'
#7 10.82 ++++ sed -e '
#7 10.82             s#/root/.nvm/versions/io.js/#versions/iojs/#;
#7 10.82             s#^/root/.nvm/##;
#7 10.82             \#^[^v]# d;
#7 10.82             \#^versions$# d;
#7 10.82             s#^versions/##;
#7 10.82             s#^v#node/v#;
#7 10.82             \#v20\.# !d;
#7 10.82           ' -e 's#^\([^/]\{1,\}\)/\(.*\)$#\2.\1#;'
#7 10.82 ++++ command find /root/.nvm/CODE_OF_CONDUCT.md /root/.nvm/CONTRIBUTING.md /root/.nvm/Dockerfile /root/.nvm/GOVERNANCE.md /root/.nvm/LICENSE.md /root/.nvm/Makefile /root/.nvm/PROJECT_CHARTER.md /root/.nvm/README.md /root/.nvm/ROADMAP.md /root/.nvm/alias /root/.nvm/bash_completion /root/.nvm/install.sh /root/.nvm/nvm-exec /root/.nvm/nvm.sh /root/.nvm/package.json /root/.nvm/rename_test.sh /root/.nvm/test /root/.nvm/update_test_mocks.sh /root/.nvm/versions /root/.nvm/versions/node/v20.19.0 /root/.nvm/versions/node/v20.19.0 -name . -o -type d -prune -o -path 'v20.*'
#7 10.82 ++++ find /root/.nvm/CODE_OF_CONDUCT.md /root/.nvm/CONTRIBUTING.md /root/.nvm/Dockerfile /root/.nvm/GOVERNANCE.md /root/.nvm/LICENSE.md /root/.nvm/Makefile /root/.nvm/PROJECT_CHARTER.md /root/.nvm/README.md /root/.nvm/ROADMAP.md /root/.nvm/alias /root/.nvm/bash_completion /root/.nvm/install.sh /root/.nvm/nvm-exec /root/.nvm/nvm.sh /root/.nvm/package.json /root/.nvm/rename_test.sh /root/.nvm/test /root/.nvm/update_test_mocks.sh /root/.nvm/versions /root/.nvm/versions/node/v20.19.0 /root/.nvm/versions/node/v20.19.0 -name . -o -type d -prune -o -path 'v20.*'
#7 10.82 ++++ command sort -t. -u -k 1.2,1n -k 2,2n -k 3,3n
#7 10.82 ++++ sort -t. -u -k 1.2,1n -k 2,2n -k 3,3n
#7 10.82 ++++ command sed -e 's#\(.*\)\.\([^\.]\{1,\}\)$#\2-\1#;' -e 's#^node-##;'
#7 10.82 ++++ sed -e 's#\(.*\)\.\([^\.]\{1,\}\)$#\2-\1#;' -e 's#^node-##;'
#7 10.82 +++ VERSIONS=v20.19.0
#7 10.82 +++ '[' false = true ']'
#7 10.82 +++ '[' -z v20.19.0 ']'
#7 10.82 +++ nvm_echo v20.19.0
#7 10.82 +++ command printf '%s\n' v20.19.0
#7 10.82 ++ VERSION=v20.19.0
#7 10.82 ++ '[' -z v20.19.0 ']'
#7 10.82 ++ '[' _v20.19.0 = _N/A ']'
#7 10.82 ++ nvm_echo v20.19.0
#7 10.82 ++ command printf '%s\n' v20.19.0
#7 10.82 + VERSION=v20.19.0
#7 10.82 + '[' -z v20.19.0 ']'
#7 10.82 + '[' _v20.19.0 = _system ']'
#7 10.82 + '[' _v20.19.0 = $'_\342\210\236' ']'
#7 10.82 + '[' v20.19.0 = N/A ']'
#7 10.82 + nvm_ensure_version_installed v20.19.0 0
#7 10.82 + local PROVIDED_VERSION
#7 10.82 + PROVIDED_VERSION=v20.19.0
#7 10.82 + local IS_VERSION_FROM_NVMRC
#7 10.82 + IS_VERSION_FROM_NVMRC=0
#7 10.82 + '[' v20.19.0 = system ']'
#7 10.82 + local LOCAL_VERSION
#7 10.82 + local EXIT_CODE
#7 10.82 ++ nvm_version v20.19.0
#7 10.82 ++ local PATTERN
#7 10.82 ++ PATTERN=v20.19.0
#7 10.82 ++ local VERSION
#7 10.82 ++ '[' -z v20.19.0 ']'
#7 10.82 ++ '[' v20.19.0 = current ']'
#7 10.82 ++ local NVM_NODE_PREFIX
#7 10.82 +++ nvm_node_prefix
#7 10.82 +++ nvm_echo node
#7 10.82 +++ command printf '%s\n' node
#7 10.82 ++ NVM_NODE_PREFIX=node
#7 10.82 ++ case "_${PATTERN}" in
#7 10.82 +++ nvm_ls v20.19.0
#7 10.82 +++ local PATTERN
#7 10.82 +++ PATTERN=v20.19.0
#7 10.82 +++ local VERSIONS
#7 10.82 +++ VERSIONS=
#7 10.82 +++ command tail -1
#7 10.82 +++ '[' v20.19.0 = current ']'
#7 10.82 +++ local NVM_IOJS_PREFIX
#7 10.82 +++ tail -1
#7 10.82 ++++ nvm_iojs_prefix
#7 10.82 ++++ nvm_echo iojs
#7 10.82 ++++ command printf '%s\n' iojs
#7 10.82 +++ NVM_IOJS_PREFIX=iojs
#7 10.82 +++ local NVM_NODE_PREFIX
#7 10.82 ++++ nvm_node_prefix
#7 10.82 ++++ nvm_echo node
#7 10.82 ++++ command printf '%s\n' node
#7 10.82 +++ NVM_NODE_PREFIX=node
#7 10.82 +++ local NVM_VERSION_DIR_IOJS
#7 10.82 ++++ nvm_version_dir iojs
#7 10.82 ++++ local NVM_WHICH_DIR
#7 10.82 ++++ NVM_WHICH_DIR=iojs
#7 10.82 ++++ '[' -z iojs ']'
#7 10.82 ++++ '[' iojs = new ']'
#7 10.82 ++++ '[' _iojs = _iojs ']'
#7 10.82 ++++ nvm_echo /root/.nvm/versions/io.js
#7 10.82 ++++ command printf '%s\n' /root/.nvm/versions/io.js
#7 10.82 +++ NVM_VERSION_DIR_IOJS=/root/.nvm/versions/io.js
#7 10.82 +++ local NVM_VERSION_DIR_NEW
#7 10.82 ++++ nvm_version_dir new
#7 10.82 ++++ local NVM_WHICH_DIR
#7 10.82 ++++ NVM_WHICH_DIR=new
#7 10.82 ++++ '[' -z new ']'
#7 10.82 ++++ '[' new = new ']'
#7 10.82 ++++ nvm_echo /root/.nvm/versions/node
#7 10.82 ++++ command printf '%s\n' /root/.nvm/versions/node
#7 10.82 +++ NVM_VERSION_DIR_NEW=/root/.nvm/versions/node
#7 10.82 +++ local NVM_VERSION_DIR_OLD
#7 10.82 ++++ nvm_version_dir old
#7 10.82 ++++ local NVM_WHICH_DIR
#7 10.82 ++++ NVM_WHICH_DIR=old
#7 10.82 ++++ '[' -z old ']'
#7 10.82 ++++ '[' old = new ']'
#7 10.82 ++++ '[' _old = _iojs ']'
#7 10.82 ++++ '[' _old = _old ']'
#7 10.82 ++++ nvm_echo /root/.nvm
#7 10.82 ++++ command printf '%s\n' /root/.nvm
#7 10.82 +++ NVM_VERSION_DIR_OLD=/root/.nvm
#7 10.82 +++ case "${PATTERN}" in
#7 10.82 +++ nvm_resolve_local_alias v20.19.0
#7 10.82 +++ '[' -z v20.19.0 ']'
#7 10.82 +++ local VERSION
#7 10.82 +++ local EXIT_CODE
#7 10.82 ++++ nvm_resolve_alias v20.19.0
#7 10.82 ++++ '[' -z v20.19.0 ']'
#7 10.82 ++++ local PATTERN
#7 10.82 ++++ PATTERN=v20.19.0
#7 10.82 ++++ local ALIAS
#7 10.82 ++++ ALIAS=v20.19.0
#7 10.82 ++++ local ALIAS_TEMP
#7 10.82 ++++ local SEEN_ALIASES
#7 10.82 ++++ SEEN_ALIASES=v20.19.0
#7 10.82 ++++ true
#7 10.82 +++++ nvm_alias v20.19.0
#7 10.82 +++++ nvm_echo
#7 10.82 +++++ command printf '%s\n' ''
#7 10.82 ++++ ALIAS_TEMP=
#7 10.82 ++++ '[' -z '' ']'
#7 10.82 ++++ break
#7 10.82 ++++ '[' -n v20.19.0 ']'
#7 10.82 ++++ '[' _v20.19.0 '!=' _v20.19.0 ']'
#7 10.82 ++++ nvm_validate_implicit_alias v20.19.0
#7 10.82 ++++ return 2
#7 10.82 +++ VERSION=
#7 10.82 +++ EXIT_CODE=2
#7 10.82 +++ '[' -z '' ']'
#7 10.82 +++ return 2
#7 10.82 ++++ nvm_ensure_version_prefix v20.19.0
#7 10.82 ++++ local NVM_VERSION
#7 10.82 +++++ nvm_strip_iojs_prefix v20.19.0
#7 10.82 +++++ local NVM_IOJS_PREFIX
#7 10.82 +++++ command sed -e 's/^\([0-9]\)/v\1/g'
#7 10.82 +++++ sed -e 's/^\([0-9]\)/v\1/g'
#7 10.82 ++++++ nvm_iojs_prefix
#7 10.82 ++++++ nvm_echo iojs
#7 10.82 ++++++ command printf '%s\n' iojs
#7 10.82 +++++ NVM_IOJS_PREFIX=iojs
#7 10.82 +++++ '[' v20.19.0 = iojs ']'
#7 10.82 +++++ nvm_echo v20.19.0
#7 10.82 +++++ command printf '%s\n' v20.19.0
#7 10.82 ++++ NVM_VERSION=v20.19.0
#7 10.82 ++++ nvm_is_iojs_version v20.19.0
#7 10.82 ++++ case "${1-}" in
#7 10.82 ++++ return 1
#7 10.82 ++++ nvm_echo v20.19.0
#7 10.82 ++++ command printf '%s\n' v20.19.0
#7 10.82 +++ PATTERN=v20.19.0
#7 10.82 +++ '[' v20.19.0 = N/A ']'
#7 10.82 +++ local NVM_PATTERN_STARTS_WITH_V
#7 10.82 +++ case $PATTERN in
#7 10.82 +++ NVM_PATTERN_STARTS_WITH_V=true
#7 10.82 +++ '[' true = true ']'
#7 10.82 ++++ nvm_num_version_groups v20.19.0
#7 10.82 ++++ local VERSION
#7 10.82 ++++ VERSION=v20.19.0
#7 10.82 ++++ VERSION=20.19.0
#7 10.82 ++++ VERSION=20.19.0
#7 10.82 ++++ '[' -z 20.19.0 ']'
#7 10.82 ++++ local NVM_NUM_DOTS
#7 10.82 +++++ nvm_echo 20.19.0
#7 10.82 +++++ command printf '%s\n' 20.19.0
#7 10.82 +++++ command sed -e 's/[^\.]//g'
#7 10.82 +++++ sed -e 's/[^\.]//g'
#7 10.82 ++++ NVM_NUM_DOTS=..
#7 10.82 ++++ local NVM_NUM_GROUPS
#7 10.82 ++++ NVM_NUM_GROUPS=...
#7 10.82 ++++ nvm_echo 3
#7 10.82 ++++ command printf '%s\n' 3
#7 10.82 +++ '[' _3 = _3 ']'
#7 10.82 +++ nvm_is_version_installed v20.19.0
#7 10.82 +++ '[' -z v20.19.0 ']'
#7 10.82 +++ local NVM_NODE_BINARY
#7 10.82 +++ NVM_NODE_BINARY=node
#7 10.82 ++++ nvm_get_os
#7 10.82 ++++ local NVM_UNAME
#7 10.82 +++++ command uname -a
#7 10.82 +++++ uname -a
#7 10.82 ++++ NVM_UNAME='Linux buildkitsandbox 6.8.12-5-pve #1 SMP PREEMPT_DYNAMIC PMX 6.8.12-5 (2024-12-03T10:26Z) x86_64 GNU/Linux'
#7 10.82 ++++ local NVM_OS
#7 10.82 ++++ case "${NVM_UNAME}" in
#7 10.82 ++++ NVM_OS=linux
#7 10.82 ++++ nvm_echo linux
#7 10.82 ++++ command printf '%s\n' linux
#7 10.82 +++ '[' _linux = _win ']'
#7 10.82 ++++ nvm_version_path v20.19.0
#7 10.82 +++ '[' -x /root/.nvm/versions/node/v20.19.0/bin/node ']'
#7 10.82 +++ return 0
#7 10.82 +++ VERSIONS=v20.19.0
#7 10.82 +++ '[' '' = true ']'
#7 10.82 +++ '[' -z v20.19.0 ']'
#7 10.82 +++ nvm_echo v20.19.0
#7 10.82 +++ command printf '%s\n' v20.19.0
#7 10.82 ++ VERSION=v20.19.0
#7 10.82 ++ '[' -z v20.19.0 ']'
#7 10.82 ++ '[' _v20.19.0 = _N/A ']'
#7 10.82 ++ nvm_echo v20.19.0
#7 10.82 ++ command printf '%s\n' v20.19.0
#7 10.82 + LOCAL_VERSION=v20.19.0
#7 10.82 + EXIT_CODE=0
#7 10.82 + local NVM_VERSION_DIR
#7 10.82 + '[' 0 '!=' 0 ']'
#7 10.82 + nvm_is_version_installed v20.19.0
#7 10.82 + '[' -z v20.19.0 ']'
#7 10.82 + local NVM_NODE_BINARY
#7 10.82 + NVM_NODE_BINARY=node
#7 10.82 ++ nvm_get_os
#7 10.82 ++ local NVM_UNAME
#7 10.82 +++ command uname -a
#7 10.82 +++ uname -a
#7 10.82 ++ NVM_UNAME='Linux buildkitsandbox 6.8.12-5-pve #1 SMP PREEMPT_DYNAMIC PMX 6.8.12-5 (2024-12-03T10:26Z) x86_64 GNU/Linux'
#7 10.82 ++ local NVM_OS
#7 10.82 ++ case "${NVM_UNAME}" in
#7 10.82 ++ NVM_OS=linux
#7 10.82 ++ nvm_echo linux
#7 10.82 ++ command printf '%s\n' linux
#7 10.82 + '[' _linux = _win ']'
#7 10.82 ++ nvm_version_path v20.19.0
#7 10.82 + '[' -x /root/.nvm/versions/node/v20.19.0/bin/node ']'
#7 10.82 + return 0
#7 10.82 + local NVM_VERSION_DIR
#7 10.82 ++ nvm_version_path v20.19.0
#7 10.82 ++ local VERSION
#7 10.82 ++ VERSION=v20.19.0
#7 10.82 ++ '[' -z v20.19.0 ']'
#7 10.82 ++ nvm_is_iojs_version v20.19.0
#7 10.82 ++ case "${1-}" in
#7 10.82 ++ return 1
#7 10.82 ++ nvm_version_greater 0.12.0 v20.19.0
#7 10.82 ++ command awk 'BEGIN {
#7 10.82     if (ARGV[1] == "" || ARGV[2] == "") exit(1)
#7 10.82     split(ARGV[1], a, /\./);
#7 10.82     split(ARGV[2], b, /\./);
#7 10.82     for (i=1; i<=3; i++) {
#7 10.82       if (a[i] && a[i] !~ /^[0-9]+$/) exit(2);
#7 10.82       if (b[i] && b[i] !~ /^[0-9]+$/) { exit(0); }
#7 10.82       if (a[i] < b[i]) exit(3);
#7 10.82       else if (a[i] > b[i]) exit(0);
#7 10.82     }
#7 10.82     exit(4)
#7 10.82   }' 0.12.0 20.19.0
#7 10.82 ++ awk 'BEGIN {
#7 10.82     if (ARGV[1] == "" || ARGV[2] == "") exit(1)
#7 10.82     split(ARGV[1], a, /\./);
#7 10.82     split(ARGV[2], b, /\./);
#7 10.82     for (i=1; i<=3; i++) {
#7 10.82       if (a[i] && a[i] !~ /^[0-9]+$/) exit(2);
#7 10.82       if (b[i] && b[i] !~ /^[0-9]+$/) { exit(0); }
#7 10.82       if (a[i] < b[i]) exit(3);
#7 10.82       else if (a[i] > b[i]) exit(0);
#7 10.82     }
#7 10.82     exit(4)
#7 10.82   }' 0.12.0 20.19.0
#7 10.82 +++ nvm_version_dir new
#7 10.82 +++ local NVM_WHICH_DIR
#7 10.82 +++ NVM_WHICH_DIR=new
#7 10.82 +++ '[' -z new ']'
#7 10.82 +++ '[' new = new ']'
#7 10.82 +++ nvm_echo /root/.nvm/versions/node
#7 10.82 +++ command printf '%s\n' /root/.nvm/versions/node
#7 10.82 ++ nvm_echo /root/.nvm/versions/node/v20.19.0
#7 10.82 ++ command printf '%s\n' /root/.nvm/versions/node/v20.19.0
#7 10.82 + NVM_VERSION_DIR=/root/.nvm/versions/node/v20.19.0
#7 10.82 ++ nvm_change_path /root/.nvm/versions/node/v20.19.0/bin:/usr/local/sbin:/usr/local/bin:/usr/sbin:/usr/bin:/sbin:/bin /bin /root/.nvm/versions/node/v20.19.0
#7 10.82 ++ '[' -z /root/.nvm/versions/node/v20.19.0/bin:/usr/local/sbin:/usr/local/bin:/usr/sbin:/usr/bin:/sbin:/bin ']'
#7 10.82 ++ nvm_echo /root/.nvm/versions/node/v20.19.0/bin:/usr/local/sbin:/usr/local/bin:/usr/sbin:/usr/bin:/sbin:/bin
#7 10.82 ++ command printf '%s\n' /root/.nvm/versions/node/v20.19.0/bin:/usr/local/sbin:/usr/local/bin:/usr/sbin:/usr/bin:/sbin:/bin
#7 10.82 ++ nvm_grep -q '/root/.nvm/[^/]*/bin'
#7 10.82 ++ GREP_OPTIONS=
#7 10.82 ++ command grep -q '/root/.nvm/[^/]*/bin'
#7 10.82 ++ grep -q '/root/.nvm/[^/]*/bin'
#7 10.82 ++ nvm_echo /root/.nvm/versions/node/v20.19.0/bin:/usr/local/sbin:/usr/local/bin:/usr/sbin:/usr/bin:/sbin:/bin
#7 10.82 ++ command printf '%s\n' /root/.nvm/versions/node/v20.19.0/bin:/usr/local/sbin:/usr/local/bin:/usr/sbin:/usr/bin:/sbin:/bin
#7 10.82 ++ nvm_grep -q '/root/.nvm/versions/[^/]*/[^/]*/bin'
#7 10.82 ++ GREP_OPTIONS=
#7 10.82 ++ command grep -q '/root/.nvm/versions/[^/]*/[^/]*/bin'
#7 10.82 ++ grep -q '/root/.nvm/versions/[^/]*/[^/]*/bin'
#7 10.82 ++ nvm_echo /root/.nvm/versions/node/v20.19.0/bin:/usr/local/sbin:/usr/local/bin:/usr/sbin:/usr/bin:/sbin:/bin
#7 10.82 ++ command printf '%s\n' /root/.nvm/versions/node/v20.19.0/bin:/usr/local/sbin:/usr/local/bin:/usr/sbin:/usr/bin:/sbin:/bin
#7 10.82 ++ nvm_grep -Eq '(^|:)(/usr(/local)?)?/bin:.*/root/.nvm/[^/]*/bin'
#7 10.82 ++ GREP_OPTIONS=
#7 10.82 ++ command grep -Eq '(^|:)(/usr(/local)?)?/bin:.*/root/.nvm/[^/]*/bin'
#7 10.82 ++ grep -Eq '(^|:)(/usr(/local)?)?/bin:.*/root/.nvm/[^/]*/bin'
#7 10.82 ++ nvm_echo /root/.nvm/versions/node/v20.19.0/bin:/usr/local/sbin:/usr/local/bin:/usr/sbin:/usr/bin:/sbin:/bin
#7 10.82 ++ command printf '%s\n' /root/.nvm/versions/node/v20.19.0/bin:/usr/local/sbin:/usr/local/bin:/usr/sbin:/usr/bin:/sbin:/bin
#7 10.82 ++ nvm_grep -Eq '(^|:)(/usr(/local)?)?/bin:.*/root/.nvm/versions/[^/]*/[^/]*/bin'
#7 10.82 ++ GREP_OPTIONS=
#7 10.82 ++ command grep -Eq '(^|:)(/usr(/local)?)?/bin:.*/root/.nvm/versions/[^/]*/[^/]*/bin'
#7 10.82 ++ grep -Eq '(^|:)(/usr(/local)?)?/bin:.*/root/.nvm/versions/[^/]*/[^/]*/bin'
#7 10.82 ++ nvm_echo /root/.nvm/versions/node/v20.19.0/bin:/usr/local/sbin:/usr/local/bin:/usr/sbin:/usr/bin:/sbin:/bin
#7 10.82 ++ command printf '%s\n' /root/.nvm/versions/node/v20.19.0/bin:/usr/local/sbin:/usr/local/bin:/usr/sbin:/usr/bin:/sbin:/bin
#7 10.82 ++ command sed -e 's#/root/.nvm/[^/]*/bin[^:]*#/root/.nvm/versions/node/v20.19.0/bin#' -e 's#/root/.nvm/versions/[^/]*/[^/]*/bin[^:]*#/root/.nvm/versions/node/v20.19.0/bin#'
#7 10.82 ++ sed -e 's#/root/.nvm/[^/]*/bin[^:]*#/root/.nvm/versions/node/v20.19.0/bin#' -e 's#/root/.nvm/versions/[^/]*/[^/]*/bin[^:]*#/root/.nvm/versions/node/v20.19.0/bin#'
#7 10.82 + PATH=/root/.nvm/versions/node/v20.19.0/bin:/usr/local/sbin:/usr/local/bin:/usr/sbin:/usr/bin:/sbin:/bin
#7 10.82 + nvm_has manpath
#7 10.82 + type manpath
#7 10.82 + export PATH
#7 10.82 + hash -r
#7 10.82 + export NVM_BIN=/root/.nvm/versions/node/v20.19.0/bin
#7 10.82 + NVM_BIN=/root/.nvm/versions/node/v20.19.0/bin
#7 10.82 + export NVM_INC=/root/.nvm/versions/node/v20.19.0/include/node
#7 10.82 + NVM_INC=/root/.nvm/versions/node/v20.19.0/include/node
#7 10.82 + '[' '' = true ']'
#7 10.82 + local NVM_USE_OUTPUT
#7 10.82 + NVM_USE_OUTPUT=
#7 10.82 + '[' 0 -ne 1 ']'
#7 10.82 + nvm_is_iojs_version v20.19.0
#7 10.82 + case "${1-}" in
#7 10.82 + return 1
#7 10.82 ++ nvm_print_npm_version
#7 10.82 ++ nvm_has npm
#7 10.82 ++ type npm
#7 10.82 +++ npm --version
#7 10.82 ++ command printf ' (npm v10.8.2)'
#7 10.82 ++ printf ' (npm v10.8.2)'
#7 10.82 + NVM_USE_OUTPUT='Now using node v20.19.0 (npm v10.8.2)'
#7 10.82 + '[' _v20.19.0 '!=' _system ']'
#7 10.82 + local NVM_USE_CMD
#7 10.82 + NVM_USE_CMD='nvm use --delete-prefix'
#7 10.82 + '[' -n 20 ']'
#7 10.82 + NVM_USE_CMD='nvm use --delete-prefix v20.19.0'
#7 10.82 + '[' 0 -eq 1 ']'
#7 10.82 + nvm_die_on_prefix 0 'nvm use --delete-prefix v20.19.0' /root/.nvm/versions/node/v20.19.0
#7 10.82 + local NVM_DELETE_PREFIX
#7 10.82 + NVM_DELETE_PREFIX=0
#7 10.82 + case "${NVM_DELETE_PREFIX}" in
#7 10.82 + local NVM_COMMAND
#7 10.82 + NVM_COMMAND='nvm use --delete-prefix v20.19.0'
#7 10.82 + local NVM_VERSION_DIR
#7 10.82 + NVM_VERSION_DIR=/root/.nvm/versions/node/v20.19.0
#7 10.82 + '[' -z 'nvm use --delete-prefix v20.19.0' ']'
#7 10.82 + '[' -z /root/.nvm/versions/node/v20.19.0 ']'
#7 10.82 + '[' -n '' ']'
#7 10.82 + local NVM_OS
#7 10.82 ++ nvm_get_os
#7 10.82 ++ local NVM_UNAME
#7 10.82 +++ command uname -a
#7 10.82 +++ uname -a
#7 10.82 ++ NVM_UNAME='Linux buildkitsandbox 6.8.12-5-pve #1 SMP PREEMPT_DYNAMIC PMX 6.8.12-5 (2024-12-03T10:26Z) x86_64 GNU/Linux'
#7 10.82 ++ local NVM_OS
#7 10.82 ++ case "${NVM_UNAME}" in
#7 10.82 ++ NVM_OS=linux
#7 10.82 ++ nvm_echo linux
#7 10.82 ++ command printf '%s\n' linux
#7 10.82 + NVM_OS=linux
#7 10.82 + local NVM_NPM_CONFIG_x_PREFIX_ENV
#7 10.82 ++ command awk 'BEGIN { for (name in ENVIRON) if (toupper(name) == "NPM_CONFIG_PREFIX") { print name; break } }'
#7 10.82 ++ awk 'BEGIN { for (name in ENVIRON) if (toupper(name) == "NPM_CONFIG_PREFIX") { print name; break } }'
#7 10.82 + NVM_NPM_CONFIG_x_PREFIX_ENV=
#7 10.82 + '[' -n '' ']'
#7 10.82 + local NVM_NPM_BUILTIN_NPMRC
#7 10.82 + NVM_NPM_BUILTIN_NPMRC=/root/.nvm/versions/node/v20.19.0/lib/node_modules/npm/npmrc
#7 10.82 + nvm_npmrc_bad_news_bears /root/.nvm/versions/node/v20.19.0/lib/node_modules/npm/npmrc
#7 10.82 + local NVM_NPMRC
#7 10.82 + NVM_NPMRC=/root/.nvm/versions/node/v20.19.0/lib/node_modules/npm/npmrc
#7 10.82 + '[' -n /root/.nvm/versions/node/v20.19.0/lib/node_modules/npm/npmrc ']'
#7 10.82 + '[' -f /root/.nvm/versions/node/v20.19.0/lib/node_modules/npm/npmrc ']'
#7 10.82 + return 1
#7 10.82 + local NVM_NPM_GLOBAL_NPMRC
#7 10.82 + NVM_NPM_GLOBAL_NPMRC=/root/.nvm/versions/node/v20.19.0/etc/npmrc
#7 10.82 + nvm_npmrc_bad_news_bears /root/.nvm/versions/node/v20.19.0/etc/npmrc
#7 10.82 + local NVM_NPMRC
#7 10.82 + NVM_NPMRC=/root/.nvm/versions/node/v20.19.0/etc/npmrc
#7 10.82 + '[' -n /root/.nvm/versions/node/v20.19.0/etc/npmrc ']'
#7 10.82 + '[' -f /root/.nvm/versions/node/v20.19.0/etc/npmrc ']'
#7 10.82 + return 1
#7 10.82 + local NVM_NPM_USER_NPMRC
#7 10.82 + NVM_NPM_USER_NPMRC=/root/.npmrc
#7 10.82 + nvm_npmrc_bad_news_bears /root/.npmrc
#7 10.82 + local NVM_NPMRC
#7 10.82 + NVM_NPMRC=/root/.npmrc
#7 10.82 + '[' -n /root/.npmrc ']'
#7 10.82 + '[' -f /root/.npmrc ']'
#7 10.82 + return 1
#7 10.82 + local NVM_NPM_PROJECT_NPMRC
#7 10.82 ++ nvm_find_project_dir
#7 10.82 ++ local path_
#7 10.82 ++ path_=/
#7 10.82 ++ '[' / '!=' '' ']'
#7 10.82 ++ '[' '!' -f //package.json ']'
#7 10.82 ++ '[' '!' -d //node_modules ']'
#7 10.82 ++ path_=
#7 10.82 ++ '[' '' '!=' '' ']'
#7 10.82 ++ nvm_echo ''
#7 10.82 ++ command printf '%s\n' ''
#7 10.82 + NVM_NPM_PROJECT_NPMRC=/.npmrc
#7 10.82 + nvm_npmrc_bad_news_bears /.npmrc
#7 10.82 + local NVM_NPMRC
#7 10.82 + NVM_NPMRC=/.npmrc
#7 10.82 + '[' -n /.npmrc ']'
#7 10.82 + '[' -f /.npmrc ']'
#7 10.82 + return 1
#7 10.82 + '[' -n 'Now using node v20.19.0 (npm v10.8.2)' ']'
#7 10.82 + '[' 0 -ne 1 ']'
#7 10.82 + nvm_echo 'Now using node v20.19.0 (npm v10.8.2)'
#7 10.82 + command printf '%s\n' 'Now using node v20.19.0 (npm v10.8.2)'
#7 10.82 + EXIT_CODE=0
#7 10.82 + set -e
#7 10.82 + return 0
#7 10.82 + echo 'export NVM_DIR="$HOME/.nvm"'
#7 10.82 + echo 'source "$NVM_DIR/nvm.sh"'
#7 10.82 /etc/docker-gitlab/build/install.sh: line 22: syntax error near unexpected token `&&'
#7 ERROR: process "/bin/sh -c bash ${GITLAB_BUILD_DIR}/install.sh" did not complete successfully: exit code: 2
------
 > [3/7] RUN bash /etc/docker-gitlab/build/install.sh:
10.82 + '[' -n 'Now using node v20.19.0 (npm v10.8.2)' ']'
10.82 + '[' 0 -ne 1 ']'
10.82 + nvm_echo 'Now using node v20.19.0 (npm v10.8.2)'
10.82 + command printf '%s\n' 'Now using node v20.19.0 (npm v10.8.2)'
10.82 + EXIT_CODE=0
10.82 + set -e
10.82 + return 0
10.82 + echo 'export NVM_DIR="$HOME/.nvm"'
10.82 + echo 'source "$NVM_DIR/nvm.sh"'
10.82 /etc/docker-gitlab/build/install.sh: line 22: syntax error near unexpected token `&&'
------
Dockerfile:75
--------------------
  73 |     
  74 |     COPY assets/build/ ${GITLAB_BUILD_DIR}/
  75 | >>> RUN bash ${GITLAB_BUILD_DIR}/install.sh
  76 |     COPY assets/runtime/ ${GITLAB_RUNTIME_DIR}/
  77 |     COPY entrypoint.sh /sbin/entrypoint.sh
--------------------
ERROR: failed to solve: process "/bin/sh -c bash ${GITLAB_BUILD_DIR}/install.sh" did not complete successfully: exit code: 2
